campaign,method,scenario,seed,path,train_seconds,model_mb,rss_peak_mb,evaluation,macro_f1,multiclass_gmean,balanced_accuracy,accuracy
2026-09-15_svm,gabor_svm,few100,42,/home/ralph/projects/ufsc/viscomp/colorectal_histology_classification/comparison/runs/2026-09-15_svm/few100__gabor_svm__seed42,3.8787990660021023,0.130272,541.908992,train,0.8561414505583036,0.8518255679487705,0.85625,0.85625
2026-09-15_svm,gabor_svm,few100,42,/home/ralph/projects/ufsc/viscomp/colorectal_histology_classification/comparison/runs/2026-09-15_svm/few100__gabor_svm__seed42,3.8787990660021023,0.130272,541.908992,val_clean,0.8567085980530386,0.8579136934547114,0.8621753194727888,0.86
2026-09-15_svm,gabor_svm,few100,42,/home/ralph/projects/ufsc/viscomp/colorectal_histology_classification/comparison/runs/2026-09-15_svm/few100__gabor_svm__seed42,3.8787990660021023,0.130272,541.908992,test_clean,0.8094884812353224,0.8016193917561998,0.8090641802957977,0.806
2026-09-15_svm,gabor_svm,few100,43,/home/ralph/projects/ufsc/viscomp/colorectal_histology_classification/comparison/runs/2026-09-15_svm/few100__gabor_svm__seed43,4.0043381939976825,0.128384,539.885568,train,0.8785196224681007,0.875516791160784,0.87875,0.87875
2026-09-15_svm,gabor_svm,few100,43,/home/ralph/projects/ufsc/viscomp/colorectal_histology_classification/comparison/runs/2026-09-15_svm/few100__gabor_svm__seed43,4.0043381939976825,0.128384,539.885568,val_clean,0.8489985213704898,0.8478093824113692,0.8513283655848523,0.852
2026-09-15_svm,gabor_svm,few100,43,/home/ralph/projects/ufsc/viscomp/colorectal_histology_classification/comparison/runs/2026-09-15_svm/few100__gabor_svm__seed43,4.0043381939976825,0.128384,539.885568,test_clean,0.8173051429550439,0.8081276721284325,0.818752208133094,0.816
2026-09-15_svm,gabor_svm,few10,42,/home/ralph/projects/ufsc/viscomp/colorectal_histology_classification/comparison/runs/2026-09-15_svm/few10__gabor_svm__seed42,0.5127279220032506,0.020272,406.949888,train,0.8746582365003417,0.8681131078811348,0.875,0.875
2026-09-15_svm,gabor_svm,few10,42,/home/ralph/projects/ufsc/viscomp/colorectal_histology_classification/comparison/runs/2026-09-15_svm/few10__gabor_svm__seed42,0.5127279220032506,0.020272,406.949888,val_clean,0.7268267489983826,0.7207673157913489,0.734074591917202,0.73
2026-09-15_svm,gabor_svm,few10,42,/home/ralph/projects/ufsc/viscomp/colorectal_histology_classification/comparison/runs/2026-09-15_svm/few10__gabor_svm__seed42,0.5127279220032506,0.020272,406.949888,test_clean,0.6986002618698817,0.6752808166662775,0.6994434203160648,0.698
2026-09-15_svm,gabor_svm,few10,43,/home/ralph/projects/ufsc/viscomp/colorectal_histology_classification/comparison/runs/2026-09-15_svm/few10__gabor_svm__seed43,0.5166753649973543,0.020981,406.663168,train,0.849014724310777,0.8336517925206911,0.8500000000000001,0.85
2026-09-15_svm,gabor_svm,few10,43,/home/ralph/projects/ufsc/viscomp/colorectal_histology_classification/comparison/runs/2026-09-15_svm/few10__gabor_svm__seed43,0.5166753649973543,0.020981,406.663168,val_clean,0.7449230705769211,0.737798219925618,0.7456427450794509,0.748
2026-09-15_svm,gabor_svm,few10,43,/home/ralph/projects/ufsc/viscomp/colorectal_histology_classification/comparison/runs/2026-09-15_svm/few10__gabor_svm__seed43,0.5166753649973543,0.020981,406.663168,test_clean,0.6785535821686035,0.6588798341896082,0.6777712795949624,0.672
2026-09-15_svm,gabor_svm,few1,42,/home/ralph/projects/ufsc/viscomp/colorectal_histology_classification/comparison/runs/2026-09-15_svm/few1__gabor_svm__seed42,0.1367323820013553,0.005388,392.056832,train,1.0,1.0,1.0,1.0
2026-09-15_svm,gabor_svm,few1,42,/home/ralph/projects/ufsc/viscomp/colorectal_histology_classification/comparison/runs/2026-09-15_svm/few1__gabor_svm__seed42,0.1367323820013553,0.005388,392.056832,val_clean,0.501575992978001,0.3664048889465376,0.516554641986074,0.538
2026-09-15_svm,gabor_svm,few1,42,/home/ralph/projects/ufsc/viscomp/colorectal_histology_classification/comparison/runs/2026-09-15_svm/few1__gabor_svm__seed42,0.1367323820013553,0.005388,392.056832,test_clean,0.48967208931976597,0.38100591259684885,0.5155161522187327,0.5
2026-09-15_svm,gabor_svm,few1,43,/home/ralph/projects/ufsc/viscomp/colorectal_histology_classification/comparison/runs/2026-09-15_svm/few1__gabor_svm__seed43,0.14958596299766214,0.005388,392.024064,train,1.0,1.0,1.0,1.0
2026-09-15_svm,gabor_svm,few1,43,/home/ralph/projects/ufsc/viscomp/colorectal_histology_classification/comparison/runs/2026-09-15_svm/few1__gabor_svm__seed43,0.14958596299766214,0.005388,392.024064,val_clean,0.45839483512829554,0.36115057775447196,0.4740943443188632,0.482
2026-09-15_svm,gabor_svm,few1,43,/home/ralph/projects/ufsc/viscomp/colorectal_histology_classification/comparison/runs/2026-09-15_svm/few1__gabor_svm__seed43,0.14958596299766214,0.005388,392.024064,test_clean,0.42888464700606815,0.29112531441279116,0.451400467096276,0.446
2026-09-15_svm,gabor_svm,few20,42,/home/ralph/projects/ufsc/viscomp/colorectal_histology_classification/comparison/runs/2026-09-15_svm/few20__gabor_svm__seed42,0.9029738460048975,0.035378,422.473728,train,0.8449565860790187,0.8353950523495007,0.84375,0.84375
2026-09-15_svm,gabor_svm,few20,42,/home/ralph/projects/ufsc/viscomp/colorectal_histology_classification/comparison/runs/2026-09-15_svm/few20__gabor_svm__seed42,0.9029738460048975,0.035378,422.473728,val_clean,0.7573434639856689,0.7528247345187409,0.7616473549915128,0.76
2026-09-15_svm,gabor_svm,few20,42,/home/ralph/projects/ufsc/viscomp/colorectal_histology_classification/comparison/runs/2026-09-15_svm/few20__gabor_svm__seed42,0.9029738460048975,0.035378,422.473728,test_clean,0.7232138257846035,0.7065224035041991,0.7223223879092782,0.72
2026-09-15_svm,gabor_svm,few20,43,/home/ralph/projects/ufsc/viscomp/colorectal_histology_classification/comparison/runs/2026-09-15_svm/few20__gabor_svm__seed43,0.8694221689984261,0.03467,422.387712,train,0.8305326303777112,0.8183242648560081,0.8312499999999999,0.83125
2026-09-15_svm,gabor_svm,few20,43,/home/ralph/projects/ufsc/viscomp/colorectal_histology_classification/comparison/runs/2026-09-15_svm/few20__gabor_svm__seed43,0.8694221689984261,0.03467,422.387712,val_clean,0.7911585091264948,0.7869230174395173,0.7961292526120647,0.796
2026-09-15_svm,gabor_svm,few20,43,/home/ralph/projects/ufsc/viscomp/colorectal_histology_classification/comparison/runs/2026-09-15_svm/few20__gabor_svm__seed43,0.8694221689984261,0.03467,422.387712,test_clean,0.752983591692749,0.735882973137219,0.7523275943421506,0.75
2026-09-15_svm,gabor_svm,few2,42,/home/ralph/projects/ufsc/viscomp/colorectal_histology_classification/comparison/runs/2026-09-15_svm/few2__gabor_svm__seed42,0.17433693899874925,0.007276,395.93984,train,0.875,0.8408964152537145,0.875,0.875
2026-09-15_svm,gabor_svm,few2,42,/home/ralph/projects/ufsc/viscomp/colorectal_histology_classification/comparison/runs/2026-09-15_svm/few2__gabor_svm__seed42,0.17433693899874925,0.007276,395.93984,val_clean,0.4361897841736359,0.27431600928238753,0.4777112588835765,0.496
2026-09-15_svm,gabor_svm,few2,42,/home/ralph/projects/ufsc/viscomp/colorectal_histology_classification/comparison/runs/2026-09-15_svm/few2__gabor_svm__seed42,0.17433693899874925,0.007276,395.93984,test_clean,0.4068361488533708,0.25271327241040203,0.45472835261568145,0.436
2026-09-15_svm,gabor_svm,few2,43,/home/ralph/projects/ufsc/viscomp/colorectal_histology_classification/comparison/runs/2026-09-15_svm/few2__gabor_svm__seed43,0.17839425800411846,0.007276,393.867264,train,0.9333333333333333,0.9170040432046712,0.9375,0.9375
2026-09-15_svm,gabor_svm,few2,43,/home/ralph/projects/ufsc/viscomp/colorectal_histology_classification/comparison/runs/2026-09-15_svm/few2__gabor_svm__seed43,0.17839425800411846,0.007276,393.867264,val_clean,0.46852940392569004,0.36932772713187023,0.49225304892440586,0.478
2026-09-15_svm,gabor_svm,few2,43,/home/ralph/projects/ufsc/viscomp/colorectal_histology_classification/comparison/runs/2026-09-15_svm/few2__gabor_svm__seed43,0.17839425800411846,0.007276,393.867264,test_clean,0.45707636159780196,0.3457715452184218,0.46205662929569546,0.454
2026-09-15_svm,gabor_svm,few50,42,/home/ralph/projects/ufsc/viscomp/colorectal_histology_classification/comparison/runs/2026-09-15_svm/few50__gabor_svm__seed42,2.1993655239966756,0.073388,467.849216,train,0.8386192968853288,0.8320227428457787,0.8400000000000001,0.84
2026-09-15_svm,gabor_svm,few50,42,/home/ralph/projects/ufsc/viscomp/colorectal_histology_classification/comparison/runs/2026-09-15_svm/few50__gabor_svm__seed42,2.1993655239966756,0.073388,467.849216,val_clean,0.8140783764506054,0.812517972213891,0.8179245508634303,0.818
2026-09-15_svm,gabor_svm,few50,42,/home/ralph/projects/ufsc/viscomp/colorectal_histology_classification/comparison/runs/2026-09-15_svm/few50__gabor_svm__seed42,2.1993655239966756,0.073388,467.849216,test_clean,0.7749379636244687,0.7619172886405347,0.7733386528951055,0.772
2026-09-15_svm,gabor_svm,few50,43,/home/ralph/projects/ufsc/viscomp/colorectal_histology_classification/comparison/runs/2026-09-15_svm/few50__gabor_svm__seed43,1.9965777329998673,0.07268,468.185088,train,0.8793246783123402,0.8757416006227338,0.88,0.88
2026-09-15_svm,gabor_svm,few50,43,/home/ralph/projects/ufsc/viscomp/colorectal_histology_classification/comparison/runs/2026-09-15_svm/few50__gabor_svm__seed43,1.9965777329998673,0.07268,468.185088,val_clean,0.8085144880777829,0.8052516825328262,0.813372138780222,0.812
2026-09-15_svm,gabor_svm,few50,43,/home/ralph/projects/ufsc/viscomp/colorectal_histology_classification/comparison/runs/2026-09-15_svm/few50__gabor_svm__seed43,1.9965777329998673,0.07268,468.185088,test_clean,0.7711245313779682,0.756647821481972,0.7716547848168993,0.77
2026-09-15_svm,gabor_svm,few5,42,/home/ralph/projects/ufsc/viscomp/colorectal_histology_classification/comparison/runs/2026-09-15_svm/few5__gabor_svm__seed42,0.30055679400538793,0.012704,398.905344,train,0.8514568764568764,0.8391003452714787,0.8500000000000001,0.85
2026-09-15_svm,gabor_svm,few5,42,/home/ralph/projects/ufsc/viscomp/colorectal_histology_classification/comparison/runs/2026-09-15_svm/few5__gabor_svm__seed42,0.30055679400538793,0.012704,398.905344,val_clean,0.5982204922797315,0.5422859683105601,0.5955914911167275,0.61
2026-09-15_svm,gabor_svm,few5,42,/home/ralph/projects/ufsc/viscomp/colorectal_histology_classification/comparison/runs/2026-09-15_svm/few5__gabor_svm__seed42,0.30055679400538793,0.012704,398.905344,test_clean,0.5531508252852583,0.4937285527045805,0.5504771414044315,0.542
2026-09-15_svm,gabor_svm,few5,43,/home/ralph/projects/ufsc/viscomp/colorectal_histology_classification/comparison/runs/2026-09-15_svm/few5__gabor_svm__seed43,0.30107115999999223,0.01294,398.729216,train,0.8437187812187812,0.8201933504991196,0.8500000000000001,0.85
2026-09-15_svm,gabor_svm,few5,43,/home/ralph/projects/ufsc/viscomp/colorectal_histology_classification/comparison/runs/2026-09-15_svm/few5__gabor_svm__seed43,0.30107115999999223,0.01294,398.729216,val_clean,0.5982891922204976,0.5323646439331517,0.6015314550501303,0.608
2026-09-15_svm,gabor_svm,few5,43,/home/ralph/projects/ufsc/viscomp/colorectal_histology_classification/comparison/runs/2026-09-15_svm/few5__gabor_svm__seed43,0.30107115999999223,0.01294,398.729216,test_clean,0.5933846812282778,0.5430028521138899,0.5917952176277064,0.584
2026-09-15_svm,gabor_svm,full,42,/home/ralph/projects/ufsc/viscomp/colorectal_histology_classification/comparison/runs/2026-09-15_svm/full__gabor_svm__seed42,22.068625552998128,0.349531,1013.28896,train,0.8888975084637463,0.8875600718223666,0.8888624829506699,0.889
2026-09-15_svm,gabor_svm,full,42,/home/ralph/projects/ufsc/viscomp/colorectal_histology_classification/comparison/runs/2026-09-15_svm/full__gabor_svm__seed42,22.068625552998128,0.349531,1013.28896,val_clean,0.888001268582479,0.8889940591385306,0.890937465096721,0.89
2026-09-15_svm,gabor_svm,full,42,/home/ralph/projects/ufsc/viscomp/colorectal_histology_classification/comparison/runs/2026-09-15_svm/full__gabor_svm__seed42,22.068625552998128,0.349531,1013.28896,test_clean,0.8756017547299352,0.8714776077002235,0.876164599234671,0.874
2026-09-15_svm,gabor_svm,full,42,/home/ralph/projects/ufsc/viscomp/colorectal_histology_classification/comparison/runs/2026-09-15_svm/full__gabor_svm__seed42,22.068625552998128,0.349531,1013.28896,test_blur,0.3611054892253931,0.0,0.4639662329433223,0.45
2026-09-15_svm,gabor_svm,full,42,/home/ralph/projects/ufsc/viscomp/colorectal_histology_classification/comparison/runs/2026-09-15_svm/full__gabor_svm__seed42,22.068625552998128,0.349531,1013.28896,test_noise,0.3560618984675557,0.0,0.45464104730658955,0.448
2026-09-15_svm,gabor_svm,full,42,/home/ralph/projects/ufsc/viscomp/colorectal_histology_classification/comparison/runs/2026-09-15_svm/full__gabor_svm__seed42,22.068625552998128,0.349531,1013.28896,test_brightness,0.6823610021204797,0.6249053193148407,0.6938800955152593,0.68
2026-09-15_svm,gabor_svm,full,42,/home/ralph/projects/ufsc/viscomp/colorectal_histology_classification/comparison/runs/2026-09-15_svm/full__gabor_svm__seed42,22.068625552998128,0.349531,1013.28896,test_color,0.6247108220575268,0.5544561104932779,0.6359938112781308,0.63
2026-09-15_svm,gabor_svm,full,42,/home/ralph/projects/ufsc/viscomp/colorectal_histology_classification/comparison/runs/2026-09-15_svm/full__gabor_svm__seed42,22.068625552998128,0.349531,1013.28896,test_jpeg,0.8434756538502686,0.8342594880285564,0.8436504401728828,0.842
2026-09-15_svm,gabor_svm,full,42,/home/ralph/projects/ufsc/viscomp/colorectal_histology_classification/comparison/runs/2026-09-15_svm/full__gabor_svm__seed42,22.068625552998128,0.349531,1013.28896,test_resolution,0.3915649939614038,0.0,0.4888100097433229,0.476
2026-09-15_svm,gabor_svm,full,42,/home/ralph/projects/ufsc/viscomp/colorectal_histology_classification/comparison/runs/2026-09-15_svm/full__gabor_svm__seed42,22.068625552998128,0.349531,1013.28896,test_occlusion,0.39652758907844887,0.0,0.44198854504219287,0.426
2026-09-15_svm,gabor_svm,full,42,/home/ralph/projects/ufsc/viscomp/colorectal_histology_classification/comparison/runs/2026-09-15_svm/full__gabor_svm__seed42,22.068625552998128,0.349531,1013.28896,test_rotation,0.7972853724214886,0.7859410584535177,0.7969916133479162,0.794
2026-09-15_svm,gabor_svm,full,43,/home/ralph/projects/ufsc/viscomp/colorectal_histology_classification/comparison/runs/2026-09-15_svm/full__gabor_svm__seed43,19.768756801000563,0.344339,1013.198848,train,0.8894518745742939,0.8881667983902546,0.889590992626703,0.88975
2026-09-15_svm,gabor_svm,full,43,/home/ralph/projects/ufsc/viscomp/colorectal_histology_classification/comparison/runs/2026-09-15_svm/full__gabor_svm__seed43,19.768756801000563,0.344339,1013.198848,val_clean,0.9001712739575227,0.9020149488273087,0.903792679646309,0.902
2026-09-15_svm,gabor_svm,full,43,/home/ralph/projects/ufsc/viscomp/colorectal_histology_classification/comparison/runs/2026-09-15_svm/full__gabor_svm__seed43,19.768756801000563,0.344339,1013.198848,test_clean,0.8795365256304759,0.8757827320556955,0.88054892759288,0.878
2026-09-15_svm,gabor_svm,full,43,/home/ralph/projects/ufsc/viscomp/colorectal_histology_classification/comparison/runs/2026-09-15_svm/full__gabor_svm__seed43,19.768756801000563,0.344339,1013.198848,test_blur,0.44050068483493465,0.0,0.5192570393014149,0.504
2026-09-15_svm,gabor_svm,full,43,/home/ralph/projects/ufsc/viscomp/colorectal_histology_classification/comparison/runs/2026-09-15_svm/full__gabor_svm__seed43,19.768756801000563,0.344339,1013.198848,test_noise,0.3766517139446739,0.0,0.4777024913901417,0.474
2026-09-15_svm,gabor_svm,full,43,/home/ralph/projects/ufsc/viscomp/colorectal_histology_classification/comparison/runs/2026-09-15_svm/full__gabor_svm__seed43,19.768756801000563,0.344339,1013.198848,test_brightness,0.6630873139242072,0.6017181906888465,0.6801529324077793,0.666
2026-09-15_svm,gabor_svm,full,43,/home/ralph/projects/ufsc/viscomp/colorectal_histology_classification/comparison/runs/2026-09-15_svm/full__gabor_svm__seed43,19.768756801000563,0.344339,1013.198848,test_color,0.6285329830621463,0.5674827841119977,0.639350140717474,0.634
2026-09-15_svm,gabor_svm,full,43,/home/ralph/projects/ufsc/viscomp/colorectal_histology_classification/comparison/runs/2026-09-15_svm/full__gabor_svm__seed43,19.768756801000563,0.344339,1013.198848,test_jpeg,0.8432688298239748,0.8346996547021786,0.8442800043298113,0.842
2026-09-15_svm,gabor_svm,full,43,/home/ralph/projects/ufsc/viscomp/colorectal_histology_classification/comparison/runs/2026-09-15_svm/full__gabor_svm__seed43,19.768756801000563,0.344339,1013.198848,test_resolution,0.45598031339952255,0.0,0.5281881995299508,0.514
2026-09-15_svm,gabor_svm,full,43,/home/ralph/projects/ufsc/viscomp/colorectal_histology_classification/comparison/runs/2026-09-15_svm/full__gabor_svm__seed43,19.768756801000563,0.344339,1013.198848,test_occlusion,0.4044847613125654,0.0,0.4422355352433171,0.422
2026-09-15_svm,gabor_svm,full,43,/home/ralph/projects/ufsc/viscomp/colorectal_histology_classification/comparison/runs/2026-09-15_svm/full__gabor_svm__seed43,19.768756801000563,0.344339,1013.198848,test_rotation,0.8067385635741329,0.7967180343109213,0.8065376843067511,0.802
2026-09-15_svm,gabor_svm,imbalance,42,/home/ralph/projects/ufsc/viscomp/colorectal_histology_classification/comparison/runs/2026-09-15_svm/imbalance__gabor_svm__seed42,10.442966265003633,0.139002,753.913856,train,0.7184014457844313,0.561832603784131,0.6814387480069402,0.9123125851885506
2026-09-15_svm,gabor_svm,imbalance,42,/home/ralph/projects/ufsc/viscomp/colorectal_histology_classification/comparison/runs/2026-09-15_svm/imbalance__gabor_svm__seed42,10.442966265003633,0.139002,753.913856,val_clean,0.6623979955677471,0.5421869035518927,0.6891985061448245,0.704
2026-09-15_svm,gabor_svm,imbalance,42,/home/ralph/projects/ufsc/viscomp/colorectal_histology_classification/comparison/runs/2026-09-15_svm/imbalance__gabor_svm__seed42,10.442966265003633,0.139002,753.913856,test_clean,0.6473547623809519,0.5359300033142674,0.674317948325208,0.67
2026-09-15_svm,gabor_svm,label_noise,42,/home/ralph/projects/ufsc/viscomp/colorectal_histology_classification/comparison/runs/2026-09-15_svm/label_noise__gabor_svm__seed42,18.870417497000744,0.483817,938.02496,train,0.7129070310689554,0.7114726497051502,0.7134793120345524,0.713
2026-09-15_svm,gabor_svm,label_noise,42,/home/ralph/projects/ufsc/viscomp/colorectal_histology_classification/comparison/runs/2026-09-15_svm/label_noise__gabor_svm__seed42,18.870417497000744,0.483817,938.02496,train_original_labels,0.8832454776016401,0.8816186464348207,0.8833327001883116,0.8835
2026-09-15_svm,gabor_svm,label_noise,42,/home/ralph/projects/ufsc/viscomp/colorectal_histology_classification/comparison/runs/2026-09-15_svm/label_noise__gabor_svm__seed42,18.870417497000744,0.483817,938.02496,val_clean,0.8837249809144214,0.8832269273922367,0.8858615979182655,0.886
2026-09-15_svm,gabor_svm,label_noise,42,/home/ralph/projects/ufsc/viscomp/colorectal_histology_classification/comparison/runs/2026-09-15_svm/label_noise__gabor_svm__seed42,18.870417497000744,0.483817,938.02496,test_clean,0.8735065967765552,0.8692553430953357,0.8746180782416453,0.872
2026-09-15_svm,gabor_svm,loso_01,42,/home/ralph/projects/ufsc/viscomp/colorectal_histology_classification/comparison/runs/2026-09-15_svm/loso_01__gabor_svm__seed42,20.14094162499896,0.351183,942.112768,train,0.8770508466254952,0.8739312276533397,0.876490277849208,0.8826370441922241
2026-09-15_svm,gabor_svm,loso_01,42,/home/ralph/projects/ufsc/viscomp/colorectal_histology_classification/comparison/runs/2026-09-15_svm/loso_01__gabor_svm__seed42,20.14094162499896,0.351183,942.112768,val_clean,0.8466745254898528,0.8381889051295084,0.8456189479756793,0.8558951965065502
2026-09-15_svm,gabor_svm,loso_01,42,/home/ralph/projects/ufsc/viscomp/colorectal_histology_classification/comparison/runs/2026-09-15_svm/loso_01__gabor_svm__seed42,20.14094162499896,0.351183,942.112768,test_clean,0.4135062200097218,,0.6542843276911904,0.6309226932668329
2026-09-15_svm,gabor_svm,loso_01,43,/home/ralph/projects/ufsc/viscomp/colorectal_histology_classification/comparison/runs/2026-09-15_svm/loso_01__gabor_svm__seed43,19.233911439998337,0.350475,945.2544,train,0.8737764749937155,0.8716798130484109,0.8740140234134419,0.8792562183047573
2026-09-15_svm,gabor_svm,loso_01,43,/home/ralph/projects/ufsc/viscomp/colorectal_histology_classification/comparison/runs/2026-09-15_svm/loso_01__gabor_svm__seed43,19.233911439998337,0.350475,945.2544,val_clean,0.845450357995881,0.838024447075324,0.8447861984054892,0.8537117903930131
2026-09-15_svm,gabor_svm,loso_01,43,/home/ralph/projects/ufsc/viscomp/colorectal_histology_classification/comparison/runs/2026-09-15_svm/loso_01__gabor_svm__seed43,19.233911439998337,0.350475,945.2544,test_clean,0.41785338823519913,,0.6601970560303895,0.6433915211970075
2026-09-15_svm,gabor_svm,loso_02,42,/home/ralph/projects/ufsc/viscomp/colorectal_histology_classification/comparison/runs/2026-09-15_svm/loso_02__gabor_svm__seed42,19.83140114899652,0.350475,963.260416,train,0.8896100656477605,0.8887939879999995,0.8899836911705834,0.8918727915194347
2026-09-15_svm,gabor_svm,loso_02,42,/home/ralph/projects/ufsc/viscomp/colorectal_histology_classification/comparison/runs/2026-09-15_svm/loso_02__gabor_svm__seed42,19.83140114899652,0.350475,963.260416,val_clean,0.888488129717082,0.8848100429601775,0.8886307225206092,0.89171974522293
2026-09-15_svm,gabor_svm,loso_02,42,/home/ralph/projects/ufsc/viscomp/colorectal_histology_classification/comparison/runs/2026-09-15_svm/loso_02__gabor_svm__seed42,19.83140114899652,0.350475,963.260416,test_clean,0.3120795089625355,,0.5264638070886969,0.676056338028169
2026-09-15_svm,gabor_svm,loso_02,43,/home/ralph/projects/ufsc/viscomp/colorectal_histology_classification/comparison/runs/2026-09-15_svm/loso_02__gabor_svm__seed43,21.035183808999136,0.354723,949.415936,train,0.8913374260306886,0.8900323699922641,0.8913850012240887,0.8937573616018846
2026-09-15_svm,gabor_svm,loso_02,43,/home/ralph/projects/ufsc/viscomp/colorectal_histology_classification/comparison/runs/2026-09-15_svm/loso_02__gabor_svm__seed43,21.035183808999136,0.354723,949.415936,val_clean,0.8928782732750451,0.8895779020861235,0.8928350752622712,0.8959660297239915
2026-09-15_svm,gabor_svm,loso_02,43,/home/ralph/projects/ufsc/viscomp/colorectal_histology_classification/comparison/runs/2026-09-15_svm/loso_02__gabor_svm__seed43,21.035183808999136,0.354723,949.415936,test_clean,0.28879268830774485,,0.4969194145653324,0.6373239436619719
2026-09-15_svm,gabor_svm,loso_03,42,/home/ralph/projects/ufsc/viscomp/colorectal_histology_classification/comparison/runs/2026-09-15_svm/loso_03__gabor_svm__seed42,18.184568128999672,0.341743,936.738816,train,0.8831642200005902,0.8810584682580564,0.8826031072010765,0.8837027379400261
2026-09-15_svm,gabor_svm,loso_03,42,/home/ralph/projects/ufsc/viscomp/colorectal_histology_classification/comparison/runs/2026-09-15_svm/loso_03__gabor_svm__seed42,18.184568128999672,0.341743,936.738816,val_clean,0.905532083221533,0.9071993541887986,0.9080429564405132,0.9058823529411765
2026-09-15_svm,gabor_svm,loso_03,42,/home/ralph/projects/ufsc/viscomp/colorectal_histology_classification/comparison/runs/2026-09-15_svm/loso_03__gabor_svm__seed42,18.184568128999672,0.341743,936.738816,test_clean,0.567085981422428,,0.712589216370729,0.7148648648648649
2026-09-15_svm,gabor_svm,loso_03,43,/home/ralph/projects/ufsc/viscomp/colorectal_histology_classification/comparison/runs/2026-09-15_svm/loso_03__gabor_svm__seed43,17.4866561969975,0.343631,921.677824,train,0.8848158470725938,0.8829961084207132,0.8844030469354434,0.8852672750977836
2026-09-15_svm,gabor_svm,loso_03,43,/home/ralph/projects/ufsc/viscomp/colorectal_histology_classification/comparison/runs/2026-09-15_svm/loso_03__gabor_svm__seed43,17.4866561969975,0.343631,921.677824,val_clean,0.8960546473879889,0.8976634823680134,0.8984738061997718,0.8964705882352941
2026-09-15_svm,gabor_svm,loso_03,43,/home/ralph/projects/ufsc/viscomp/colorectal_histology_classification/comparison/runs/2026-09-15_svm/loso_03__gabor_svm__seed43,17.4866561969975,0.343631,921.677824,test_clean,0.5625296532111153,,0.7042846168896589,0.7040540540540541
2026-09-15_svm,gabor_svm,loso_04,42,/home/ralph/projects/ufsc/viscomp/colorectal_histology_classification/comparison/runs/2026-09-15_svm/loso_04__gabor_svm__seed42,20.121256593003636,0.345047,952.75008,train,0.8951599904093619,0.8938551474838468,0.8954506671430995,0.8963693195479683
2026-09-15_svm,gabor_svm,loso_04,42,/home/ralph/projects/ufsc/viscomp/colorectal_histology_classification/comparison/runs/2026-09-15_svm/loso_04__gabor_svm__seed42,20.121256593003636,0.345047,952.75008,val_clean,0.8685284641754178,0.8661414326360121,0.868202865411283,0.8717391304347826
2026-09-15_svm,gabor_svm,loso_04,42,/home/ralph/projects/ufsc/viscomp/colorectal_histology_classification/comparison/runs/2026-09-15_svm/loso_04__gabor_svm__seed42,20.121256593003636,0.345047,952.75008,test_clean,0.50237215658106,,0.6192294179167893,0.7007874015748031
2026-09-15_svm,gabor_svm,loso_04,43,/home/ralph/projects/ufsc/viscomp/colorectal_histology_classification/comparison/runs/2026-09-15_svm/loso_04__gabor_svm__seed43,19.800520078999398,0.342923,944.050176,train,0.8920509496709721,0.8903115633666249,0.8919897870670737,0.8934840105794662
2026-09-15_svm,gabor_svm,loso_04,43,/home/ralph/projects/ufsc/viscomp/colorectal_histology_classification/comparison/runs/2026-09-15_svm/loso_04__gabor_svm__seed43,19.800520078999398,0.342923,944.050176,val_clean,0.8774879042150134,0.8752485387019875,0.8770714329996085,0.8804347826086957
2026-09-15_svm,gabor_svm,loso_04,43,/home/ralph/projects/ufsc/viscomp/colorectal_histology_classification/comparison/runs/2026-09-15_svm/loso_04__gabor_svm__seed43,19.800520078999398,0.342923,944.050176,test_clean,0.506902000323053,,0.6354847561307753,0.6824146981627297
2026-09-15_svm,gabor_svm,loso_05,42,/home/ralph/projects/ufsc/viscomp/colorectal_histology_classification/comparison/runs/2026-09-15_svm/loso_05__gabor_svm__seed42,17.44942763900326,0.331359,926.39232,train,0.9057197884430463,0.9046928160139484,0.9055899499521963,0.9060179257362356
2026-09-15_svm,gabor_svm,loso_05,42,/home/ralph/projects/ufsc/viscomp/colorectal_histology_classification/comparison/runs/2026-09-15_svm/loso_05__gabor_svm__seed42,17.44942763900326,0.331359,926.39232,val_clean,0.8967921639595503,0.8950794838014785,0.8983462408483509,0.8963133640552995
2026-09-15_svm,gabor_svm,loso_05,42,/home/ralph/projects/ufsc/viscomp/colorectal_histology_classification/comparison/runs/2026-09-15_svm/loso_05__gabor_svm__seed42,17.44942763900326,0.331359,926.39232,test_clean,0.5036217327497324,,0.6244740191674154,0.659606656580938
2026-09-15_svm,gabor_svm,loso_05,43,/home/ralph/projects/ufsc/viscomp/colorectal_histology_classification/comparison/runs/2026-09-15_svm/loso_05__gabor_svm__seed43,17.113607787996443,0.326167,930.95936,train,0.9025822451453986,0.9017940160657543,0.9028411650335408,0.9029449423815621
2026-09-15_svm,gabor_svm,loso_05,43,/home/ralph/projects/ufsc/viscomp/colorectal_histology_classification/comparison/runs/2026-09-15_svm/loso_05__gabor_svm__seed43,17.113607787996443,0.326167,930.95936,val_clean,0.8944224049906602,0.893708204474691,0.8960521634562891,0.8940092165898618
2026-09-15_svm,gabor_svm,loso_05,43,/home/ralph/projects/ufsc/viscomp/colorectal_histology_classification/comparison/runs/2026-09-15_svm/loso_05__gabor_svm__seed43,17.113607787996443,0.326167,930.95936,test_clean,0.5005162452276924,,0.6011494603910196,0.659606656580938
2026-09-15_svm,gabor_svm,loso_06,42,/home/ralph/projects/ufsc/viscomp/colorectal_histology_classification/comparison/runs/2026-09-15_svm/loso_06__gabor_svm__seed42,15.65858613000455,0.331594,901.881856,train,0.8901976266150842,0.8989475709583374,0.9000837543767533,0.8894217207334274
2026-09-15_svm,gabor_svm,loso_06,42,/home/ralph/projects/ufsc/viscomp/colorectal_histology_classification/comparison/runs/2026-09-15_svm/loso_06__gabor_svm__seed42,15.65858613000455,0.331594,901.881856,val_clean,0.8947734235331319,0.9167438849235086,0.9178131711104502,0.9060913705583756
2026-09-15_svm,gabor_svm,loso_06,42,/home/ralph/projects/ufsc/viscomp/colorectal_histology_classification/comparison/runs/2026-09-15_svm/loso_06__gabor_svm__seed42,15.65858613000455,0.331594,901.881856,test_clean,0.7602940670778995,0.8219015698779978,0.8440090798482651,0.8897266729500471
2026-09-15_svm,gabor_svm,loso_06,43,/home/ralph/projects/ufsc/viscomp/colorectal_histology_classification/comparison/runs/2026-09-15_svm/loso_06__gabor_svm__seed43,16.008444508996035,0.32711,908.865536,train,0.8893039852360025,0.8950846193798824,0.8960609108212227,0.8891396332863187
2026-09-15_svm,gabor_svm,loso_06,43,/home/ralph/projects/ufsc/viscomp/colorectal_histology_classification/comparison/runs/2026-09-15_svm/loso_06__gabor_svm__seed43,16.008444508996035,0.32711,908.865536,val_clean,0.8854545382388979,0.9064951754009923,0.9088134354247199,0.8959390862944162
2026-09-15_svm,gabor_svm,loso_06,43,/home/ralph/projects/ufsc/viscomp/colorectal_histology_classification/comparison/runs/2026-09-15_svm/loso_06__gabor_svm__seed43,16.008444508996035,0.32711,908.865536,test_clean,0.7614238123190827,0.8217596465409815,0.8400377699520777,0.8897266729500471
2026-09-15_svm,gabor_svm,loso_07,42,/home/ralph/projects/ufsc/viscomp/colorectal_histology_classification/comparison/runs/2026-09-15_svm/loso_07__gabor_svm__seed42,18.13148366799942,0.335843,936.046592,train,0.8960599858116511,0.8953486797602818,0.8968182538313659,0.8972078082530269
2026-09-15_svm,gabor_svm,loso_07,42,/home/ralph/projects/ufsc/viscomp/colorectal_histology_classification/comparison/runs/2026-09-15_svm/loso_07__gabor_svm__seed42,18.13148366799942,0.335843,936.046592,val_clean,0.8940502147814886,0.8924360157563276,0.8942586202390956,0.8955555555555555
2026-09-15_svm,gabor_svm,loso_07,42,/home/ralph/projects/ufsc/viscomp/colorectal_histology_classification/comparison/runs/2026-09-15_svm/loso_07__gabor_svm__seed42,18.13148366799942,0.335843,936.046592,test_clean,0.5544852065191098,,0.702049637396206,0.6998011928429424
2026-09-15_svm,gabor_svm,loso_07,43,/home/ralph/projects/ufsc/viscomp/colorectal_histology_classification/comparison/runs/2026-09-15_svm/loso_07__gabor_svm__seed43,17.95070903300075,0.332303,936.275968,train,0.8926047460480758,0.8919363987396582,0.8934716238020555,0.8937484556461577
2026-09-15_svm,gabor_svm,loso_07,43,/home/ralph/projects/ufsc/viscomp/colorectal_histology_classification/comparison/runs/2026-09-15_svm/loso_07__gabor_svm__seed43,17.95070903300075,0.332303,936.275968,val_clean,0.8802885156159803,0.8776212646959392,0.8803401343044805,0.8822222222222222
2026-09-15_svm,gabor_svm,loso_07,43,/home/ralph/projects/ufsc/viscomp/colorectal_histology_classification/comparison/runs/2026-09-15_svm/loso_07__gabor_svm__seed43,17.95070903300075,0.332303,936.275968,test_clean,0.537643679810077,,0.6899518909726249,0.679920477137177
2026-09-15_svm,gabor_svm,loso_08,42,/home/ralph/projects/ufsc/viscomp/colorectal_histology_classification/comparison/runs/2026-09-15_svm/loso_08__gabor_svm__seed42,18.7481535980005,0.342923,943.362048,train,0.8935499970493863,0.8923041742047875,0.8937335395378323,0.8949650686581546
2026-09-15_svm,gabor_svm,loso_08,42,/home/ralph/projects/ufsc/viscomp/colorectal_histology_classification/comparison/runs/2026-09-15_svm/loso_08__gabor_svm__seed42,18.7481535980005,0.342923,943.362048,val_clean,0.883498363236852,0.8802951277924188,0.8828898379565652,0.8847826086956522
2026-09-15_svm,gabor_svm,loso_08,42,/home/ralph/projects/ufsc/viscomp/colorectal_histology_classification/comparison/runs/2026-09-15_svm/loso_08__gabor_svm__seed42,18.7481535980005,0.342923,943.362048,test_clean,0.49540540245027,,0.8054265887476865,0.5886889460154242
2026-09-15_svm,gabor_svm,loso_08,43,/home/ralph/projects/ufsc/viscomp/colorectal_histology_classification/comparison/runs/2026-09-15_svm/loso_08__gabor_svm__seed43,19.604115782000008,0.344811,943.32928,train,0.8928832530109473,0.890632556564943,0.8920287578592238,0.8944832570464948
2026-09-15_svm,gabor_svm,loso_08,43,/home/ralph/projects/ufsc/viscomp/colorectal_histology_classification/comparison/runs/2026-09-15_svm/loso_08__gabor_svm__seed43,19.604115782000008,0.344811,943.32928,val_clean,0.88760275848307,0.8838851159803538,0.8868796511993495,0.8891304347826087
2026-09-15_svm,gabor_svm,loso_08,43,/home/ralph/projects/ufsc/viscomp/colorectal_histology_classification/comparison/runs/2026-09-15_svm/loso_08__gabor_svm__seed43,19.604115782000008,0.344811,943.32928,test_clean,0.44737194048976686,,0.7686659928465848,0.4781491002570694
2026-09-15_svm,gabor_svm,loso_09,42,/home/ralph/projects/ufsc/viscomp/colorectal_histology_classification/comparison/runs/2026-09-15_svm/loso_09__gabor_svm__seed42,19.955494604000705,0.336079,947.97824,train,0.9005851030892543,0.8994671059240452,0.9006603336278611,0.902002861230329
2026-09-15_svm,gabor_svm,loso_09,42,/home/ralph/projects/ufsc/viscomp/colorectal_histology_classification/comparison/runs/2026-09-15_svm/loso_09__gabor_svm__seed42,19.955494604000705,0.336079,947.97824,val_clean,0.8870186355399656,0.8852973003891217,0.8862527634066583,0.8879310344827587
2026-09-15_svm,gabor_svm,loso_09,42,/home/ralph/projects/ufsc/viscomp/colorectal_histology_classification/comparison/runs/2026-09-15_svm/loso_09__gabor_svm__seed42,19.955494604000705,0.336079,947.97824,test_clean,0.4741160710782415,,0.6340302351088329,0.6228070175438597
2026-09-15_svm,gabor_svm,loso_09,43,/home/ralph/projects/ufsc/viscomp/colorectal_histology_classification/comparison/runs/2026-09-15_svm/loso_09__gabor_svm__seed43,19.585396368998772,0.338439,946.118656,train,0.9010628893343194,0.9000472652662123,0.9011518009196546,0.9022412970910825
2026-09-15_svm,gabor_svm,loso_09,43,/home/ralph/projects/ufsc/viscomp/colorectal_histology_classification/comparison/runs/2026-09-15_svm/loso_09__gabor_svm__seed43,19.585396368998772,0.338439,946.118656,val_clean,0.906508272911897,0.9055625196714366,0.9061344339629498,0.9073275862068966
2026-09-15_svm,gabor_svm,loso_09,43,/home/ralph/projects/ufsc/viscomp/colorectal_histology_classification/comparison/runs/2026-09-15_svm/loso_09__gabor_svm__seed43,19.585396368998772,0.338439,946.118656,test_clean,0.48451813568893815,,0.6476671447109877,0.6374269005847953
2026-09-15_svm,gabor_svm,loso_10,42,/home/ralph/projects/ufsc/viscomp/colorectal_histology_classification/comparison/runs/2026-09-15_svm/loso_10__gabor_svm__seed42,19.653156034997664,0.348823,952.049664,train,0.8919110325712132,0.8905789491448831,0.8920144170288031,0.8919738684087728
2026-09-15_svm,gabor_svm,loso_10,42,/home/ralph/projects/ufsc/viscomp/colorectal_histology_classification/comparison/runs/2026-09-15_svm/loso_10__gabor_svm__seed42,19.653156034997664,0.348823,952.049664,val_clean,0.8635094891679164,0.8601355440742199,0.8632574362504026,0.8634453781512605
2026-09-15_svm,gabor_svm,loso_10,42,/home/ralph/projects/ufsc/viscomp/colorectal_histology_classification/comparison/runs/2026-09-15_svm/loso_10__gabor_svm__seed42,19.653156034997664,0.348823,952.049664,test_clean,0.7612038056977473,,0.8692903000737102,0.907563025210084
2026-09-15_svm,gabor_svm,loso_10,43,/home/ralph/projects/ufsc/viscomp/colorectal_histology_classification/comparison/runs/2026-09-15_svm/loso_10__gabor_svm__seed43,19.568965719001426,0.349059,952.17664,train,0.884101729869269,0.882564775444533,0.884281100276442,0.8840410639290714
2026-09-15_svm,gabor_svm,loso_10,43,/home/ralph/projects/ufsc/viscomp/colorectal_histology_classification/comparison/runs/2026-09-15_svm/loso_10__gabor_svm__seed43,19.568965719001426,0.349059,952.17664,val_clean,0.8531316256022061,0.848772474141845,0.8529715211490038,0.8529411764705882
2026-09-15_svm,gabor_svm,loso_10,43,/home/ralph/projects/ufsc/viscomp/colorectal_histology_classification/comparison/runs/2026-09-15_svm/loso_10__gabor_svm__seed43,19.568965719001426,0.349059,952.17664,test_clean,0.7536660405360998,,0.8621757394786742,0.8991596638655462
2026-09-12,polygarbor,few100,42,/home/ralph/projects/ufsc/viscomp/colorectal_histology_classification/comparison/runs/2026-09-12/few100__polygarbor__seed42,4.3671662498964,0.186852,522.932224,train,0.9825058428633194,0.9823490109476646,0.9824999999999999,0.9825
2026-09-12,polygarbor,few100,42,/home/ralph/projects/ufsc/viscomp/colorectal_histology_classification/comparison/runs/2026-09-12/few100__polygarbor__seed42,4.3671662498964,0.186852,522.932224,val_clean,0.7445745299056583,0.7251289698012207,0.7659712504590378,0.754
2026-09-12,polygarbor,few100,42,/home/ralph/projects/ufsc/viscomp/colorectal_histology_classification/comparison/runs/2026-09-12/few100__polygarbor__seed42,4.3671662498964,0.186852,522.932224,test_clean,0.7114389435645015,0.6734791725847649,0.7284424518063085,0.724
2026-09-12,polygarbor,few100,43,/home/ralph/projects/ufsc/viscomp/colorectal_histology_classification/comparison/runs/2026-09-12/few100__polygarbor__seed43,4.815293913939968,0.186627,524.26752,train,0.9974999374984375,0.9974905699336811,0.9975,0.9975
2026-09-12,polygarbor,few100,43,/home/ralph/projects/ufsc/viscomp/colorectal_histology_classification/comparison/runs/2026-09-12/few100__polygarbor__seed43,4.815293913939968,0.186627,524.26752,val_clean,0.7452379976918657,0.7291884038223244,0.7505583631587065,0.754
2026-09-12,polygarbor,few100,43,/home/ralph/projects/ufsc/viscomp/colorectal_histology_classification/comparison/runs/2026-09-12/few100__polygarbor__seed43,4.815293913939968,0.186627,524.26752,test_clean,0.7067715830891326,0.6877727188193852,0.7128360168516173,0.708
2026-09-12,polygarbor_aug,few100,42,/home/ralph/projects/ufsc/viscomp/colorectal_histology_classification/comparison/runs/2026-09-12/few100__polygarbor_aug__seed42,15.208366474020295,0.651063,528.11776,train,0.9081055481819277,0.9047395410818428,0.90875,0.90875
2026-09-12,polygarbor_aug,few100,42,/home/ralph/projects/ufsc/viscomp/colorectal_histology_classification/comparison/runs/2026-09-12/few100__polygarbor_aug__seed42,15.208366474020295,0.651063,528.11776,val_clean,0.7624101420510454,0.7356978949136523,0.7888269574592346,0.776
2026-09-12,polygarbor_aug,few100,42,/home/ralph/projects/ufsc/viscomp/colorectal_histology_classification/comparison/runs/2026-09-12/few100__polygarbor_aug__seed42,15.208366474020295,0.651063,528.11776,test_clean,0.7131384012947105,0.6669044322071144,0.7363201547865614,0.73
2026-09-12,polygarbor_aug,few100,43,/home/ralph/projects/ufsc/viscomp/colorectal_histology_classification/comparison/runs/2026-09-12/few100__polygarbor_aug__seed43,15.744328953907825,0.650249,547.422208,train,0.9511386883380986,0.9502257559307277,0.9512499999999999,0.95125
2026-09-12,polygarbor_aug,few100,43,/home/ralph/projects/ufsc/viscomp/colorectal_histology_classification/comparison/runs/2026-09-12/few100__polygarbor_aug__seed43,15.744328953907825,0.650249,547.422208,val_clean,0.7814187778223541,0.7631589100736421,0.7906515490455668,0.79
2026-09-12,polygarbor_aug,few100,43,/home/ralph/projects/ufsc/viscomp/colorectal_histology_classification/comparison/runs/2026-09-12/few100__polygarbor_aug__seed43,15.744328953907825,0.650249,547.422208,test_clean,0.739269795187671,0.7213884460750004,0.7468862302125475,0.74
2026-09-12,resnet18,few100,42,/home/ralph/projects/ufsc/viscomp/colorectal_histology_classification/comparison/runs/2026-09-12/few100__resnet18__seed42,65.39845558907837,45.011183,2704.986112,train,0.8761610985298538,0.8703809697764296,0.8775,0.8775
2026-09-12,resnet18,few100,42,/home/ralph/projects/ufsc/viscomp/colorectal_histology_classification/comparison/runs/2026-09-12/few100__resnet18__seed42,65.39845558907837,45.011183,2704.986112,val_clean,0.8459239808441037,0.8444242272856481,0.8507698577005602,0.844
2026-09-12,resnet18,few100,42,/home/ralph/projects/ufsc/viscomp/colorectal_histology_classification/comparison/runs/2026-09-12/few100__resnet18__seed42,65.39845558907837,45.011183,2704.986112,test_clean,0.8563042852636711,0.8496201465799968,0.8574718815529158,0.858
2026-09-12,resnet18,few100,43,/home/ralph/projects/ufsc/viscomp/colorectal_histology_classification/comparison/runs/2026-09-12/few100__resnet18__seed43,98.83911464491393,45.011183,2702.45888,train,0.9912416552910821,0.9911549697718768,0.99125,0.99125
2026-09-12,resnet18,few100,43,/home/ralph/projects/ufsc/viscomp/colorectal_histology_classification/comparison/runs/2026-09-12/few100__resnet18__seed43,98.83911464491393,45.011183,2702.45888,val_clean,0.8932276669773604,0.8897652981150875,0.8917085781396394,0.89
2026-09-12,resnet18,few100,43,/home/ralph/projects/ufsc/viscomp/colorectal_histology_classification/comparison/runs/2026-09-12/few100__resnet18__seed43,98.83911464491393,45.011183,2702.45888,test_clean,0.880444321492251,0.8727785932149379,0.8786444211276985,0.878
2026-09-12,resnet18_imagenet,few100,42,/home/ralph/projects/ufsc/viscomp/colorectal_histology_classification/comparison/runs/2026-09-12/few100__resnet18_imagenet__seed42,40.28721515601501,45.011688,3064.803328,train,0.8832672181915078,0.8708708280872048,0.88625,0.88625
2026-09-12,resnet18_imagenet,few100,42,/home/ralph/projects/ufsc/viscomp/colorectal_histology_classification/comparison/runs/2026-09-12/few100__resnet18_imagenet__seed42,40.28721515601501,45.011688,3064.803328,val_clean,0.8539015168864789,0.840315666363454,0.8550073120325543,0.854
2026-09-12,resnet18_imagenet,few100,42,/home/ralph/projects/ufsc/viscomp/colorectal_histology_classification/comparison/runs/2026-09-12/few100__resnet18_imagenet__seed42,40.28721515601501,45.011688,3064.803328,test_clean,0.815904555715224,0.7980995390580504,0.8171600598189994,0.822
2026-09-12,resnet18_imagenet,few100,43,/home/ralph/projects/ufsc/viscomp/colorectal_histology_classification/comparison/runs/2026-09-12/few100__resnet18_imagenet__seed43,75.586361110094,45.011688,3068.895232,train,0.9974997499749976,0.9974778475699037,0.9975,0.9975
2026-09-12,resnet18_imagenet,few100,43,/home/ralph/projects/ufsc/viscomp/colorectal_histology_classification/comparison/runs/2026-09-12/few100__resnet18_imagenet__seed43,75.586361110094,45.011688,3068.895232,val_clean,0.9235726635921451,0.9223722023973451,0.9241487166998766,0.922
2026-09-12,resnet18_imagenet,few100,43,/home/ralph/projects/ufsc/viscomp/colorectal_histology_classification/comparison/runs/2026-09-12/few100__resnet18_imagenet__seed43,75.586361110094,45.011688,3068.895232,test_clean,0.9263062693413713,0.9241478079902916,0.9269456860630683,0.924
2026-09-12,yolo11n,few100,42,/home/ralph/projects/ufsc/viscomp/colorectal_histology_classification/comparison/runs/2026-09-12/few100__yolo11n__seed42,72.54056330898311,3.203496,2824.6016,train,0.974004121852827,0.9735837810137443,0.97375,0.97375
2026-09-12,yolo11n,few100,42,/home/ralph/projects/ufsc/viscomp/colorectal_histology_classification/comparison/runs/2026-09-12/few100__yolo11n__seed42,72.54056330898311,3.203496,2824.6016,val_clean,0.9339236263850639,0.9337513871681573,0.9347032799323349,0.932
2026-09-12,yolo11n,few100,42,/home/ralph/projects/ufsc/viscomp/colorectal_histology_classification/comparison/runs/2026-09-12/few100__yolo11n__seed42,72.54056330898311,3.203496,2824.6016,test_clean,0.9144792083489894,0.911909171442669,0.9143168570260585,0.912
2026-09-12,yolo11n,few100,43,/home/ralph/projects/ufsc/viscomp/colorectal_histology_classification/comparison/runs/2026-09-12/few100__yolo11n__seed43,53.32010871905368,3.203048,2818.445312,train,0.9663317827130853,0.9658983233676222,0.96625,0.96625
2026-09-12,yolo11n,few100,43,/home/ralph/projects/ufsc/viscomp/colorectal_histology_classification/comparison/runs/2026-09-12/few100__yolo11n__seed43,53.32010871905368,3.203048,2818.445312,val_clean,0.9144656374950442,0.9129909575292648,0.9151660828388671,0.912
2026-09-12,yolo11n,few100,43,/home/ralph/projects/ufsc/viscomp/colorectal_histology_classification/comparison/runs/2026-09-12/few100__yolo11n__seed43,53.32010871905368,3.203048,2818.445312,test_clean,0.9163029830450959,0.914877622357501,0.917543726370171,0.914
2026-09-12,yolo11n_random,few100,42,/home/ralph/projects/ufsc/viscomp/colorectal_histology_classification/comparison/runs/2026-09-12/few100__yolo11n_random__seed42,54.609963739058,3.203178,2835.202048,train,0.6880568184618532,0.6597482786911419,0.69625,0.69625
2026-09-12,yolo11n_random,few100,42,/home/ralph/projects/ufsc/viscomp/colorectal_histology_classification/comparison/runs/2026-09-12/few100__yolo11n_random__seed42,54.609963739058,3.203178,2835.202048,val_clean,0.7120451659652807,0.684889231090775,0.7177413193343631,0.722
2026-09-12,yolo11n_random,few100,42,/home/ralph/projects/ufsc/viscomp/colorectal_histology_classification/comparison/runs/2026-09-12/few100__yolo11n_random__seed42,54.609963739058,3.203178,2835.202048,test_clean,0.6859369506239803,0.6602619686154056,0.6975561758368958,0.698
2026-09-12,yolo11n_random,few100,43,/home/ralph/projects/ufsc/viscomp/colorectal_histology_classification/comparison/runs/2026-09-12/few100__yolo11n_random__seed43,83.52450259705074,3.204074,2810.208256,train,0.8233810416296639,0.81070554292264,0.8287500000000001,0.82875
2026-09-12,yolo11n_random,few100,43,/home/ralph/projects/ufsc/viscomp/colorectal_histology_classification/comparison/runs/2026-09-12/few100__yolo11n_random__seed43,83.52450259705074,3.204074,2810.208256,val_clean,0.8123802283194228,0.8041204142563881,0.8195628551805764,0.812
2026-09-12,yolo11n_random,few100,43,/home/ralph/projects/ufsc/viscomp/colorectal_histology_classification/comparison/runs/2026-09-12/few100__yolo11n_random__seed43,83.52450259705074,3.204074,2810.208256,test_clean,0.8117855837749905,0.787431887855039,0.8154349626867567,0.816
2026-09-12,polygarbor,few10,42,/home/ralph/projects/ufsc/viscomp/colorectal_histology_classification/comparison/runs/2026-09-12/few10__polygarbor__seed42,0.573548638029024,0.0197,392.040448,train,1.0,1.0,1.0,1.0
2026-09-12,polygarbor,few10,42,/home/ralph/projects/ufsc/viscomp/colorectal_histology_classification/comparison/runs/2026-09-12/few10__polygarbor__seed42,0.573548638029024,0.0197,392.040448,val_clean,0.5190665915240611,0.3559350602262785,0.5687100053029461,0.564
2026-09-12,polygarbor,few10,42,/home/ralph/projects/ufsc/viscomp/colorectal_histology_classification/comparison/runs/2026-09-12/few10__polygarbor__seed42,0.573548638029024,0.0197,392.040448,test_clean,0.5098073496104538,0.3507515240185982,0.5588321833833001,0.546
2026-09-12,polygarbor,few10,43,/home/ralph/projects/ufsc/viscomp/colorectal_histology_classification/comparison/runs/2026-09-12/few10__polygarbor__seed43,0.5435710590099916,0.019653,392.06912,train,1.0,1.0,1.0,1.0
2026-09-12,polygarbor,few10,43,/home/ralph/projects/ufsc/viscomp/colorectal_histology_classification/comparison/runs/2026-09-12/few10__polygarbor__seed43,0.5435710590099916,0.019653,392.06912,val_clean,0.48526113148501404,0.0,0.5377820569840627,0.544
2026-09-12,polygarbor,few10,43,/home/ralph/projects/ufsc/viscomp/colorectal_histology_classification/comparison/runs/2026-09-12/few10__polygarbor__seed43,0.5435710590099916,0.019653,392.06912,test_clean,0.49246147521323214,0.0,0.5370324132965089,0.53
2026-09-12,polygarbor_aug,few10,42,/home/ralph/projects/ufsc/viscomp/colorectal_histology_classification/comparison/runs/2026-09-12/few10__polygarbor_aug__seed42,1.5140353271272033,0.07544,395.505664,train,1.0,1.0,1.0,1.0
2026-09-12,polygarbor_aug,few10,42,/home/ralph/projects/ufsc/viscomp/colorectal_histology_classification/comparison/runs/2026-09-12/few10__polygarbor_aug__seed42,1.5140353271272033,0.07544,395.505664,val_clean,0.5665062941363872,0.5051070178780849,0.6000149899794099,0.59
2026-09-12,polygarbor_aug,few10,42,/home/ralph/projects/ufsc/viscomp/colorectal_histology_classification/comparison/runs/2026-09-12/few10__polygarbor_aug__seed42,1.5140353271272033,0.07544,395.505664,test_clean,0.5538169782575038,0.4745322660630497,0.5832790986086547,0.574
2026-09-12,polygarbor_aug,few10,43,/home/ralph/projects/ufsc/viscomp/colorectal_histology_classification/comparison/runs/2026-09-12/few10__polygarbor_aug__seed43,1.5349029171047732,0.075225,395.603968,train,1.0,1.0,1.0,1.0
2026-09-12,polygarbor_aug,few10,43,/home/ralph/projects/ufsc/viscomp/colorectal_histology_classification/comparison/runs/2026-09-12/few10__polygarbor_aug__seed43,1.5349029171047732,0.075225,395.603968,val_clean,0.5152547347656394,0.2841429625479011,0.5799589954815951,0.588
2026-09-12,polygarbor_aug,few10,43,/home/ralph/projects/ufsc/viscomp/colorectal_histology_classification/comparison/runs/2026-09-12/few10__polygarbor_aug__seed43,1.5349029171047732,0.075225,395.603968,test_clean,0.5319004998955366,0.3436701100716739,0.5852683652117596,0.574
2026-09-12,resnet18,few10,42,/home/ralph/projects/ufsc/viscomp/colorectal_histology_classification/comparison/runs/2026-09-12/few10__resnet18__seed42,32.74335956608411,45.011183,2414.862336,train,0.028089887640449437,0.0,0.125,0.125
2026-09-12,resnet18,few10,42,/home/ralph/projects/ufsc/viscomp/colorectal_histology_classification/comparison/runs/2026-09-12/few10__resnet18__seed42,32.74335956608411,45.011183,2414.862336,val_clean,0.044676705283529065,0.0,0.13293650793650794,0.142
2026-09-12,resnet18,few10,42,/home/ralph/projects/ufsc/viscomp/colorectal_histology_classification/comparison/runs/2026-09-12/few10__resnet18__seed42,32.74335956608411,45.011183,2414.862336,test_clean,0.05811703096539162,0.0,0.14285714285714285,0.136
2026-09-12,resnet18,few10,43,/home/ralph/projects/ufsc/viscomp/colorectal_histology_classification/comparison/runs/2026-09-12/few10__resnet18__seed43,38.23024793993682,45.011183,2423.35744,train,0.2773809523809524,0.0,0.35,0.35
2026-09-12,resnet18,few10,43,/home/ralph/projects/ufsc/viscomp/colorectal_histology_classification/comparison/runs/2026-09-12/few10__resnet18__seed43,38.23024793993682,45.011183,2423.35744,val_clean,0.27522016796313475,0.0,0.3563360309691007,0.354
2026-09-12,resnet18,few10,43,/home/ralph/projects/ufsc/viscomp/colorectal_histology_classification/comparison/runs/2026-09-12/few10__resnet18__seed43,38.23024793993682,45.011183,2423.35744,test_clean,0.27526208863876894,0.0,0.3533030295079673,0.346
2026-09-12,resnet18_imagenet,few10,42,/home/ralph/projects/ufsc/viscomp/colorectal_histology_classification/comparison/runs/2026-09-12/few10__resnet18_imagenet__seed42,40.483158341026865,45.011688,2771.689472,train,1.0,1.0,1.0,1.0
2026-09-12,resnet18_imagenet,few10,42,/home/ralph/projects/ufsc/viscomp/colorectal_histology_classification/comparison/runs/2026-09-12/few10__resnet18_imagenet__seed42,40.483158341026865,45.011688,2771.689472,val_clean,0.7313962860509888,0.6999557479231194,0.7503191919561181,0.748
2026-09-12,resnet18_imagenet,few10,42,/home/ralph/projects/ufsc/viscomp/colorectal_histology_classification/comparison/runs/2026-09-12/few10__resnet18_imagenet__seed42,40.483158341026865,45.011688,2771.689472,test_clean,0.769302581988458,0.7552085142428122,0.7790770905623413,0.772
2026-09-12,resnet18_imagenet,few10,43,/home/ralph/projects/ufsc/viscomp/colorectal_histology_classification/comparison/runs/2026-09-12/few10__resnet18_imagenet__seed43,27.5894899450941,45.011688,2793.517056,train,0.3976347117794486,0.0,0.475,0.475
2026-09-12,resnet18_imagenet,few10,43,/home/ralph/projects/ufsc/viscomp/colorectal_histology_classification/comparison/runs/2026-09-12/few10__resnet18_imagenet__seed43,27.5894899450941,45.011688,2793.517056,val_clean,0.3080477245697544,0.0,0.4107293779580798,0.382
2026-09-12,resnet18_imagenet,few10,43,/home/ralph/projects/ufsc/viscomp/colorectal_histology_classification/comparison/runs/2026-09-12/few10__resnet18_imagenet__seed43,27.5894899450941,45.011688,2793.517056,test_clean,0.33811263633421984,0.0,0.42175670834468626,0.418
2026-09-12,yolo11n,few10,42,/home/ralph/projects/ufsc/viscomp/colorectal_histology_classification/comparison/runs/2026-09-12/few10__yolo11n__seed42,31.533055773121305,3.203496,2667.606016,train,0.987468671679198,0.9869162813660015,0.9875,0.9875
2026-09-12,yolo11n,few10,42,/home/ralph/projects/ufsc/viscomp/colorectal_histology_classification/comparison/runs/2026-09-12/few10__yolo11n__seed42,31.533055773121305,3.203496,2667.606016,val_clean,0.8284232399315699,0.8173241357519792,0.8310134198447954,0.834
2026-09-12,yolo11n,few10,42,/home/ralph/projects/ufsc/viscomp/colorectal_histology_classification/comparison/runs/2026-09-12/few10__yolo11n__seed42,31.533055773121305,3.203496,2667.606016,test_clean,0.8190675520593553,0.81522887819878,0.8259827551609293,0.818
2026-09-12,yolo11n,few10,43,/home/ralph/projects/ufsc/viscomp/colorectal_histology_classification/comparison/runs/2026-09-12/few10__yolo11n__seed43,40.21046431490686,3.204072,2611.544064,train,1.0,1.0,1.0,1.0
2026-09-12,yolo11n,few10,43,/home/ralph/projects/ufsc/viscomp/colorectal_histology_classification/comparison/runs/2026-09-12/few10__yolo11n__seed43,40.21046431490686,3.204072,2611.544064,val_clean,0.8568727803270688,0.8490895373559082,0.8545893787218068,0.854
2026-09-12,yolo11n,few10,43,/home/ralph/projects/ufsc/viscomp/colorectal_histology_classification/comparison/runs/2026-09-12/few10__yolo11n__seed43,40.21046431490686,3.204072,2611.544064,test_clean,0.8492905807958611,0.840923210100164,0.8528212620713618,0.846
2026-09-12,yolo11n_random,few10,42,/home/ralph/projects/ufsc/viscomp/colorectal_histology_classification/comparison/runs/2026-09-12/few10__yolo11n_random__seed42,14.678439973969944,3.202602,2609.291264,train,0.027777777777777776,0.0,0.125,0.125
2026-09-12,yolo11n_random,few10,42,/home/ralph/projects/ufsc/viscomp/colorectal_histology_classification/comparison/runs/2026-09-12/few10__yolo11n_random__seed42,14.678439973969944,3.202602,2609.291264,val_clean,0.03031634446397188,0.0,0.125,0.138
2026-09-12,yolo11n_random,few10,42,/home/ralph/projects/ufsc/viscomp/colorectal_histology_classification/comparison/runs/2026-09-12/few10__yolo11n_random__seed42,14.678439973969944,3.202602,2609.291264,test_clean,0.02992957746478873,0.0,0.125,0.136
2026-09-12,yolo11n_random,few10,43,/home/ralph/projects/ufsc/viscomp/colorectal_histology_classification/comparison/runs/2026-09-12/few10__yolo11n_random__seed43,30.121504967915826,3.203754,2601.906176,train,0.5980390373466874,0.5027643144025152,0.625,0.625
2026-09-12,yolo11n_random,few10,43,/home/ralph/projects/ufsc/viscomp/colorectal_histology_classification/comparison/runs/2026-09-12/few10__yolo11n_random__seed43,30.121504967915826,3.203754,2601.906176,val_clean,0.5287696660800971,0.42293219794949966,0.578699229128653,0.566
2026-09-12,yolo11n_random,few10,43,/home/ralph/projects/ufsc/viscomp/colorectal_histology_classification/comparison/runs/2026-09-12/few10__yolo11n_random__seed43,30.121504967915826,3.203754,2601.906176,test_clean,0.5256045825409208,0.42211810000797906,0.5547755358723948,0.554
2026-09-12,polygarbor_aug,few1,42,/home/ralph/projects/ufsc/viscomp/colorectal_histology_classification/comparison/runs/2026-09-12/few1__polygarbor_aug__seed42,0.22703838488087058,0.008548,377.131008,train,1.0,1.0,1.0,1.0
2026-09-12,polygarbor_aug,few1,42,/home/ralph/projects/ufsc/viscomp/colorectal_histology_classification/comparison/runs/2026-09-12/few1__polygarbor_aug__seed42,0.22703838488087058,0.008548,377.131008,val_clean,0.3476308766297205,0.1616839245576725,0.3906871223145373,0.41
2026-09-12,polygarbor_aug,few1,42,/home/ralph/projects/ufsc/viscomp/colorectal_histology_classification/comparison/runs/2026-09-12/few1__polygarbor_aug__seed42,0.22703838488087058,0.008548,377.131008,test_clean,0.3137582346629481,0.1296267661047854,0.35368059585914274,0.334
2026-09-12,polygarbor_aug,few1,43,/home/ralph/projects/ufsc/viscomp/colorectal_histology_classification/comparison/runs/2026-09-12/few1__polygarbor_aug__seed43,0.2175492059905082,0.008495,380.321792,train,1.0,1.0,1.0,1.0
2026-09-12,polygarbor_aug,few1,43,/home/ralph/projects/ufsc/viscomp/colorectal_histology_classification/comparison/runs/2026-09-12/few1__polygarbor_aug__seed43,0.2175492059905082,0.008495,380.321792,val_clean,0.35677579001674703,0.19861161533715782,0.3770553212109104,0.38
2026-09-12,polygarbor_aug,few1,43,/home/ralph/projects/ufsc/viscomp/colorectal_histology_classification/comparison/runs/2026-09-12/few1__polygarbor_aug__seed43,0.2175492059905082,0.008495,380.321792,test_clean,0.42813389746244335,0.3311848372023092,0.43363630210350085,0.424
2026-09-12,resnet18,few1,42,/home/ralph/projects/ufsc/viscomp/colorectal_histology_classification/comparison/runs/2026-09-12/few1__resnet18__seed42,23.224903225083835,45.011183,2366.799872,train,0.027777777777777776,0.0,0.125,0.125
2026-09-12,resnet18,few1,42,/home/ralph/projects/ufsc/viscomp/colorectal_histology_classification/comparison/runs/2026-09-12/few1__resnet18__seed42,23.224903225083835,45.011183,2366.799872,val_clean,0.02797513321492007,0.0,0.125,0.126
2026-09-12,resnet18,few1,42,/home/ralph/projects/ufsc/viscomp/colorectal_histology_classification/comparison/runs/2026-09-12/few1__resnet18__seed42,23.224903225083835,45.011183,2366.799872,test_clean,0.02797513321492007,0.0,0.125,0.126
2026-09-12,resnet18,few1,43,/home/ralph/projects/ufsc/viscomp/colorectal_histology_classification/comparison/runs/2026-09-12/few1__resnet18__seed43,21.91755643405486,45.011183,2358.919168,train,0.03571428571428571,0.0,0.125,0.125
2026-09-12,resnet18,few1,43,/home/ralph/projects/ufsc/viscomp/colorectal_histology_classification/comparison/runs/2026-09-12/few1__resnet18__seed43,21.91755643405486,45.011183,2358.919168,val_clean,0.05603688016086938,0.0,0.1475199900049975,0.142
2026-09-12,resnet18,few1,43,/home/ralph/projects/ufsc/viscomp/colorectal_histology_classification/comparison/runs/2026-09-12/few1__resnet18__seed43,21.91755643405486,45.011183,2358.919168,test_clean,0.05477729885057471,0.0,0.14382606490872213,0.152
2026-09-12,resnet18_imagenet,few1,42,/home/ralph/projects/ufsc/viscomp/colorectal_histology_classification/comparison/runs/2026-09-12/few1__resnet18_imagenet__seed42,32.76418810302857,45.011688,2713.33376,train,0.6875,0.0,0.75,0.75
2026-09-12,resnet18_imagenet,few1,42,/home/ralph/projects/ufsc/viscomp/colorectal_histology_classification/comparison/runs/2026-09-12/few1__resnet18_imagenet__seed42,32.76418810302857,45.011688,2713.33376,val_clean,0.45768123291422724,0.0,0.5538140409980528,0.536
2026-09-12,resnet18_imagenet,few1,42,/home/ralph/projects/ufsc/viscomp/colorectal_histology_classification/comparison/runs/2026-09-12/few1__resnet18_imagenet__seed42,32.76418810302857,45.011688,2713.33376,test_clean,0.4215781760392165,0.0,0.5062404065438071,0.496
2026-09-12,resnet18_imagenet,few1,43,/home/ralph/projects/ufsc/viscomp/colorectal_histology_classification/comparison/runs/2026-09-12/few1__resnet18_imagenet__seed43,21.134240531129763,45.011688,2710.237184,train,0.35416666666666663,0.0,0.5,0.5
2026-09-12,resnet18_imagenet,few1,43,/home/ralph/projects/ufsc/viscomp/colorectal_histology_classification/comparison/runs/2026-09-12/few1__resnet18_imagenet__seed43,21.134240531129763,45.011688,2710.237184,val_clean,0.18160027979897,0.0,0.2414320011723486,0.254
2026-09-12,resnet18_imagenet,few1,43,/home/ralph/projects/ufsc/viscomp/colorectal_histology_classification/comparison/runs/2026-09-12/few1__resnet18_imagenet__seed43,21.134240531129763,45.011688,2710.237184,test_clean,0.14677129606502232,0.0,0.21284415105533505,0.212
2026-09-12,yolo11n,few1,42,/home/ralph/projects/ufsc/viscomp/colorectal_histology_classification/comparison/runs/2026-09-12/few1__yolo11n__seed42,47.68331575207412,3.205032,2595.196928,train,1.0,1.0,1.0,1.0
2026-09-12,yolo11n,few1,42,/home/ralph/projects/ufsc/viscomp/colorectal_histology_classification/comparison/runs/2026-09-12/few1__yolo11n__seed42,47.68331575207412,3.205032,2595.196928,val_clean,0.528346287632556,0.3645550452187573,0.5709233912512908,0.592
2026-09-12,yolo11n,few1,42,/home/ralph/projects/ufsc/viscomp/colorectal_histology_classification/comparison/runs/2026-09-12/few1__yolo11n__seed42,47.68331575207412,3.205032,2595.196928,test_clean,0.551097526141523,0.35463215651851077,0.5992306836200465,0.592
2026-09-12,yolo11n,few1,43,/home/ralph/projects/ufsc/viscomp/colorectal_histology_classification/comparison/runs/2026-09-12/few1__yolo11n__seed43,31.393163394997828,3.204136,2613.424128,train,1.0,1.0,1.0,1.0
2026-09-12,yolo11n,few1,43,/home/ralph/projects/ufsc/viscomp/colorectal_histology_classification/comparison/runs/2026-09-12/few1__yolo11n__seed43,31.393163394997828,3.204136,2613.424128,val_clean,0.5316309973476917,0.47205931801999,0.5323921184755924,0.532
2026-09-12,yolo11n,few1,43,/home/ralph/projects/ufsc/viscomp/colorectal_histology_classification/comparison/runs/2026-09-12/few1__yolo11n__seed43,31.393163394997828,3.204136,2613.424128,test_clean,0.5273232588658343,0.4518998317094219,0.5199078941740939,0.514
2026-09-12,yolo11n_random,few1,42,/home/ralph/projects/ufsc/viscomp/colorectal_histology_classification/comparison/runs/2026-09-12/few1__yolo11n_random__seed42,13.556556398048997,3.202602,2584.522752,train,0.027777777777777776,0.0,0.125,0.125
2026-09-12,yolo11n_random,few1,42,/home/ralph/projects/ufsc/viscomp/colorectal_histology_classification/comparison/runs/2026-09-12/few1__yolo11n_random__seed42,13.556556398048997,3.202602,2584.522752,val_clean,0.03031634446397188,0.0,0.125,0.138
2026-09-12,yolo11n_random,few1,42,/home/ralph/projects/ufsc/viscomp/colorectal_histology_classification/comparison/runs/2026-09-12/few1__yolo11n_random__seed42,13.556556398048997,3.202602,2584.522752,test_clean,0.02992957746478873,0.0,0.125,0.136
2026-09-12,yolo11n_random,few1,43,/home/ralph/projects/ufsc/viscomp/colorectal_histology_classification/comparison/runs/2026-09-12/few1__yolo11n_random__seed43,16.808133519021794,3.202922,2587.877376,train,0.027777777777777776,0.0,0.125,0.125
2026-09-12,yolo11n_random,few1,43,/home/ralph/projects/ufsc/viscomp/colorectal_histology_classification/comparison/runs/2026-09-12/few1__yolo11n_random__seed43,16.808133519021794,3.202922,2587.877376,val_clean,0.02797513321492007,0.0,0.125,0.126
2026-09-12,yolo11n_random,few1,43,/home/ralph/projects/ufsc/viscomp/colorectal_histology_classification/comparison/runs/2026-09-12/few1__yolo11n_random__seed43,16.808133519021794,3.202922,2587.877376,test_clean,0.02797513321492007,0.0,0.125,0.126
2026-09-12,polygarbor,few20,42,/home/ralph/projects/ufsc/viscomp/colorectal_histology_classification/comparison/runs/2026-09-12/few20__polygarbor__seed42,1.1075044040335342,0.038254,401.424384,train,1.0,1.0,1.0,1.0
2026-09-12,polygarbor,few20,42,/home/ralph/projects/ufsc/viscomp/colorectal_histology_classification/comparison/runs/2026-09-12/few20__polygarbor__seed42,1.1075044040335342,0.038254,401.424384,val_clean,0.5443524641013707,0.0,0.5736874390673516,0.566
2026-09-12,polygarbor,few20,42,/home/ralph/projects/ufsc/viscomp/colorectal_histology_classification/comparison/runs/2026-09-12/few20__polygarbor__seed42,1.1075044040335342,0.038254,401.424384,test_clean,0.5446889401894105,0.0,0.5704171392589065,0.566
2026-09-12,polygarbor,few20,43,/home/ralph/projects/ufsc/viscomp/colorectal_histology_classification/comparison/runs/2026-09-12/few20__polygarbor__seed43,1.0696919551119208,0.038163,401.1008,train,1.0,1.0,1.0,1.0
2026-09-12,polygarbor,few20,43,/home/ralph/projects/ufsc/viscomp/colorectal_histology_classification/comparison/runs/2026-09-12/few20__polygarbor__seed43,1.0696919551119208,0.038163,401.1008,val_clean,0.6098960672943154,0.5363893034650762,0.6300734118292372,0.636
2026-09-12,polygarbor,few20,43,/home/ralph/projects/ufsc/viscomp/colorectal_histology_classification/comparison/runs/2026-09-12/few20__polygarbor__seed43,1.0696919551119208,0.038163,401.1008,test_clean,0.5935290733089535,0.5093590162654879,0.6169249864226566,0.612
2026-09-12,polygarbor_aug,few20,42,/home/ralph/projects/ufsc/viscomp/colorectal_histology_classification/comparison/runs/2026-09-12/few20__polygarbor_aug__seed42,2.8736726770875975,0.149655,412.991488,train,1.0,1.0,1.0,1.0
2026-09-12,polygarbor_aug,few20,42,/home/ralph/projects/ufsc/viscomp/colorectal_histology_classification/comparison/runs/2026-09-12/few20__polygarbor_aug__seed42,2.8736726770875975,0.149655,412.991488,val_clean,0.5892046873062682,0.5292237070537839,0.6038102970889079,0.596
2026-09-12,polygarbor_aug,few20,42,/home/ralph/projects/ufsc/viscomp/colorectal_histology_classification/comparison/runs/2026-09-12/few20__polygarbor_aug__seed42,2.8736726770875975,0.149655,412.991488,test_clean,0.6011408081505517,0.5110188890366274,0.6227589882250191,0.618
2026-09-12,polygarbor_aug,few20,43,/home/ralph/projects/ufsc/viscomp/colorectal_histology_classification/comparison/runs/2026-09-12/few20__polygarbor_aug__seed43,2.8629866869887337,0.14927,408.469504,train,1.0,1.0,1.0,1.0
2026-09-12,polygarbor_aug,few20,43,/home/ralph/projects/ufsc/viscomp/colorectal_histology_classification/comparison/runs/2026-09-12/few20__polygarbor_aug__seed43,2.8629866869887337,0.14927,408.469504,val_clean,0.6558771315376586,0.5871942529133312,0.6794700947042207,0.686
2026-09-12,polygarbor_aug,few20,43,/home/ralph/projects/ufsc/viscomp/colorectal_histology_classification/comparison/runs/2026-09-12/few20__polygarbor_aug__seed43,2.8629866869887337,0.14927,408.469504,test_clean,0.641363560830302,0.5866540432095898,0.6598445267930411,0.652
2026-09-12,resnet18,few20,42,/home/ralph/projects/ufsc/viscomp/colorectal_histology_classification/comparison/runs/2026-09-12/few20__resnet18__seed42,28.972702835919335,45.011183,2429.136896,train,0.20413744740532958,0.0,0.29375,0.29375
2026-09-12,resnet18,few20,42,/home/ralph/projects/ufsc/viscomp/colorectal_histology_classification/comparison/runs/2026-09-12/few20__resnet18__seed42,28.972702835919335,45.011183,2429.136896,val_clean,0.21285772946574189,0.0,0.30527359271184085,0.314
2026-09-12,resnet18,few20,42,/home/ralph/projects/ufsc/viscomp/colorectal_histology_classification/comparison/runs/2026-09-12/few20__resnet18__seed42,28.972702835919335,45.011183,2429.136896,test_clean,0.19968030919412438,0.0,0.2852545283086011,0.28
2026-09-12,resnet18,few20,43,/home/ralph/projects/ufsc/viscomp/colorectal_histology_classification/comparison/runs/2026-09-12/few20__resnet18__seed43,31.87336913892068,45.011183,2420.215808,train,0.2069615122034477,0.0,0.28125,0.28125
2026-09-12,resnet18,few20,43,/home/ralph/projects/ufsc/viscomp/colorectal_histology_classification/comparison/runs/2026-09-12/few20__resnet18__seed43,31.87336913892068,45.011183,2420.215808,val_clean,0.22788530142696808,0.0,0.3071440714069195,0.31
2026-09-12,resnet18,few20,43,/home/ralph/projects/ufsc/viscomp/colorectal_histology_classification/comparison/runs/2026-09-12/few20__resnet18__seed43,31.87336913892068,45.011183,2420.215808,test_clean,0.21859972997360794,0.0,0.2972325273121953,0.294
2026-09-12,resnet18_imagenet,few20,42,/home/ralph/projects/ufsc/viscomp/colorectal_histology_classification/comparison/runs/2026-09-12/few20__resnet18_imagenet__seed42,46.27356152795255,45.011688,2773.323776,train,1.0,1.0,1.0,1.0
2026-09-12,resnet18_imagenet,few20,42,/home/ralph/projects/ufsc/viscomp/colorectal_histology_classification/comparison/runs/2026-09-12/few20__resnet18_imagenet__seed42,46.27356152795255,45.011688,2773.323776,val_clean,0.8684428697819028,0.8663149403588427,0.8692716440795099,0.868
2026-09-12,resnet18_imagenet,few20,42,/home/ralph/projects/ufsc/viscomp/colorectal_histology_classification/comparison/runs/2026-09-12/few20__resnet18_imagenet__seed42,46.27356152795255,45.011688,2773.323776,test_clean,0.8519046523129366,0.84750894729697,0.8547237535500899,0.85
2026-09-12,resnet18_imagenet,few20,43,/home/ralph/projects/ufsc/viscomp/colorectal_histology_classification/comparison/runs/2026-09-12/few20__resnet18_imagenet__seed43,22.575853100977838,45.011688,2762.027008,train,0.35813492063492064,0.0,0.46875,0.46875
2026-09-12,resnet18_imagenet,few20,43,/home/ralph/projects/ufsc/viscomp/colorectal_histology_classification/comparison/runs/2026-09-12/few20__resnet18_imagenet__seed43,22.575853100977838,45.011688,2762.027008,val_clean,0.30017810974461856,0.0,0.4098447537435764,0.41
2026-09-12,resnet18_imagenet,few20,43,/home/ralph/projects/ufsc/viscomp/colorectal_histology_classification/comparison/runs/2026-09-12/few20__resnet18_imagenet__seed43,22.575853100977838,45.011688,2762.027008,test_clean,0.27682045316299064,0.0,0.37880324543610544,0.37
2026-09-12,yolo11n,few20,42,/home/ralph/projects/ufsc/viscomp/colorectal_histology_classification/comparison/runs/2026-09-12/few20__yolo11n__seed42,28.761626098072156,3.203112,2637.651968,train,0.9557132159667461,0.9544166192042358,0.95625,0.95625
2026-09-12,yolo11n,few20,42,/home/ralph/projects/ufsc/viscomp/colorectal_histology_classification/comparison/runs/2026-09-12/few20__yolo11n__seed42,28.761626098072156,3.203112,2637.651968,val_clean,0.837892545138334,0.8276226822967002,0.8371784954058307,0.838
2026-09-12,yolo11n,few20,42,/home/ralph/projects/ufsc/viscomp/colorectal_histology_classification/comparison/runs/2026-09-12/few20__yolo11n__seed42,28.761626098072156,3.203112,2637.651968,test_clean,0.8213111796717623,0.8105158396262249,0.8238351088725018,0.82
2026-09-12,yolo11n,few20,43,/home/ralph/projects/ufsc/viscomp/colorectal_histology_classification/comparison/runs/2026-09-12/few20__yolo11n__seed43,43.991935512050986,3.204008,2640.031744,train,0.9937460913070669,0.993608849045455,0.99375,0.99375
2026-09-12,yolo11n,few20,43,/home/ralph/projects/ufsc/viscomp/colorectal_histology_classification/comparison/runs/2026-09-12/few20__yolo11n__seed43,43.991935512050986,3.204008,2640.031744,val_clean,0.8667717175249829,0.8606887202152625,0.8652801061929429,0.864
2026-09-12,yolo11n,few20,43,/home/ralph/projects/ufsc/viscomp/colorectal_histology_classification/comparison/runs/2026-09-12/few20__yolo11n__seed43,43.991935512050986,3.204008,2640.031744,test_clean,0.8646602710766181,0.8588882694443082,0.8647551604241585,0.86
2026-09-12,yolo11n_random,few20,42,/home/ralph/projects/ufsc/viscomp/colorectal_histology_classification/comparison/runs/2026-09-12/few20__yolo11n_random__seed42,74.28044169896748,3.20657,2634.973184,train,0.8739018158042237,0.8616287175117038,0.875,0.875
2026-09-12,yolo11n_random,few20,42,/home/ralph/projects/ufsc/viscomp/colorectal_histology_classification/comparison/runs/2026-09-12/few20__yolo11n_random__seed42,74.28044169896748,3.20657,2634.973184,val_clean,0.7829769096725927,0.7717226275043698,0.7834847127873839,0.782
2026-09-12,yolo11n_random,few20,42,/home/ralph/projects/ufsc/viscomp/colorectal_histology_classification/comparison/runs/2026-09-12/few20__yolo11n_random__seed42,74.28044169896748,3.20657,2634.973184,test_clean,0.7603609756196297,0.7307012305494378,0.7647548566247747,0.764
2026-09-12,yolo11n_random,few20,43,/home/ralph/projects/ufsc/viscomp/colorectal_histology_classification/comparison/runs/2026-09-12/few20__yolo11n_random__seed43,44.61626597389113,3.204458,2643.94752,train,0.7992019339622697,0.7894647470800777,0.8,0.8
2026-09-12,yolo11n_random,few20,43,/home/ralph/projects/ufsc/viscomp/colorectal_histology_classification/comparison/runs/2026-09-12/few20__yolo11n_random__seed43,44.61626597389113,3.204458,2643.94752,val_clean,0.6743081150512954,0.6654558957104866,0.6804251465211969,0.676
2026-09-12,yolo11n_random,few20,43,/home/ralph/projects/ufsc/viscomp/colorectal_histology_classification/comparison/runs/2026-09-12/few20__yolo11n_random__seed43,44.61626597389113,3.204458,2643.94752,test_clean,0.6597363621927487,0.6440435656238014,0.662416978985615,0.66
2026-09-12,polygarbor,few2,42,/home/ralph/projects/ufsc/viscomp/colorectal_histology_classification/comparison/runs/2026-09-12/few2__polygarbor__seed42,0.15289942605886608,0.004825,379.20768,train,1.0,1.0,1.0,1.0
2026-09-12,polygarbor,few2,42,/home/ralph/projects/ufsc/viscomp/colorectal_histology_classification/comparison/runs/2026-09-12/few2__polygarbor__seed42,0.15289942605886608,0.004825,379.20768,val_clean,0.18754183019626997,0.0,0.27307172916274103,0.272
2026-09-12,polygarbor,few2,42,/home/ralph/projects/ufsc/viscomp/colorectal_histology_classification/comparison/runs/2026-09-12/few2__polygarbor__seed42,0.15289942605886608,0.004825,379.20768,test_clean,0.23326414622582825,0.0,0.31647851606173255,0.316
2026-09-12,polygarbor,few2,43,/home/ralph/projects/ufsc/viscomp/colorectal_histology_classification/comparison/runs/2026-09-12/few2__polygarbor__seed43,0.20778428902849555,0.004822,379.199488,train,1.0,1.0,1.0,1.0
2026-09-12,polygarbor,few2,43,/home/ralph/projects/ufsc/viscomp/colorectal_histology_classification/comparison/runs/2026-09-12/few2__polygarbor__seed43,0.20778428902849555,0.004822,379.199488,val_clean,0.19084309960528778,0.0,0.2539696996399779,0.26
2026-09-12,polygarbor,few2,43,/home/ralph/projects/ufsc/viscomp/colorectal_histology_classification/comparison/runs/2026-09-12/few2__polygarbor__seed43,0.20778428902849555,0.004822,379.199488,test_clean,0.19572835796516197,0.0,0.27965162917042047,0.264
2026-09-12,polygarbor_aug,few2,42,/home/ralph/projects/ufsc/viscomp/colorectal_histology_classification/comparison/runs/2026-09-12/few2__polygarbor_aug__seed42,0.35267590009607375,0.015947,382.144512,train,1.0,1.0,1.0,1.0
2026-09-12,polygarbor_aug,few2,42,/home/ralph/projects/ufsc/viscomp/colorectal_histology_classification/comparison/runs/2026-09-12/few2__polygarbor_aug__seed42,0.35267590009607375,0.015947,382.144512,val_clean,0.4189072183971964,0.2560832945221813,0.4651310170556454,0.47
2026-09-12,polygarbor_aug,few2,42,/home/ralph/projects/ufsc/viscomp/colorectal_histology_classification/comparison/runs/2026-09-12/few2__polygarbor_aug__seed42,0.35267590009607375,0.015947,382.144512,test_clean,0.44011831623620246,0.0,0.49586305653562374,0.48
2026-09-12,polygarbor_aug,few2,43,/home/ralph/projects/ufsc/viscomp/colorectal_histology_classification/comparison/runs/2026-09-12/few2__polygarbor_aug__seed43,0.3658387379255146,0.015941,381.927424,train,1.0,1.0,1.0,1.0
2026-09-12,polygarbor_aug,few2,43,/home/ralph/projects/ufsc/viscomp/colorectal_histology_classification/comparison/runs/2026-09-12/few2__polygarbor_aug__seed43,0.3658387379255146,0.015941,381.927424,val_clean,0.38622896745838486,0.0,0.43389822859613036,0.436
2026-09-12,polygarbor_aug,few2,43,/home/ralph/projects/ufsc/viscomp/colorectal_histology_classification/comparison/runs/2026-09-12/few2__polygarbor_aug__seed43,0.3658387379255146,0.015941,381.927424,test_clean,0.39219920329034363,0.0,0.44260103516469673,0.426
2026-09-12,resnet18,few2,42,/home/ralph/projects/ufsc/viscomp/colorectal_histology_classification/comparison/runs/2026-09-12/few2__resnet18__seed42,21.24393314588815,45.011183,2362.585088,train,0.027777777777777776,0.0,0.125,0.125
2026-09-12,resnet18,few2,42,/home/ralph/projects/ufsc/viscomp/colorectal_histology_classification/comparison/runs/2026-09-12/few2__resnet18__seed42,21.24393314588815,45.011183,2362.585088,val_clean,0.02797513321492007,0.0,0.125,0.126
2026-09-12,resnet18,few2,42,/home/ralph/projects/ufsc/viscomp/colorectal_histology_classification/comparison/runs/2026-09-12/few2__resnet18__seed42,21.24393314588815,45.011183,2362.585088,test_clean,0.02797513321492007,0.0,0.125,0.126
2026-09-12,resnet18,few2,43,/home/ralph/projects/ufsc/viscomp/colorectal_histology_classification/comparison/runs/2026-09-12/few2__resnet18__seed43,24.718231257167645,45.011183,2368.610304,train,0.1,0.0,0.125,0.125
2026-09-12,resnet18,few2,43,/home/ralph/projects/ufsc/viscomp/colorectal_histology_classification/comparison/runs/2026-09-12/few2__resnet18__seed43,24.718231257167645,45.011183,2368.610304,val_clean,0.1511513500863671,0.0,0.20075965168676166,0.194
2026-09-12,resnet18,few2,43,/home/ralph/projects/ufsc/viscomp/colorectal_histology_classification/comparison/runs/2026-09-12/few2__resnet18__seed43,24.718231257167645,45.011183,2368.610304,test_clean,0.11631691554886243,0.0,0.15631497623925192,0.158
2026-09-12,resnet18_imagenet,few2,42,/home/ralph/projects/ufsc/viscomp/colorectal_histology_classification/comparison/runs/2026-09-12/few2__resnet18_imagenet__seed42,21.1658916589804,45.011688,2735.271936,train,0.6130952380952381,0.0,0.6875,0.6875
2026-09-12,resnet18_imagenet,few2,42,/home/ralph/projects/ufsc/viscomp/colorectal_histology_classification/comparison/runs/2026-09-12/few2__resnet18_imagenet__seed42,21.1658916589804,45.011688,2735.271936,val_clean,0.3466935941268052,0.0,0.41420669446697417,0.404
2026-09-12,resnet18_imagenet,few2,42,/home/ralph/projects/ufsc/viscomp/colorectal_histology_classification/comparison/runs/2026-09-12/few2__resnet18_imagenet__seed42,21.1658916589804,45.011688,2735.271936,test_clean,0.35769378111820943,0.0,0.4125235886142081,0.406
2026-09-12,resnet18_imagenet,few2,43,/home/ralph/projects/ufsc/viscomp/colorectal_histology_classification/comparison/runs/2026-09-12/few2__resnet18_imagenet__seed43,24.076559580978937,45.011688,2721.083392,train,0.5037878787878788,0.0,0.5625,0.5625
2026-09-12,resnet18_imagenet,few2,43,/home/ralph/projects/ufsc/viscomp/colorectal_histology_classification/comparison/runs/2026-09-12/few2__resnet18_imagenet__seed43,24.076559580978937,45.011688,2721.083392,val_clean,0.34329690938327084,0.0,0.3897854205215893,0.412
2026-09-12,resnet18_imagenet,few2,43,/home/ralph/projects/ufsc/viscomp/colorectal_histology_classification/comparison/runs/2026-09-12/few2__resnet18_imagenet__seed43,24.076559580978937,45.011688,2721.083392,test_clean,0.34565189759644177,0.0,0.414150063959879,0.39
2026-09-12,yolo11n,few2,42,/home/ralph/projects/ufsc/viscomp/colorectal_histology_classification/comparison/runs/2026-09-12/few2__yolo11n__seed42,37.54832062008791,3.204328,2618.052608,train,1.0,1.0,1.0,1.0
2026-09-12,yolo11n,few2,42,/home/ralph/projects/ufsc/viscomp/colorectal_histology_classification/comparison/runs/2026-09-12/few2__yolo11n__seed42,37.54832062008791,3.204328,2618.052608,val_clean,0.5792588835214587,0.49859759266458936,0.6007746611724215,0.62
2026-09-12,yolo11n,few2,42,/home/ralph/projects/ufsc/viscomp/colorectal_histology_classification/comparison/runs/2026-09-12/few2__yolo11n__seed42,37.54832062008791,3.204328,2618.052608,test_clean,0.6202125169869306,0.5497239568544452,0.6494099221164028,0.636
2026-09-12,yolo11n,few2,43,/home/ralph/projects/ufsc/viscomp/colorectal_histology_classification/comparison/runs/2026-09-12/few2__yolo11n__seed43,68.35715009993874,3.206696,2608.656384,train,1.0,1.0,1.0,1.0
2026-09-12,yolo11n,few2,43,/home/ralph/projects/ufsc/viscomp/colorectal_histology_classification/comparison/runs/2026-09-12/few2__yolo11n__seed43,68.35715009993874,3.206696,2608.656384,val_clean,0.7112419803352035,0.6885022532186376,0.7216593160232118,0.718
2026-09-12,yolo11n,few2,43,/home/ralph/projects/ufsc/viscomp/colorectal_histology_classification/comparison/runs/2026-09-12/few2__yolo11n__seed43,68.35715009993874,3.206696,2608.656384,test_clean,0.7043442838706372,0.6715424590461517,0.708989725880149,0.698
2026-09-12,yolo11n_random,few2,42,/home/ralph/projects/ufsc/viscomp/colorectal_histology_classification/comparison/runs/2026-09-12/few2__yolo11n_random__seed42,13.182892672950402,3.202602,2565.59104,train,0.027777777777777776,0.0,0.125,0.125
2026-09-12,yolo11n_random,few2,42,/home/ralph/projects/ufsc/viscomp/colorectal_histology_classification/comparison/runs/2026-09-12/few2__yolo11n_random__seed42,13.182892672950402,3.202602,2565.59104,val_clean,0.03031634446397188,0.0,0.125,0.138
2026-09-12,yolo11n_random,few2,42,/home/ralph/projects/ufsc/viscomp/colorectal_histology_classification/comparison/runs/2026-09-12/few2__yolo11n_random__seed42,13.182892672950402,3.202602,2565.59104,test_clean,0.02992957746478873,0.0,0.125,0.136
2026-09-12,yolo11n_random,few2,43,/home/ralph/projects/ufsc/viscomp/colorectal_histology_classification/comparison/runs/2026-09-12/few2__yolo11n_random__seed43,18.683603159035556,3.203114,2583.810048,train,0.027777777777777776,0.0,0.125,0.125
2026-09-12,yolo11n_random,few2,43,/home/ralph/projects/ufsc/viscomp/colorectal_histology_classification/comparison/runs/2026-09-12/few2__yolo11n_random__seed43,18.683603159035556,3.203114,2583.810048,val_clean,0.02797513321492007,0.0,0.125,0.126
2026-09-12,yolo11n_random,few2,43,/home/ralph/projects/ufsc/viscomp/colorectal_histology_classification/comparison/runs/2026-09-12/few2__yolo11n_random__seed43,18.683603159035556,3.203114,2583.810048,test_clean,0.02797513321492007,0.0,0.125,0.126
2026-09-12,polygarbor,few50,42,/home/ralph/projects/ufsc/viscomp/colorectal_histology_classification/comparison/runs/2026-09-12/few50__polygarbor__seed42,2.3273612500634044,0.094082,452.68992,train,1.0,1.0,1.0,1.0
2026-09-12,polygarbor,few50,42,/home/ralph/projects/ufsc/viscomp/colorectal_histology_classification/comparison/runs/2026-09-12/few50__polygarbor__seed42,2.3273612500634044,0.094082,452.68992,val_clean,0.7134573303854046,0.6935571724643359,0.7350869283006995,0.724
2026-09-12,polygarbor,few50,42,/home/ralph/projects/ufsc/viscomp/colorectal_histology_classification/comparison/runs/2026-09-12/few50__polygarbor__seed42,2.3273612500634044,0.094082,452.68992,test_clean,0.6675760904616215,0.6186633964471401,0.6900805312306746,0.686
2026-09-12,polygarbor,few50,43,/home/ralph/projects/ufsc/viscomp/colorectal_histology_classification/comparison/runs/2026-09-12/few50__polygarbor__seed43,2.411365265958011,0.093938,448.131072,train,1.0,1.0,1.0,1.0
2026-09-12,polygarbor,few50,43,/home/ralph/projects/ufsc/viscomp/colorectal_histology_classification/comparison/runs/2026-09-12/few50__polygarbor__seed43,2.411365265958011,0.093938,448.131072,val_clean,0.6932851035268399,0.6609184346076443,0.7013051669699909,0.704
2026-09-12,polygarbor,few50,43,/home/ralph/projects/ufsc/viscomp/colorectal_histology_classification/comparison/runs/2026-09-12/few50__polygarbor__seed43,2.411365265958011,0.093938,448.131072,test_clean,0.6780423910551538,0.6399980655506603,0.6881640761875668,0.684
2026-09-12,polygarbor_aug,few50,42,/home/ralph/projects/ufsc/viscomp/colorectal_histology_classification/comparison/runs/2026-09-12/few50__polygarbor_aug__seed42,7.3028722539311275,0.372906,454.119424,train,0.9749239359296176,0.974482391936308,0.975,0.975
2026-09-12,polygarbor_aug,few50,42,/home/ralph/projects/ufsc/viscomp/colorectal_histology_classification/comparison/runs/2026-09-12/few50__polygarbor_aug__seed42,7.3028722539311275,0.372906,454.119424,val_clean,0.7150208728676994,0.6875973009749443,0.7388769892158205,0.728
2026-09-12,polygarbor_aug,few50,42,/home/ralph/projects/ufsc/viscomp/colorectal_histology_classification/comparison/runs/2026-09-12/few50__polygarbor_aug__seed42,7.3028722539311275,0.372906,454.119424,test_clean,0.6832529396348581,0.6221977596861944,0.7108532851396386,0.704
2026-09-12,polygarbor_aug,few50,43,/home/ralph/projects/ufsc/viscomp/colorectal_histology_classification/comparison/runs/2026-09-12/few50__polygarbor_aug__seed43,7.270661036018282,0.372379,453.050368,train,0.995,0.9949620563926881,0.995,0.995
2026-09-12,polygarbor_aug,few50,43,/home/ralph/projects/ufsc/viscomp/colorectal_histology_classification/comparison/runs/2026-09-12/few50__polygarbor_aug__seed43,7.270661036018282,0.372379,453.050368,val_clean,0.7343110443540515,0.7125232484963926,0.7469479732398117,0.742
2026-09-12,polygarbor_aug,few50,43,/home/ralph/projects/ufsc/viscomp/colorectal_histology_classification/comparison/runs/2026-09-12/few50__polygarbor_aug__seed43,7.270661036018282,0.372379,453.050368,test_clean,0.7133624650828864,0.6810119275857737,0.7255338251475996,0.72
2026-09-12,resnet18,few50,42,/home/ralph/projects/ufsc/viscomp/colorectal_histology_classification/comparison/runs/2026-09-12/few50__resnet18__seed42,36.554166022804566,45.011183,2568.720384,train,0.3004521979007374,0.0,0.365,0.365
2026-09-12,resnet18,few50,42,/home/ralph/projects/ufsc/viscomp/colorectal_histology_classification/comparison/runs/2026-09-12/few50__resnet18__seed42,36.554166022804566,45.011183,2568.720384,val_clean,0.31389620254056877,0.0,0.3831178672958603,0.394
2026-09-12,resnet18,few50,42,/home/ralph/projects/ufsc/viscomp/colorectal_histology_classification/comparison/runs/2026-09-12/few50__resnet18__seed42,36.554166022804566,45.011183,2568.720384,test_clean,0.2827617326435811,0.0,0.3499286057435679,0.334
2026-09-12,resnet18,few50,43,/home/ralph/projects/ufsc/viscomp/colorectal_histology_classification/comparison/runs/2026-09-12/few50__resnet18__seed43,65.06651176908053,45.011183,2580.369408,train,0.9625010714295061,0.9617482770579902,0.9624999999999999,0.9625
2026-09-12,resnet18,few50,43,/home/ralph/projects/ufsc/viscomp/colorectal_histology_classification/comparison/runs/2026-09-12/few50__resnet18__seed43,65.06651176908053,45.011183,2580.369408,val_clean,0.854353814836912,0.8496862180081132,0.8542744308093462,0.852
2026-09-12,resnet18,few50,43,/home/ralph/projects/ufsc/viscomp/colorectal_histology_classification/comparison/runs/2026-09-12/few50__resnet18__seed43,65.06651176908053,45.011183,2580.369408,test_clean,0.8529394754831139,0.8483154178366221,0.8549706680759906,0.852
2026-09-12,resnet18_imagenet,few50,42,/home/ralph/projects/ufsc/viscomp/colorectal_histology_classification/comparison/runs/2026-09-12/few50__resnet18_imagenet__seed42,51.74256750999484,45.011688,2942.595072,train,1.0,1.0,1.0,1.0
2026-09-12,resnet18_imagenet,few50,42,/home/ralph/projects/ufsc/viscomp/colorectal_histology_classification/comparison/runs/2026-09-12/few50__resnet18_imagenet__seed42,51.74256750999484,45.011688,2942.595072,val_clean,0.9005769816076206,0.8995633173200545,0.9011763205870567,0.898
2026-09-12,resnet18_imagenet,few50,42,/home/ralph/projects/ufsc/viscomp/colorectal_histology_classification/comparison/runs/2026-09-12/few50__resnet18_imagenet__seed42,51.74256750999484,45.011688,2942.595072,test_clean,0.8983426546712909,0.8939282875304924,0.8972920053318457,0.896
2026-09-12,resnet18_imagenet,few50,43,/home/ralph/projects/ufsc/viscomp/colorectal_histology_classification/comparison/runs/2026-09-12/few50__resnet18_imagenet__seed43,55.12316901097074,45.011688,2957.381632,train,0.9974997499749976,0.9974778475699037,0.9975,0.9975
2026-09-12,resnet18_imagenet,few50,43,/home/ralph/projects/ufsc/viscomp/colorectal_histology_classification/comparison/runs/2026-09-12/few50__resnet18_imagenet__seed43,55.12316901097074,45.011688,2957.381632,val_clean,0.9118561995315313,0.9056590490967563,0.9075126349726362,0.906
2026-09-12,resnet18_imagenet,few50,43,/home/ralph/projects/ufsc/viscomp/colorectal_histology_classification/comparison/runs/2026-09-12/few50__resnet18_imagenet__seed43,55.12316901097074,45.011688,2957.381632,test_clean,0.8962984647749961,0.8913639791063848,0.895359891165314,0.892
2026-09-12,yolo11n,few50,42,/home/ralph/projects/ufsc/viscomp/colorectal_histology_classification/comparison/runs/2026-09-12/few50__yolo11n__seed42,44.07174990605563,3.20324,2722.861056,train,0.9674678995421634,0.9669744029279669,0.9675,0.9675
2026-09-12,yolo11n,few50,42,/home/ralph/projects/ufsc/viscomp/colorectal_histology_classification/comparison/runs/2026-09-12/few50__yolo11n__seed42,44.07174990605563,3.20324,2722.861056,val_clean,0.8903138962410169,0.888906909655597,0.8917258504937273,0.89
2026-09-12,yolo11n,few50,42,/home/ralph/projects/ufsc/viscomp/colorectal_histology_classification/comparison/runs/2026-09-12/few50__yolo11n__seed42,44.07174990605563,3.20324,2722.861056,test_clean,0.880027731424098,0.8738875985861494,0.8838685936684461,0.88
2026-09-12,yolo11n,few50,43,/home/ralph/projects/ufsc/viscomp/colorectal_histology_classification/comparison/runs/2026-09-12/few50__yolo11n__seed43,40.1224154678639,3.20324,2689.37216,train,0.9647313695437205,0.9641047786807719,0.965,0.965
2026-09-12,yolo11n,few50,43,/home/ralph/projects/ufsc/viscomp/colorectal_histology_classification/comparison/runs/2026-09-12/few50__yolo11n__seed43,40.1224154678639,3.20324,2689.37216,val_clean,0.9042512484138634,0.900167925435736,0.905490003511584,0.9
2026-09-12,yolo11n,few50,43,/home/ralph/projects/ufsc/viscomp/colorectal_histology_classification/comparison/runs/2026-09-12/few50__yolo11n__seed43,40.1224154678639,3.20324,2689.37216,test_clean,0.8954931394290606,0.8903171658826136,0.8964743930028083,0.894
2026-09-12,yolo11n_random,few50,42,/home/ralph/projects/ufsc/viscomp/colorectal_histology_classification/comparison/runs/2026-09-12/few50__yolo11n_random__seed42,61.22385010600556,3.204266,2731.70432,train,0.8147337405264311,0.802639265190038,0.8200000000000001,0.82
2026-09-12,yolo11n_random,few50,42,/home/ralph/projects/ufsc/viscomp/colorectal_histology_classification/comparison/runs/2026-09-12/few50__yolo11n_random__seed42,61.22385010600556,3.204266,2731.70432,val_clean,0.7959329023682373,0.7868935178077866,0.8031021770420754,0.796
2026-09-12,yolo11n_random,few50,42,/home/ralph/projects/ufsc/viscomp/colorectal_histology_classification/comparison/runs/2026-09-12/few50__yolo11n_random__seed42,61.22385010600556,3.204266,2731.70432,test_clean,0.7710160557784609,0.7518871671212096,0.7769258521911532,0.774
2026-09-12,yolo11n_random,few50,43,/home/ralph/projects/ufsc/viscomp/colorectal_histology_classification/comparison/runs/2026-09-12/few50__yolo11n_random__seed43,64.62173626793083,3.204458,2721.660928,train,0.7979750007747063,0.7903185309184827,0.7975,0.7975
2026-09-12,yolo11n_random,few50,43,/home/ralph/projects/ufsc/viscomp/colorectal_histology_classification/comparison/runs/2026-09-12/few50__yolo11n_random__seed43,64.62173626793083,3.204458,2721.660928,val_clean,0.776436346584763,0.7643075783766655,0.769978895901271,0.772
2026-09-12,yolo11n_random,few50,43,/home/ralph/projects/ufsc/viscomp/colorectal_histology_classification/comparison/runs/2026-09-12/few50__yolo11n_random__seed43,64.62173626793083,3.204458,2721.660928,test_clean,0.747827496791338,0.7321016241154493,0.7446144996901345,0.742
2026-09-12,polygarbor,few5,42,/home/ralph/projects/ufsc/viscomp/colorectal_histology_classification/comparison/runs/2026-09-12/few5__polygarbor__seed42,0.3044990081107244,0.010402,384.147456,train,1.0,1.0,1.0,1.0
2026-09-12,polygarbor,few5,42,/home/ralph/projects/ufsc/viscomp/colorectal_histology_classification/comparison/runs/2026-09-12/few5__polygarbor__seed42,0.3044990081107244,0.010402,384.147456,val_clean,0.39996520763292104,0.0,0.4648370425748711,0.464
2026-09-12,polygarbor,few5,42,/home/ralph/projects/ufsc/viscomp/colorectal_histology_classification/comparison/runs/2026-09-12/few5__polygarbor__seed42,0.3044990081107244,0.010402,384.147456,test_clean,0.43141142055713344,0.0,0.5002856191675445,0.486
2026-09-12,polygarbor,few5,43,/home/ralph/projects/ufsc/viscomp/colorectal_histology_classification/comparison/runs/2026-09-12/few5__polygarbor__seed43,0.31113625795114785,0.010382,383.901696,train,1.0,1.0,1.0,1.0
2026-09-12,polygarbor,few5,43,/home/ralph/projects/ufsc/viscomp/colorectal_histology_classification/comparison/runs/2026-09-12/few5__polygarbor__seed43,0.31113625795114785,0.010382,383.901696,val_clean,0.4061344880432775,0.0,0.47766241397269793,0.484
2026-09-12,polygarbor,few5,43,/home/ralph/projects/ufsc/viscomp/colorectal_histology_classification/comparison/runs/2026-09-12/few5__polygarbor__seed43,0.31113625795114785,0.010382,383.901696,test_clean,0.40368778265879807,0.0,0.4654178142015229,0.452
2026-09-12,polygarbor_aug,few5,42,/home/ralph/projects/ufsc/viscomp/colorectal_histology_classification/comparison/runs/2026-09-12/few5__polygarbor_aug__seed42,0.7715659779496491,0.038281,387.039232,train,1.0,1.0,1.0,1.0
2026-09-12,polygarbor_aug,few5,42,/home/ralph/projects/ufsc/viscomp/colorectal_histology_classification/comparison/runs/2026-09-12/few5__polygarbor_aug__seed42,0.7715659779496491,0.038281,387.039232,val_clean,0.5062776966812161,0.0,0.5438343880534822,0.54
2026-09-12,polygarbor_aug,few5,42,/home/ralph/projects/ufsc/viscomp/colorectal_histology_classification/comparison/runs/2026-09-12/few5__polygarbor_aug__seed42,0.7715659779496491,0.038281,387.039232,test_clean,0.5116674946999014,0.0,0.545496697474731,0.536
2026-09-12,polygarbor_aug,few5,43,/home/ralph/projects/ufsc/viscomp/colorectal_histology_classification/comparison/runs/2026-09-12/few5__polygarbor_aug__seed43,0.8153564820531756,0.038181,386.994176,train,1.0,1.0,1.0,1.0
2026-09-12,polygarbor_aug,few5,43,/home/ralph/projects/ufsc/viscomp/colorectal_histology_classification/comparison/runs/2026-09-12/few5__polygarbor_aug__seed43,0.8153564820531756,0.038181,386.994176,val_clean,0.4615358598117625,0.0,0.5202958991949149,0.526
2026-09-12,polygarbor_aug,few5,43,/home/ralph/projects/ufsc/viscomp/colorectal_histology_classification/comparison/runs/2026-09-12/few5__polygarbor_aug__seed43,0.8153564820531756,0.038181,386.994176,test_clean,0.45303416834028964,0.0,0.5082217103960027,0.494
2026-09-12,resnet18,few5,42,/home/ralph/projects/ufsc/viscomp/colorectal_histology_classification/comparison/runs/2026-09-12/few5__resnet18__seed42,42.00254352716729,45.011183,2408.742912,train,0.29505997474747475,0.0,0.375,0.375
2026-09-12,resnet18,few5,42,/home/ralph/projects/ufsc/viscomp/colorectal_histology_classification/comparison/runs/2026-09-12/few5__resnet18__seed42,42.00254352716729,45.011183,2408.742912,val_clean,0.26458154539828904,0.0,0.3496145247659997,0.348
2026-09-12,resnet18,few5,42,/home/ralph/projects/ufsc/viscomp/colorectal_histology_classification/comparison/runs/2026-09-12/few5__resnet18__seed42,42.00254352716729,45.011183,2408.742912,test_clean,0.2543876560668053,0.0,0.33334317223767296,0.328
2026-09-12,resnet18,few5,43,/home/ralph/projects/ufsc/viscomp/colorectal_histology_classification/comparison/runs/2026-09-12/few5__resnet18__seed43,29.943461230956018,45.011183,2395.045888,train,0.027777777777777776,0.0,0.125,0.125
2026-09-12,resnet18,few5,43,/home/ralph/projects/ufsc/viscomp/colorectal_histology_classification/comparison/runs/2026-09-12/few5__resnet18__seed43,29.943461230956018,45.011183,2395.045888,val_clean,0.03031634446397188,0.0,0.125,0.138
2026-09-12,resnet18,few5,43,/home/ralph/projects/ufsc/viscomp/colorectal_histology_classification/comparison/runs/2026-09-12/few5__resnet18__seed43,29.943461230956018,45.011183,2395.045888,test_clean,0.025985663082437275,0.0,0.125,0.116
2026-09-12,resnet18_imagenet,few5,42,/home/ralph/projects/ufsc/viscomp/colorectal_histology_classification/comparison/runs/2026-09-12/few5__resnet18_imagenet__seed42,27.00591575517319,45.011688,2750.881792,train,0.32001601694696324,0.0,0.4,0.4
2026-09-12,resnet18_imagenet,few5,42,/home/ralph/projects/ufsc/viscomp/colorectal_histology_classification/comparison/runs/2026-09-12/few5__resnet18_imagenet__seed42,27.00591575517319,45.011688,2750.881792,val_clean,0.33370928165578745,0.0,0.42431933571718067,0.442
2026-09-12,resnet18_imagenet,few5,42,/home/ralph/projects/ufsc/viscomp/colorectal_histology_classification/comparison/runs/2026-09-12/few5__resnet18_imagenet__seed42,27.00591575517319,45.011688,2750.881792,test_clean,0.32366732176547686,0.0,0.4148092933483133,0.396
2026-09-12,resnet18_imagenet,few5,43,/home/ralph/projects/ufsc/viscomp/colorectal_histology_classification/comparison/runs/2026-09-12/few5__resnet18_imagenet__seed43,52.16372828290332,45.011688,2754.535424,train,1.0,1.0,1.0,1.0
2026-09-12,resnet18_imagenet,few5,43,/home/ralph/projects/ufsc/viscomp/colorectal_histology_classification/comparison/runs/2026-09-12/few5__resnet18_imagenet__seed43,52.16372828290332,45.011688,2754.535424,val_clean,0.636578735880027,0.5758190187026515,0.6252566290116202,0.634
2026-09-12,resnet18_imagenet,few5,43,/home/ralph/projects/ufsc/viscomp/colorectal_histology_classification/comparison/runs/2026-09-12/few5__resnet18_imagenet__seed43,52.16372828290332,45.011688,2754.535424,test_clean,0.6243295675572464,0.5798928377886468,0.6146044583432521,0.602
2026-09-12,yolo11n,few5,42,/home/ralph/projects/ufsc/viscomp/colorectal_histology_classification/comparison/runs/2026-09-12/few5__yolo11n__seed42,41.41171105403919,3.204328,2618.216448,train,1.0,1.0,1.0,1.0
2026-09-12,yolo11n,few5,42,/home/ralph/projects/ufsc/viscomp/colorectal_histology_classification/comparison/runs/2026-09-12/few5__yolo11n__seed42,41.41171105403919,3.204328,2618.216448,val_clean,0.7492845977700713,0.7265287686784594,0.7510119429061283,0.764
2026-09-12,yolo11n,few5,42,/home/ralph/projects/ufsc/viscomp/colorectal_histology_classification/comparison/runs/2026-09-12/few5__yolo11n__seed42,41.41171105403919,3.204328,2618.216448,test_clean,0.7415490293968745,0.7264987706092277,0.75155905284755,0.74
2026-09-12,yolo11n,few5,43,/home/ralph/projects/ufsc/viscomp/colorectal_histology_classification/comparison/runs/2026-09-12/few5__yolo11n__seed43,36.23533140809741,3.204008,2629.271552,train,0.9747474747474747,0.9724924724660731,0.975,0.975
2026-09-12,yolo11n,few5,43,/home/ralph/projects/ufsc/viscomp/colorectal_histology_classification/comparison/runs/2026-09-12/few5__yolo11n__seed43,36.23533140809741,3.204008,2629.271552,val_clean,0.7678776104191782,0.7514981815232407,0.760221857317656,0.766
2026-09-12,yolo11n,few5,43,/home/ralph/projects/ufsc/viscomp/colorectal_histology_classification/comparison/runs/2026-09-12/few5__yolo11n__seed43,36.23533140809741,3.204008,2629.271552,test_clean,0.7719104616718921,0.7599742315632846,0.7728391205705054,0.766
2026-09-12,yolo11n_random,few5,42,/home/ralph/projects/ufsc/viscomp/colorectal_histology_classification/comparison/runs/2026-09-12/few5__yolo11n_random__seed42,13.611762436106801,3.202602,2601.668608,train,0.027777777777777776,0.0,0.125,0.125
2026-09-12,yolo11n_random,few5,42,/home/ralph/projects/ufsc/viscomp/colorectal_histology_classification/comparison/runs/2026-09-12/few5__yolo11n_random__seed42,13.611762436106801,3.202602,2601.668608,val_clean,0.03031634446397188,0.0,0.125,0.138
2026-09-12,yolo11n_random,few5,42,/home/ralph/projects/ufsc/viscomp/colorectal_histology_classification/comparison/runs/2026-09-12/few5__yolo11n_random__seed42,13.611762436106801,3.202602,2601.668608,test_clean,0.02992957746478873,0.0,0.125,0.136
2026-09-12,yolo11n_random,few5,43,/home/ralph/projects/ufsc/viscomp/colorectal_histology_classification/comparison/runs/2026-09-12/few5__yolo11n_random__seed43,42.30691973911598,3.205034,2582.765568,train,0.407129329004329,0.0,0.525,0.525
2026-09-12,yolo11n_random,few5,43,/home/ralph/projects/ufsc/viscomp/colorectal_histology_classification/comparison/runs/2026-09-12/few5__yolo11n_random__seed43,42.30691973911598,3.205034,2582.765568,val_clean,0.3061816034618726,0.0,0.39650691828168666,0.408
2026-09-12,yolo11n_random,few5,43,/home/ralph/projects/ufsc/viscomp/colorectal_histology_classification/comparison/runs/2026-09-12/few5__yolo11n_random__seed43,42.30691973911598,3.205034,2582.765568,test_clean,0.32416452079664004,0.0,0.4168300683629087,0.42
2026-09-12,polygarbor,full,42,/home/ralph/projects/ufsc/viscomp/colorectal_histology_classification/comparison/runs/2026-09-12/full__polygarbor__seed42,21.188544355798513,0.650821,1240.313856,train,0.8663231630603132,0.8601403835594466,0.868008400616807,0.869
2026-09-12,polygarbor,full,42,/home/ralph/projects/ufsc/viscomp/colorectal_histology_classification/comparison/runs/2026-09-12/full__polygarbor__seed42,21.188544355798513,0.650821,1240.313856,val_clean,0.8262433072485768,0.8209444613859517,0.8352655006510654,0.828
2026-09-12,polygarbor,full,42,/home/ralph/projects/ufsc/viscomp/colorectal_histology_classification/comparison/runs/2026-09-12/full__polygarbor__seed42,21.188544355798513,0.650821,1240.313856,test_clean,0.7802214916655392,0.7623790057575974,0.7886605158403345,0.786
2026-09-12,polygarbor,full,42,/home/ralph/projects/ufsc/viscomp/colorectal_histology_classification/comparison/runs/2026-09-12/full__polygarbor__seed42,21.188544355798513,0.650821,1240.313856,test_blur,0.41386142888648214,0.0,0.4839403079845888,0.474
2026-09-12,polygarbor,full,42,/home/ralph/projects/ufsc/viscomp/colorectal_histology_classification/comparison/runs/2026-09-12/full__polygarbor__seed42,21.188544355798513,0.650821,1240.313856,test_noise,0.44048664422613193,0.0,0.5493146388811685,0.55
2026-09-12,polygarbor,full,42,/home/ralph/projects/ufsc/viscomp/colorectal_histology_classification/comparison/runs/2026-09-12/full__polygarbor__seed42,21.188544355798513,0.650821,1240.313856,test_brightness,0.3441188572446799,0.0,0.4430659924803684,0.442
2026-09-12,polygarbor,full,42,/home/ralph/projects/ufsc/viscomp/colorectal_histology_classification/comparison/runs/2026-09-12/full__polygarbor__seed42,21.188544355798513,0.650821,1240.313856,test_color,0.3353958541038912,0.0,0.41204585711450475,0.424
2026-09-12,polygarbor,full,42,/home/ralph/projects/ufsc/viscomp/colorectal_histology_classification/comparison/runs/2026-09-12/full__polygarbor__seed42,21.188544355798513,0.650821,1240.313856,test_jpeg,0.6990697534615608,0.6731333264396041,0.7169700453288893,0.714
2026-09-12,polygarbor,full,42,/home/ralph/projects/ufsc/viscomp/colorectal_histology_classification/comparison/runs/2026-09-12/full__polygarbor__seed42,21.188544355798513,0.650821,1240.313856,test_resolution,0.4133594567547206,0.0,0.4830972867822839,0.472
2026-09-12,polygarbor,full,42,/home/ralph/projects/ufsc/viscomp/colorectal_histology_classification/comparison/runs/2026-09-12/full__polygarbor__seed42,21.188544355798513,0.650821,1240.313856,test_occlusion,0.26259519653383034,0.0,0.38955635829239155,0.386
2026-09-12,polygarbor,full,42,/home/ralph/projects/ufsc/viscomp/colorectal_histology_classification/comparison/runs/2026-09-12/full__polygarbor__seed42,21.188544355798513,0.650821,1240.313856,test_rotation,0.6272147051568788,0.5700951130508713,0.6509639532557878,0.644
2026-09-12,polygarbor,full,43,/home/ralph/projects/ufsc/viscomp/colorectal_histology_classification/comparison/runs/2026-09-12/full__polygarbor__seed43,19.95209352299571,0.650708,1223.61856,train,0.8776096101312582,0.8719332347324369,0.8791947480301212,0.88025
2026-09-12,polygarbor,full,43,/home/ralph/projects/ufsc/viscomp/colorectal_histology_classification/comparison/runs/2026-09-12/full__polygarbor__seed43,19.95209352299571,0.650708,1223.61856,val_clean,0.8268782053192651,0.8209745402141966,0.837186065892344,0.83
2026-09-12,polygarbor,full,43,/home/ralph/projects/ufsc/viscomp/colorectal_histology_classification/comparison/runs/2026-09-12/full__polygarbor__seed43,19.95209352299571,0.650708,1223.61856,test_clean,0.805394756854946,0.7923421495822015,0.8122542418676053,0.808
2026-09-12,polygarbor,full,43,/home/ralph/projects/ufsc/viscomp/colorectal_histology_classification/comparison/runs/2026-09-12/full__polygarbor__seed43,19.95209352299571,0.650708,1223.61856,test_blur,0.47191625247914204,0.0,0.5256948958862027,0.516
2026-09-12,polygarbor,full,43,/home/ralph/projects/ufsc/viscomp/colorectal_histology_classification/comparison/runs/2026-09-12/full__polygarbor__seed43,19.95209352299571,0.650708,1223.61856,test_noise,0.4332908305366308,0.0,0.5428961615435963,0.542
2026-09-12,polygarbor,full,43,/home/ralph/projects/ufsc/viscomp/colorectal_histology_classification/comparison/runs/2026-09-12/full__polygarbor__seed43,19.95209352299571,0.650708,1223.61856,test_brightness,0.3609694898363398,0.0,0.4508269169601367,0.45
2026-09-12,polygarbor,full,43,/home/ralph/projects/ufsc/viscomp/colorectal_histology_classification/comparison/runs/2026-09-12/full__polygarbor__seed43,19.95209352299571,0.650708,1223.61856,test_color,0.31957130609876605,0.0,0.40103552899611505,0.412
2026-09-12,polygarbor,full,43,/home/ralph/projects/ufsc/viscomp/colorectal_histology_classification/comparison/runs/2026-09-12/full__polygarbor__seed43,19.95209352299571,0.650708,1223.61856,test_jpeg,0.735053098218812,0.7119805016674066,0.7501438843795876,0.746
2026-09-12,polygarbor,full,43,/home/ralph/projects/ufsc/viscomp/colorectal_histology_classification/comparison/runs/2026-09-12/full__polygarbor__seed43,19.95209352299571,0.650708,1223.61856,test_resolution,0.4447876623863466,0.0,0.5061648656548616,0.496
2026-09-12,polygarbor,full,43,/home/ralph/projects/ufsc/viscomp/colorectal_histology_classification/comparison/runs/2026-09-12/full__polygarbor__seed43,19.95209352299571,0.650708,1223.61856,test_occlusion,0.3705946513848453,0.0,0.46528002882430974,0.456
2026-09-12,polygarbor,full,43,/home/ralph/projects/ufsc/viscomp/colorectal_histology_classification/comparison/runs/2026-09-12/full__polygarbor__seed43,19.95209352299571,0.650708,1223.61856,test_rotation,0.6397438486427518,0.596620343525756,0.659139182946223,0.65
2026-09-12,polygarbor_aug,full,42,/home/ralph/projects/ufsc/viscomp/colorectal_histology_classification/comparison/runs/2026-09-12/full__polygarbor_aug__seed42,87.29511720407754,0.650628,1263.095808,train,0.8417816134258918,0.8324096331703027,0.8439481402566397,0.84525
2026-09-12,polygarbor_aug,full,42,/home/ralph/projects/ufsc/viscomp/colorectal_histology_classification/comparison/runs/2026-09-12/full__polygarbor_aug__seed42,87.29511720407754,0.650628,1263.095808,val_clean,0.8124348835594994,0.8040567153646904,0.8223447351514144,0.814
2026-09-12,polygarbor_aug,full,42,/home/ralph/projects/ufsc/viscomp/colorectal_histology_classification/comparison/runs/2026-09-12/full__polygarbor_aug__seed42,87.29511720407754,0.650628,1263.095808,test_clean,0.8014379358295276,0.7884210386468858,0.8069732594181283,0.802
2026-09-12,polygarbor_aug,full,42,/home/ralph/projects/ufsc/viscomp/colorectal_histology_classification/comparison/runs/2026-09-12/full__polygarbor_aug__seed42,87.29511720407754,0.650628,1263.095808,test_blur,0.4911529266475041,0.0,0.53961061142615,0.528
2026-09-12,polygarbor_aug,full,42,/home/ralph/projects/ufsc/viscomp/colorectal_histology_classification/comparison/runs/2026-09-12/full__polygarbor_aug__seed42,87.29511720407754,0.650628,1263.095808,test_noise,0.4439792801896588,0.0,0.5449135877319569,0.544
2026-09-12,polygarbor_aug,full,42,/home/ralph/projects/ufsc/viscomp/colorectal_histology_classification/comparison/runs/2026-09-12/full__polygarbor_aug__seed42,87.29511720407754,0.650628,1263.095808,test_brightness,0.5292454269381771,0.0,0.587235942834974,0.576
2026-09-12,polygarbor_aug,full,42,/home/ralph/projects/ufsc/viscomp/colorectal_histology_classification/comparison/runs/2026-09-12/full__polygarbor_aug__seed42,87.29511720407754,0.650628,1263.095808,test_color,0.37019814852330774,0.0,0.44405241758286507,0.45
2026-09-12,polygarbor_aug,full,42,/home/ralph/projects/ufsc/viscomp/colorectal_histology_classification/comparison/runs/2026-09-12/full__polygarbor_aug__seed42,87.29511720407754,0.650628,1263.095808,test_jpeg,0.7447129747548535,0.715122046969943,0.7576167338466102,0.752
2026-09-12,polygarbor_aug,full,42,/home/ralph/projects/ufsc/viscomp/colorectal_histology_classification/comparison/runs/2026-09-12/full__polygarbor_aug__seed42,87.29511720407754,0.650628,1263.095808,test_resolution,0.4589578667075206,0.0,0.5095201400993361,0.498
2026-09-12,polygarbor_aug,full,42,/home/ralph/projects/ufsc/viscomp/colorectal_histology_classification/comparison/runs/2026-09-12/full__polygarbor_aug__seed42,87.29511720407754,0.650628,1263.095808,test_occlusion,0.35399806501905606,0.0,0.4520271629010069,0.44
2026-09-12,polygarbor_aug,full,42,/home/ralph/projects/ufsc/viscomp/colorectal_histology_classification/comparison/runs/2026-09-12/full__polygarbor_aug__seed42,87.29511720407754,0.650628,1263.095808,test_rotation,0.6565440039071792,0.6136763952165475,0.670135180312635,0.66
2026-09-12,polygarbor_aug,full,43,/home/ralph/projects/ufsc/viscomp/colorectal_histology_classification/comparison/runs/2026-09-12/full__polygarbor_aug__seed43,70.02530039206613,0.650339,1176.33024,train,0.822048102262332,0.8109872788689413,0.8250695000327013,0.82625
2026-09-12,polygarbor_aug,full,43,/home/ralph/projects/ufsc/viscomp/colorectal_histology_classification/comparison/runs/2026-09-12/full__polygarbor_aug__seed43,70.02530039206613,0.650339,1176.33024,val_clean,0.80412797659529,0.7934818251002905,0.810946112475516,0.808
2026-09-12,polygarbor_aug,full,43,/home/ralph/projects/ufsc/viscomp/colorectal_histology_classification/comparison/runs/2026-09-12/full__polygarbor_aug__seed43,70.02530039206613,0.650339,1176.33024,test_clean,0.7567641558046314,0.7309814328556731,0.7689826122140893,0.762
2026-09-12,polygarbor_aug,full,43,/home/ralph/projects/ufsc/viscomp/colorectal_histology_classification/comparison/runs/2026-09-12/full__polygarbor_aug__seed43,70.02530039206613,0.650339,1176.33024,test_blur,0.4746576520090354,0.0,0.5064584457192789,0.494
2026-09-12,polygarbor_aug,full,43,/home/ralph/projects/ufsc/viscomp/colorectal_histology_classification/comparison/runs/2026-09-12/full__polygarbor_aug__seed43,70.02530039206613,0.650339,1176.33024,test_noise,0.4050395399979003,0.0,0.5063211531915274,0.504
2026-09-12,polygarbor_aug,full,43,/home/ralph/projects/ufsc/viscomp/colorectal_histology_classification/comparison/runs/2026-09-12/full__polygarbor_aug__seed43,70.02530039206613,0.650339,1176.33024,test_brightness,0.47486115327207695,0.0,0.5395154418470905,0.53
2026-09-12,polygarbor_aug,full,43,/home/ralph/projects/ufsc/viscomp/colorectal_histology_classification/comparison/runs/2026-09-12/full__polygarbor_aug__seed43,70.02530039206613,0.650339,1176.33024,test_color,0.36564195025319757,0.0,0.43741878227970665,0.44
2026-09-12,polygarbor_aug,full,43,/home/ralph/projects/ufsc/viscomp/colorectal_histology_classification/comparison/runs/2026-09-12/full__polygarbor_aug__seed43,70.02530039206613,0.650339,1176.33024,test_jpeg,0.7130985816845383,0.6735768000116794,0.7280935550128935,0.72
2026-09-12,polygarbor_aug,full,43,/home/ralph/projects/ufsc/viscomp/colorectal_histology_classification/comparison/runs/2026-09-12/full__polygarbor_aug__seed43,70.02530039206613,0.650339,1176.33024,test_resolution,0.43882390916370223,0.0,0.4829892072324692,0.47
2026-09-12,polygarbor_aug,full,43,/home/ralph/projects/ufsc/viscomp/colorectal_histology_classification/comparison/runs/2026-09-12/full__polygarbor_aug__seed43,70.02530039206613,0.650339,1176.33024,test_occlusion,0.403187479432935,0.0,0.49084067924851615,0.48
2026-09-12,polygarbor_aug,full,43,/home/ralph/projects/ufsc/viscomp/colorectal_histology_classification/comparison/runs/2026-09-12/full__polygarbor_aug__seed43,70.02530039206613,0.650339,1176.33024,test_rotation,0.6199577780423329,0.5585019760781685,0.6420439698089924,0.632
2026-09-12,resnet18,full,42,/home/ralph/projects/ufsc/viscomp/colorectal_histology_classification/comparison/runs/2026-09-12/full__resnet18__seed42,145.91288487811107,45.008671,3831.107584,train,0.9255509601616658,0.9228386716897613,0.9263923194152253,0.92675
2026-09-12,resnet18,full,42,/home/ralph/projects/ufsc/viscomp/colorectal_histology_classification/comparison/runs/2026-09-12/full__resnet18__seed42,145.91288487811107,45.008671,3831.107584,val_clean,0.9217648660827009,0.9207345065227812,0.9238580191256736,0.92
2026-09-12,resnet18,full,42,/home/ralph/projects/ufsc/viscomp/colorectal_histology_classification/comparison/runs/2026-09-12/full__resnet18__seed42,145.91288487811107,45.008671,3831.107584,test_clean,0.9052183436240924,0.8976439302040289,0.9062096158586955,0.906
2026-09-12,resnet18,full,42,/home/ralph/projects/ufsc/viscomp/colorectal_histology_classification/comparison/runs/2026-09-12/full__resnet18__seed42,145.91288487811107,45.008671,3831.107584,test_blur,0.7604397180953391,0.730108223647374,0.771323544586998,0.76
2026-09-12,resnet18,full,42,/home/ralph/projects/ufsc/viscomp/colorectal_histology_classification/comparison/runs/2026-09-12/full__resnet18__seed42,145.91288487811107,45.008671,3831.107584,test_noise,0.8908638582357886,0.8764636601848448,0.892934207908588,0.894
2026-09-12,resnet18,full,42,/home/ralph/projects/ufsc/viscomp/colorectal_histology_classification/comparison/runs/2026-09-12/full__resnet18__seed42,145.91288487811107,45.008671,3831.107584,test_brightness,0.7367178727855985,0.6797490751597839,0.7467774091018065,0.746
2026-09-12,resnet18,full,42,/home/ralph/projects/ufsc/viscomp/colorectal_histology_classification/comparison/runs/2026-09-12/full__resnet18__seed42,145.91288487811107,45.008671,3831.107584,test_color,0.2692934989963009,0.0,0.34616387599816045,0.358
2026-09-12,resnet18,full,42,/home/ralph/projects/ufsc/viscomp/colorectal_histology_classification/comparison/runs/2026-09-12/full__resnet18__seed42,145.91288487811107,45.008671,3831.107584,test_jpeg,0.8403697107166419,0.8225450994732811,0.8391335153893432,0.84
2026-09-12,resnet18,full,42,/home/ralph/projects/ufsc/viscomp/colorectal_histology_classification/comparison/runs/2026-09-12/full__resnet18__seed42,145.91288487811107,45.008671,3831.107584,test_resolution,0.6403010105199036,0.5694289714945996,0.6744420046146873,0.66
2026-09-12,resnet18,full,42,/home/ralph/projects/ufsc/viscomp/colorectal_histology_classification/comparison/runs/2026-09-12/full__resnet18__seed42,145.91288487811107,45.008671,3831.107584,test_occlusion,0.891947168216289,0.8850669868579906,0.8928769264610974,0.892
2026-09-12,resnet18,full,42,/home/ralph/projects/ufsc/viscomp/colorectal_histology_classification/comparison/runs/2026-09-12/full__resnet18__seed42,145.91288487811107,45.008671,3831.107584,test_rotation,0.8879021174545176,0.8785325740547743,0.8901514896439022,0.89
2026-09-12,resnet18,full,43,/home/ralph/projects/ufsc/viscomp/colorectal_histology_classification/comparison/runs/2026-09-12/full__resnet18__seed43,201.796200879151,45.008671,3859.419136,train,0.9685966943131236,0.968151673194523,0.9686823168778415,0.96875
2026-09-12,resnet18,full,43,/home/ralph/projects/ufsc/viscomp/colorectal_histology_classification/comparison/runs/2026-09-12/full__resnet18__seed43,201.796200879151,45.008671,3859.419136,val_clean,0.9342104539318616,0.9323113756717601,0.9331490792139423,0.932
2026-09-12,resnet18,full,43,/home/ralph/projects/ufsc/viscomp/colorectal_histology_classification/comparison/runs/2026-09-12/full__resnet18__seed43,201.796200879151,45.008671,3859.419136,test_clean,0.9103160993038801,0.9035879293806349,0.9099395811780402,0.91
2026-09-12,resnet18,full,43,/home/ralph/projects/ufsc/viscomp/colorectal_histology_classification/comparison/runs/2026-09-12/full__resnet18__seed43,201.796200879151,45.008671,3859.419136,test_blur,0.7471779086558941,0.7165971667365871,0.7560059898138913,0.75
2026-09-12,resnet18,full,43,/home/ralph/projects/ufsc/viscomp/colorectal_histology_classification/comparison/runs/2026-09-12/full__resnet18__seed43,201.796200879151,45.008671,3859.419136,test_noise,0.9061522755013042,0.8956670655752296,0.906689988323228,0.908
2026-09-12,resnet18,full,43,/home/ralph/projects/ufsc/viscomp/colorectal_histology_classification/comparison/runs/2026-09-12/full__resnet18__seed43,201.796200879151,45.008671,3859.419136,test_brightness,0.7560507910968691,0.71730097658721,0.7650985729729043,0.766
2026-09-12,resnet18,full,43,/home/ralph/projects/ufsc/viscomp/colorectal_histology_classification/comparison/runs/2026-09-12/full__resnet18__seed43,201.796200879151,45.008671,3859.419136,test_color,0.2671312956859244,0.0,0.32801799824407374,0.344
2026-09-12,resnet18,full,43,/home/ralph/projects/ufsc/viscomp/colorectal_histology_classification/comparison/runs/2026-09-12/full__resnet18__seed43,201.796200879151,45.008671,3859.419136,test_jpeg,0.8375441222385513,0.8096867377969392,0.8366419496259646,0.838
2026-09-12,resnet18,full,43,/home/ralph/projects/ufsc/viscomp/colorectal_histology_classification/comparison/runs/2026-09-12/full__resnet18__seed43,201.796200879151,45.008671,3859.419136,test_resolution,0.6347258633950931,0.49478550774380214,0.6788952892118114,0.67
2026-09-12,resnet18,full,43,/home/ralph/projects/ufsc/viscomp/colorectal_histology_classification/comparison/runs/2026-09-12/full__resnet18__seed43,201.796200879151,45.008671,3859.419136,test_occlusion,0.8875034915930071,0.8811241832760507,0.8865980430702598,0.886
2026-09-12,resnet18,full,43,/home/ralph/projects/ufsc/viscomp/colorectal_histology_classification/comparison/runs/2026-09-12/full__resnet18__seed43,201.796200879151,45.008671,3859.419136,test_rotation,0.9127879507330501,0.9047059178407857,0.9118404944753677,0.912
2026-09-12,resnet18_imagenet,full,42,/home/ralph/projects/ufsc/viscomp/colorectal_histology_classification/comparison/runs/2026-09-12/full__resnet18_imagenet__seed42,214.52157670690212,45.011688,4267.163648,train,1.0,1.0,1.0,1.0
2026-09-12,resnet18_imagenet,full,42,/home/ralph/projects/ufsc/viscomp/colorectal_histology_classification/comparison/runs/2026-09-12/full__resnet18_imagenet__seed42,214.52157670690212,45.011688,4267.163648,val_clean,0.9683605446182832,0.9681197264746262,0.9684492205095964,0.968
2026-09-12,resnet18_imagenet,full,42,/home/ralph/projects/ufsc/viscomp/colorectal_histology_classification/comparison/runs/2026-09-12/full__resnet18_imagenet__seed42,214.52157670690212,45.011688,4267.163648,test_clean,0.9702941131933871,0.97067489269681,0.9710584507638438,0.97
2026-09-12,resnet18_imagenet,full,42,/home/ralph/projects/ufsc/viscomp/colorectal_histology_classification/comparison/runs/2026-09-12/full__resnet18_imagenet__seed42,214.52157670690212,45.011688,4267.163648,test_blur,0.6610689575090567,0.542489222571352,0.6952689804736985,0.686
2026-09-12,resnet18_imagenet,full,42,/home/ralph/projects/ufsc/viscomp/colorectal_histology_classification/comparison/runs/2026-09-12/full__resnet18_imagenet__seed42,214.52157670690212,45.011688,4267.163648,test_noise,0.9468806756409439,0.9463987111068787,0.9481556799115345,0.946
2026-09-12,resnet18_imagenet,full,42,/home/ralph/projects/ufsc/viscomp/colorectal_histology_classification/comparison/runs/2026-09-12/full__resnet18_imagenet__seed42,214.52157670690212,45.011688,4267.163648,test_brightness,0.8676731527168928,0.8508161731664304,0.8685200710291971,0.872
2026-09-12,resnet18_imagenet,full,42,/home/ralph/projects/ufsc/viscomp/colorectal_histology_classification/comparison/runs/2026-09-12/full__resnet18_imagenet__seed42,214.52157670690212,45.011688,4267.163648,test_color,0.7421959578735076,0.7021513028966381,0.7467907974299969,0.746
2026-09-12,resnet18_imagenet,full,42,/home/ralph/projects/ufsc/viscomp/colorectal_histology_classification/comparison/runs/2026-09-12/full__resnet18_imagenet__seed42,214.52157670690212,45.011688,4267.163648,test_jpeg,0.9305889667956251,0.9282754718651787,0.9302594022334634,0.93
2026-09-12,resnet18_imagenet,full,42,/home/ralph/projects/ufsc/viscomp/colorectal_histology_classification/comparison/runs/2026-09-12/full__resnet18_imagenet__seed42,214.52157670690212,45.011688,4267.163648,test_resolution,0.6347223499729988,0.5265585878841904,0.6785629690111366,0.67
2026-09-12,resnet18_imagenet,full,42,/home/ralph/projects/ufsc/viscomp/colorectal_histology_classification/comparison/runs/2026-09-12/full__resnet18_imagenet__seed42,214.52157670690212,45.011688,4267.163648,test_occlusion,0.8335694528088473,0.7682051952126563,0.8564319928360398,0.86
2026-09-12,resnet18_imagenet,full,42,/home/ralph/projects/ufsc/viscomp/colorectal_histology_classification/comparison/runs/2026-09-12/full__resnet18_imagenet__seed42,214.52157670690212,45.011688,4267.163648,test_rotation,0.9427013267231301,0.941476196188902,0.9433109529725978,0.942
2026-09-12,resnet18_imagenet,full,43,/home/ralph/projects/ufsc/viscomp/colorectal_histology_classification/comparison/runs/2026-09-12/full__resnet18_imagenet__seed43,134.99579018203076,45.011688,4261.388288,train,0.9919824146104775,0.9920174026214461,0.9920350761835811,0.992
2026-09-12,resnet18_imagenet,full,43,/home/ralph/projects/ufsc/viscomp/colorectal_histology_classification/comparison/runs/2026-09-12/full__resnet18_imagenet__seed43,134.99579018203076,45.011688,4261.388288,val_clean,0.9546232435400298,0.9529309837982453,0.953515782116748,0.954
2026-09-12,resnet18_imagenet,full,43,/home/ralph/projects/ufsc/viscomp/colorectal_histology_classification/comparison/runs/2026-09-12/full__resnet18_imagenet__seed43,134.99579018203076,45.011688,4261.388288,test_clean,0.9418896473142397,0.9404804176152255,0.942032088182674,0.94
2026-09-12,resnet18_imagenet,full,43,/home/ralph/projects/ufsc/viscomp/colorectal_histology_classification/comparison/runs/2026-09-12/full__resnet18_imagenet__seed43,134.99579018203076,45.011688,4261.388288,test_blur,0.5610194790046105,0.0,0.6259740737271513,0.612
2026-09-12,resnet18_imagenet,full,43,/home/ralph/projects/ufsc/viscomp/colorectal_histology_classification/comparison/runs/2026-09-12/full__resnet18_imagenet__seed43,134.99579018203076,45.011688,4261.388288,test_noise,0.9373823210512209,0.9354042691758737,0.9373381577170601,0.936
2026-09-12,resnet18_imagenet,full,43,/home/ralph/projects/ufsc/viscomp/colorectal_histology_classification/comparison/runs/2026-09-12/full__resnet18_imagenet__seed43,134.99579018203076,45.011688,4261.388288,test_brightness,0.779224153109295,0.7572645387024186,0.7820449500149311,0.778
2026-09-12,resnet18_imagenet,full,43,/home/ralph/projects/ufsc/viscomp/colorectal_histology_classification/comparison/runs/2026-09-12/full__resnet18_imagenet__seed43,134.99579018203076,45.011688,4261.388288,test_color,0.4576793697951588,0.0,0.48684304581147503,0.494
2026-09-12,resnet18_imagenet,full,43,/home/ralph/projects/ufsc/viscomp/colorectal_histology_classification/comparison/runs/2026-09-12/full__resnet18_imagenet__seed43,134.99579018203076,45.011688,4261.388288,test_jpeg,0.8970681600711168,0.8864948920074633,0.8949664228360756,0.892
2026-09-12,resnet18_imagenet,full,43,/home/ralph/projects/ufsc/viscomp/colorectal_histology_classification/comparison/runs/2026-09-12/full__resnet18_imagenet__seed43,134.99579018203076,45.011688,4261.388288,test_resolution,0.5569662726848392,0.0,0.6203386989733727,0.606
2026-09-12,resnet18_imagenet,full,43,/home/ralph/projects/ufsc/viscomp/colorectal_histology_classification/comparison/runs/2026-09-12/full__resnet18_imagenet__seed43,134.99579018203076,45.011688,4261.388288,test_occlusion,0.8106944216316061,0.7343319282927182,0.8369184616762169,0.84
2026-09-12,resnet18_imagenet,full,43,/home/ralph/projects/ufsc/viscomp/colorectal_histology_classification/comparison/runs/2026-09-12/full__resnet18_imagenet__seed43,134.99579018203076,45.011688,4261.388288,test_rotation,0.9196008099601758,0.9184390353587929,0.9211958097046751,0.918
2026-09-12,yolo11n,full,42,/home/ralph/projects/ufsc/viscomp/colorectal_histology_classification/comparison/runs/2026-09-12/full__yolo11n__seed42,307.72932735295035,3.204008,3491.762176,train,0.9710617866259634,0.9707875317080444,0.9710410054690735,0.97125
2026-09-12,yolo11n,full,42,/home/ralph/projects/ufsc/viscomp/colorectal_histology_classification/comparison/runs/2026-09-12/full__yolo11n__seed42,307.72932735295035,3.204008,3491.762176,val_clean,0.9562974329274927,0.9553269913215529,0.9556463030768217,0.956
2026-09-12,yolo11n,full,42,/home/ralph/projects/ufsc/viscomp/colorectal_histology_classification/comparison/runs/2026-09-12/full__yolo11n__seed42,307.72932735295035,3.204008,3491.762176,test_clean,0.9624340166603458,0.9627325129875509,0.9634238832021609,0.962
2026-09-12,yolo11n,full,42,/home/ralph/projects/ufsc/viscomp/colorectal_histology_classification/comparison/runs/2026-09-12/full__yolo11n__seed42,307.72932735295035,3.204008,3491.762176,test_blur,0.6580791693624217,0.45811379731446533,0.6923055455500826,0.684
2026-09-12,yolo11n,full,42,/home/ralph/projects/ufsc/viscomp/colorectal_histology_classification/comparison/runs/2026-09-12/full__yolo11n__seed42,307.72932735295035,3.204008,3491.762176,test_noise,0.7388881346085286,0.705233941265373,0.7387132946937427,0.74
2026-09-12,yolo11n,full,42,/home/ralph/projects/ufsc/viscomp/colorectal_histology_classification/comparison/runs/2026-09-12/full__yolo11n__seed42,307.72932735295035,3.204008,3491.762176,test_brightness,0.9247573800947326,0.9240392245494933,0.9267982959768408,0.924
2026-09-12,yolo11n,full,42,/home/ralph/projects/ufsc/viscomp/colorectal_histology_classification/comparison/runs/2026-09-12/full__yolo11n__seed42,307.72932735295035,3.204008,3491.762176,test_color,0.9267237033829735,0.9233034043096061,0.9268366832889228,0.926
2026-09-12,yolo11n,full,42,/home/ralph/projects/ufsc/viscomp/colorectal_histology_classification/comparison/runs/2026-09-12/full__yolo11n__seed42,307.72932735295035,3.204008,3491.762176,test_jpeg,0.8900516985615519,0.8843203313188184,0.8926701414171165,0.888
2026-09-12,yolo11n,full,42,/home/ralph/projects/ufsc/viscomp/colorectal_histology_classification/comparison/runs/2026-09-12/full__yolo11n__seed42,307.72932735295035,3.204008,3491.762176,test_resolution,0.6012672217528332,0.4999882332330977,0.6505236523881264,0.64
2026-09-12,yolo11n,full,42,/home/ralph/projects/ufsc/viscomp/colorectal_histology_classification/comparison/runs/2026-09-12/full__yolo11n__seed42,307.72932735295035,3.204008,3491.762176,test_occlusion,0.9305493836820203,0.9291008576976609,0.9320364431686763,0.93
2026-09-12,yolo11n,full,42,/home/ralph/projects/ufsc/viscomp/colorectal_histology_classification/comparison/runs/2026-09-12/full__yolo11n__seed42,307.72932735295035,3.204008,3491.762176,test_rotation,0.9391148073478423,0.9382793833319534,0.9395502727800065,0.938
2026-09-12,yolo11n,full,43,/home/ralph/projects/ufsc/viscomp/colorectal_histology_classification/comparison/runs/2026-09-12/full__yolo11n__seed43,231.88509228208568,3.203496,3467.583488,train,0.9581925561569604,0.9575090702621248,0.9582655260092132,0.9585
2026-09-12,yolo11n,full,43,/home/ralph/projects/ufsc/viscomp/colorectal_histology_classification/comparison/runs/2026-09-12/full__yolo11n__seed43,231.88509228208568,3.203496,3467.583488,val_clean,0.9586315393302087,0.9573020403844137,0.9575372482744254,0.958
2026-09-12,yolo11n,full,43,/home/ralph/projects/ufsc/viscomp/colorectal_histology_classification/comparison/runs/2026-09-12/full__yolo11n__seed43,231.88509228208568,3.203496,3467.583488,test_clean,0.9395589339521517,0.9380305354708894,0.9403228472723795,0.938
2026-09-12,yolo11n,full,43,/home/ralph/projects/ufsc/viscomp/colorectal_histology_classification/comparison/runs/2026-09-12/full__yolo11n__seed43,231.88509228208568,3.203496,3467.583488,test_blur,0.6436975461793759,0.5614808001321012,0.6688644511357107,0.662
2026-09-12,yolo11n,full,43,/home/ralph/projects/ufsc/viscomp/colorectal_histology_classification/comparison/runs/2026-09-12/full__yolo11n__seed43,231.88509228208568,3.203496,3467.583488,test_noise,0.8192979323162483,0.7989006222040548,0.82284019929811,0.82
2026-09-12,yolo11n,full,43,/home/ralph/projects/ufsc/viscomp/colorectal_histology_classification/comparison/runs/2026-09-12/full__yolo11n__seed43,231.88509228208568,3.203496,3467.583488,test_brightness,0.9130865545359721,0.9101261462691997,0.9145543446857484,0.912
2026-09-12,yolo11n,full,43,/home/ralph/projects/ufsc/viscomp/colorectal_histology_classification/comparison/runs/2026-09-12/full__yolo11n__seed43,231.88509228208568,3.203496,3467.583488,test_color,0.9236831743096778,0.9202646991561119,0.9228222152239104,0.922
2026-09-12,yolo11n,full,43,/home/ralph/projects/ufsc/viscomp/colorectal_histology_classification/comparison/runs/2026-09-12/full__yolo11n__seed43,231.88509228208568,3.203496,3467.583488,test_jpeg,0.9157533482417832,0.9126186877397165,0.9167163704562284,0.914
2026-09-12,yolo11n,full,43,/home/ralph/projects/ufsc/viscomp/colorectal_histology_classification/comparison/runs/2026-09-12/full__yolo11n__seed43,231.88509228208568,3.203496,3467.583488,test_resolution,0.6693508174396465,0.6176641622234808,0.6914754892349804,0.688
2026-09-12,yolo11n,full,43,/home/ralph/projects/ufsc/viscomp/colorectal_histology_classification/comparison/runs/2026-09-12/full__yolo11n__seed43,231.88509228208568,3.203496,3467.583488,test_occlusion,0.9219619805249153,0.9186701984255347,0.9257162403475715,0.922
2026-09-12,yolo11n,full,43,/home/ralph/projects/ufsc/viscomp/colorectal_histology_classification/comparison/runs/2026-09-12/full__yolo11n__seed43,231.88509228208568,3.203496,3467.583488,test_rotation,0.9411403828355915,0.9394450230396713,0.9422877943423038,0.94
2026-09-12,yolo11n_random,full,42,/home/ralph/projects/ufsc/viscomp/colorectal_histology_classification/comparison/runs/2026-09-12/full__yolo11n_random__seed42,256.2982464340748,3.203754,3471.294464,train,0.8680798969984291,0.8620479710645241,0.8663533305217566,0.86675
2026-09-12,yolo11n_random,full,42,/home/ralph/projects/ufsc/viscomp/colorectal_histology_classification/comparison/runs/2026-09-12/full__yolo11n_random__seed42,256.2982464340748,3.203754,3471.294464,val_clean,0.8649384722378277,0.8573509629060837,0.8629858309984069,0.862
2026-09-12,yolo11n_random,full,42,/home/ralph/projects/ufsc/viscomp/colorectal_histology_classification/comparison/runs/2026-09-12/full__yolo11n_random__seed42,256.2982464340748,3.203754,3471.294464,test_clean,0.8640402292700274,0.8562886455826935,0.8625370611751247,0.86
2026-09-12,yolo11n_random,full,42,/home/ralph/projects/ufsc/viscomp/colorectal_histology_classification/comparison/runs/2026-09-12/full__yolo11n_random__seed42,256.2982464340748,3.203754,3471.294464,test_blur,0.852014565610002,0.84472326067429,0.8514420424505307,0.846
2026-09-12,yolo11n_random,full,42,/home/ralph/projects/ufsc/viscomp/colorectal_histology_classification/comparison/runs/2026-09-12/full__yolo11n_random__seed42,256.2982464340748,3.203754,3471.294464,test_noise,0.8589705162049452,0.8501167384113018,0.8567019870324732,0.854
2026-09-12,yolo11n_random,full,42,/home/ralph/projects/ufsc/viscomp/colorectal_histology_classification/comparison/runs/2026-09-12/full__yolo11n_random__seed42,256.2982464340748,3.203754,3471.294464,test_brightness,0.8242800261675721,0.8113142656696429,0.8219923098493309,0.818
2026-09-12,yolo11n_random,full,42,/home/ralph/projects/ufsc/viscomp/colorectal_histology_classification/comparison/runs/2026-09-12/full__yolo11n_random__seed42,256.2982464340748,3.203754,3471.294464,test_color,0.5195653794973575,0.0,0.562925042636715,0.578
2026-09-12,yolo11n_random,full,42,/home/ralph/projects/ufsc/viscomp/colorectal_histology_classification/comparison/runs/2026-09-12/full__yolo11n_random__seed42,256.2982464340748,3.203754,3471.294464,test_jpeg,0.8212257937784668,0.8082936386520778,0.8212294901866466,0.818
2026-09-12,yolo11n_random,full,42,/home/ralph/projects/ufsc/viscomp/colorectal_histology_classification/comparison/runs/2026-09-12/full__yolo11n_random__seed42,256.2982464340748,3.203754,3471.294464,test_resolution,0.8430886027635203,0.8358681920982951,0.8431922886117847,0.838
2026-09-12,yolo11n_random,full,42,/home/ralph/projects/ufsc/viscomp/colorectal_histology_classification/comparison/runs/2026-09-12/full__yolo11n_random__seed42,256.2982464340748,3.203754,3471.294464,test_occlusion,0.8579496435614902,0.8474229466164442,0.8575507910623447,0.856
2026-09-12,yolo11n_random,full,42,/home/ralph/projects/ufsc/viscomp/colorectal_histology_classification/comparison/runs/2026-09-12/full__yolo11n_random__seed42,256.2982464340748,3.203754,3471.294464,test_rotation,0.8683845496350108,0.8611859876970384,0.8666104953180391,0.864
2026-09-12,yolo11n_random,full,43,/home/ralph/projects/ufsc/viscomp/colorectal_histology_classification/comparison/runs/2026-09-12/full__yolo11n_random__seed43,277.473191862111,3.203882,3470.143488,train,0.8678241623604832,0.8620753461046795,0.8666088960948789,0.86725
2026-09-12,yolo11n_random,full,43,/home/ralph/projects/ufsc/viscomp/colorectal_histology_classification/comparison/runs/2026-09-12/full__yolo11n_random__seed43,277.473191862111,3.203882,3470.143488,val_clean,0.861367868259318,0.856923633682139,0.8616272295786319,0.858
2026-09-12,yolo11n_random,full,43,/home/ralph/projects/ufsc/viscomp/colorectal_histology_classification/comparison/runs/2026-09-12/full__yolo11n_random__seed43,277.473191862111,3.203882,3470.143488,test_clean,0.8595997102255646,0.8500185479327805,0.8584528202325186,0.858
2026-09-12,yolo11n_random,full,43,/home/ralph/projects/ufsc/viscomp/colorectal_histology_classification/comparison/runs/2026-09-12/full__yolo11n_random__seed43,277.473191862111,3.203882,3470.143488,test_blur,0.8486006473352151,0.8371267368657253,0.848811396169146,0.844
2026-09-12,yolo11n_random,full,43,/home/ralph/projects/ufsc/viscomp/colorectal_histology_classification/comparison/runs/2026-09-12/full__yolo11n_random__seed43,277.473191862111,3.203882,3470.143488,test_noise,0.8386372085328915,0.8267918550543463,0.8356497851023201,0.836
2026-09-12,yolo11n_random,full,43,/home/ralph/projects/ufsc/viscomp/colorectal_histology_classification/comparison/runs/2026-09-12/full__yolo11n_random__seed43,277.473191862111,3.203882,3470.143488,test_brightness,0.7948937111184651,0.7713131540681868,0.7910357459071068,0.79
2026-09-12,yolo11n_random,full,43,/home/ralph/projects/ufsc/viscomp/colorectal_histology_classification/comparison/runs/2026-09-12/full__yolo11n_random__seed43,277.473191862111,3.203882,3470.143488,test_color,0.5204294690780429,0.0,0.5583999914942817,0.572
2026-09-12,yolo11n_random,full,43,/home/ralph/projects/ufsc/viscomp/colorectal_histology_classification/comparison/runs/2026-09-12/full__yolo11n_random__seed43,277.473191862111,3.203882,3470.143488,test_jpeg,0.8257513697899073,0.8138490424697077,0.8245816208071779,0.824
2026-09-12,yolo11n_random,full,43,/home/ralph/projects/ufsc/viscomp/colorectal_histology_classification/comparison/runs/2026-09-12/full__yolo11n_random__seed43,277.473191862111,3.203882,3470.143488,test_resolution,0.8309145830038596,0.8154252552208603,0.8303693470214719,0.826
2026-09-12,yolo11n_random,full,43,/home/ralph/projects/ufsc/viscomp/colorectal_histology_classification/comparison/runs/2026-09-12/full__yolo11n_random__seed43,277.473191862111,3.203882,3470.143488,test_occlusion,0.8319869799780368,0.8094060730529165,0.8323789943219864,0.834
2026-09-12,yolo11n_random,full,43,/home/ralph/projects/ufsc/viscomp/colorectal_histology_classification/comparison/runs/2026-09-12/full__yolo11n_random__seed43,277.473191862111,3.203882,3470.143488,test_rotation,0.8598991524708404,0.8454860567262097,0.8585555218071654,0.858
2026-09-12,polygarbor,imbalance,42,/home/ralph/projects/ufsc/viscomp/colorectal_histology_classification/comparison/runs/2026-09-12/imbalance__polygarbor__seed42,10.818888371810317,0.370849,739.127296,train,0.7248336415031205,0.5596455569420764,0.667062448326617,0.915038618809632
2026-09-12,polygarbor,imbalance,42,/home/ralph/projects/ufsc/viscomp/colorectal_histology_classification/comparison/runs/2026-09-12/imbalance__polygarbor__seed42,10.818888371810317,0.370849,739.127296,val_clean,0.39649140629547847,0.0,0.5029913224496261,0.502
2026-09-12,polygarbor,imbalance,42,/home/ralph/projects/ufsc/viscomp/colorectal_histology_classification/comparison/runs/2026-09-12/imbalance__polygarbor__seed42,10.818888371810317,0.370849,739.127296,test_clean,0.4082199066385256,0.0,0.5109859401466215,0.504
2026-09-12,polygarbor_aug,imbalance,42,/home/ralph/projects/ufsc/viscomp/colorectal_histology_classification/comparison/runs/2026-09-12/imbalance__polygarbor_aug__seed42,39.68415755406022,0.508451,744.820736,train,0.9079196602775066,0.8715072042144874,0.8804158115514649,0.9500227169468424
2026-09-12,polygarbor_aug,imbalance,42,/home/ralph/projects/ufsc/viscomp/colorectal_histology_classification/comparison/runs/2026-09-12/imbalance__polygarbor_aug__seed42,39.68415755406022,0.508451,744.820736,val_clean,0.5784487595841024,0.44181467027881555,0.6341701256411332,0.628
2026-09-12,polygarbor_aug,imbalance,42,/home/ralph/projects/ufsc/viscomp/colorectal_histology_classification/comparison/runs/2026-09-12/imbalance__polygarbor_aug__seed42,39.68415755406022,0.508451,744.820736,test_clean,0.551523423930639,0.38493914806851787,0.6101859875426047,0.602
2026-09-12,resnet18,imbalance,42,/home/ralph/projects/ufsc/viscomp/colorectal_histology_classification/comparison/runs/2026-09-12/imbalance__resnet18__seed42,98.052981877001,45.011183,3305.988096,train,0.7429719781110028,0.6280039436566198,0.7264870187945451,0.9186733303044071
2026-09-12,resnet18,imbalance,42,/home/ralph/projects/ufsc/viscomp/colorectal_histology_classification/comparison/runs/2026-09-12/imbalance__resnet18__seed42,98.052981877001,45.011183,3305.988096,val_clean,0.7261830029710895,0.6722216874615841,0.7433386174540084,0.74
2026-09-12,resnet18,imbalance,42,/home/ralph/projects/ufsc/viscomp/colorectal_histology_classification/comparison/runs/2026-09-12/imbalance__resnet18__seed42,98.052981877001,45.011183,3305.988096,test_clean,0.7246696712204068,0.6546458931578893,0.7432826097466564,0.746
2026-09-12,resnet18_imagenet,imbalance,42,/home/ralph/projects/ufsc/viscomp/colorectal_histology_classification/comparison/runs/2026-09-12/imbalance__resnet18_imagenet__seed42,121.72377539193258,45.011688,3721.85088,train,0.9985859640778004,0.9997492790948824,0.999749498997996,0.9995456610631531
2026-09-12,resnet18_imagenet,imbalance,42,/home/ralph/projects/ufsc/viscomp/colorectal_histology_classification/comparison/runs/2026-09-12/imbalance__resnet18_imagenet__seed42,121.72377539193258,45.011688,3721.85088,val_clean,0.8937056348833539,0.8909585642684025,0.8963886866511201,0.892
2026-09-12,resnet18_imagenet,imbalance,42,/home/ralph/projects/ufsc/viscomp/colorectal_histology_classification/comparison/runs/2026-09-12/imbalance__resnet18_imagenet__seed42,121.72377539193258,45.011688,3721.85088,test_clean,0.9044112848218548,0.8972995411605721,0.9058211670326048,0.904
2026-09-12,yolo11n,imbalance,42,/home/ralph/projects/ufsc/viscomp/colorectal_histology_classification/comparison/runs/2026-09-12/imbalance__yolo11n__seed42,224.07455032982398,3.204648,3193.634816,train,0.9453413692323279,0.9633750101169063,0.9641399841025216,0.9768287142208087
2026-09-12,yolo11n,imbalance,42,/home/ralph/projects/ufsc/viscomp/colorectal_histology_classification/comparison/runs/2026-09-12/imbalance__yolo11n__seed42,224.07455032982398,3.204648,3193.634816,val_clean,0.9153806640034026,0.9122497848263345,0.9174178945219955,0.914
2026-09-12,yolo11n,imbalance,42,/home/ralph/projects/ufsc/viscomp/colorectal_histology_classification/comparison/runs/2026-09-12/imbalance__yolo11n__seed42,224.07455032982398,3.204648,3193.634816,test_clean,0.9045693027523238,0.8986880866349679,0.908257457640802,0.904
2026-09-12,yolo11n_random,imbalance,42,/home/ralph/projects/ufsc/viscomp/colorectal_histology_classification/comparison/runs/2026-09-12/imbalance__yolo11n_random__seed42,252.16672976501286,3.205162,3185.319936,train,0.7254776009021683,0.0,0.7497413980533338,0.9177646524307133
2026-09-12,yolo11n_random,imbalance,42,/home/ralph/projects/ufsc/viscomp/colorectal_histology_classification/comparison/runs/2026-09-12/imbalance__yolo11n_random__seed42,252.16672976501286,3.205162,3185.319936,val_clean,0.6977729290427945,0.0,0.7427933081338306,0.726
2026-09-12,yolo11n_random,imbalance,42,/home/ralph/projects/ufsc/viscomp/colorectal_histology_classification/comparison/runs/2026-09-12/imbalance__yolo11n_random__seed42,252.16672976501286,3.205162,3185.319936,test_clean,0.7124298904934119,0.0,0.748434211993255,0.752
2026-09-12,polygarbor,label_noise,42,/home/ralph/projects/ufsc/viscomp/colorectal_histology_classification/comparison/runs/2026-09-12/label_noise__polygarbor__seed42,18.686805256060325,0.650646,916.754432,train,0.6963526115308988,0.6939638336020404,0.6996193588414402,0.69725
2026-09-12,polygarbor,label_noise,42,/home/ralph/projects/ufsc/viscomp/colorectal_histology_classification/comparison/runs/2026-09-12/label_noise__polygarbor__seed42,18.686805256060325,0.650646,916.754432,train_original_labels,0.852027353476871,0.8473547644356376,0.8527612508259546,0.85375
2026-09-12,polygarbor,label_noise,42,/home/ralph/projects/ufsc/viscomp/colorectal_histology_classification/comparison/runs/2026-09-12/label_noise__polygarbor__seed42,18.686805256060325,0.650646,916.754432,val_clean,0.8473338228896172,0.8464391895472169,0.852521255870712,0.85
2026-09-12,polygarbor,label_noise,42,/home/ralph/projects/ufsc/viscomp/colorectal_histology_classification/comparison/runs/2026-09-12/label_noise__polygarbor__seed42,18.686805256060325,0.650646,916.754432,test_clean,0.8248085273091407,0.8181888419368457,0.8288555148180274,0.826
2026-09-12,polygarbor_aug,label_noise,42,/home/ralph/projects/ufsc/viscomp/colorectal_histology_classification/comparison/runs/2026-09-12/label_noise__polygarbor_aug__seed42,69.43147021601908,0.650462,933.216256,train,0.6661564285023767,0.6602474079969279,0.6701514777218478,0.6675
2026-09-12,polygarbor_aug,label_noise,42,/home/ralph/projects/ufsc/viscomp/colorectal_histology_classification/comparison/runs/2026-09-12/label_noise__polygarbor_aug__seed42,69.43147021601908,0.650462,933.216256,train_original_labels,0.8197688912550953,0.811465544709407,0.8202863919950907,0.8215
2026-09-12,polygarbor_aug,label_noise,42,/home/ralph/projects/ufsc/viscomp/colorectal_histology_classification/comparison/runs/2026-09-12/label_noise__polygarbor_aug__seed42,69.43147021601908,0.650462,933.216256,val_clean,0.8268982860824104,0.825219828190761,0.8340893267911687,0.828
2026-09-12,polygarbor_aug,label_noise,42,/home/ralph/projects/ufsc/viscomp/colorectal_histology_classification/comparison/runs/2026-09-12/label_noise__polygarbor_aug__seed42,69.43147021601908,0.650462,933.216256,test_clean,0.8038183555599498,0.7945507195798763,0.8070787729736962,0.804
2026-09-12,resnet18,label_noise,42,/home/ralph/projects/ufsc/viscomp/colorectal_histology_classification/comparison/runs/2026-09-12/label_noise__resnet18__seed42,134.06397580797784,45.011183,3856.723968,train,0.7164410322582981,0.7150611083206471,0.7178893081056652,0.7165
2026-09-12,resnet18,label_noise,42,/home/ralph/projects/ufsc/viscomp/colorectal_histology_classification/comparison/runs/2026-09-12/label_noise__resnet18__seed42,134.06397580797784,45.011183,3856.723968,train_original_labels,0.8811699745306727,0.8787582372001729,0.8817036906593114,0.882
2026-09-12,resnet18,label_noise,42,/home/ralph/projects/ufsc/viscomp/colorectal_histology_classification/comparison/runs/2026-09-12/label_noise__resnet18__seed42,134.06397580797784,45.011183,3856.723968,val_clean,0.8593520946878366,0.855611803840252,0.860543802953875,0.858
2026-09-12,resnet18,label_noise,42,/home/ralph/projects/ufsc/viscomp/colorectal_histology_classification/comparison/runs/2026-09-12/label_noise__resnet18__seed42,134.06397580797784,45.011183,3856.723968,test_clean,0.8830836999383164,0.8772341725357697,0.8834590849594797,0.884
2026-09-12,resnet18_imagenet,label_noise,42,/home/ralph/projects/ufsc/viscomp/colorectal_histology_classification/comparison/runs/2026-09-12/label_noise__resnet18_imagenet__seed42,80.01859482494183,45.011688,4263.763968,train,0.7269302354030818,0.7242757537194873,0.7282043332786533,0.7265
2026-09-12,resnet18_imagenet,label_noise,42,/home/ralph/projects/ufsc/viscomp/colorectal_histology_classification/comparison/runs/2026-09-12/label_noise__resnet18_imagenet__seed42,80.01859482494183,45.011688,4263.763968,train_original_labels,0.8843375042024639,0.8798746981423474,0.8841165573625936,0.8845
2026-09-12,resnet18_imagenet,label_noise,42,/home/ralph/projects/ufsc/viscomp/colorectal_histology_classification/comparison/runs/2026-09-12/label_noise__resnet18_imagenet__seed42,80.01859482494183,45.011688,4263.763968,val_clean,0.8792312857780339,0.8784126273289716,0.882254985522117,0.878
2026-09-12,resnet18_imagenet,label_noise,42,/home/ralph/projects/ufsc/viscomp/colorectal_histology_classification/comparison/runs/2026-09-12/label_noise__resnet18_imagenet__seed42,80.01859482494183,45.011688,4263.763968,test_clean,0.8880762048344395,0.8819859910831124,0.8868024620210067,0.886
2026-09-12,yolo11n,label_noise,42,/home/ralph/projects/ufsc/viscomp/colorectal_histology_classification/comparison/runs/2026-09-12/label_noise__yolo11n__seed42,191.64213061507326,3.203048,3470.360576,train,0.7686113246453372,0.7680033334410288,0.7688671689588579,0.76825
2026-09-12,yolo11n,label_noise,42,/home/ralph/projects/ufsc/viscomp/colorectal_histology_classification/comparison/runs/2026-09-12/label_noise__yolo11n__seed42,191.64213061507326,3.203048,3470.360576,train_original_labels,0.9366148089245456,0.9355810210699063,0.9365542074035461,0.93675
2026-09-12,yolo11n,label_noise,42,/home/ralph/projects/ufsc/viscomp/colorectal_histology_classification/comparison/runs/2026-09-12/label_noise__yolo11n__seed42,191.64213061507326,3.203048,3470.360576,val_clean,0.9227943265926517,0.9214725293008157,0.9229438533591725,0.92
2026-09-12,yolo11n,label_noise,42,/home/ralph/projects/ufsc/viscomp/colorectal_histology_classification/comparison/runs/2026-09-12/label_noise__yolo11n__seed42,191.64213061507326,3.203048,3470.360576,test_clean,0.9368937319734516,0.934716219456567,0.9371894271518866,0.936
2026-09-12,yolo11n_random,label_noise,42,/home/ralph/projects/ufsc/viscomp/colorectal_histology_classification/comparison/runs/2026-09-12/label_noise__yolo11n_random__seed42,285.8207588669611,3.20401,3487.821824,train,0.680977188228048,0.6765055370152556,0.6847336826308905,0.68175
2026-09-12,yolo11n_random,label_noise,42,/home/ralph/projects/ufsc/viscomp/colorectal_histology_classification/comparison/runs/2026-09-12/label_noise__yolo11n_random__seed42,285.8207588669611,3.20401,3487.821824,train_original_labels,0.8444631951071842,0.8376756108684009,0.8453271030137375,0.84625
2026-09-12,yolo11n_random,label_noise,42,/home/ralph/projects/ufsc/viscomp/colorectal_histology_classification/comparison/runs/2026-09-12/label_noise__yolo11n_random__seed42,285.8207588669611,3.20401,3487.821824,val_clean,0.85266215315929,0.849941104924264,0.8559451824825084,0.852
2026-09-12,yolo11n_random,label_noise,42,/home/ralph/projects/ufsc/viscomp/colorectal_histology_classification/comparison/runs/2026-09-12/label_noise__yolo11n_random__seed42,285.8207588669611,3.20401,3487.821824,test_clean,0.8580898195353257,0.8528247301822981,0.8599900265204907,0.856
2026-09-12,polygarbor,loso_01,42,/home/ralph/projects/ufsc/viscomp/colorectal_histology_classification/comparison/runs/2026-09-12/loso_01__polygarbor__seed42,19.35340633895248,0.651296,950.214656,train,0.8822665206557779,0.8796275197694321,0.8839154235467919,0.884085969572567
2026-09-12,polygarbor,loso_01,42,/home/ralph/projects/ufsc/viscomp/colorectal_histology_classification/comparison/runs/2026-09-12/loso_01__polygarbor__seed42,19.35340633895248,0.651296,950.214656,val_clean,0.8007125658868934,0.7879890507407418,0.8061622148853216,0.8122270742358079
2026-09-12,polygarbor,loso_01,42,/home/ralph/projects/ufsc/viscomp/colorectal_histology_classification/comparison/runs/2026-09-12/loso_01__polygarbor__seed42,19.35340633895248,0.651296,950.214656,test_clean,0.39729395176666815,,0.5771070750237417,0.5810473815461347
2026-09-12,polygarbor,loso_01,43,/home/ralph/projects/ufsc/viscomp/colorectal_histology_classification/comparison/runs/2026-09-12/loso_01__polygarbor__seed43,20.62922894093208,0.651068,951.533568,train,0.8709482190597985,0.8668966984502247,0.8751386356796242,0.8756339048539
2026-09-12,polygarbor,loso_01,43,/home/ralph/projects/ufsc/viscomp/colorectal_histology_classification/comparison/runs/2026-09-12/loso_01__polygarbor__seed43,20.62922894093208,0.651068,951.533568,val_clean,0.797260909170906,0.7788138894978152,0.8101426571934379,0.8144104803493449
2026-09-12,polygarbor,loso_01,43,/home/ralph/projects/ufsc/viscomp/colorectal_histology_classification/comparison/runs/2026-09-12/loso_01__polygarbor__seed43,20.62922894093208,0.651068,951.533568,test_clean,0.40240486183882407,,0.5735217306295737,0.6059850374064838
2026-09-12,resnet18,loso_01,42,/home/ralph/projects/ufsc/viscomp/colorectal_histology_classification/comparison/runs/2026-09-12/loso_01__resnet18__seed42,180.14649050822482,45.011686,3980.009472,train,0.9527537421016117,0.9519882983266672,0.9529971164676789,0.9531514127022458
2026-09-12,resnet18,loso_01,42,/home/ralph/projects/ufsc/viscomp/colorectal_histology_classification/comparison/runs/2026-09-12/loso_01__resnet18__seed42,180.14649050822482,45.011686,3980.009472,val_clean,0.9325177713881863,0.9304354300884776,0.9317864152231934,0.9344978165938864
2026-09-12,resnet18,loso_01,42,/home/ralph/projects/ufsc/viscomp/colorectal_histology_classification/comparison/runs/2026-09-12/loso_01__resnet18__seed42,180.14649050822482,45.011686,3980.009472,test_clean,0.6739928157497816,,0.9221677559912854,0.9451371571072319
2026-09-12,resnet18,loso_01,43,/home/ralph/projects/ufsc/viscomp/colorectal_histology_classification/comparison/runs/2026-09-12/loso_01__resnet18__seed43,189.6206021209946,45.011686,4005.982208,train,0.9677339361463069,0.9685431016659248,0.9691550960233561,0.9695725670127988
2026-09-12,resnet18,loso_01,43,/home/ralph/projects/ufsc/viscomp/colorectal_histology_classification/comparison/runs/2026-09-12/loso_01__resnet18__seed43,189.6206021209946,45.011686,4005.982208,val_clean,0.9355171904070139,0.9338275650208847,0.9355174268058011,0.9388646288209607
2026-09-12,resnet18,loso_01,43,/home/ralph/projects/ufsc/viscomp/colorectal_histology_classification/comparison/runs/2026-09-12/loso_01__resnet18__seed43,189.6206021209946,45.011686,4005.982208,test_clean,0.5962646218935739,,0.8622947042064689,0.8778054862842892
2026-09-12,resnet18_imagenet,loso_01,42,/home/ralph/projects/ufsc/viscomp/colorectal_histology_classification/comparison/runs/2026-09-12/loso_01__resnet18_imagenet__seed42,89.55999876698479,45.011688,4349.689856,train,0.9161078847849414,0.9142449700719659,0.9211773679345515,0.9210335667713113
2026-09-12,resnet18_imagenet,loso_01,42,/home/ralph/projects/ufsc/viscomp/colorectal_histology_classification/comparison/runs/2026-09-12/loso_01__resnet18_imagenet__seed42,89.55999876698479,45.011688,4349.689856,val_clean,0.9061571247567941,0.9040484907711388,0.9105828155071107,0.9126637554585153
2026-09-12,resnet18_imagenet,loso_01,42,/home/ralph/projects/ufsc/viscomp/colorectal_histology_classification/comparison/runs/2026-09-12/loso_01__resnet18_imagenet__seed42,89.55999876698479,45.011688,4349.689856,test_clean,0.5557606567317138,,0.7452904167364952,0.9201995012468828
2026-09-12,resnet18_imagenet,loso_01,43,/home/ralph/projects/ufsc/viscomp/colorectal_histology_classification/comparison/runs/2026-09-12/loso_01__resnet18_imagenet__seed43,181.4585244760383,45.011688,4377.04704,train,0.9979515383646043,0.9979351991166506,0.9979438179003759,0.9978266119294856
2026-09-12,resnet18_imagenet,loso_01,43,/home/ralph/projects/ufsc/viscomp/colorectal_histology_classification/comparison/runs/2026-09-12/loso_01__resnet18_imagenet__seed43,181.4585244760383,45.011688,4377.04704,val_clean,0.9449333979831998,0.9442613292707493,0.9449930487605486,0.9475982532751092
2026-09-12,resnet18_imagenet,loso_01,43,/home/ralph/projects/ufsc/viscomp/colorectal_histology_classification/comparison/runs/2026-09-12/loso_01__resnet18_imagenet__seed43,181.4585244760383,45.011688,4377.04704,test_clean,0.5742069220857787,,0.8836328976034858,0.9102244389027432
2026-09-12,yolo11n,loso_01,42,/home/ralph/projects/ufsc/viscomp/colorectal_histology_classification/comparison/runs/2026-09-12/loso_01__yolo11n__seed42,200.15573827305343,3.203432,3520.135168,train,0.957521768710098,0.9579487459866753,0.9587844826304871,0.9596715769137889
2026-09-12,yolo11n,loso_01,42,/home/ralph/projects/ufsc/viscomp/colorectal_histology_classification/comparison/runs/2026-09-12/loso_01__yolo11n__seed42,200.15573827305343,3.203432,3520.135168,val_clean,0.9447432093707178,0.9435394755734221,0.9446860354337601,0.9475982532751092
2026-09-12,yolo11n,loso_01,42,/home/ralph/projects/ufsc/viscomp/colorectal_histology_classification/comparison/runs/2026-09-12/loso_01__yolo11n__seed42,200.15573827305343,3.203432,3520.135168,test_clean,0.6244659999543953,,0.9413894475168986,0.9451371571072319
2026-09-12,yolo11n,loso_01,43,/home/ralph/projects/ufsc/viscomp/colorectal_histology_classification/comparison/runs/2026-09-12/loso_01__yolo11n__seed43,275.9871486709453,3.20388,3537.723392,train,0.9716269526223738,0.9703054407308108,0.9706618869689871,0.9734363680270466
2026-09-12,yolo11n,loso_01,43,/home/ralph/projects/ufsc/viscomp/colorectal_histology_classification/comparison/runs/2026-09-12/loso_01__yolo11n__seed43,275.9871486709453,3.20388,3537.723392,val_clean,0.9379722153199714,0.9360096564537148,0.9374383524432928,0.9410480349344978
2026-09-12,yolo11n,loso_01,43,/home/ralph/projects/ufsc/viscomp/colorectal_histology_classification/comparison/runs/2026-09-12/loso_01__yolo11n__seed43,275.9871486709453,3.20388,3537.723392,test_clean,0.5611242492124675,,0.7801938439193341,0.9177057356608479
2026-09-12,yolo11n_random,loso_01,42,/home/ralph/projects/ufsc/viscomp/colorectal_histology_classification/comparison/runs/2026-09-12/loso_01__yolo11n_random__seed42,233.82139125396498,3.203626,3522.043904,train,0.8458937408857654,0.8413763064391191,0.8475159532499257,0.8468968848104322
2026-09-12,yolo11n_random,loso_01,42,/home/ralph/projects/ufsc/viscomp/colorectal_histology_classification/comparison/runs/2026-09-12/loso_01__yolo11n_random__seed42,233.82139125396498,3.203626,3522.043904,val_clean,0.8521186846881886,0.8483699305035913,0.852445464533889,0.8537117903930131
2026-09-12,yolo11n_random,loso_01,42,/home/ralph/projects/ufsc/viscomp/colorectal_histology_classification/comparison/runs/2026-09-12/loso_01__yolo11n_random__seed42,233.82139125396498,3.203626,3522.043904,test_clean,0.4040989973163689,,0.6220413664041115,0.7306733167082294
2026-09-12,yolo11n_random,loso_01,43,/home/ralph/projects/ufsc/viscomp/colorectal_histology_classification/comparison/runs/2026-09-12/loso_01__yolo11n_random__seed43,281.45249870500993,3.203882,3539.488768,train,0.8609737800463042,0.8561933462065957,0.8618514458765937,0.8633180391209853
2026-09-12,yolo11n_random,loso_01,43,/home/ralph/projects/ufsc/viscomp/colorectal_histology_classification/comparison/runs/2026-09-12/loso_01__yolo11n_random__seed43,281.45249870500993,3.203882,3539.488768,val_clean,0.8741556729799256,0.8698918205575238,0.8746323722989509,0.8777292576419214
2026-09-12,yolo11n_random,loso_01,43,/home/ralph/projects/ufsc/viscomp/colorectal_histology_classification/comparison/runs/2026-09-12/loso_01__yolo11n_random__seed43,281.45249870500993,3.203882,3539.488768,test_clean,0.4649824491274675,,0.6780124015418133,0.8553615960099751
2026-09-12,polygarbor,loso_02,42,/home/ralph/projects/ufsc/viscomp/colorectal_histology_classification/comparison/runs/2026-09-12/loso_02__polygarbor__seed42,19.817041484173387,0.650425,958.140416,train,0.8711430991453639,0.8686184153912206,0.8746537857520489,0.8720848056537103
2026-09-12,polygarbor,loso_02,42,/home/ralph/projects/ufsc/viscomp/colorectal_histology_classification/comparison/runs/2026-09-12/loso_02__polygarbor__seed42,19.817041484173387,0.650425,958.140416,val_clean,0.8068688343274615,0.798214668838028,0.8114408681637296,0.8089171974522293
2026-09-12,polygarbor,loso_02,42,/home/ralph/projects/ufsc/viscomp/colorectal_histology_classification/comparison/runs/2026-09-12/loso_02__polygarbor__seed42,19.817041484173387,0.650425,958.140416,test_clean,0.44488182951142,,0.8349288044436607,0.7676056338028169
2026-09-12,polygarbor,loso_02,43,/home/ralph/projects/ufsc/viscomp/colorectal_histology_classification/comparison/runs/2026-09-12/loso_02__polygarbor__seed43,21.648688276996836,0.650416,958.025728,train,0.8648344417151137,0.8596108586223228,0.8688399307927384,0.8664310954063604
2026-09-12,polygarbor,loso_02,43,/home/ralph/projects/ufsc/viscomp/colorectal_histology_classification/comparison/runs/2026-09-12/loso_02__polygarbor__seed43,21.648688276996836,0.650416,958.025728,val_clean,0.7978656396914338,0.7856801758817464,0.8001346073190472,0.7983014861995754
2026-09-12,polygarbor,loso_02,43,/home/ralph/projects/ufsc/viscomp/colorectal_histology_classification/comparison/runs/2026-09-12/loso_02__polygarbor__seed43,21.648688276996836,0.650416,958.025728,test_clean,0.4045500237861595,,0.7236177971747096,0.6901408450704225
2026-09-12,resnet18,loso_02,42,/home/ralph/projects/ufsc/viscomp/colorectal_histology_classification/comparison/runs/2026-09-12/loso_02__resnet18__seed42,149.5329644640442,45.011686,4061.04064,train,0.9315655992762653,0.9294328744021481,0.9311633922422788,0.9309776207302709
2026-09-12,resnet18,loso_02,42,/home/ralph/projects/ufsc/viscomp/colorectal_histology_classification/comparison/runs/2026-09-12/loso_02__resnet18__seed42,149.5329644640442,45.011686,4061.04064,val_clean,0.9277891231349165,0.9249683821461853,0.9264684944880609,0.9278131634819533
2026-09-12,resnet18,loso_02,42,/home/ralph/projects/ufsc/viscomp/colorectal_histology_classification/comparison/runs/2026-09-12/loso_02__resnet18__seed42,149.5329644640442,45.011686,4061.04064,test_clean,0.2827922005248758,,0.547609915946629,0.647887323943662
2026-09-12,resnet18,loso_02,43,/home/ralph/projects/ufsc/viscomp/colorectal_histology_classification/comparison/runs/2026-09-12/loso_02__resnet18__seed43,209.10144262795802,45.011686,4028.27264,train,0.9848507219016555,0.9849111566141177,0.9849543772702194,0.9846878680800942
2026-09-12,resnet18,loso_02,43,/home/ralph/projects/ufsc/viscomp/colorectal_histology_classification/comparison/runs/2026-09-12/loso_02__resnet18__seed43,209.10144262795802,45.011686,4028.27264,val_clean,0.9402415779704403,0.9380185530159835,0.9391359952981244,0.940552016985138
2026-09-12,resnet18,loso_02,43,/home/ralph/projects/ufsc/viscomp/colorectal_histology_classification/comparison/runs/2026-09-12/loso_02__resnet18__seed43,209.10144262795802,45.011686,4028.27264,test_clean,0.3542410714285714,,0.5692705578087345,0.7570422535211268
2026-09-12,resnet18_imagenet,loso_02,42,/home/ralph/projects/ufsc/viscomp/colorectal_histology_classification/comparison/runs/2026-09-12/loso_02__resnet18_imagenet__seed42,122.44366950110998,45.011688,4396.40064,train,0.9874569416398005,0.9876092000451646,0.9877450228323512,0.9875147232037691
2026-09-12,resnet18_imagenet,loso_02,42,/home/ralph/projects/ufsc/viscomp/colorectal_histology_classification/comparison/runs/2026-09-12/loso_02__resnet18_imagenet__seed42,122.44366950110998,45.011688,4396.40064,val_clean,0.9542095589921561,0.9531171328669331,0.9548323799597984,0.9554140127388535
2026-09-12,resnet18_imagenet,loso_02,42,/home/ralph/projects/ufsc/viscomp/colorectal_histology_classification/comparison/runs/2026-09-12/loso_02__resnet18_imagenet__seed42,122.44366950110998,45.011688,4396.40064,test_clean,0.3449825451869333,,0.5974911097396108,0.7570422535211268
2026-09-12,resnet18_imagenet,loso_02,43,/home/ralph/projects/ufsc/viscomp/colorectal_histology_classification/comparison/runs/2026-09-12/loso_02__resnet18_imagenet__seed43,118.12400340999011,45.011688,4430.770176,train,0.9595099429747345,0.9582571703457295,0.9593338639284059,0.9594817432273263
2026-09-12,resnet18_imagenet,loso_02,43,/home/ralph/projects/ufsc/viscomp/colorectal_histology_classification/comparison/runs/2026-09-12/loso_02__resnet18_imagenet__seed43,118.12400340999011,45.011688,4430.770176,val_clean,0.9357478812511222,0.9322338311266583,0.9354326283091623,0.9363057324840764
2026-09-12,resnet18_imagenet,loso_02,43,/home/ralph/projects/ufsc/viscomp/colorectal_histology_classification/comparison/runs/2026-09-12/loso_02__resnet18_imagenet__seed43,118.12400340999011,45.011688,4430.770176,test_clean,0.3213845248114002,,0.5452484864515371,0.7429577464788732
2026-09-12,yolo11n,loso_02,42,/home/ralph/projects/ufsc/viscomp/colorectal_histology_classification/comparison/runs/2026-09-12/loso_02__yolo11n__seed42,330.62475195596926,3.204264,3634.495488,train,0.9740082955264284,0.9744560981430853,0.97471255230326,0.9743227326266195
2026-09-12,yolo11n,loso_02,42,/home/ralph/projects/ufsc/viscomp/colorectal_histology_classification/comparison/runs/2026-09-12/loso_02__yolo11n__seed42,330.62475195596926,3.204264,3634.495488,val_clean,0.9567911275662481,0.9564717954932872,0.9570903445330177,0.9575371549893843
2026-09-12,yolo11n,loso_02,42,/home/ralph/projects/ufsc/viscomp/colorectal_histology_classification/comparison/runs/2026-09-12/loso_02__yolo11n__seed42,330.62475195596926,3.204264,3634.495488,test_clean,0.494198036992455,,0.7216075207194498,0.8204225352112676
2026-09-12,yolo11n,loso_02,43,/home/ralph/projects/ufsc/viscomp/colorectal_histology_classification/comparison/runs/2026-09-12/loso_02__yolo11n__seed43,317.076596940984,3.204072,3575.451648,train,0.9678314582230383,0.9682339190083525,0.9690399673140018,0.9684334511189635
2026-09-12,yolo11n,loso_02,43,/home/ralph/projects/ufsc/viscomp/colorectal_histology_classification/comparison/runs/2026-09-12/loso_02__yolo11n__seed43,317.076596940984,3.204072,3575.451648,val_clean,0.9593527845469004,0.959206328846431,0.9595272419824745,0.9596602972399151
2026-09-12,yolo11n,loso_02,43,/home/ralph/projects/ufsc/viscomp/colorectal_histology_classification/comparison/runs/2026-09-12/loso_02__yolo11n__seed43,317.076596940984,3.204072,3575.451648,test_clean,0.48217999734662803,,0.7398208722741432,0.7887323943661971
2026-09-12,yolo11n_random,loso_02,42,/home/ralph/projects/ufsc/viscomp/colorectal_histology_classification/comparison/runs/2026-09-12/loso_02__yolo11n_random__seed42,251.71609084797092,3.20369,3544.006656,train,0.8727256286327301,0.8681197284952956,0.8718627004569535,0.8723203769140165
2026-09-12,yolo11n_random,loso_02,42,/home/ralph/projects/ufsc/viscomp/colorectal_histology_classification/comparison/runs/2026-09-12/loso_02__yolo11n_random__seed42,251.71609084797092,3.20369,3544.006656,val_clean,0.892931829833807,0.888404888078376,0.890449201298346,0.89171974522293
2026-09-12,yolo11n_random,loso_02,42,/home/ralph/projects/ufsc/viscomp/colorectal_histology_classification/comparison/runs/2026-09-12/loso_02__yolo11n_random__seed42,251.71609084797092,3.20369,3544.006656,test_clean,0.3134414446022907,,0.5431490624816316,0.75
2026-09-12,yolo11n_random,loso_02,43,/home/ralph/projects/ufsc/viscomp/colorectal_histology_classification/comparison/runs/2026-09-12/loso_02__yolo11n_random__seed43,224.49428900890052,3.20337,3534.761984,train,0.8439826538170543,0.8359016926181304,0.8454569970610841,0.8433451118963486
2026-09-12,yolo11n_random,loso_02,43,/home/ralph/projects/ufsc/viscomp/colorectal_histology_classification/comparison/runs/2026-09-12/loso_02__yolo11n_random__seed43,224.49428900890052,3.20337,3534.761984,val_clean,0.8495554309674305,0.8424923463664814,0.84802181420578,0.8471337579617835
2026-09-12,yolo11n_random,loso_02,43,/home/ralph/projects/ufsc/viscomp/colorectal_histology_classification/comparison/runs/2026-09-12/loso_02__yolo11n_random__seed43,224.49428900890052,3.20337,3534.761984,test_clean,0.3378994323697641,,0.5133321332706362,0.7605633802816901
2026-09-12,polygarbor,loso_03,42,/home/ralph/projects/ufsc/viscomp/colorectal_histology_classification/comparison/runs/2026-09-12/loso_03__polygarbor__seed42,17.666219028062187,0.649961,930.320384,train,0.8728101310286704,0.8713903294513232,0.875373594988661,0.8758800521512385
2026-09-12,polygarbor,loso_03,42,/home/ralph/projects/ufsc/viscomp/colorectal_histology_classification/comparison/runs/2026-09-12/loso_03__polygarbor__seed42,17.666219028062187,0.649961,930.320384,val_clean,0.8402840905808319,0.8384049222179447,0.8436732043320962,0.8423529411764706
2026-09-12,polygarbor,loso_03,42,/home/ralph/projects/ufsc/viscomp/colorectal_histology_classification/comparison/runs/2026-09-12/loso_03__polygarbor__seed42,17.666219028062187,0.649961,930.320384,test_clean,0.5056956379209399,,0.666616436784504,0.6243243243243243
2026-09-12,polygarbor,loso_03,43,/home/ralph/projects/ufsc/viscomp/colorectal_histology_classification/comparison/runs/2026-09-12/loso_03__polygarbor__seed43,18.934453918016516,0.649956,929.992704,train,0.8729281407569862,0.8695908554929456,0.8748434383014673,0.8771838331160365
2026-09-12,polygarbor,loso_03,43,/home/ralph/projects/ufsc/viscomp/colorectal_histology_classification/comparison/runs/2026-09-12/loso_03__polygarbor__seed43,18.934453918016516,0.649956,929.992704,val_clean,0.8380306051509059,0.8331271367804427,0.8417680874466323,0.8423529411764706
2026-09-12,polygarbor,loso_03,43,/home/ralph/projects/ufsc/viscomp/colorectal_histology_classification/comparison/runs/2026-09-12/loso_03__polygarbor__seed43,18.934453918016516,0.649956,929.992704,test_clean,0.4989774630008932,,0.6578534759207028,0.6081081081081081
2026-09-12,resnet18,loso_03,42,/home/ralph/projects/ufsc/viscomp/colorectal_histology_classification/comparison/runs/2026-09-12/loso_03__resnet18__seed42,196.49831382383127,45.011686,3921.14176,train,0.9624921157417874,0.9606732393060198,0.9612458095029288,0.9640156453715776
2026-09-12,resnet18,loso_03,42,/home/ralph/projects/ufsc/viscomp/colorectal_histology_classification/comparison/runs/2026-09-12/loso_03__resnet18__seed42,196.49831382383127,45.011686,3921.14176,val_clean,0.9381000904149539,0.9358608365552892,0.9367372414348885,0.9411764705882353
2026-09-12,resnet18,loso_03,42,/home/ralph/projects/ufsc/viscomp/colorectal_histology_classification/comparison/runs/2026-09-12/loso_03__resnet18__seed42,196.49831382383127,45.011686,3921.14176,test_clean,0.631479657205068,,0.7382160461992395,0.7067567567567568
2026-09-12,resnet18,loso_03,43,/home/ralph/projects/ufsc/viscomp/colorectal_histology_classification/comparison/runs/2026-09-12/loso_03__resnet18__seed43,225.17180506908335,45.011686,3919.007744,train,0.9762116562322524,0.9754309949180908,0.9756015870670837,0.9770534550195568
2026-09-12,resnet18,loso_03,43,/home/ralph/projects/ufsc/viscomp/colorectal_histology_classification/comparison/runs/2026-09-12/loso_03__resnet18__seed43,225.17180506908335,45.011686,3919.007744,val_clean,0.940631011802165,0.9401280963985804,0.9408377819443473,0.9435294117647058
2026-09-12,resnet18,loso_03,43,/home/ralph/projects/ufsc/viscomp/colorectal_histology_classification/comparison/runs/2026-09-12/loso_03__resnet18__seed43,225.17180506908335,45.011686,3919.007744,test_clean,0.6920734240249822,,0.7969882906857697,0.7851351351351351
2026-09-12,resnet18_imagenet,loso_03,42,/home/ralph/projects/ufsc/viscomp/colorectal_histology_classification/comparison/runs/2026-09-12/loso_03__resnet18_imagenet__seed42,148.9895970640937,45.011688,4302.348288,train,0.9927176413387023,0.9917231405533187,0.9918404487116604,0.9929595827900912
2026-09-12,resnet18_imagenet,loso_03,42,/home/ralph/projects/ufsc/viscomp/colorectal_histology_classification/comparison/runs/2026-09-12/loso_03__resnet18_imagenet__seed42,148.9895970640937,45.011688,4302.348288,val_clean,0.9518783600498839,0.9501541684309159,0.951007281020275,0.9529411764705882
2026-09-12,resnet18_imagenet,loso_03,42,/home/ralph/projects/ufsc/viscomp/colorectal_histology_classification/comparison/runs/2026-09-12/loso_03__resnet18_imagenet__seed42,148.9895970640937,45.011688,4302.348288,test_clean,0.6787596975904706,,0.8207492938585376,0.7486486486486487
2026-09-12,resnet18_imagenet,loso_03,43,/home/ralph/projects/ufsc/viscomp/colorectal_histology_classification/comparison/runs/2026-09-12/loso_03__resnet18_imagenet__seed43,213.03353371913545,45.011688,4286.406656,train,0.999186443380295,0.9991568676337746,0.9991574797243907,0.9992177314211212
2026-09-12,resnet18_imagenet,loso_03,43,/home/ralph/projects/ufsc/viscomp/colorectal_histology_classification/comparison/runs/2026-09-12/loso_03__resnet18_imagenet__seed43,213.03353371913545,45.011688,4286.406656,val_clean,0.95467664106747,0.9546384452000928,0.9553528242228932,0.9552941176470588
2026-09-12,resnet18_imagenet,loso_03,43,/home/ralph/projects/ufsc/viscomp/colorectal_histology_classification/comparison/runs/2026-09-12/loso_03__resnet18_imagenet__seed43,213.03353371913545,45.011688,4286.406656,test_clean,0.6011492776249483,,0.6985784599229977,0.7378378378378379
2026-09-12,yolo11n,loso_03,42,/home/ralph/projects/ufsc/viscomp/colorectal_histology_classification/comparison/runs/2026-09-12/loso_03__yolo11n__seed42,280.1442293950822,3.204136,3519.639552,train,0.9722204243518007,0.9712290246131557,0.9715334559464155,0.9734028683181225
2026-09-12,yolo11n,loso_03,42,/home/ralph/projects/ufsc/viscomp/colorectal_histology_classification/comparison/runs/2026-09-12/loso_03__yolo11n__seed42,280.1442293950822,3.204136,3519.639552,val_clean,0.951642283696489,0.9499543129400622,0.9513907947470713,0.9529411764705882
2026-09-12,yolo11n,loso_03,42,/home/ralph/projects/ufsc/viscomp/colorectal_histology_classification/comparison/runs/2026-09-12/loso_03__yolo11n__seed42,280.1442293950822,3.204136,3519.639552,test_clean,0.6811282095754891,,0.8165586249619862,0.7810810810810811
2026-09-12,yolo11n,loso_03,43,/home/ralph/projects/ufsc/viscomp/colorectal_histology_classification/comparison/runs/2026-09-12/loso_03__yolo11n__seed43,326.6783060540911,3.204136,3503.169536,train,0.9756372458842636,0.9744940664411689,0.9747425135219434,0.976271186440678
2026-09-12,yolo11n,loso_03,43,/home/ralph/projects/ufsc/viscomp/colorectal_histology_classification/comparison/runs/2026-09-12/loso_03__yolo11n__seed43,326.6783060540911,3.204136,3503.169536,val_clean,0.9560164189350571,0.9555765145753863,0.9562000039082317,0.9576470588235294
2026-09-12,yolo11n,loso_03,43,/home/ralph/projects/ufsc/viscomp/colorectal_histology_classification/comparison/runs/2026-09-12/loso_03__yolo11n__seed43,326.6783060540911,3.204136,3503.169536,test_clean,0.6185749875590281,,0.8275655792462515,0.7567567567567568
2026-09-12,yolo11n_random,loso_03,42,/home/ralph/projects/ufsc/viscomp/colorectal_histology_classification/comparison/runs/2026-09-12/loso_03__yolo11n_random__seed42,301.33715207583737,3.204266,3533.529088,train,0.8862147993919607,0.880623891152286,0.8853058229031014,0.8917861799217731
2026-09-12,yolo11n_random,loso_03,42,/home/ralph/projects/ufsc/viscomp/colorectal_histology_classification/comparison/runs/2026-09-12/loso_03__yolo11n_random__seed42,301.33715207583737,3.204266,3533.529088,val_clean,0.8963005137621158,0.8891351498096999,0.8978739659831803,0.9035294117647059
2026-09-12,yolo11n_random,loso_03,42,/home/ralph/projects/ufsc/viscomp/colorectal_histology_classification/comparison/runs/2026-09-12/loso_03__yolo11n_random__seed42,301.33715207583737,3.204266,3533.529088,test_clean,0.6044795891001671,,0.7289802558710122,0.7216216216216216
2026-09-12,yolo11n_random,loso_03,43,/home/ralph/projects/ufsc/viscomp/colorectal_histology_classification/comparison/runs/2026-09-12/loso_03__yolo11n_random__seed43,520.2171185479965,3.205866,3577.823232,train,0.9206989258012748,0.9211576184450103,0.9219721734622871,0.9233376792698826
2026-09-12,yolo11n_random,loso_03,43,/home/ralph/projects/ufsc/viscomp/colorectal_histology_classification/comparison/runs/2026-09-12/loso_03__yolo11n_random__seed43,520.2171185479965,3.205866,3577.823232,val_clean,0.9221292273602367,0.9235685080380593,0.9247978988866998,0.9247058823529412
2026-09-12,yolo11n_random,loso_03,43,/home/ralph/projects/ufsc/viscomp/colorectal_histology_classification/comparison/runs/2026-09-12/loso_03__yolo11n_random__seed43,520.2171185479965,3.205866,3577.823232,test_clean,0.6202268458493414,,0.6944273570323991,0.7054054054054054
2026-09-12,polygarbor,loso_04,42,/home/ralph/projects/ufsc/viscomp/colorectal_histology_classification/comparison/runs/2026-09-12/loso_04__polygarbor__seed42,19.504554036888294,0.651234,951.730176,train,0.8613175018871984,0.8605086138088497,0.8698149144002045,0.8651118057225294
2026-09-12,polygarbor,loso_04,42,/home/ralph/projects/ufsc/viscomp/colorectal_histology_classification/comparison/runs/2026-09-12/loso_04__polygarbor__seed42,19.504554036888294,0.651234,951.730176,val_clean,0.799617503720905,0.7930611144198342,0.8091468025445709,0.8065217391304348
2026-09-12,polygarbor,loso_04,42,/home/ralph/projects/ufsc/viscomp/colorectal_histology_classification/comparison/runs/2026-09-12/loso_04__polygarbor__seed42,19.504554036888294,0.651234,951.730176,test_clean,0.44118658151581847,,0.5696112636315107,0.7769028871391076
2026-09-12,polygarbor,loso_04,43,/home/ralph/projects/ufsc/viscomp/colorectal_histology_classification/comparison/runs/2026-09-12/loso_04__polygarbor__seed43,20.74356385692954,0.651091,951.898112,train,0.8642846611953965,0.8653844296421987,0.8719052448043039,0.8665544602067805
2026-09-12,polygarbor,loso_04,43,/home/ralph/projects/ufsc/viscomp/colorectal_histology_classification/comparison/runs/2026-09-12/loso_04__polygarbor__seed43,20.74356385692954,0.651091,951.898112,val_clean,0.8106839129609139,0.8073451509301954,0.81792231499704,0.8152173913043478
2026-09-12,polygarbor,loso_04,43,/home/ralph/projects/ufsc/viscomp/colorectal_histology_classification/comparison/runs/2026-09-12/loso_04__polygarbor__seed43,20.74356385692954,0.651091,951.898112,test_clean,0.46203841726721573,,0.600224967589415,0.7979002624671916
2026-09-12,resnet18,loso_04,42,/home/ralph/projects/ufsc/viscomp/colorectal_histology_classification/comparison/runs/2026-09-12/loso_04__resnet18__seed42,225.5805916870013,45.011686,3997.630464,train,0.9778029073814856,0.9773496762816543,0.9775741827762651,0.9783601827362347
2026-09-12,resnet18,loso_04,42,/home/ralph/projects/ufsc/viscomp/colorectal_histology_classification/comparison/runs/2026-09-12/loso_04__resnet18__seed42,225.5805916870013,45.011686,3997.630464,val_clean,0.9518964863482323,0.9497011338056245,0.9505458226736903,0.9521739130434783
2026-09-12,resnet18,loso_04,42,/home/ralph/projects/ufsc/viscomp/colorectal_histology_classification/comparison/runs/2026-09-12/loso_04__resnet18__seed42,225.5805916870013,45.011686,3997.630464,test_clean,0.546405471224098,,0.73044062054014,0.7270341207349081
2026-09-12,resnet18,loso_04,43,/home/ralph/projects/ufsc/viscomp/colorectal_histology_classification/comparison/runs/2026-09-12/loso_04__resnet18__seed43,148.55718952906318,45.011686,4002.070528,train,0.9390451977214547,0.9343873177206958,0.9370139089314065,0.9408511661457081
2026-09-12,resnet18,loso_04,43,/home/ralph/projects/ufsc/viscomp/colorectal_histology_classification/comparison/runs/2026-09-12/loso_04__resnet18__seed43,148.55718952906318,45.011686,4002.070528,val_clean,0.9326089068075301,0.9273647810331574,0.9302366838223965,0.9347826086956522
2026-09-12,resnet18,loso_04,43,/home/ralph/projects/ufsc/viscomp/colorectal_histology_classification/comparison/runs/2026-09-12/loso_04__resnet18__seed43,148.55718952906318,45.011686,4002.070528,test_clean,0.532258393080432,,0.7051372138880718,0.7217847769028871
2026-09-12,resnet18_imagenet,loso_04,42,/home/ralph/projects/ufsc/viscomp/colorectal_histology_classification/comparison/runs/2026-09-12/loso_04__resnet18_imagenet__seed42,158.47686198004521,45.011688,4337.70496,train,0.9971419170264417,0.996986831813982,0.9969963261005261,0.997114691031498
2026-09-12,resnet18_imagenet,loso_04,42,/home/ralph/projects/ufsc/viscomp/colorectal_histology_classification/comparison/runs/2026-09-12/loso_04__resnet18_imagenet__seed42,158.47686198004521,45.011688,4337.70496,val_clean,0.9473177249028537,0.9428093526522412,0.9474568111064304,0.9521739130434783
2026-09-12,resnet18_imagenet,loso_04,42,/home/ralph/projects/ufsc/viscomp/colorectal_histology_classification/comparison/runs/2026-09-12/loso_04__resnet18_imagenet__seed42,158.47686198004521,45.011688,4337.70496,test_clean,0.5879276004396864,,0.7951950626967785,0.847769028871391
2026-09-12,resnet18_imagenet,loso_04,43,/home/ralph/projects/ufsc/viscomp/colorectal_histology_classification/comparison/runs/2026-09-12/loso_04__resnet18_imagenet__seed43,172.7056018159492,45.011688,4361.228288,train,0.9876582513175043,0.9878700625511752,0.9880130086372089,0.9879778792979081
2026-09-12,resnet18_imagenet,loso_04,43,/home/ralph/projects/ufsc/viscomp/colorectal_histology_classification/comparison/runs/2026-09-12/loso_04__resnet18_imagenet__seed43,172.7056018159492,45.011688,4361.228288,val_clean,0.9588310563131996,0.9582784611226544,0.9594964616440648,0.9608695652173913
2026-09-12,resnet18_imagenet,loso_04,43,/home/ralph/projects/ufsc/viscomp/colorectal_histology_classification/comparison/runs/2026-09-12/loso_04__resnet18_imagenet__seed43,172.7056018159492,45.011688,4361.228288,test_clean,0.5735854045631259,,0.7590245775729647,0.8608923884514436
2026-09-12,yolo11n,loso_04,42,/home/ralph/projects/ufsc/viscomp/colorectal_histology_classification/comparison/runs/2026-09-12/loso_04__yolo11n__seed42,242.36732665414456,3.20356,3478.872064,train,0.9662410350896135,0.9665100494641238,0.9670345128012012,0.9663380620341429
2026-09-12,yolo11n,loso_04,42,/home/ralph/projects/ufsc/viscomp/colorectal_histology_classification/comparison/runs/2026-09-12/loso_04__yolo11n__seed42,242.36732665414456,3.20356,3478.872064,val_clean,0.9590319819572752,0.9573353650319327,0.9582195808572871,0.9608695652173913
2026-09-12,yolo11n,loso_04,42,/home/ralph/projects/ufsc/viscomp/colorectal_histology_classification/comparison/runs/2026-09-12/loso_04__yolo11n__seed42,242.36732665414456,3.20356,3478.872064,test_clean,0.5730403636573713,,0.7845567648244381,0.8320209973753281
2026-09-12,yolo11n,loso_04,43,/home/ralph/projects/ufsc/viscomp/colorectal_histology_classification/comparison/runs/2026-09-12/loso_04__yolo11n__seed43,273.5888470179634,3.203752,3555.221504,train,0.9667943146534241,0.9667862273036066,0.9671433272871751,0.9672998316903102
2026-09-12,yolo11n,loso_04,43,/home/ralph/projects/ufsc/viscomp/colorectal_histology_classification/comparison/runs/2026-09-12/loso_04__yolo11n__seed43,273.5888470179634,3.203752,3555.221504,val_clean,0.9661891348733237,0.9653776201848268,0.9658584504506926,0.967391304347826
2026-09-12,yolo11n,loso_04,43,/home/ralph/projects/ufsc/viscomp/colorectal_histology_classification/comparison/runs/2026-09-12/loso_04__yolo11n__seed43,273.5888470179634,3.203752,3555.221504,test_clean,0.5780669646523304,,0.8079468575350525,0.8188976377952756
2026-09-12,yolo11n_random,loso_04,42,/home/ralph/projects/ufsc/viscomp/colorectal_histology_classification/comparison/runs/2026-09-12/loso_04__yolo11n_random__seed42,284.6493534729816,3.20401,3558.080512,train,0.8746672476295475,0.8656312261355449,0.8736481702249737,0.8812214474633325
2026-09-12,yolo11n_random,loso_04,42,/home/ralph/projects/ufsc/viscomp/colorectal_histology_classification/comparison/runs/2026-09-12/loso_04__yolo11n_random__seed42,284.6493534729816,3.20401,3558.080512,val_clean,0.8912552952679387,0.8837306913931432,0.889737112555587,0.8978260869565218
2026-09-12,yolo11n_random,loso_04,42,/home/ralph/projects/ufsc/viscomp/colorectal_histology_classification/comparison/runs/2026-09-12/loso_04__yolo11n_random__seed42,284.6493534729816,3.20401,3558.080512,test_clean,0.5187795088638106,,0.717161813249665,0.6745406824146981
2026-09-12,yolo11n_random,loso_04,43,/home/ralph/projects/ufsc/viscomp/colorectal_histology_classification/comparison/runs/2026-09-12/loso_04__yolo11n_random__seed43,663.3293576508295,3.206826,3672.035328,train,0.9380282266175027,0.9357805494230711,0.9377083882265453,0.9401298389035826
2026-09-12,yolo11n_random,loso_04,43,/home/ralph/projects/ufsc/viscomp/colorectal_histology_classification/comparison/runs/2026-09-12/loso_04__yolo11n_random__seed43,663.3293576508295,3.206826,3672.035328,val_clean,0.9272835270402765,0.923364473832115,0.9257612865773006,0.9304347826086956
2026-09-12,yolo11n_random,loso_04,43,/home/ralph/projects/ufsc/viscomp/colorectal_histology_classification/comparison/runs/2026-09-12/loso_04__yolo11n_random__seed43,663.3293576508295,3.206826,3672.035328,test_clean,0.5466399695667005,,0.7270089115490626,0.6955380577427821
2026-09-12,polygarbor,loso_05,42,/home/ralph/projects/ufsc/viscomp/colorectal_histology_classification/comparison/runs/2026-09-12/loso_05__polygarbor__seed42,18.394752318155952,0.650373,934.87104,train,0.8899177926951022,0.8829537237376588,0.8901581887864064,0.8937259923175416
2026-09-12,polygarbor,loso_05,42,/home/ralph/projects/ufsc/viscomp/colorectal_histology_classification/comparison/runs/2026-09-12/loso_05__polygarbor__seed42,18.394752318155952,0.650373,934.87104,val_clean,0.8236547969105941,0.8074094654139113,0.8305531377013171,0.8341013824884793
2026-09-12,polygarbor,loso_05,42,/home/ralph/projects/ufsc/viscomp/colorectal_histology_classification/comparison/runs/2026-09-12/loso_05__polygarbor__seed42,18.394752318155952,0.650373,934.87104,test_clean,0.4784064312442751,,0.6394298442647498,0.6354009077155824
2026-09-12,polygarbor,loso_05,43,/home/ralph/projects/ufsc/viscomp/colorectal_histology_classification/comparison/runs/2026-09-12/loso_05__polygarbor__seed43,18.12908119603526,0.650359,935.15776,train,0.8934958684151215,0.887314010613249,0.8932584382559154,0.8962868117797695
2026-09-12,polygarbor,loso_05,43,/home/ralph/projects/ufsc/viscomp/colorectal_histology_classification/comparison/runs/2026-09-12/loso_05__polygarbor__seed43,18.12908119603526,0.650359,935.15776,val_clean,0.8159747604886131,0.8013679261630159,0.8205197322175692,0.8248847926267281
2026-09-12,polygarbor,loso_05,43,/home/ralph/projects/ufsc/viscomp/colorectal_histology_classification/comparison/runs/2026-09-12/loso_05__polygarbor__seed43,18.12908119603526,0.650359,935.15776,test_clean,0.4810945559538034,,0.6473374867987579,0.6308623298033282
2026-09-12,resnet18,loso_05,42,/home/ralph/projects/ufsc/viscomp/colorectal_histology_classification/comparison/runs/2026-09-12/loso_05__resnet18__seed42,290.8979955279501,45.011686,3966.492672,train,0.9898513007212356,0.989636291034376,0.9896563998727469,0.9897567221510883
2026-09-12,resnet18,loso_05,42,/home/ralph/projects/ufsc/viscomp/colorectal_histology_classification/comparison/runs/2026-09-12/loso_05__resnet18__seed42,290.8979955279501,45.011686,3966.492672,val_clean,0.9579766965386495,0.9567256503850604,0.9575111252758253,0.956221198156682
2026-09-12,resnet18,loso_05,42,/home/ralph/projects/ufsc/viscomp/colorectal_histology_classification/comparison/runs/2026-09-12/loso_05__resnet18__seed42,290.8979955279501,45.011686,3966.492672,test_clean,0.606013753032298,,0.7387747736742275,0.7791225416036308
2026-09-12,resnet18,loso_05,43,/home/ralph/projects/ufsc/viscomp/colorectal_histology_classification/comparison/runs/2026-09-12/loso_05__resnet18__seed43,157.28840293816756,45.011686,3955.929088,train,0.9425339312805459,0.9395296301266794,0.9405063235672306,0.9416133162612036
2026-09-12,resnet18,loso_05,43,/home/ralph/projects/ufsc/viscomp/colorectal_histology_classification/comparison/runs/2026-09-12/loso_05__resnet18__seed43,157.28840293816756,45.011686,3955.929088,val_clean,0.9310429977509613,0.9268796489328812,0.92816176718693,0.9285714285714286
2026-09-12,resnet18,loso_05,43,/home/ralph/projects/ufsc/viscomp/colorectal_histology_classification/comparison/runs/2026-09-12/loso_05__resnet18__seed43,157.28840293816756,45.011686,3955.929088,test_clean,0.6296555360859919,,0.7644621249139619,0.762481089258699
2026-09-12,resnet18_imagenet,loso_05,42,/home/ralph/projects/ufsc/viscomp/colorectal_histology_classification/comparison/runs/2026-09-12/loso_05__resnet18_imagenet__seed42,96.22918385791127,45.011688,4333.776896,train,0.9517299169295972,0.949829735333313,0.9518440386115906,0.9513444302176697
2026-09-12,resnet18_imagenet,loso_05,42,/home/ralph/projects/ufsc/viscomp/colorectal_histology_classification/comparison/runs/2026-09-12/loso_05__resnet18_imagenet__seed42,96.22918385791127,45.011688,4333.776896,val_clean,0.9396355095277211,0.936679820865377,0.9399148157638155,0.9377880184331797
2026-09-12,resnet18_imagenet,loso_05,42,/home/ralph/projects/ufsc/viscomp/colorectal_histology_classification/comparison/runs/2026-09-12/loso_05__resnet18_imagenet__seed42,96.22918385791127,45.011688,4333.776896,test_clean,0.6095869366737445,,0.7257953584170068,0.7745839636913767
2026-09-12,resnet18_imagenet,loso_05,43,/home/ralph/projects/ufsc/viscomp/colorectal_histology_classification/comparison/runs/2026-09-12/loso_05__resnet18_imagenet__seed43,78.71794140792917,45.011688,4334.616576,train,0.8888334541076995,0.8851768711615604,0.8951934237972755,0.8893725992317542
2026-09-12,resnet18_imagenet,loso_05,43,/home/ralph/projects/ufsc/viscomp/colorectal_histology_classification/comparison/runs/2026-09-12/loso_05__resnet18_imagenet__seed43,78.71794140792917,45.011688,4334.616576,val_clean,0.8805679457037214,0.8775264799899681,0.8866421098491442,0.880184331797235
2026-09-12,resnet18_imagenet,loso_05,43,/home/ralph/projects/ufsc/viscomp/colorectal_histology_classification/comparison/runs/2026-09-12/loso_05__resnet18_imagenet__seed43,78.71794140792917,45.011688,4334.616576,test_clean,0.6436867410535125,,0.7041242387940502,0.794251134644478
2026-09-12,yolo11n,loso_05,42,/home/ralph/projects/ufsc/viscomp/colorectal_histology_classification/comparison/runs/2026-09-12/loso_05__yolo11n__seed42,234.73986293701455,3.203752,3581.48096,train,0.966586972540014,0.9648442278063234,0.9653924155133808,0.9669654289372599
2026-09-12,yolo11n,loso_05,42,/home/ralph/projects/ufsc/viscomp/colorectal_histology_classification/comparison/runs/2026-09-12/loso_05__yolo11n__seed42,234.73986293701455,3.203752,3581.48096,val_clean,0.9595688700561825,0.957572406867508,0.9581994781023361,0.9585253456221198
2026-09-12,yolo11n,loso_05,42,/home/ralph/projects/ufsc/viscomp/colorectal_histology_classification/comparison/runs/2026-09-12/loso_05__yolo11n__seed42,234.73986293701455,3.203752,3581.48096,test_clean,0.6211656566975108,,0.7678568473069465,0.7443267776096822
2026-09-12,yolo11n,loso_05,43,/home/ralph/projects/ufsc/viscomp/colorectal_histology_classification/comparison/runs/2026-09-12/loso_05__yolo11n__seed43,221.70692360808607,3.203624,3565.060096,train,0.960392581308918,0.9602749313578419,0.9609374783105895,0.9603072983354674
2026-09-12,yolo11n,loso_05,43,/home/ralph/projects/ufsc/viscomp/colorectal_histology_classification/comparison/runs/2026-09-12/loso_05__yolo11n__seed43,221.70692360808607,3.203624,3565.060096,val_clean,0.9500797186045595,0.9501670862070235,0.951120574211356,0.9493087557603687
2026-09-12,yolo11n,loso_05,43,/home/ralph/projects/ufsc/viscomp/colorectal_histology_classification/comparison/runs/2026-09-12/loso_05__yolo11n__seed43,221.70692360808607,3.203624,3565.060096,test_clean,0.6799249151004556,,0.8292356612180346,0.8456883509833586
2026-09-12,yolo11n_random,loso_05,42,/home/ralph/projects/ufsc/viscomp/colorectal_histology_classification/comparison/runs/2026-09-12/loso_05__yolo11n_random__seed42,501.0124358100584,3.20593,3652.534272,train,0.9359441901119678,0.9348903142306048,0.9356321871959916,0.9346991037131882
2026-09-12,yolo11n_random,loso_05,42,/home/ralph/projects/ufsc/viscomp/colorectal_histology_classification/comparison/runs/2026-09-12/loso_05__yolo11n_random__seed42,501.0124358100584,3.20593,3652.534272,val_clean,0.9235782399958072,0.921865190729195,0.9239053736093313,0.9216589861751152
2026-09-12,yolo11n_random,loso_05,42,/home/ralph/projects/ufsc/viscomp/colorectal_histology_classification/comparison/runs/2026-09-12/loso_05__yolo11n_random__seed42,501.0124358100584,3.20593,3652.534272,test_clean,0.6244666833070016,,0.7658538379491705,0.7776096822995462
2026-09-12,yolo11n_random,loso_05,43,/home/ralph/projects/ufsc/viscomp/colorectal_histology_classification/comparison/runs/2026-09-12/loso_05__yolo11n_random__seed43,356.64498997910414,3.204714,3648.630784,train,0.918458617300542,0.9160782961721824,0.917826349572304,0.91651728553137
2026-09-12,yolo11n_random,loso_05,43,/home/ralph/projects/ufsc/viscomp/colorectal_histology_classification/comparison/runs/2026-09-12/loso_05__yolo11n_random__seed43,356.64498997910414,3.204714,3648.630784,val_clean,0.9145119959631377,0.9121715168765917,0.9150106659331243,0.9124423963133641
2026-09-12,yolo11n_random,loso_05,43,/home/ralph/projects/ufsc/viscomp/colorectal_histology_classification/comparison/runs/2026-09-12/loso_05__yolo11n_random__seed43,356.64498997910414,3.204714,3648.630784,test_clean,0.5798348160891614,,0.6810476794712148,0.7397881996974282
2026-09-12,polygarbor,loso_06,42,/home/ralph/projects/ufsc/viscomp/colorectal_histology_classification/comparison/runs/2026-09-12/loso_06__polygarbor__seed42,16.32147294608876,0.57949,910.52032,train,0.8869053845998374,0.8726555491434602,0.8765221481292874,0.8843441466854725
2026-09-12,polygarbor,loso_06,42,/home/ralph/projects/ufsc/viscomp/colorectal_histology_classification/comparison/runs/2026-09-12/loso_06__polygarbor__seed42,16.32147294608876,0.57949,910.52032,val_clean,0.8141457333867711,0.7781328360222601,0.7938646876135725,0.8350253807106599
2026-09-12,polygarbor,loso_06,42,/home/ralph/projects/ufsc/viscomp/colorectal_histology_classification/comparison/runs/2026-09-12/loso_06__polygarbor__seed42,16.32147294608876,0.57949,910.52032,test_clean,0.4632885483833392,0.37657174867951027,0.6471999207057191,0.31479736098020733
2026-09-12,polygarbor,loso_06,43,/home/ralph/projects/ufsc/viscomp/colorectal_histology_classification/comparison/runs/2026-09-12/loso_06__polygarbor__seed43,16.802058409084566,0.579535,910.495744,train,0.840562827280543,0.7951555344190824,0.8193441386972747,0.8755994358251058
2026-09-12,polygarbor,loso_06,43,/home/ralph/projects/ufsc/viscomp/colorectal_histology_classification/comparison/runs/2026-09-12/loso_06__polygarbor__seed43,16.802058409084566,0.579535,910.495744,val_clean,0.7697577005165812,0.7032527757164048,0.7528863944229689,0.8223350253807107
2026-09-12,polygarbor,loso_06,43,/home/ralph/projects/ufsc/viscomp/colorectal_histology_classification/comparison/runs/2026-09-12/loso_06__polygarbor__seed43,16.802058409084566,0.579535,910.495744,test_clean,0.4644839302866296,0.0,0.6632797270955166,0.3100848256361923
2026-09-12,resnet18,loso_06,42,/home/ralph/projects/ufsc/viscomp/colorectal_histology_classification/comparison/runs/2026-09-12/loso_06__resnet18__seed42,223.63663837197237,45.011686,3775.381504,train,0.9677390783423172,0.974012805641803,0.9742050563117441,0.979407616361072
2026-09-12,resnet18,loso_06,42,/home/ralph/projects/ufsc/viscomp/colorectal_histology_classification/comparison/runs/2026-09-12/loso_06__resnet18__seed42,223.63663837197237,45.011686,3775.381504,val_clean,0.9198804137111245,0.9496062577420893,0.9507346697723593,0.9441624365482234
2026-09-12,resnet18,loso_06,42,/home/ralph/projects/ufsc/viscomp/colorectal_histology_classification/comparison/runs/2026-09-12/loso_06__resnet18__seed42,223.63663837197237,45.011686,3775.381504,test_clean,0.809884876806372,0.8759265350985861,0.8880207456927915,0.8011310084825636
2026-09-12,resnet18,loso_06,43,/home/ralph/projects/ufsc/viscomp/colorectal_histology_classification/comparison/runs/2026-09-12/loso_06__resnet18__seed43,100.6547328629531,45.011686,3765.850112,train,0.7481327754866762,0.0,0.7535663299138493,0.8496473906911143
2026-09-12,resnet18,loso_06,43,/home/ralph/projects/ufsc/viscomp/colorectal_histology_classification/comparison/runs/2026-09-12/loso_06__resnet18__seed43,100.6547328629531,45.011686,3765.850112,val_clean,0.7567947774274513,0.0,0.7658517114348962,0.8604060913705583
2026-09-12,resnet18,loso_06,43,/home/ralph/projects/ufsc/viscomp/colorectal_histology_classification/comparison/runs/2026-09-12/loso_06__resnet18__seed43,100.6547328629531,45.011686,3765.850112,test_clean,0.6561743356141376,0.0,0.7782646822158755,0.40245051837888784
2026-09-12,resnet18_imagenet,loso_06,42,/home/ralph/projects/ufsc/viscomp/colorectal_histology_classification/comparison/runs/2026-09-12/loso_06__resnet18_imagenet__seed42,127.62975683202967,45.011688,4157.841408,train,0.9884285654814287,0.9956147632162275,0.9956328642398,0.9949224259520452
2026-09-12,resnet18_imagenet,loso_06,42,/home/ralph/projects/ufsc/viscomp/colorectal_histology_classification/comparison/runs/2026-09-12/loso_06__resnet18_imagenet__seed42,127.62975683202967,45.011688,4157.841408,val_clean,0.9462038531628868,0.9685144985988997,0.9688669590643275,0.9644670050761421
2026-09-12,resnet18_imagenet,loso_06,42,/home/ralph/projects/ufsc/viscomp/colorectal_histology_classification/comparison/runs/2026-09-12/loso_06__resnet18_imagenet__seed42,127.62975683202967,45.011688,4157.841408,test_clean,0.8546148740819599,0.8986009369060736,0.9099582658140994,0.9095193213949104
2026-09-12,resnet18_imagenet,loso_06,43,/home/ralph/projects/ufsc/viscomp/colorectal_histology_classification/comparison/runs/2026-09-12/loso_06__resnet18_imagenet__seed43,163.2857247699285,45.011688,4129.492992,train,0.9918611793611793,0.9988745001078517,0.9988789237668161,0.9988716502115655
2026-09-12,resnet18_imagenet,loso_06,43,/home/ralph/projects/ufsc/viscomp/colorectal_histology_classification/comparison/runs/2026-09-12/loso_06__resnet18_imagenet__seed43,163.2857247699285,45.011688,4129.492992,val_clean,0.945810852827714,0.9677292408616437,0.968391812865497,0.9644670050761421
2026-09-12,resnet18_imagenet,loso_06,43,/home/ralph/projects/ufsc/viscomp/colorectal_histology_classification/comparison/runs/2026-09-12/loso_06__resnet18_imagenet__seed43,163.2857247699285,45.011688,4129.492992,test_clean,0.8737485898834073,0.9129832559069652,0.9173577351494182,0.8963242224316682
2026-09-12,yolo11n,loso_06,42,/home/ralph/projects/ufsc/viscomp/colorectal_histology_classification/comparison/runs/2026-09-12/loso_06__yolo11n__seed42,275.9026141690556,3.2042,3464.572928,train,0.9693825387876801,0.9708414523666383,0.9710797254080659,0.9754583921015515
2026-09-12,yolo11n,loso_06,42,/home/ralph/projects/ufsc/viscomp/colorectal_histology_classification/comparison/runs/2026-09-12/loso_06__yolo11n__seed42,275.9026141690556,3.2042,3464.572928,val_clean,0.9411065571710111,0.9524775000356986,0.9535782370238213,0.9467005076142132
2026-09-12,yolo11n,loso_06,42,/home/ralph/projects/ufsc/viscomp/colorectal_histology_classification/comparison/runs/2026-09-12/loso_06__yolo11n__seed42,275.9026141690556,3.2042,3464.572928,test_clean,0.813783761713112,0.8801160947001921,0.8902234334385212,0.823751178133836
2026-09-12,yolo11n,loso_06,43,/home/ralph/projects/ufsc/viscomp/colorectal_histology_classification/comparison/runs/2026-09-12/loso_06__yolo11n__seed43,232.6751862030942,3.20388,3437.891584,train,0.9483188045429876,0.9460944954056444,0.9479003463323075,0.9588152327221439
2026-09-12,yolo11n,loso_06,43,/home/ralph/projects/ufsc/viscomp/colorectal_histology_classification/comparison/runs/2026-09-12/loso_06__yolo11n__seed43,232.6751862030942,3.20388,3437.891584,val_clean,0.950840799038301,0.9612225062423034,0.9635940545808968,0.9593908629441624
2026-09-12,yolo11n,loso_06,43,/home/ralph/projects/ufsc/viscomp/colorectal_histology_classification/comparison/runs/2026-09-12/loso_06__yolo11n__seed43,232.6751862030942,3.20388,3437.891584,test_clean,0.7614870977863333,0.8342913628536588,0.8542067940292636,0.8284637134778511
2026-09-12,yolo11n_random,loso_06,42,/home/ralph/projects/ufsc/viscomp/colorectal_histology_classification/comparison/runs/2026-09-12/loso_06__yolo11n_random__seed42,454.097658448969,3.205738,3484.557312,train,0.9180315722251855,0.918962007665513,0.9217451922201976,0.9193229901269393
2026-09-12,yolo11n_random,loso_06,42,/home/ralph/projects/ufsc/viscomp/colorectal_histology_classification/comparison/runs/2026-09-12/loso_06__yolo11n_random__seed42,454.097658448969,3.205738,3484.557312,val_clean,0.9082012029792509,0.9287318170267395,0.9308565434301385,0.9213197969543148
2026-09-12,yolo11n_random,loso_06,42,/home/ralph/projects/ufsc/viscomp/colorectal_histology_classification/comparison/runs/2026-09-12/loso_06__yolo11n_random__seed42,454.097658448969,3.205738,3484.557312,test_clean,0.7804352616312483,0.8453137251466617,0.8648706910627202,0.8737040527803959
2026-09-12,yolo11n_random,loso_06,43,/home/ralph/projects/ufsc/viscomp/colorectal_histology_classification/comparison/runs/2026-09-12/loso_06__yolo11n_random__seed43,278.5913735360373,3.204202,3483.119616,train,0.8673452923137227,0.8694005555029314,0.8714337846193458,0.870521861777151
2026-09-12,yolo11n_random,loso_06,43,/home/ralph/projects/ufsc/viscomp/colorectal_histology_classification/comparison/runs/2026-09-12/loso_06__yolo11n_random__seed43,278.5913735360373,3.204202,3483.119616,val_clean,0.8315303812348862,0.8490414994781654,0.8554471867049922,0.868020304568528
2026-09-12,yolo11n_random,loso_06,43,/home/ralph/projects/ufsc/viscomp/colorectal_histology_classification/comparison/runs/2026-09-12/loso_06__yolo11n_random__seed43,278.5913735360373,3.204202,3483.119616,test_clean,0.8311420325018712,0.8904749756020435,0.8988553112761539,0.9019792648444863
2026-09-12,polygarbor,loso_07,42,/home/ralph/projects/ufsc/viscomp/colorectal_histology_classification/comparison/runs/2026-09-12/loso_07__polygarbor__seed42,19.406898241024464,0.651202,944.164864,train,0.89283624829124,0.8891199298919946,0.8942363161002955,0.8957252285643686
2026-09-12,polygarbor,loso_07,42,/home/ralph/projects/ufsc/viscomp/colorectal_histology_classification/comparison/runs/2026-09-12/loso_07__polygarbor__seed42,19.406898241024464,0.651202,944.164864,val_clean,0.8520961117693928,0.8449331779002792,0.8546062339377279,0.8577777777777778
2026-09-12,polygarbor,loso_07,42,/home/ralph/projects/ufsc/viscomp/colorectal_histology_classification/comparison/runs/2026-09-12/loso_07__polygarbor__seed42,19.406898241024464,0.651202,944.164864,test_clean,0.45718082876026256,,0.6251793506654926,0.6063618290258449
2026-09-12,polygarbor,loso_07,43,/home/ralph/projects/ufsc/viscomp/colorectal_histology_classification/comparison/runs/2026-09-12/loso_07__polygarbor__seed43,20.193942758021876,0.651047,923.332608,train,0.8903485217284717,0.8877500487527008,0.8919248367535413,0.8927600691870521
2026-09-12,polygarbor,loso_07,43,/home/ralph/projects/ufsc/viscomp/colorectal_histology_classification/comparison/runs/2026-09-12/loso_07__polygarbor__seed43,20.193942758021876,0.651047,923.332608,val_clean,0.856164163357164,0.8512395590144645,0.857412979949058,0.86
2026-09-12,polygarbor,loso_07,43,/home/ralph/projects/ufsc/viscomp/colorectal_histology_classification/comparison/runs/2026-09-12/loso_07__polygarbor__seed43,20.193942758021876,0.651047,923.332608,test_clean,0.4527281062234159,,0.6181042045113954,0.5984095427435387
2026-09-12,resnet18,loso_07,42,/home/ralph/projects/ufsc/viscomp/colorectal_histology_classification/comparison/runs/2026-09-12/loso_07__resnet18__seed42,265.85517835908104,45.011686,3966.81216,train,0.9938434521281581,0.9935343855927301,0.9935724877376159,0.9938225846305906
2026-09-12,resnet18,loso_07,42,/home/ralph/projects/ufsc/viscomp/colorectal_histology_classification/comparison/runs/2026-09-12/loso_07__resnet18__seed42,265.85517835908104,45.011686,3966.81216,val_clean,0.9489755384349614,0.9469391346674848,0.9476281245636085,0.9488888888888889
2026-09-12,resnet18,loso_07,42,/home/ralph/projects/ufsc/viscomp/colorectal_histology_classification/comparison/runs/2026-09-12/loso_07__resnet18__seed42,265.85517835908104,45.011686,3966.81216,test_clean,0.6218611980843076,,0.7577006594261811,0.7713717693836978
2026-09-12,resnet18,loso_07,43,/home/ralph/projects/ufsc/viscomp/colorectal_histology_classification/comparison/runs/2026-09-12/loso_07__resnet18__seed43,180.48103101202287,45.011686,3953.680384,train,0.9773555674066414,0.9768296289756022,0.9771989727952806,0.9775142080553496
2026-09-12,resnet18,loso_07,43,/home/ralph/projects/ufsc/viscomp/colorectal_histology_classification/comparison/runs/2026-09-12/loso_07__resnet18__seed43,180.48103101202287,45.011686,3953.680384,val_clean,0.9268267924445702,0.9236788522871145,0.9250123205333307,0.9266666666666666
2026-09-12,resnet18,loso_07,43,/home/ralph/projects/ufsc/viscomp/colorectal_histology_classification/comparison/runs/2026-09-12/loso_07__resnet18__seed43,180.48103101202287,45.011686,3953.680384,test_clean,0.6267743582080507,,0.7392170044728822,0.7534791252485089
2026-09-12,resnet18_imagenet,loso_07,42,/home/ralph/projects/ufsc/viscomp/colorectal_histology_classification/comparison/runs/2026-09-12/loso_07__resnet18_imagenet__seed42,159.1686434141593,45.011688,4313.264128,train,0.9975665495430277,0.9974992853341027,0.9975059834739515,0.9975290338522362
2026-09-12,resnet18_imagenet,loso_07,42,/home/ralph/projects/ufsc/viscomp/colorectal_histology_classification/comparison/runs/2026-09-12/loso_07__resnet18_imagenet__seed42,159.1686434141593,45.011688,4313.264128,val_clean,0.9562185537841199,0.9549931831420313,0.95564282417105,0.9555555555555556
2026-09-12,resnet18_imagenet,loso_07,42,/home/ralph/projects/ufsc/viscomp/colorectal_histology_classification/comparison/runs/2026-09-12/loso_07__resnet18_imagenet__seed42,159.1686434141593,45.011688,4313.264128,test_clean,0.6334879896290873,,0.7732420751753203,0.7932405566600398
2026-09-12,resnet18_imagenet,loso_07,43,/home/ralph/projects/ufsc/viscomp/colorectal_histology_classification/comparison/runs/2026-09-12/loso_07__resnet18_imagenet__seed43,173.93252649100032,45.011688,4328.0384,train,1.0,1.0,1.0,1.0
2026-09-12,resnet18_imagenet,loso_07,43,/home/ralph/projects/ufsc/viscomp/colorectal_histology_classification/comparison/runs/2026-09-12/loso_07__resnet18_imagenet__seed43,173.93252649100032,45.011688,4328.0384,val_clean,0.955830401627159,0.9538722677954475,0.9549627806482646,0.9555555555555556
2026-09-12,resnet18_imagenet,loso_07,43,/home/ralph/projects/ufsc/viscomp/colorectal_histology_classification/comparison/runs/2026-09-12/loso_07__resnet18_imagenet__seed43,173.93252649100032,45.011688,4328.0384,test_clean,0.6609329052271931,,0.7760402360421323,0.7932405566600398
2026-09-12,yolo11n,loso_07,42,/home/ralph/projects/ufsc/viscomp/colorectal_histology_classification/comparison/runs/2026-09-12/loso_07__yolo11n__seed42,297.6596125131473,3.203944,3550.416896,train,0.9756729477643559,0.9757565387444912,0.9759994562596748,0.9755374351371386
2026-09-12,yolo11n,loso_07,42,/home/ralph/projects/ufsc/viscomp/colorectal_histology_classification/comparison/runs/2026-09-12/loso_07__yolo11n__seed42,297.6596125131473,3.203944,3550.416896,val_clean,0.9585975148750232,0.957068523816761,0.9574806757648439,0.9577777777777777
2026-09-12,yolo11n,loso_07,42,/home/ralph/projects/ufsc/viscomp/colorectal_histology_classification/comparison/runs/2026-09-12/loso_07__yolo11n__seed42,297.6596125131473,3.203944,3550.416896,test_clean,0.5868680747485031,,0.7486806367082072,0.7614314115308151
2026-09-12,yolo11n,loso_07,43,/home/ralph/projects/ufsc/viscomp/colorectal_histology_classification/comparison/runs/2026-09-12/loso_07__yolo11n__seed43,162.30759354494512,3.203112,3480.977408,train,0.9490548194015714,0.9474210014851686,0.9485495469612235,0.9493451939708426
2026-09-12,yolo11n,loso_07,43,/home/ralph/projects/ufsc/viscomp/colorectal_histology_classification/comparison/runs/2026-09-12/loso_07__yolo11n__seed43,162.30759354494512,3.203112,3480.977408,val_clean,0.9497997246782286,0.9476978668601749,0.9484273448365129,0.9488888888888889
2026-09-12,yolo11n,loso_07,43,/home/ralph/projects/ufsc/viscomp/colorectal_histology_classification/comparison/runs/2026-09-12/loso_07__yolo11n__seed43,162.30759354494512,3.203112,3480.977408,test_clean,0.5910710661521275,,0.7410951631565872,0.7554671968190855
2026-09-12,yolo11n_random,loso_07,42,/home/ralph/projects/ufsc/viscomp/colorectal_histology_classification/comparison/runs/2026-09-12/loso_07__yolo11n_random__seed42,819.5384013421135,3.208234,3733.336064,train,0.957791822725153,0.9568419808130906,0.9574770863398265,0.9579935754880158
2026-09-12,yolo11n_random,loso_07,42,/home/ralph/projects/ufsc/viscomp/colorectal_histology_classification/comparison/runs/2026-09-12/loso_07__yolo11n_random__seed42,819.5384013421135,3.208234,3733.336064,val_clean,0.9449308846272165,0.9423366315937638,0.9432069798559612,0.9444444444444444
2026-09-12,yolo11n_random,loso_07,42,/home/ralph/projects/ufsc/viscomp/colorectal_histology_classification/comparison/runs/2026-09-12/loso_07__yolo11n_random__seed42,819.5384013421135,3.208234,3733.336064,test_clean,0.6551788093154559,,0.779608462383932,0.7972166998011928
2026-09-12,yolo11n_random,loso_07,43,/home/ralph/projects/ufsc/viscomp/colorectal_histology_classification/comparison/runs/2026-09-12/loso_07__yolo11n_random__seed43,420.07666734198574,3.205098,3592.41728,train,0.9213433586304378,0.9200648873380093,0.9211560801975968,0.9211761798863356
2026-09-12,yolo11n_random,loso_07,43,/home/ralph/projects/ufsc/viscomp/colorectal_histology_classification/comparison/runs/2026-09-12/loso_07__yolo11n_random__seed43,420.07666734198574,3.205098,3592.41728,val_clean,0.914303180912258,0.9115622064593896,0.9126346765618837,0.9133333333333333
2026-09-12,yolo11n_random,loso_07,43,/home/ralph/projects/ufsc/viscomp/colorectal_histology_classification/comparison/runs/2026-09-12/loso_07__yolo11n_random__seed43,420.07666734198574,3.205098,3592.41728,test_clean,0.6741732884135254,,0.800945466914454,0.8170974155069582
2026-09-12,polygarbor,loso_08,42,/home/ralph/projects/ufsc/viscomp/colorectal_histology_classification/comparison/runs/2026-09-12/loso_08__polygarbor__seed42,19.8244026908651,0.650996,954.056704,train,0.8846507128748675,0.8845916615314646,0.8896058872502342,0.8889424235124066
2026-09-12,polygarbor,loso_08,42,/home/ralph/projects/ufsc/viscomp/colorectal_histology_classification/comparison/runs/2026-09-12/loso_08__polygarbor__seed42,19.8244026908651,0.650996,954.056704,val_clean,0.8385923630968962,0.8367621635219195,0.8454462208388355,0.8434782608695652
2026-09-12,polygarbor,loso_08,42,/home/ralph/projects/ufsc/viscomp/colorectal_histology_classification/comparison/runs/2026-09-12/loso_08__polygarbor__seed42,19.8244026908651,0.650996,954.056704,test_clean,0.5178504420404372,,0.8062958728720758,0.7326478149100257
2026-09-12,polygarbor,loso_08,43,/home/ralph/projects/ufsc/viscomp/colorectal_histology_classification/comparison/runs/2026-09-12/loso_08__polygarbor__seed43,18.97880912409164,0.650897,951.31648,train,0.88895545098791,0.8886437392235462,0.8931636315443332,0.8930378222115153
2026-09-12,polygarbor,loso_08,43,/home/ralph/projects/ufsc/viscomp/colorectal_histology_classification/comparison/runs/2026-09-12/loso_08__polygarbor__seed43,18.97880912409164,0.650897,951.31648,val_clean,0.8405283866435909,0.8381914182400447,0.8458272462852555,0.8456521739130435
2026-09-12,polygarbor,loso_08,43,/home/ralph/projects/ufsc/viscomp/colorectal_histology_classification/comparison/runs/2026-09-12/loso_08__polygarbor__seed43,18.97880912409164,0.650897,951.31648,test_clean,0.47529779236418684,,0.7771346503745162,0.6786632390745502
2026-09-12,resnet18,loso_08,42,/home/ralph/projects/ufsc/viscomp/colorectal_histology_classification/comparison/runs/2026-09-12/loso_08__resnet18__seed42,254.0518837160198,45.011686,3989.471232,train,0.9900792724736742,0.9902025953668273,0.9902764065450879,0.9898819561551433
2026-09-12,resnet18,loso_08,42,/home/ralph/projects/ufsc/viscomp/colorectal_histology_classification/comparison/runs/2026-09-12/loso_08__resnet18__seed42,254.0518837160198,45.011686,3989.471232,val_clean,0.9628683346963274,0.9614168780353055,0.9617506350271778,0.9608695652173913
2026-09-12,resnet18,loso_08,42,/home/ralph/projects/ufsc/viscomp/colorectal_histology_classification/comparison/runs/2026-09-12/loso_08__resnet18__seed42,254.0518837160198,45.011686,3989.471232,test_clean,0.4514617651679615,,0.7690422639391007,0.4704370179948586
2026-09-12,resnet18,loso_08,43,/home/ralph/projects/ufsc/viscomp/colorectal_histology_classification/comparison/runs/2026-09-12/loso_08__resnet18__seed43,154.3669234039262,45.011686,4003.90144,train,0.9606062386310228,0.9588251281036173,0.9591997101911095,0.9602505420380631
2026-09-12,resnet18,loso_08,43,/home/ralph/projects/ufsc/viscomp/colorectal_histology_classification/comparison/runs/2026-09-12/loso_08__resnet18__seed43,154.3669234039262,45.011686,4003.90144,val_clean,0.9207658372449945,0.9175385283230434,0.9191238599123465,0.9195652173913044
2026-09-12,resnet18,loso_08,43,/home/ralph/projects/ufsc/viscomp/colorectal_histology_classification/comparison/runs/2026-09-12/loso_08__resnet18__seed43,154.3669234039262,45.011686,4003.90144,test_clean,0.45567569770223737,,0.7604268196455095,0.4781491002570694
2026-09-12,resnet18_imagenet,loso_08,42,/home/ralph/projects/ufsc/viscomp/colorectal_histology_classification/comparison/runs/2026-09-12/loso_08__resnet18_imagenet__seed42,146.30587355210446,45.011688,4359.294976,train,0.988998878163386,0.9888600342765411,0.988880903629885,0.9889183329318236
2026-09-12,resnet18_imagenet,loso_08,42,/home/ralph/projects/ufsc/viscomp/colorectal_histology_classification/comparison/runs/2026-09-12/loso_08__resnet18_imagenet__seed42,146.30587355210446,45.011688,4359.294976,val_clean,0.9567410912136878,0.9552998661001967,0.9560341474257453,0.9565217391304348
2026-09-12,resnet18_imagenet,loso_08,42,/home/ralph/projects/ufsc/viscomp/colorectal_histology_classification/comparison/runs/2026-09-12/loso_08__resnet18_imagenet__seed42,146.30587355210446,45.011688,4359.294976,test_clean,0.466872948080008,,0.7908089093631677,0.493573264781491
2026-09-12,resnet18_imagenet,loso_08,43,/home/ralph/projects/ufsc/viscomp/colorectal_histology_classification/comparison/runs/2026-09-12/loso_08__resnet18_imagenet__seed43,132.6979057759745,45.011688,4371.554304,train,0.9953123754672831,0.9954201979622631,0.995430830255631,0.9951818838834016
2026-09-12,resnet18_imagenet,loso_08,43,/home/ralph/projects/ufsc/viscomp/colorectal_histology_classification/comparison/runs/2026-09-12/loso_08__resnet18_imagenet__seed43,132.6979057759745,45.011688,4371.554304,val_clean,0.9789231305011665,0.9780483217310888,0.9782581336123505,0.9782608695652174
2026-09-12,resnet18_imagenet,loso_08,43,/home/ralph/projects/ufsc/viscomp/colorectal_histology_classification/comparison/runs/2026-09-12/loso_08__resnet18_imagenet__seed43,132.6979057759745,45.011688,4371.554304,test_clean,0.4653457209683557,,0.7708999754645965,0.4730077120822622
2026-09-12,yolo11n,loso_08,42,/home/ralph/projects/ufsc/viscomp/colorectal_histology_classification/comparison/runs/2026-09-12/loso_08__yolo11n__seed42,318.7406559039373,3.204072,3590.475776,train,0.9748122558379547,0.9742220354510714,0.9747780623552142,0.9742230787761985
2026-09-12,yolo11n,loso_08,42,/home/ralph/projects/ufsc/viscomp/colorectal_histology_classification/comparison/runs/2026-09-12/loso_08__yolo11n__seed42,318.7406559039373,3.204072,3590.475776,val_clean,0.9662679130662102,0.9654265501131395,0.965782893091694,0.9652173913043478
2026-09-12,yolo11n,loso_08,42,/home/ralph/projects/ufsc/viscomp/colorectal_histology_classification/comparison/runs/2026-09-12/loso_08__yolo11n__seed42,318.7406559039373,3.204072,3590.475776,test_clean,0.4434623891410614,,0.7631639747996108,0.5038560411311054
2026-09-12,yolo11n,loso_08,43,/home/ralph/projects/ufsc/viscomp/colorectal_histology_classification/comparison/runs/2026-09-12/loso_08__yolo11n__seed43,476.44899848208297,3.20548,3602.264064,train,0.9862060877966081,0.9859272875856212,0.9860372986411425,0.9860274632618646
2026-09-12,yolo11n,loso_08,43,/home/ralph/projects/ufsc/viscomp/colorectal_histology_classification/comparison/runs/2026-09-12/loso_08__yolo11n__seed43,476.44899848208297,3.20548,3602.264064,val_clean,0.9827015284627735,0.9819525746741689,0.9821807425540596,0.9826086956521739
2026-09-12,yolo11n,loso_08,43,/home/ralph/projects/ufsc/viscomp/colorectal_histology_classification/comparison/runs/2026-09-12/loso_08__yolo11n__seed43,476.44899848208297,3.20548,3602.264064,test_clean,0.44294089496599093,,0.7596091923836646,0.46786632390745503
2026-09-12,yolo11n_random,loso_08,42,/home/ralph/projects/ufsc/viscomp/colorectal_histology_classification/comparison/runs/2026-09-12/loso_08__yolo11n_random__seed42,258.22824783506803,3.203754,3518.885888,train,0.8709910027418258,0.8639719419042913,0.8690915245859006,0.8735244519392917
2026-09-12,yolo11n_random,loso_08,42,/home/ralph/projects/ufsc/viscomp/colorectal_histology_classification/comparison/runs/2026-09-12/loso_08__yolo11n_random__seed42,258.22824783506803,3.203754,3518.885888,val_clean,0.8902852134109291,0.883172294622782,0.8880899318396851,0.8934782608695652
2026-09-12,yolo11n_random,loso_08,42,/home/ralph/projects/ufsc/viscomp/colorectal_histology_classification/comparison/runs/2026-09-12/loso_08__yolo11n_random__seed42,258.22824783506803,3.203754,3518.885888,test_clean,0.44109575648441196,,0.7324441960117722,0.455012853470437
2026-09-12,yolo11n_random,loso_08,43,/home/ralph/projects/ufsc/viscomp/colorectal_histology_classification/comparison/runs/2026-09-12/loso_08__yolo11n_random__seed43,185.71201841405127,3.203242,3529.289728,train,0.8432955610524364,0.8309006182083448,0.8398880658610801,0.8496747771621296
2026-09-12,yolo11n_random,loso_08,43,/home/ralph/projects/ufsc/viscomp/colorectal_histology_classification/comparison/runs/2026-09-12/loso_08__yolo11n_random__seed43,185.71201841405127,3.203242,3529.289728,val_clean,0.8582080281214388,0.8439378737839403,0.8534032905156114,0.8630434782608696
2026-09-12,yolo11n_random,loso_08,43,/home/ralph/projects/ufsc/viscomp/colorectal_histology_classification/comparison/runs/2026-09-12/loso_08__yolo11n_random__seed43,185.71201841405127,3.203242,3529.289728,test_clean,0.39572337713781514,,0.7379279992322144,0.43444730077120824
2026-09-12,polygarbor,loso_09,42,/home/ralph/projects/ufsc/viscomp/colorectal_histology_classification/comparison/runs/2026-09-12/loso_09__polygarbor__seed42,19.52828783215955,0.650614,957.140992,train,0.8792908580767531,0.8740912183637078,0.879815908908766,0.8814973772055317
2026-09-12,polygarbor,loso_09,42,/home/ralph/projects/ufsc/viscomp/colorectal_histology_classification/comparison/runs/2026-09-12/loso_09__polygarbor__seed42,19.52828783215955,0.650614,957.140992,val_clean,0.8024964256863554,0.7941534803262129,0.8040070722718344,0.8060344827586207
2026-09-12,polygarbor,loso_09,42,/home/ralph/projects/ufsc/viscomp/colorectal_histology_classification/comparison/runs/2026-09-12/loso_09__polygarbor__seed42,19.52828783215955,0.650614,957.140992,test_clean,0.4896880837561068,,0.7227842466132689,0.6432748538011696
2026-09-12,polygarbor,loso_09,43,/home/ralph/projects/ufsc/viscomp/colorectal_histology_classification/comparison/runs/2026-09-12/loso_09__polygarbor__seed43,19.393715201993473,0.650607,953.81504,train,0.8813700511630851,0.8759843427955619,0.8814734476711543,0.8831664282308059
2026-09-12,polygarbor,loso_09,43,/home/ralph/projects/ufsc/viscomp/colorectal_histology_classification/comparison/runs/2026-09-12/loso_09__polygarbor__seed43,19.393715201993473,0.650607,953.81504,val_clean,0.8084678155653222,0.8000983499439362,0.8085664377121817,0.8103448275862069
2026-09-12,polygarbor,loso_09,43,/home/ralph/projects/ufsc/viscomp/colorectal_histology_classification/comparison/runs/2026-09-12/loso_09__polygarbor__seed43,19.393715201993473,0.650607,953.81504,test_clean,0.4847251452127669,,0.7182668084271001,0.6286549707602339
2026-09-12,resnet18,loso_09,42,/home/ralph/projects/ufsc/viscomp/colorectal_histology_classification/comparison/runs/2026-09-12/loso_09__resnet18__seed42,212.3576377480058,45.011686,3958.870016,train,0.9558732735661238,0.9550673943526692,0.9557133465189677,0.9554124940391034
2026-09-12,resnet18,loso_09,42,/home/ralph/projects/ufsc/viscomp/colorectal_histology_classification/comparison/runs/2026-09-12/loso_09__resnet18__seed42,212.3576377480058,45.011686,3958.870016,val_clean,0.9488251371358777,0.9476294112551533,0.9484595797306223,0.9482758620689655
2026-09-12,resnet18,loso_09,42,/home/ralph/projects/ufsc/viscomp/colorectal_histology_classification/comparison/runs/2026-09-12/loso_09__resnet18__seed42,212.3576377480058,45.011686,3958.870016,test_clean,0.5910833918603333,,0.7999255430145272,0.7719298245614035
2026-09-12,resnet18,loso_09,43,/home/ralph/projects/ufsc/viscomp/colorectal_histology_classification/comparison/runs/2026-09-12/loso_09__resnet18__seed43,236.2025550910039,45.011686,4005.4784,train,0.9811167629748526,0.9810032164560957,0.9811860603685196,0.9809251311397235
2026-09-12,resnet18,loso_09,43,/home/ralph/projects/ufsc/viscomp/colorectal_histology_classification/comparison/runs/2026-09-12/loso_09__resnet18__seed43,236.2025550910039,45.011686,4005.4784,val_clean,0.9442877502886182,0.9426909328691051,0.9442168851667859,0.9439655172413793
2026-09-12,resnet18,loso_09,43,/home/ralph/projects/ufsc/viscomp/colorectal_histology_classification/comparison/runs/2026-09-12/loso_09__resnet18__seed43,236.2025550910039,45.011686,4005.4784,test_clean,0.5680449900382617,,0.7496410690633201,0.7543859649122807
2026-09-12,resnet18_imagenet,loso_09,42,/home/ralph/projects/ufsc/viscomp/colorectal_histology_classification/comparison/runs/2026-09-12/loso_09__resnet18_imagenet__seed42,135.37733726017177,45.011688,4377.935872,train,0.9779037372554724,0.9776675218076412,0.977853630708376,0.9778254649499285
2026-09-12,resnet18_imagenet,loso_09,42,/home/ralph/projects/ufsc/viscomp/colorectal_histology_classification/comparison/runs/2026-09-12/loso_09__resnet18_imagenet__seed42,135.37733726017177,45.011688,4377.935872,val_clean,0.9576932761253841,0.9567026273773002,0.9571262894888474,0.9568965517241379
2026-09-12,resnet18_imagenet,loso_09,42,/home/ralph/projects/ufsc/viscomp/colorectal_histology_classification/comparison/runs/2026-09-12/loso_09__resnet18_imagenet__seed42,135.37733726017177,45.011688,4377.935872,test_clean,0.5401639398967943,,0.7227860760143793,0.7280701754385965
2026-09-12,resnet18_imagenet,loso_09,43,/home/ralph/projects/ufsc/viscomp/colorectal_histology_classification/comparison/runs/2026-09-12/loso_09__resnet18_imagenet__seed43,141.0442273519002,45.011688,4379.91424,train,0.9872026618623555,0.9868804308703963,0.9870132983334711,0.9873628993800667
2026-09-12,resnet18_imagenet,loso_09,43,/home/ralph/projects/ufsc/viscomp/colorectal_histology_classification/comparison/runs/2026-09-12/loso_09__resnet18_imagenet__seed43,141.0442273519002,45.011688,4379.91424,val_clean,0.9652743867456641,0.9642649168324169,0.9650954591864566,0.9655172413793104
2026-09-12,resnet18_imagenet,loso_09,43,/home/ralph/projects/ufsc/viscomp/colorectal_histology_classification/comparison/runs/2026-09-12/loso_09__resnet18_imagenet__seed43,141.0442273519002,45.011688,4379.91424,test_clean,0.5808505751854441,,0.7843893716833894,0.7660818713450293
2026-09-12,yolo11n,loso_09,42,/home/ralph/projects/ufsc/viscomp/colorectal_histology_classification/comparison/runs/2026-09-12/loso_09__yolo11n__seed42,250.8224614619976,3.203624,3619.807232,train,0.967682469500379,0.9672609157349566,0.9678954229616533,0.9678111587982833
2026-09-12,yolo11n,loso_09,42,/home/ralph/projects/ufsc/viscomp/colorectal_histology_classification/comparison/runs/2026-09-12/loso_09__yolo11n__seed42,250.8224614619976,3.203624,3619.807232,val_clean,0.9657512117590494,0.965111443231854,0.9658040773382778,0.9655172413793104
2026-09-12,yolo11n,loso_09,42,/home/ralph/projects/ufsc/viscomp/colorectal_histology_classification/comparison/runs/2026-09-12/loso_09__yolo11n__seed42,250.8224614619976,3.203624,3619.807232,test_clean,0.5799187491158693,,0.7767146723578362,0.7923976608187134
2026-09-12,yolo11n,loso_09,43,/home/ralph/projects/ufsc/viscomp/colorectal_histology_classification/comparison/runs/2026-09-12/loso_09__yolo11n__seed43,210.77696161984932,3.203432,3595.44832,train,0.961828466705023,0.9613421032391032,0.9617464605272326,0.9618502622794468
2026-09-12,yolo11n,loso_09,43,/home/ralph/projects/ufsc/viscomp/colorectal_histology_classification/comparison/runs/2026-09-12/loso_09__yolo11n__seed43,210.77696161984932,3.203432,3595.44832,val_clean,0.9570048292644362,0.9557437482382375,0.9569415898406431,0.9568965517241379
2026-09-12,yolo11n,loso_09,43,/home/ralph/projects/ufsc/viscomp/colorectal_histology_classification/comparison/runs/2026-09-12/loso_09__yolo11n__seed43,210.77696161984932,3.203432,3595.44832,test_clean,0.5629826510478139,,0.7544632451228876,0.7485380116959064
2026-09-12,yolo11n_random,loso_09,42,/home/ralph/projects/ufsc/viscomp/colorectal_histology_classification/comparison/runs/2026-09-12/loso_09__yolo11n_random__seed42,203.240002578008,3.203242,3635.695616,train,0.8432777569528764,0.834593820442763,0.8440424767510781,0.8438245112064855
2026-09-12,yolo11n_random,loso_09,42,/home/ralph/projects/ufsc/viscomp/colorectal_histology_classification/comparison/runs/2026-09-12/loso_09__yolo11n_random__seed42,203.240002578008,3.203242,3635.695616,val_clean,0.8555868116999187,0.8506211812861159,0.8557021431546625,0.8556034482758621
2026-09-12,yolo11n_random,loso_09,42,/home/ralph/projects/ufsc/viscomp/colorectal_histology_classification/comparison/runs/2026-09-12/loso_09__yolo11n_random__seed42,203.240002578008,3.203242,3635.695616,test_clean,0.4556046161386807,,0.622783195144126,0.6345029239766082
2026-09-12,yolo11n_random,loso_09,43,/home/ralph/projects/ufsc/viscomp/colorectal_histology_classification/comparison/runs/2026-09-12/loso_09__yolo11n_random__seed43,760.2182594429469,3.207594,3812.835328,train,0.9557720523421597,0.9553069137506466,0.9560043537348045,0.9558893657606103
2026-09-12,yolo11n_random,loso_09,43,/home/ralph/projects/ufsc/viscomp/colorectal_histology_classification/comparison/runs/2026-09-12/loso_09__yolo11n_random__seed43,760.2182594429469,3.207594,3812.835328,val_clean,0.9527368060426007,0.9522107829389396,0.953098425963955,0.9525862068965517
2026-09-12,yolo11n_random,loso_09,43,/home/ralph/projects/ufsc/viscomp/colorectal_histology_classification/comparison/runs/2026-09-12/loso_09__yolo11n_random__seed43,760.2182594429469,3.207594,3812.835328,test_clean,0.5413400194910907,,0.7377773779201923,0.7631578947368421
2026-09-12,polygarbor,loso_10,42,/home/ralph/projects/ufsc/viscomp/colorectal_histology_classification/comparison/runs/2026-09-12/loso_10__polygarbor__seed42,21.907069912995212,0.650886,960.806912,train,0.8838913395220565,0.8788621707162738,0.8854959002190043,0.8852076528231452
2026-09-12,polygarbor,loso_10,42,/home/ralph/projects/ufsc/viscomp/colorectal_histology_classification/comparison/runs/2026-09-12/loso_10__polygarbor__seed42,21.907069912995212,0.650886,960.806912,val_clean,0.8042398971822338,0.7916965773801957,0.807387180207136,0.8067226890756303
2026-09-12,polygarbor,loso_10,42,/home/ralph/projects/ufsc/viscomp/colorectal_histology_classification/comparison/runs/2026-09-12/loso_10__polygarbor__seed42,21.907069912995212,0.650886,960.806912,test_clean,0.7176621931131076,,0.8190682958133844,0.8151260504201681
2026-09-12,polygarbor,loso_10,43,/home/ralph/projects/ufsc/viscomp/colorectal_histology_classification/comparison/runs/2026-09-12/loso_10__polygarbor__seed43,20.033294843044132,0.650753,961.183744,train,0.8705446286694204,0.8655118842169884,0.8725566627034018,0.8721418572095193
2026-09-12,polygarbor,loso_10,43,/home/ralph/projects/ufsc/viscomp/colorectal_histology_classification/comparison/runs/2026-09-12/loso_10__polygarbor__seed43,20.033294843044132,0.650753,961.183744,val_clean,0.7813522002558069,0.7670901765768697,0.7864658398140537,0.7857142857142857
2026-09-12,polygarbor,loso_10,43,/home/ralph/projects/ufsc/viscomp/colorectal_histology_classification/comparison/runs/2026-09-12/loso_10__polygarbor__seed43,20.033294843044132,0.650753,961.183744,test_clean,0.7479797296228841,,0.8499267606568115,0.8487394957983193
2026-09-12,resnet18,loso_10,42,/home/ralph/projects/ufsc/viscomp/colorectal_histology_classification/comparison/runs/2026-09-12/loso_10__resnet18__seed42,228.99631328694522,45.011686,4017.823744,train,0.9632745972299019,0.9628315745902873,0.9632535615646061,0.9636024265048997
2026-09-12,resnet18,loso_10,42,/home/ralph/projects/ufsc/viscomp/colorectal_histology_classification/comparison/runs/2026-09-12/loso_10__resnet18__seed42,228.99631328694522,45.011686,4017.823744,val_clean,0.9409468088033991,0.9401091442198368,0.9409276671539852,0.9411764705882353
2026-09-12,resnet18,loso_10,42,/home/ralph/projects/ufsc/viscomp/colorectal_histology_classification/comparison/runs/2026-09-12/loso_10__resnet18__seed42,228.99631328694522,45.011686,4017.823744,test_clean,0.7755843500245292,,0.8661993417511245,0.8949579831932774
2026-09-12,resnet18,loso_10,43,/home/ralph/projects/ufsc/viscomp/colorectal_histology_classification/comparison/runs/2026-09-12/loso_10__resnet18__seed43,166.94629303598776,45.011686,4065.210368,train,0.947397190617903,0.9466656789827307,0.9475424863117614,0.9479701353243117
2026-09-12,resnet18,loso_10,43,/home/ralph/projects/ufsc/viscomp/colorectal_histology_classification/comparison/runs/2026-09-12/loso_10__resnet18__seed43,166.94629303598776,45.011686,4065.210368,val_clean,0.9085920967607009,0.9054177519979147,0.9091952961912019,0.9096638655462185
2026-09-12,resnet18,loso_10,43,/home/ralph/projects/ufsc/viscomp/colorectal_histology_classification/comparison/runs/2026-09-12/loso_10__resnet18__seed43,166.94629303598776,45.011686,4065.210368,test_clean,0.8096042682872595,,0.9085956551151797,0.9369747899159664
2026-09-12,resnet18_imagenet,loso_10,42,/home/ralph/projects/ufsc/viscomp/colorectal_histology_classification/comparison/runs/2026-09-12/loso_10__resnet18_imagenet__seed42,224.24367676710244,45.011688,4419.354624,train,0.9992926862903039,0.9992986078897506,0.999299018241383,0.9993000466635558
2026-09-12,resnet18_imagenet,loso_10,42,/home/ralph/projects/ufsc/viscomp/colorectal_histology_classification/comparison/runs/2026-09-12/loso_10__resnet18_imagenet__seed42,224.24367676710244,45.011688,4419.354624,val_clean,0.964027228796787,0.9635089256039188,0.9641317542273085,0.9642857142857143
2026-09-12,resnet18_imagenet,loso_10,42,/home/ralph/projects/ufsc/viscomp/colorectal_histology_classification/comparison/runs/2026-09-12/loso_10__resnet18_imagenet__seed42,224.24367676710244,45.011688,4419.354624,test_clean,0.8048734822803145,,0.9064975527163254,0.9327731092436975
2026-09-12,resnet18_imagenet,loso_10,43,/home/ralph/projects/ufsc/viscomp/colorectal_histology_classification/comparison/runs/2026-09-12/loso_10__resnet18_imagenet__seed43,167.01837362803053,45.011688,4433.575936,train,0.9973800324178128,0.9973398388816196,0.9973492569734679,0.9974335044330378
2026-09-12,resnet18_imagenet,loso_10,43,/home/ralph/projects/ufsc/viscomp/colorectal_histology_classification/comparison/runs/2026-09-12/loso_10__resnet18_imagenet__seed43,167.01837362803053,45.011688,4433.575936,val_clean,0.9495872041023269,0.9479886358957869,0.9491111659816323,0.9495798319327731
2026-09-12,resnet18_imagenet,loso_10,43,/home/ralph/projects/ufsc/viscomp/colorectal_histology_classification/comparison/runs/2026-09-12/loso_10__resnet18_imagenet__seed43,167.01837362803053,45.011688,4433.575936,test_clean,0.8299837797033697,,0.9350506815702061,0.957983193277311
2026-09-12,yolo11n,loso_10,42,/home/ralph/projects/ufsc/viscomp/colorectal_histology_classification/comparison/runs/2026-09-12/loso_10__yolo11n__seed42,371.6252378190402,3.204456,3551.195136,train,0.9812563656018138,0.9809513834097773,0.9811733844144651,0.9815678954736351
2026-09-12,yolo11n,loso_10,42,/home/ralph/projects/ufsc/viscomp/colorectal_histology_classification/comparison/runs/2026-09-12/loso_10__yolo11n__seed42,371.6252378190402,3.204456,3551.195136,val_clean,0.953473126956199,0.9525606653521318,0.9532874061609169,0.9537815126050421
2026-09-12,yolo11n,loso_10,42,/home/ralph/projects/ufsc/viscomp/colorectal_histology_classification/comparison/runs/2026-09-12/loso_10__yolo11n__seed42,371.6252378190402,3.204456,3551.195136,test_clean,0.805648014502536,,0.9070044779916232,0.9285714285714286
2026-09-12,yolo11n,loso_10,43,/home/ralph/projects/ufsc/viscomp/colorectal_histology_classification/comparison/runs/2026-09-12/loso_10__yolo11n__seed43,224.64246213203296,3.203496,3570.593792,train,0.9629550675584215,0.9624764102944154,0.9629079460403954,0.9633691087260849
2026-09-12,yolo11n,loso_10,43,/home/ralph/projects/ufsc/viscomp/colorectal_histology_classification/comparison/runs/2026-09-12/loso_10__yolo11n__seed43,224.64246213203296,3.203496,3570.593792,val_clean,0.9427558066868411,0.9412598180409476,0.9428732388021341,0.9432773109243697
2026-09-12,yolo11n,loso_10,43,/home/ralph/projects/ufsc/viscomp/colorectal_histology_classification/comparison/runs/2026-09-12/loso_10__yolo11n__seed43,224.64246213203296,3.203496,3570.593792,test_clean,0.8075411464470579,,0.9090913387687581,0.9411764705882353
2026-09-12,yolo11n_random,loso_10,42,/home/ralph/projects/ufsc/viscomp/colorectal_histology_classification/comparison/runs/2026-09-12/loso_10__yolo11n_random__seed42,523.1630978930043,3.205482,3593.46176,train,0.917641076339563,0.9152358552820046,0.9177016045146463,0.918338777414839
2026-09-12,yolo11n_random,loso_10,42,/home/ralph/projects/ufsc/viscomp/colorectal_histology_classification/comparison/runs/2026-09-12/loso_10__yolo11n_random__seed42,523.1630978930043,3.205482,3593.46176,val_clean,0.9031376781130191,0.8991550654636665,0.9028276511403042,0.9033613445378151
2026-09-12,yolo11n_random,loso_10,42,/home/ralph/projects/ufsc/viscomp/colorectal_histology_classification/comparison/runs/2026-09-12/loso_10__yolo11n_random__seed42,523.1630978930043,3.205482,3593.46176,test_clean,0.7653994506952363,,0.8547785727266689,0.8823529411764706
2026-09-12,yolo11n_random,loso_10,43,/home/ralph/projects/ufsc/viscomp/colorectal_histology_classification/comparison/runs/2026-09-12/loso_10__yolo11n_random__seed43,228.64072411996312,3.203562,3536.359424,train,0.8523882419333643,0.8456812332760177,0.8524344412095399,0.8530097993467102
2026-09-12,yolo11n_random,loso_10,43,/home/ralph/projects/ufsc/viscomp/colorectal_histology_classification/comparison/runs/2026-09-12/loso_10__yolo11n_random__seed43,228.64072411996312,3.203562,3536.359424,val_clean,0.8569490122664943,0.8493735856266168,0.856424411524608,0.8571428571428571
2026-09-12,yolo11n_random,loso_10,43,/home/ralph/projects/ufsc/viscomp/colorectal_histology_classification/comparison/runs/2026-09-12/loso_10__yolo11n_random__seed43,228.64072411996312,3.203562,3536.359424,test_clean,0.6574417618333313,,0.7691440563281455,0.7436974789915967
2026-09-12,polygarbor,source_a,42,/home/ralph/projects/ufsc/viscomp/colorectal_histology_classification/comparison/runs/2026-09-12/source_a__polygarbor__seed42,20.73215027502738,0.650933,940.70784,train,0.9036839873305582,0.9022674215753045,0.9065412036383278,0.9087075167452245
2026-09-12,polygarbor,source_a,42,/home/ralph/projects/ufsc/viscomp/colorectal_histology_classification/comparison/runs/2026-09-12/source_a__polygarbor__seed42,20.73215027502738,0.650933,940.70784,val_clean,0.5170325591242828,,0.7930451086002813,0.6735218508997429
2026-09-12,polygarbor,source_a,42,/home/ralph/projects/ufsc/viscomp/colorectal_histology_classification/comparison/runs/2026-09-12/source_a__polygarbor__seed42,20.73215027502738,0.650933,940.70784,test_clean,0.754385937859879,0.7500859539614771,0.7698343898286139,0.7293103448275862
2026-09-12,polygarbor_aug,source_a,42,/home/ralph/projects/ufsc/viscomp/colorectal_histology_classification/comparison/runs/2026-09-12/source_a__polygarbor_aug__seed42,70.42125602206215,0.650831,945.680384,train,0.8676368502358127,0.8668977390665346,0.8716360607064604,0.8737286033242372
2026-09-12,polygarbor_aug,source_a,42,/home/ralph/projects/ufsc/viscomp/colorectal_histology_classification/comparison/runs/2026-09-12/source_a__polygarbor_aug__seed42,70.42125602206215,0.650831,945.680384,val_clean,0.5353576737974318,,0.8038886887774422,0.7172236503856041
2026-09-12,polygarbor_aug,source_a,42,/home/ralph/projects/ufsc/viscomp/colorectal_histology_classification/comparison/runs/2026-09-12/source_a__polygarbor_aug__seed42,70.42125602206215,0.650831,945.680384,test_clean,0.7330111667887184,0.7031236223507324,0.759270673037193,0.7137931034482758
2026-09-12,resnet18,source_a,42,/home/ralph/projects/ufsc/viscomp/colorectal_histology_classification/comparison/runs/2026-09-12/source_a__resnet18__seed42,120.6142988500651,45.011183,3871.076352,train,0.7198778742386974,0.6926946018118049,0.7388608448348608,0.7377821880426693
2026-09-12,resnet18,source_a,42,/home/ralph/projects/ufsc/viscomp/colorectal_histology_classification/comparison/runs/2026-09-12/source_a__resnet18__seed42,120.6142988500651,45.011183,3871.076352,val_clean,0.6136716160867384,,0.843698590599688,0.8740359897172236
2026-09-12,resnet18,source_a,42,/home/ralph/projects/ufsc/viscomp/colorectal_histology_classification/comparison/runs/2026-09-12/source_a__resnet18__seed42,120.6142988500651,45.011183,3871.076352,test_clean,0.5406566402514303,0.40630382254168373,0.56826689114463,0.5948275862068966
2026-09-12,resnet18_imagenet,source_a,42,/home/ralph/projects/ufsc/viscomp/colorectal_histology_classification/comparison/runs/2026-09-12/source_a__resnet18_imagenet__seed42,105.44952570600435,45.011688,4278.022144,train,0.6693688356275146,0.0,0.7205500180053609,0.6931282560158769
2026-09-12,resnet18_imagenet,source_a,42,/home/ralph/projects/ufsc/viscomp/colorectal_histology_classification/comparison/runs/2026-09-12/source_a__resnet18_imagenet__seed42,105.44952570600435,45.011688,4278.022144,val_clean,0.4755788003777469,,0.7646849449399044,0.493573264781491
2026-09-12,resnet18_imagenet,source_a,42,/home/ralph/projects/ufsc/viscomp/colorectal_histology_classification/comparison/runs/2026-09-12/source_a__resnet18_imagenet__seed42,105.44952570600435,45.011688,4278.022144,test_clean,0.48406966255079664,0.0,0.5339779492250479,0.5879310344827586
2026-09-12,yolo11n,source_a,42,/home/ralph/projects/ufsc/viscomp/colorectal_histology_classification/comparison/runs/2026-09-12/source_a__yolo11n__seed42,144.22355621494353,3.202728,3423.768576,train,0.928069992474295,0.9275275212107796,0.9294822457260129,0.9307864053584718
2026-09-12,yolo11n,source_a,42,/home/ralph/projects/ufsc/viscomp/colorectal_histology_classification/comparison/runs/2026-09-12/source_a__yolo11n__seed42,144.22355621494353,3.202728,3423.768576,val_clean,0.5226121397354122,,0.8354689815880069,0.6889460154241646
2026-09-12,yolo11n,source_a,42,/home/ralph/projects/ufsc/viscomp/colorectal_histology_classification/comparison/runs/2026-09-12/source_a__yolo11n__seed42,144.22355621494353,3.202728,3423.768576,test_clean,0.8295073035245494,0.810194058404884,0.8245715604782528,0.8068965517241379
2026-09-12,yolo11n_random,source_a,42,/home/ralph/projects/ufsc/viscomp/colorectal_histology_classification/comparison/runs/2026-09-12/source_a__yolo11n_random__seed42,127.08238134090789,3.20273,3422.588928,train,0.43541157781880646,0.29774302889907256,0.5181189538362989,0.504093277102456
2026-09-12,yolo11n_random,source_a,42,/home/ralph/projects/ufsc/viscomp/colorectal_histology_classification/comparison/runs/2026-09-12/source_a__yolo11n_random__seed42,127.08238134090789,3.20273,3422.588928,val_clean,0.3366121406581104,,0.4403638949691982,0.7146529562982005
2026-09-12,yolo11n_random,source_a,42,/home/ralph/projects/ufsc/viscomp/colorectal_histology_classification/comparison/runs/2026-09-12/source_a__yolo11n_random__seed42,127.08238134090789,3.20273,3422.588928,test_clean,0.5637423544136891,0.4466764939176304,0.6219096215994155,0.5482758620689655
2026-09-12,polygarbor,source_b,42,/home/ralph/projects/ufsc/viscomp/colorectal_histology_classification/comparison/runs/2026-09-12/source_b__polygarbor__seed42,17.043412852101028,0.579328,877.2608,train,0.8923624758489377,0.8692586155004589,0.8763342018412004,0.90928927680798
2026-09-12,polygarbor,source_b,42,/home/ralph/projects/ufsc/viscomp/colorectal_histology_classification/comparison/runs/2026-09-12/source_b__polygarbor__seed42,17.043412852101028,0.579328,877.2608,val_clean,0.5231402296196017,,0.8149192600507815,0.712082262210797
2026-09-12,polygarbor,source_b,42,/home/ralph/projects/ufsc/viscomp/colorectal_histology_classification/comparison/runs/2026-09-12/source_b__polygarbor__seed42,17.043412852101028,0.579328,877.2608,test_clean,0.4999704822045441,0.0,0.6282509811056396,0.3970064148253742
2026-09-12,polygarbor_aug,source_b,42,/home/ralph/projects/ufsc/viscomp/colorectal_histology_classification/comparison/runs/2026-09-12/source_b__polygarbor_aug__seed42,55.74333819001913,0.604155,890.400768,train,0.8619852199568947,0.8545354449412027,0.8600919252376089,0.8615960099750624
2026-09-12,polygarbor_aug,source_b,42,/home/ralph/projects/ufsc/viscomp/colorectal_histology_classification/comparison/runs/2026-09-12/source_b__polygarbor_aug__seed42,55.74333819001913,0.604155,890.400768,val_clean,0.4784946498316837,,0.7566301205607887,0.6529562982005142
2026-09-12,polygarbor_aug,source_b,42,/home/ralph/projects/ufsc/viscomp/colorectal_histology_classification/comparison/runs/2026-09-12/source_b__polygarbor_aug__seed42,55.74333819001913,0.604155,890.400768,test_clean,0.5692458439711963,0.611176008218885,0.6614614936383789,0.5281539558089807
2026-09-12,resnet18,source_b,42,/home/ralph/projects/ufsc/viscomp/colorectal_histology_classification/comparison/runs/2026-09-12/source_b__resnet18__seed42,91.40260273299646,45.011183,3518.73024,train,0.3874038992800753,0.0,0.4562106064034198,0.4884663341645885
2026-09-12,resnet18,source_b,42,/home/ralph/projects/ufsc/viscomp/colorectal_histology_classification/comparison/runs/2026-09-12/source_b__resnet18__seed42,91.40260273299646,45.011183,3518.73024,val_clean,0.5251842645751162,,0.7317188074107359,0.7866323907455013
2026-09-12,resnet18,source_b,42,/home/ralph/projects/ufsc/viscomp/colorectal_histology_classification/comparison/runs/2026-09-12/source_b__resnet18__seed42,91.40260273299646,45.011183,3518.73024,test_clean,0.3443663410737261,0.0,0.4412821658243749,0.3022095509622238
2026-09-12,resnet18_imagenet,source_b,42,/home/ralph/projects/ufsc/viscomp/colorectal_histology_classification/comparison/runs/2026-09-12/source_b__resnet18_imagenet__seed42,69.1439876438817,45.011688,3957.702656,train,0.6165971912374819,0.6076143446061762,0.7356395689715692,0.6770573566084788
2026-09-12,resnet18_imagenet,source_b,42,/home/ralph/projects/ufsc/viscomp/colorectal_histology_classification/comparison/runs/2026-09-12/source_b__resnet18_imagenet__seed42,69.1439876438817,45.011688,3957.702656,val_clean,0.5464218611426236,,0.754813818050106,0.7892030848329049
2026-09-12,resnet18_imagenet,source_b,42,/home/ralph/projects/ufsc/viscomp/colorectal_histology_classification/comparison/runs/2026-09-12/source_b__resnet18_imagenet__seed42,69.1439876438817,45.011688,3957.702656,test_clean,0.6084039317214653,0.4618522378080728,0.6497386117109372,0.7719173200285103
2026-09-12,yolo11n,source_b,42,/home/ralph/projects/ufsc/viscomp/colorectal_histology_classification/comparison/runs/2026-09-12/source_b__yolo11n__seed42,216.75109322706703,3.203496,3297.83296,train,0.9515857557174605,0.9617782133192334,0.9637251735658638,0.9548004987531172
2026-09-12,yolo11n,source_b,42,/home/ralph/projects/ufsc/viscomp/colorectal_histology_classification/comparison/runs/2026-09-12/source_b__yolo11n__seed42,216.75109322706703,3.203496,3297.83296,val_clean,0.5377367503609713,,0.8583404269160203,0.6632390745501285
2026-09-12,yolo11n,source_b,42,/home/ralph/projects/ufsc/viscomp/colorectal_histology_classification/comparison/runs/2026-09-12/source_b__yolo11n__seed42,216.75109322706703,3.203496,3297.83296,test_clean,0.819058000261136,0.8281557879584645,0.8475986404092111,0.8831076265146115
2026-09-12,yolo11n_random,source_b,42,/home/ralph/projects/ufsc/viscomp/colorectal_histology_classification/comparison/runs/2026-09-12/source_b__yolo11n_random__seed42,106.45148312905803,3.20273,3265.052672,train,0.579239108816991,0.0,0.6011440555892145,0.6701995012468828
2026-09-12,yolo11n_random,source_b,42,/home/ralph/projects/ufsc/viscomp/colorectal_histology_classification/comparison/runs/2026-09-12/source_b__yolo11n_random__seed42,106.45148312905803,3.20273,3265.052672,val_clean,0.47105568403844955,,0.6584531693035198,0.5861182519280206
2026-09-12,yolo11n_random,source_b,42,/home/ralph/projects/ufsc/viscomp/colorectal_histology_classification/comparison/runs/2026-09-12/source_b__yolo11n_random__seed42,106.45148312905803,3.20273,3265.052672,test_clean,0.5063328673228502,0.0,0.6246411041826256,0.42979330007127586
