run,method,scenario,seed,status,error,path,n_train,originals_retained,fitted_vectors_or_images,train_seconds,training_cpu_core_percent,epochs,model_mb,batch1_median_ms,batch1_p95_ms,rss_peak_mb,vram_peak_mb,fit_cpu_core_percent,fit_gpu_global_percent,evaluation,n,accuracy,macro_f1,balanced_accuracy,mcc,kappa,top2_accuracy,nll,brier,ece,auroc_macro,multiclass_gmean,score_argmax_agreement
few100__polygarbor__seed42,polygarbor,few100,42,complete,,runs/2026-09-12/few100__polygarbor__seed42,800,800,800,4.3671662498964,107.85025644745568,0,0.186852,18.85767752537504,19.834440905833617,522.932224,0.0,,,train,800,0.9825,0.9825058428633194,0.9824999999999999,0.9800735082697838,0.98,1.0,0.3716054932518658,0.16468601496108592,0.26390518266563523,0.9999428571428571,0.9823490109476646,1.0
few100__polygarbor__seed42,polygarbor,few100,42,complete,,runs/2026-09-12/few100__polygarbor__seed42,800,800,800,4.3671662498964,107.85025644745568,0,0.186852,18.85767752537504,19.834440905833617,522.932224,0.0,,,val_clean,500,0.754,0.7445745299056583,0.7659712504590378,0.7281930068940475,0.7192883160037611,0.886,0.7953945320729741,0.3912058800338379,0.13814185289738623,0.969399451927492,0.7251289698012207,1.0
few100__polygarbor__seed42,polygarbor,few100,42,complete,,runs/2026-09-12/few100__polygarbor__seed42,800,800,800,4.3671662498964,107.85025644745568,0,0.186852,18.85767752537504,19.834440905833617,522.932224,0.0,,,test_clean,500,0.724,0.7114389435645015,0.7284424518063085,0.6930323338031699,0.6842322037388737,0.866,0.8324139278107581,0.41084177751340395,0.10926373994694592,0.9626187382696088,0.6734791725847649,1.0
few100__polygarbor__seed43,polygarbor,few100,43,complete,,runs/2026-09-12/few100__polygarbor__seed43,800,800,800,4.815293913939968,110.6889858700004,0,0.186627,22.78974646469578,29.09184678574092,524.26752,0.0,333.6,44.0,train,800,0.9975,0.9974999374984375,0.9975,0.9971464183864249,0.9971428571428571,1.0,0.2638986978193264,0.10713580710992127,0.2124712669997685,1.0,0.9974905699336811,1.0
few100__polygarbor__seed43,polygarbor,few100,43,complete,,runs/2026-09-12/few100__polygarbor__seed43,800,800,800,4.815293913939968,110.6889858700004,0,0.186627,22.78974646469578,29.09184678574092,524.26752,0.0,333.6,44.0,val_clean,500,0.754,0.7452379976918657,0.7505583631587065,0.7233243808056975,0.7184877988492331,0.9,0.751708507397143,0.3812040502093955,0.12256557927244689,0.9659314028370252,0.7291884038223244,1.0
few100__polygarbor__seed43,polygarbor,few100,43,complete,,runs/2026-09-12/few100__polygarbor__seed43,800,800,800,4.815293913939968,110.6889858700004,0,0.186627,22.78974646469578,29.09184678574092,524.26752,0.0,333.6,44.0,test_clean,500,0.708,0.7067715830891326,0.7128360168516173,0.672923730989071,0.6661162921528181,0.882,0.848231936274983,0.42751764687260235,0.08564017687650795,0.9581147795908256,0.6877727188193852,1.0
few100__polygarbor_aug__seed42,polygarbor_aug,few100,42,complete,,runs/2026-09-12/few100__polygarbor_aug__seed42,800,800,2800,15.208366474020295,106.71757566945084,0,0.651063,18.453533470164984,20.318897714605555,528.11776,0.0,349.0,23.0,train,800,0.90875,0.9081055481819277,0.90875,0.8972312480194169,0.8957142857142857,0.985,0.8061452180674701,0.4029555688354583,0.41151034983808965,0.9935232142857142,0.9047395410818428,1.0
few100__polygarbor_aug__seed42,polygarbor_aug,few100,42,complete,,runs/2026-09-12/few100__polygarbor_aug__seed42,800,800,2800,15.208366474020295,106.71757566945084,0,0.651063,18.453533470164984,20.318897714605555,528.11776,0.0,349.0,23.0,val_clean,500,0.776,0.7624101420510454,0.7888269574592346,0.7531682098375978,0.7442992429431157,0.898,0.9641558316034048,0.4828405470538548,0.3061191677487454,0.9663999946131128,0.7356978949136523,1.0
few100__polygarbor_aug__seed42,polygarbor_aug,few100,42,complete,,runs/2026-09-12/few100__polygarbor_aug__seed42,800,800,2800,15.208366474020295,106.71757566945084,0,0.651063,18.453533470164984,20.318897714605555,528.11776,0.0,349.0,23.0,test_clean,500,0.73,0.7131384012947105,0.7363201547865614,0.7013521059195207,0.6914469082980211,0.88,0.9864107262400365,0.49115777726348975,0.26575177281730167,0.9623727976675596,0.6669044322071144,1.0
few100__polygarbor_aug__seed43,polygarbor_aug,few100,43,complete,,runs/2026-09-12/few100__polygarbor_aug__seed43,800,799,2800,15.744328953907825,107.34023691626012,0,0.650249,18.667091033421457,20.952961931470778,547.422208,0.0,306.29999999999995,34.0,train,800,0.95125,0.9511386883380986,0.9512499999999999,0.9446636553511915,0.9442857142857143,0.995,0.698639684439709,0.35251467116923124,0.40889189243824714,0.9974089285714286,0.9502257559307277,1.0
few100__polygarbor_aug__seed43,polygarbor_aug,few100,43,complete,,runs/2026-09-12/few100__polygarbor_aug__seed43,800,799,2800,15.744328953907825,107.34023691626012,0,0.650249,18.667091033421457,20.952961931470778,547.422208,0.0,306.29999999999995,34.0,val_clean,500,0.79,0.7814187778223541,0.7906515490455668,0.7642852522700301,0.7596483999450625,0.906,0.8879236988066816,0.45374899996188306,0.2886776848769798,0.9683422130619522,0.7631589100736421,1.0
few100__polygarbor_aug__seed43,polygarbor_aug,few100,43,complete,,runs/2026-09-12/few100__polygarbor_aug__seed43,800,799,2800,15.744328953907825,107.34023691626012,0,0.650249,18.667091033421457,20.952961931470778,547.422208,0.0,306.29999999999995,34.0,test_clean,500,0.74,0.739269795187671,0.7468862302125475,0.7080773654532002,0.702950840649121,0.888,0.9406808421512687,0.47766688710426936,0.2449345946123972,0.9620298437915434,0.7213884460750004,1.0
few100__polygarbor_p3__seed42,polygarbor_p3,few100,42,complete,,runs/2026-09-12/few100__polygarbor_p3__seed42,800,789,2800,5.398733928101137,125.39977131973922,0,0.649411,30.158082023262978,32.698219595476985,555.450368,0.0,293.3,35.0,train,800,0.6625,0.6222146336879403,0.6625000000000001,0.6344073902241965,0.6142857142857143,0.91625,1.0640062296435717,0.5344521381322236,0.2501721149383096,0.9758946428571428,0.5325763367733557,0.88125
few100__polygarbor_p3__seed42,polygarbor_p3,few100,42,complete,,runs/2026-09-12/few100__polygarbor_p3__seed42,800,789,2800,5.398733928101137,125.39977131973922,0,0.649411,30.158082023262978,32.698219595476985,555.450368,0.0,293.3,35.0,val_clean,500,0.588,0.5426324899005311,0.6181727775428789,0.556868031942391,0.5333559859553743,0.858,1.1733966292260343,0.5911522804395205,0.20421618446809,0.9554475259020881,0.4671954940519168,0.878
few100__polygarbor_p3__seed42,polygarbor_p3,few100,42,complete,,runs/2026-09-12/few100__polygarbor_p3__seed42,800,789,2800,5.398733928101137,125.39977131973922,0,0.649411,30.158082023262978,32.698219595476985,555.450368,0.0,293.3,35.0,test_clean,500,0.56,0.4980501484768086,0.5597416784012267,0.520498050501687,0.49652142072500915,0.85,1.1690016939504762,0.5844860143619548,0.1642955832990264,0.9537842197729205,0.39771223483399215,0.874
few100__polygarbor_p3__seed43,polygarbor_p3,few100,43,complete,,runs/2026-09-12/few100__polygarbor_p3__seed43,800,788,2800,5.508710731053725,129.61290488081656,0,0.648581,32.01905998867005,34.51533365878276,582.725632,0.0,322.43333333333334,33.333333333333336,train,800,0.7325,0.6841930451849341,0.7324999999999999,0.7111201061596938,0.6942857142857143,0.8975,0.9658969573962985,0.4959547079165616,0.28183618979415315,0.9832446428571429,0.5042341481441667,0.885
few100__polygarbor_p3__seed43,polygarbor_p3,few100,43,complete,,runs/2026-09-12/few100__polygarbor_p3__seed43,800,788,2800,5.508710731053725,129.61290488081656,0,0.648581,32.01905998867005,34.51533365878276,582.725632,0.0,322.43333333333334,33.333333333333336,val_clean,500,0.604,0.5520609578171998,0.6274195207733855,0.5690189171596128,0.549537251904229,0.822,1.1326051474419883,0.5778869317931458,0.18082419952103684,0.9523059869240306,0.39255109408463323,0.87
few100__polygarbor_p3__seed43,polygarbor_p3,few100,43,complete,,runs/2026-09-12/few100__polygarbor_p3__seed43,800,788,2800,5.508710731053725,129.61290488081656,0,0.648581,32.01905998867005,34.51533365878276,582.725632,0.0,322.43333333333334,33.333333333333336,test_clean,500,0.62,0.5489054174713938,0.6202850388740159,0.5835017875799146,0.5657837603126357,0.826,1.1571675086040367,0.5782505944208306,0.19386599652608552,0.9476829880108988,0.0,0.872
few100__polygarbor_p3_aug__seed42,polygarbor_p3_aug,few100,42,complete,,runs/2026-09-12/few100__polygarbor_p3_aug__seed42,800,771,2800,20.04668906191364,106.85056237389091,0,0.649039,30.04987398162484,35.374772537034005,565.972992,0.0,298.7,27.5,train,800,0.675,0.6526745377464722,0.675,0.642510204802364,0.6285714285714286,0.91125,1.1456226912468757,0.58050398549984,0.3079742970266424,0.9611089285714285,0.6202075345001665,0.8225
few100__polygarbor_p3_aug__seed42,polygarbor_p3_aug,few100,42,complete,,runs/2026-09-12/few100__polygarbor_p3_aug__seed42,800,771,2800,20.04668906191364,106.85056237389091,0,0.649039,30.04987398162484,35.374772537034005,565.972992,0.0,298.7,27.5,val_clean,500,0.616,0.5884731994338881,0.6426431638565462,0.5825837907289744,0.5643808763204705,0.882,1.1986384562840586,0.6092161083480542,0.2600714059122556,0.9514488384261025,0.5523556209030815,0.832
few100__polygarbor_p3_aug__seed42,polygarbor_p3_aug,few100,42,complete,,runs/2026-09-12/few100__polygarbor_p3_aug__seed42,800,771,2800,20.04668906191364,106.85056237389091,0,0.649039,30.04987398162484,35.374772537034005,565.972992,0.0,298.7,27.5,test_clean,500,0.622,0.5886673642958347,0.6241315598397563,0.5844877827269912,0.5675096795452673,0.848,1.2150719364753728,0.6097346398582972,0.26620987553585956,0.9434332184403527,0.5282878985851301,0.844
few100__polygarbor_p3_aug__seed43,polygarbor_p3_aug,few100,43,complete,,runs/2026-09-12/few100__polygarbor_p3_aug__seed43,800,787,2800,21.3203274308471,106.98709986506859,0,0.648357,30.76127398526296,33.04778126766905,571.846656,0.0,322.43333333333334,39.0,train,800,0.68125,0.6411951094743074,0.6812499999999999,0.6521004039255922,0.6357142857142857,0.89125,1.0326441306206116,0.5311799188616074,0.2633967694576049,0.9736017857142856,0.5734194623172872,0.86125
few100__polygarbor_p3_aug__seed43,polygarbor_p3_aug,few100,43,complete,,runs/2026-09-12/few100__polygarbor_p3_aug__seed43,800,787,2800,21.3203274308471,106.98709986506859,0,0.648357,30.76127398526296,33.04778126766905,571.846656,0.0,322.43333333333334,39.0,val_clean,500,0.6,0.5629797928993894,0.6234527292750932,0.5633213031154642,0.5455764135981713,0.834,1.1332650247101737,0.5760647161241086,0.21779590394325365,0.9534312897928012,0.49490041835399495,0.854
few100__polygarbor_p3_aug__seed43,polygarbor_p3_aug,few100,43,complete,,runs/2026-09-12/few100__polygarbor_p3_aug__seed43,800,787,2800,21.3203274308471,106.98709986506859,0,0.648357,30.76127398526296,33.04778126766905,571.846656,0.0,322.43333333333334,39.0,test_clean,500,0.584,0.5353135052597147,0.5883290467441226,0.54275103126576,0.5247886680374686,0.828,1.1731908695476536,0.5863346761086348,0.1922856288320022,0.9459917385089509,0.4395946669862425,0.86
few100__polygarbor_p5__seed42,polygarbor_p5,few100,42,complete,,runs/2026-09-12/few100__polygarbor_p5__seed42,800,779,2800,7.476999333128333,121.97406464371375,0,0.648292,37.8378015011549,51.80951646761969,557.969408,0.0,341.3333333333333,68.0,train,800,0.60125,0.5261934261745176,0.60125,0.5663380449940267,0.5442857142857143,0.7925,1.3005070582957234,0.6310902504990774,0.2445571384272171,0.9439517857142857,0.0,0.80625
few100__polygarbor_p5__seed42,polygarbor_p5,few100,42,complete,,runs/2026-09-12/few100__polygarbor_p5__seed42,800,779,2800,7.476999333128333,121.97406464371375,0,0.648292,37.8378015011549,51.80951646761969,557.969408,0.0,341.3333333333333,68.0,val_clean,500,0.548,0.4672228442491324,0.5804754712119075,0.51255188360267,0.4874609359054025,0.774,1.3309170741764849,0.6604710840605521,0.20807482216782044,0.928176458855096,0.0,0.776
few100__polygarbor_p5__seed42,polygarbor_p5,few100,42,complete,,runs/2026-09-12/few100__polygarbor_p5__seed42,800,779,2800,7.476999333128333,121.97406464371375,0,0.648292,37.8378015011549,51.80951646761969,557.969408,0.0,341.3333333333333,68.0,test_clean,500,0.532,0.43889672837940263,0.5321889958591088,0.4876886682397078,0.46471707781275173,0.784,1.3446322548436038,0.6504285430783842,0.17888228187143732,0.931662062667447,0.0,0.818
few100__polygarbor_p5__seed43,polygarbor_p5,few100,43,complete,,runs/2026-09-12/few100__polygarbor_p5__seed43,800,781,2800,7.481701731914654,121.49642321645668,0,0.647415,39.984270464628935,50.71717266691847,561.025024,0.0,330.2,37.0,train,800,0.71125,0.6596494755666287,0.7112499999999999,0.6868041600161922,0.6699999999999999,0.83875,1.1718102636643806,0.5965558453024424,0.33052251246691156,0.9546839285714286,0.0,0.81125
few100__polygarbor_p5__seed43,polygarbor_p5,few100,43,complete,,runs/2026-09-12/few100__polygarbor_p5__seed43,800,781,2800,7.481701731914654,121.49642321645668,0,0.647415,39.984270464628935,50.71717266691847,561.025024,0.0,330.2,37.0,val_clean,500,0.626,0.573386397136449,0.6514795612537213,0.5933988089511512,0.574551345054785,0.78,1.2540155960088146,0.6430257959880695,0.26281996836775723,0.9310937436466135,0.0,0.772
few100__polygarbor_p5__seed43,polygarbor_p5,few100,43,complete,,runs/2026-09-12/few100__polygarbor_p5__seed43,800,781,2800,7.481701731914654,121.49642321645668,0,0.647415,39.984270464628935,50.71717266691847,561.025024,0.0,330.2,37.0,test_clean,500,0.61,0.5452079868029973,0.6103526635392533,0.5699376116171585,0.5543488694173626,0.764,1.2939825122156525,0.6411380573552483,0.2452487165954728,0.9227589231493546,0.0,0.764
few100__resnet18__seed42,resnet18,few100,42,complete,,runs/2026-09-12/few100__resnet18__seed42,800,800,800,65.39845558907837,79.00798196926988,44,45.011183,3.7828494678251445,5.118037050124258,2704.986112,4095.737856,77.22467105263159,71.48026315789474,train,800,0.8775,0.8761610985298538,0.8775,0.8621379819861382,0.86,0.9875,0.31329151966182256,0.17562319501546747,0.06206396504597898,0.9950785714285715,0.8703809697764296,1.0
few100__resnet18__seed42,resnet18,few100,42,complete,,runs/2026-09-12/few100__resnet18__seed42,800,800,800,65.39845558907837,79.00798196926988,44,45.011183,3.7828494678251445,5.118037050124258,2704.986112,4095.737856,77.22467105263159,71.48026315789474,val_clean,500,0.844,0.8459239808441037,0.8507698577005602,0.8229919076697906,0.8215609300793367,0.98,0.40327138403408985,0.22567876643956594,0.03349148578810318,0.9877597826176042,0.8444242272856481,1.0
few100__resnet18__seed42,resnet18,few100,42,complete,,runs/2026-09-12/few100__resnet18__seed42,800,800,800,65.39845558907837,79.00798196926988,44,45.011183,3.7828494678251445,5.118037050124258,2704.986112,4095.737856,77.22467105263159,71.48026315789474,test_clean,500,0.858,0.8563042852636711,0.8574718815529158,0.838631089827308,0.8375516517107413,0.966,0.3973421428441236,0.21388219944664508,0.04211122106973507,0.9886119584504323,0.8496201465799968,1.0
few100__resnet18__seed43,resnet18,few100,43,complete,,runs/2026-09-12/few100__resnet18__seed43,800,800,800,98.83911464491393,75.63807129250425,67,45.011183,3.679697518236935,5.138515925500542,2702.45888,3886.022656,74.18715203426125,81.82655246252676,train,800,0.99125,0.9912416552910821,0.99125,0.990031822962901,0.99,1.0,0.03729212529674979,0.014046025343865459,0.01839763549581496,0.9998660714285714,0.9911549697718768,1.0
few100__resnet18__seed43,resnet18,few100,43,complete,,runs/2026-09-12/few100__resnet18__seed43,800,800,800,98.83911464491393,75.63807129250425,67,45.011183,3.679697518236935,5.138515925500542,2702.45888,3886.022656,74.18715203426125,81.82655246252676,val_clean,500,0.89,0.8932276669773604,0.8917085781396394,0.8743446769832491,0.8740040593601239,0.976,0.4099988995682849,0.17943764777147483,0.05727672160570301,0.9858271626399757,0.8897652981150875,1.0
few100__resnet18__seed43,resnet18,few100,43,complete,,runs/2026-09-12/few100__resnet18__seed43,800,800,800,98.83911464491393,75.63807129250425,67,45.011183,3.679697518236935,5.138515925500542,2702.45888,3886.022656,74.18715203426125,81.82655246252676,test_clean,500,0.878,0.880444321492251,0.8786444211276985,0.8606703222979913,0.8604259525356714,0.98,0.3834683145512434,0.18304900071788643,0.051872251625814034,0.9864785767669247,0.8727785932149379,1.0
few100__yolo11n__seed42,yolo11n,few100,42,complete,,runs/2026-09-12/few100__yolo11n__seed42,800,800,800,72.54056330898311,328.9194198612638,21,3.203496,4.823129449505359,7.42632560431957,2824.6016,710.934528,350.8353658536585,39.2469512195122,train,800,0.97375,0.974004121852827,0.97375,0.9700658281290104,0.97,0.995,0.0847166566186315,0.04197834397965997,0.01620097898860664,0.9990410714285715,0.9735837810137443,1.0
few100__yolo11n__seed42,yolo11n,few100,42,complete,,runs/2026-09-12/few100__yolo11n__seed42,800,800,800,72.54056330898311,328.9194198612638,21,3.203496,4.823129449505359,7.42632560431957,2824.6016,710.934528,350.8353658536585,39.2469512195122,val_clean,500,0.932,0.9339236263850639,0.9347032799323349,0.9223344564516804,0.9221401385905533,0.984,0.24493219680932687,0.11331459006615353,0.018588260756077814,0.9938071924475115,0.9337513871681573,1.0
few100__yolo11n__seed42,yolo11n,few100,42,complete,,runs/2026-09-12/few100__yolo11n__seed42,800,800,800,72.54056330898311,328.9194198612638,21,3.203496,4.823129449505359,7.42632560431957,2824.6016,710.934528,350.8353658536585,39.2469512195122,test_clean,500,0.912,0.9144792083489894,0.9143168570260585,0.8996893335086649,0.8993600212258864,0.982,0.24498171626860601,0.12594477106637805,0.02803648514535438,0.9944582940961912,0.911909171442669,1.0
few100__yolo11n__seed43,yolo11n,few100,43,complete,,runs/2026-09-12/few100__yolo11n__seed43,800,800,800,53.32010871905368,320.62950377839024,15,3.203048,3.1192025053314865,4.367885354440658,2818.445312,631.242752,350.137339055794,32.892703862660944,train,800,0.96625,0.9663317827130853,0.96625,0.961538467819332,0.9614285714285714,0.99875,0.09245809069599442,0.04786581048327264,0.026789826537107684,0.9993732142857142,0.9658983233676222,1.0
few100__yolo11n__seed43,yolo11n,few100,43,complete,,runs/2026-09-12/few100__yolo11n__seed43,800,800,800,53.32010871905368,320.62950377839024,15,3.203048,3.1192025053314865,4.367885354440658,2818.445312,631.242752,350.137339055794,32.892703862660944,val_clean,500,0.912,0.9144656374950442,0.9151660828388671,0.8994680902715103,0.8992332566895377,0.98,0.2439959886839835,0.12727614305570012,0.022205116517014734,0.9945418402020195,0.9129909575292648,1.0
few100__yolo11n__seed43,yolo11n,few100,43,complete,,runs/2026-09-12/few100__yolo11n__seed43,800,800,800,53.32010871905368,320.62950377839024,15,3.203048,3.1192025053314865,4.367885354440658,2818.445312,631.242752,350.137339055794,32.892703862660944,test_clean,500,0.914,0.9163029830450959,0.917543726370171,0.9022729865011937,0.9016954112332425,0.974,0.2750006603153026,0.1352270907377164,0.02974319302081405,0.9929345907572894,0.914877622357501,1.0
few10__polygarbor__seed42,polygarbor,few10,42,complete,,runs/2026-09-12/few10__polygarbor__seed42,80,80,80,0.573548638029024,99.38128385393459,0,0.0197,6.103559513576329,8.660900761606172,392.040448,0.0,,,train,80,1.0,1.0,1.0,1.0,1.0,1.0,0.0048061571027285714,0.00010345445867764754,0.004773422453280496,1.0,1.0,1.0
few10__polygarbor__seed42,polygarbor,few10,42,complete,,runs/2026-09-12/few10__polygarbor__seed42,80,80,80,0.573548638029024,99.38128385393459,0,0.0197,6.103559513576329,8.660900761606172,392.040448,0.0,,,val_clean,500,0.564,0.5190665915240611,0.5687100053029461,0.5171618903527052,0.5013084933111286,0.746,1.224957534863619,0.5707684707325263,0.09395546272860328,0.9013338804376188,0.3559350602262785,1.0
few10__polygarbor__seed42,polygarbor,few10,42,complete,,runs/2026-09-12/few10__polygarbor__seed42,80,80,80,0.573548638029024,99.38128385393459,0,0.0197,6.103559513576329,8.660900761606172,392.040448,0.0,,,test_clean,500,0.546,0.5098073496104538,0.5588321833833001,0.4952948562400751,0.48145813059945275,0.746,1.3039148261002527,0.5755924064771282,0.10581982913353799,0.8858691357648463,0.3507515240185982,1.0
few10__polygarbor__seed43,polygarbor,few10,43,complete,,runs/2026-09-12/few10__polygarbor__seed43,80,80,80,0.5435710590099916,99.34303731760565,0,0.019653,6.826993951108307,7.29321381659247,392.06912,0.0,,,train,80,1.0,1.0,1.0,1.0,1.0,1.0,0.0038432070711709953,5.9531546746467744e-05,0.0038232805485802768,1.0,1.0,1.0
few10__polygarbor__seed43,polygarbor,few10,43,complete,,runs/2026-09-12/few10__polygarbor__seed43,80,80,80,0.5435710590099916,99.34303731760565,0,0.019653,6.826993951108307,7.29321381659247,392.06912,0.0,,,val_clean,500,0.544,0.48526113148501404,0.5377820569840627,0.5054055307614012,0.4788142567159812,0.75,1.2812504348097453,0.5838095567803596,0.12712716260180495,0.9163298254209918,0.0,1.0
few10__polygarbor__seed43,polygarbor,few10,43,complete,,runs/2026-09-12/few10__polygarbor__seed43,80,80,80,0.5435710590099916,99.34303731760565,0,0.019653,6.826993951108307,7.29321381659247,392.06912,0.0,,,test_clean,500,0.53,0.49246147521323214,0.5370324132965089,0.4894797625746816,0.46208007910856363,0.712,1.4331485489423001,0.6296213345668821,0.14154205755812818,0.9016939281581167,0.0,1.0
few10__polygarbor_aug__seed42,polygarbor_aug,few10,42,complete,,runs/2026-09-12/few10__polygarbor_aug__seed42,80,80,320,1.5140353271272033,103.69639148242247,0,0.07544,7.672845444176346,8.010924031259492,395.505664,0.0,,,train,80,1.0,1.0,1.0,1.0,1.0,1.0,0.054968521536111446,0.008278312647302291,0.051584387805335946,1.0,1.0,1.0
few10__polygarbor_aug__seed42,polygarbor_aug,few10,42,complete,,runs/2026-09-12/few10__polygarbor_aug__seed42,80,80,320,1.5140353271272033,103.69639148242247,0,0.07544,7.672845444176346,8.010924031259492,395.505664,0.0,,,val_clean,500,0.59,0.5665062941363872,0.6000149899794099,0.5433900963959389,0.5320019359139432,0.81,1.0105597510001492,0.5045285705166455,0.03431385940374826,0.9262616400195953,0.5051070178780849,1.0
few10__polygarbor_aug__seed42,polygarbor_aug,few10,42,complete,,runs/2026-09-12/few10__polygarbor_aug__seed42,80,80,320,1.5140353271272033,103.69639148242247,0,0.07544,7.672845444176346,8.010924031259492,395.505664,0.0,,,test_clean,500,0.574,0.5538169782575038,0.5832790986086547,0.5234544858889739,0.5131317287252279,0.772,1.0397999060469505,0.5105762177531702,0.06730202718560442,0.9112894002284905,0.4745322660630497,1.0
few10__polygarbor_aug__seed43,polygarbor_aug,few10,43,complete,,runs/2026-09-12/few10__polygarbor_aug__seed43,80,80,320,1.5349029171047732,102.93810653381853,0,0.075225,7.936238485854119,8.05415403447114,395.603968,0.0,,,train,80,1.0,1.0,1.0,1.0,1.0,1.0,0.05572095732231615,0.008442742986320053,0.05238379679906455,1.0,1.0,1.0
few10__polygarbor_aug__seed43,polygarbor_aug,few10,43,complete,,runs/2026-09-12/few10__polygarbor_aug__seed43,80,80,320,1.5349029171047732,102.93810653381853,0,0.075225,7.936238485854119,8.05415403447114,395.603968,0.0,,,val_clean,500,0.588,0.5152547347656394,0.5799589954815951,0.559799834417669,0.528871487119438,0.752,1.1029368964038284,0.5285994642312393,0.061677381380722054,0.9283635525476542,0.2841429625479011,1.0
few10__polygarbor_aug__seed43,polygarbor_aug,few10,43,complete,,runs/2026-09-12/few10__polygarbor_aug__seed43,80,80,320,1.5349029171047732,102.93810653381853,0,0.075225,7.936238485854119,8.05415403447114,395.603968,0.0,,,test_clean,500,0.574,0.5319004998955366,0.5852683652117596,0.545160424512062,0.5129914670617609,0.754,1.1615058405420313,0.5497484662642574,0.08599363442089661,0.9181456562810666,0.3436701100716739,1.0
few10__polygarbor_p3__seed42,polygarbor_p3,few10,42,complete,,runs/2026-09-12/few10__polygarbor_p3__seed42,80,80,720,0.6334148989990354,151.55942834894725,0,0.167885,21.155873546376824,21.631574304774404,399.388672,0.0,209.1,34.0,train,80,0.975,0.9747474747474747,0.975,0.9721231933059806,0.9714285714285714,1.0,0.26227297006531813,0.11666833603323208,0.18317292444427366,1.0,0.9724924724660731,1.0
few10__polygarbor_p3__seed42,polygarbor_p3,few10,42,complete,,runs/2026-09-12/few10__polygarbor_p3__seed42,80,80,720,0.6334148989990354,151.55942834894725,0,0.167885,21.155873546376824,21.631574304774404,399.388672,0.0,209.1,34.0,val_clean,500,0.572,0.5297980754203273,0.6008784499426361,0.5420047630574967,0.5160867244950569,0.784,1.1789648945054674,0.5930158142255886,0.1389035863198535,0.9310510703461834,0.39832590929961337,0.81
few10__polygarbor_p3__seed42,polygarbor_p3,few10,42,complete,,runs/2026-09-12/few10__polygarbor_p3__seed42,80,80,720,0.6334148989990354,151.55942834894725,0,0.167885,21.155873546376824,21.631574304774404,399.388672,0.0,209.1,34.0,test_clean,500,0.574,0.5353253105389335,0.5767924938453273,0.5367966267556397,0.5120252555567264,0.806,1.2211418927346567,0.5998086351952697,0.11932479346503037,0.9162722334894091,0.4289573244437969,0.832
few10__polygarbor_p3__seed43,polygarbor_p3,few10,43,complete,,runs/2026-09-12/few10__polygarbor_p3__seed43,80,80,720,0.6088772179791704,149.45541943911766,0,0.16758,20.697266969364136,20.943113713292405,399.048704,0.0,229.0,35.0,train,80,0.875,0.8333333333333333,0.875,0.8728715609439696,0.8571428571428572,1.0,0.30720718619084647,0.15225462627791783,0.15028671767118873,1.0,0.0,1.0
few10__polygarbor_p3__seed43,polygarbor_p3,few10,43,complete,,runs/2026-09-12/few10__polygarbor_p3__seed43,80,80,720,0.6088772179791704,149.45541943911766,0,0.16758,20.697266969364136,20.943113713292405,399.048704,0.0,229.0,35.0,val_clean,500,0.456,0.3794385188892633,0.49340606106690876,0.4142485395703647,0.38580209278904565,0.746,1.3958532368913392,0.6716871126670002,0.11936540322683728,0.9259588958444386,0.0,0.846
few10__polygarbor_p3__seed43,polygarbor_p3,few10,43,complete,,runs/2026-09-12/few10__polygarbor_p3__seed43,80,80,720,0.6088772179791704,149.45541943911766,0,0.16758,20.697266969364136,20.943113713292405,399.048704,0.0,229.0,35.0,test_clean,500,0.496,0.39275490727889273,0.49316045941450865,0.45053876355124695,0.4227703358926903,0.766,1.4195369944640617,0.6541119627246832,0.1180764128972861,0.9176311237644037,0.0,0.888
few10__polygarbor_p3_aug__seed42,polygarbor_p3_aug,few10,42,complete,,runs/2026-09-12/few10__polygarbor_p3_aug__seed42,80,80,2800,2.4623465901240706,149.04481825261973,0,0.649625,24.99563299352303,25.82429558970034,420.999168,0.0,358.70000000000005,38.0,train,80,0.925,0.9221230158730158,0.925,0.9174036320800654,0.9142857142857143,1.0,0.6291555872309351,0.3123997422239646,0.3456616099661516,0.9998214285714286,0.9123367196696422,0.9625
few10__polygarbor_p3_aug__seed42,polygarbor_p3_aug,few10,42,complete,,runs/2026-09-12/few10__polygarbor_p3_aug__seed42,80,80,2800,2.4623465901240706,149.04481825261973,0,0.649625,24.99563299352303,25.82429558970034,420.999168,0.0,358.70000000000005,38.0,val_clean,500,0.608,0.5709863438208171,0.635591217101011,0.5761411104812517,0.5557449431988177,0.794,1.153725654633902,0.5760180324451409,0.17008021095474254,0.9348393673350839,0.45192488525297764,0.81
few10__polygarbor_p3_aug__seed42,polygarbor_p3_aug,few10,42,complete,,runs/2026-09-12/few10__polygarbor_p3_aug__seed42,80,80,2800,2.4623465901240706,149.04481825261973,0,0.649625,24.99563299352303,25.82429558970034,420.999168,0.0,358.70000000000005,38.0,test_clean,500,0.596,0.5625739741753856,0.5993280838887483,0.5582003940237699,0.5374737825485651,0.806,1.1870312377436125,0.5859193287751171,0.15648703900150074,0.9255144811130875,0.4624344103367708,0.844
few10__polygarbor_p3_aug__seed43,polygarbor_p3_aug,few10,43,complete,,runs/2026-09-12/few10__polygarbor_p3_aug__seed43,80,80,2800,2.4031766270054504,146.47279606685424,0,0.648141,22.79233594890684,23.162558540934697,420.130816,0.0,375.15,16.0,train,80,0.8625,0.8208020050125313,0.8625,0.8584826945946175,0.8428571428571429,1.0,0.6829728080585417,0.33434342650745713,0.33378503434916124,1.0,0.0,0.9875
few10__polygarbor_p3_aug__seed43,polygarbor_p3_aug,few10,43,complete,,runs/2026-09-12/few10__polygarbor_p3_aug__seed43,80,80,2800,2.4031766270054504,146.47279606685424,0,0.648141,22.79233594890684,23.162558540934697,420.130816,0.0,375.15,16.0,val_clean,500,0.52,0.4518998938002772,0.550393129429128,0.47763645734728327,0.4554711535843611,0.806,1.200298463806851,0.5963926395483446,0.11857803048566516,0.9386514916601556,0.0,0.822
few10__polygarbor_p3_aug__seed43,polygarbor_p3_aug,few10,43,complete,,runs/2026-09-12/few10__polygarbor_p3_aug__seed43,80,80,2800,2.4031766270054504,146.47279606685424,0,0.648141,22.79233594890684,23.162558540934697,420.130816,0.0,375.15,16.0,test_clean,500,0.548,0.4572294224564573,0.5478053318497887,0.5040196607814018,0.4832773931573122,0.8,1.2428421470913722,0.6027218597044903,0.13311503638867112,0.9285425109107734,0.2542269983528546,0.844
few10__polygarbor_p5__seed42,polygarbor_p5,few10,42,complete,,runs/2026-09-12/few10__polygarbor_p5__seed42,80,80,2000,1.0876768940361217,198.58838703327893,0,0.463519,39.23826897516847,41.47618976421654,424.538112,0.0,302.0,34.0,train,80,0.825,0.7824388336570326,0.825,0.8161929941609841,0.8,1.0,0.595587085560503,0.2888553802870696,0.23098365958515715,1.0,0.0,0.975
few10__polygarbor_p5__seed42,polygarbor_p5,few10,42,complete,,runs/2026-09-12/few10__polygarbor_p5__seed42,80,80,2000,1.0876768940361217,198.58838703327893,0,0.463519,39.23826897516847,41.47618976421654,424.538112,0.0,302.0,34.0,val_clean,500,0.504,0.43797170877188274,0.5384357933575782,0.46835146365486213,0.4398113429167758,0.764,1.3695333285983726,0.6443275763749183,0.13512484597927782,0.920047831540236,0.0,0.838
few10__polygarbor_p5__seed42,polygarbor_p5,few10,42,complete,,runs/2026-09-12/few10__polygarbor_p5__seed42,80,80,2000,1.0876768940361217,198.58838703327893,0,0.463519,39.23826897516847,41.47618976421654,424.538112,0.0,302.0,34.0,test_clean,500,0.504,0.43145930793080856,0.5041899930981752,0.4591587603303727,0.43227082513025716,0.768,1.3586841633964288,0.6344892301788084,0.13394725855291068,0.91526701478641,0.0,0.842
few10__polygarbor_p5__seed43,polygarbor_p5,few10,43,complete,,runs/2026-09-12/few10__polygarbor_p5__seed43,80,80,2000,1.0702790978830308,194.34183140772876,0,0.462532,33.400869520846754,35.16566398902796,420.327424,0.0,301.15,35.0,train,80,0.85,0.8088118022328548,0.85,0.8442449976016574,0.8285714285714285,1.0,0.6486188511030317,0.3161878709017795,0.2774966174279762,1.0,0.0,1.0
few10__polygarbor_p5__seed43,polygarbor_p5,few10,43,complete,,runs/2026-09-12/few10__polygarbor_p5__seed43,80,80,2000,1.0702790978830308,194.34183140772876,0,0.462532,33.400869520846754,35.16566398902796,420.327424,0.0,301.15,35.0,val_clean,500,0.56,0.5142750978053191,0.588912910405476,0.5213689368586388,0.5009414059841661,0.76,1.3417868686161845,0.6508645086059051,0.21031661476071734,0.9248118238972385,0.0,0.76
few10__polygarbor_p5__seed43,polygarbor_p5,few10,43,complete,,runs/2026-09-12/few10__polygarbor_p5__seed43,80,80,2000,1.0702790978830308,194.34183140772876,0,0.462532,33.400869520846754,35.16566398902796,420.327424,0.0,301.15,35.0,test_clean,500,0.552,0.4923221669480815,0.5528253311103134,0.5070616776925861,0.4877634930870939,0.758,1.4020491741271124,0.6502057296482854,0.1725468028344904,0.913850776784352,0.0,0.76
few10__resnet18__seed42,resnet18,few10,42,complete,,runs/2026-09-12/few10__resnet18__seed42,80,80,80,32.74335956608411,112.38920039872083,15,45.011183,3.806927998084575,5.771070625633001,2414.862336,4099.93216,113.70935251798561,70.82014388489209,train,80,0.125,0.028089887640449437,0.125,0.0,0.0,0.175,16.70098038837134,1.704751261004305,0.8467221999742327,0.5957142857142858,0.0,1.0
few10__resnet18__seed42,resnet18,few10,42,complete,,runs/2026-09-12/few10__resnet18__seed42,80,80,80,32.74335956608411,112.38920039872083,15,45.011183,3.806927998084575,5.771070625633001,2414.862336,4099.93216,113.70935251798561,70.82014388489209,val_clean,500,0.142,0.044676705283529065,0.13293650793650794,0.06850018662345966,0.009311090173474534,0.17,17.245249682439727,1.6808477704750044,0.8420239007287449,0.6032782234565072,0.0,1.0
few10__resnet18__seed42,resnet18,few10,42,complete,,runs/2026-09-12/few10__resnet18__seed42,80,80,80,32.74335956608411,112.38920039872083,15,45.011183,3.806927998084575,5.771070625633001,2414.862336,4099.93216,113.70935251798561,70.82014388489209,test_clean,500,0.136,0.05811703096539162,0.14285714285714285,0.09640113030573182,0.020257091796467508,0.168,16.913063304030512,1.6871884733937172,0.8445022384615986,0.5887092816546725,0.0,1.0
few10__resnet18__seed43,resnet18,few10,43,complete,,runs/2026-09-12/few10__resnet18__seed43,80,80,80,38.23024793993682,109.67755183245428,33,45.011183,3.9511744980700314,5.365843081381172,2423.35744,4120.90368,110.42874251497005,71.91616766467065,train,80,0.35,0.2773809523809524,0.35,0.32080261451235703,0.2571428571428571,0.5,4.230317467832888,1.1035476844268577,0.4862958082013878,0.7678571428571429,0.0,1.0
few10__resnet18__seed43,resnet18,few10,43,complete,,runs/2026-09-12/few10__resnet18__seed43,80,80,80,38.23024793993682,109.67755183245428,33,45.011183,3.9511744980700314,5.365843081381172,2423.35744,4120.90368,110.42874251497005,71.91616766467065,val_clean,500,0.354,0.27522016796313475,0.3563360309691007,0.3469462728670317,0.26527121273469234,0.496,4.217569042777139,1.1267288078423479,0.4425375472642752,0.7732746872472771,0.0,1.0
few10__resnet18__seed43,resnet18,few10,43,complete,,runs/2026-09-12/few10__resnet18__seed43,80,80,80,38.23024793993682,109.67755183245428,33,45.011183,3.9511744980700314,5.365843081381172,2423.35744,4120.90368,110.42874251497005,71.91616766467065,test_clean,500,0.346,0.27526208863876894,0.3533030295079673,0.32572542994549547,0.2486696627974303,0.472,4.464963666103729,1.1244975419303622,0.4351527801662265,0.7580270542378575,0.0,1.0
few10__yolo11n__seed42,yolo11n,few10,42,complete,,runs/2026-09-12/few10__yolo11n__seed42,80,80,80,31.533055773121305,301.9688313276803,21,3.203496,4.306533490307629,7.305772241670638,2667.606016,710.934528,327.56449275362314,57.8768115942029,train,80,0.9875,0.987468671679198,0.9875,0.9858903532848091,0.9857142857142858,1.0,0.044403162533436645,0.01755192639632534,0.0254367069910591,1.0,0.9869162813660015,1.0
few10__yolo11n__seed42,yolo11n,few10,42,complete,,runs/2026-09-12/few10__yolo11n__seed42,80,80,80,31.533055773121305,301.9688313276803,21,3.203496,4.306533490307629,7.305772241670638,2667.606016,710.934528,327.56449275362314,57.8768115942029,val_clean,500,0.834,0.8284232399315699,0.8310134198447954,0.8118800321273896,0.8097656679746232,0.958,0.4581553137441996,0.23779184140292964,0.04790816528738224,0.9835832749721425,0.8173241357519792,1.0
few10__yolo11n__seed42,yolo11n,few10,42,complete,,runs/2026-09-12/few10__yolo11n__seed42,80,80,80,31.533055773121305,301.9688313276803,21,3.203496,4.306533490307629,7.305772241670638,2667.606016,710.934528,327.56449275362314,57.8768115942029,test_clean,500,0.818,0.8190675520593553,0.8259827551609293,0.7942800180258296,0.7921605708047269,0.938,0.5935514764934099,0.2709278694673214,0.08640587819764525,0.9755262930162529,0.81522887819878,1.0
few10__yolo11n__seed43,yolo11n,few10,43,complete,,runs/2026-09-12/few10__yolo11n__seed43,80,80,80,40.21046431490686,313.3761376470489,29,3.204072,4.492198000662029,7.281322992639615,2611.544064,811.597824,334.17237569060774,61.91160220994475,train,80,1.0,1.0,1.0,1.0,1.0,1.0,0.010608777509072007,0.003496209899620241,0.009441576992065557,1.0,1.0,1.0
few10__yolo11n__seed43,yolo11n,few10,43,complete,,runs/2026-09-12/few10__yolo11n__seed43,80,80,80,40.21046431490686,313.3761376470489,29,3.204072,4.492198000662029,7.281322992639615,2611.544064,811.597824,334.17237569060774,61.91160220994475,val_clean,500,0.854,0.8568727803270688,0.8545893787218068,0.8328636537047879,0.8326916024935826,0.946,0.5036281586056759,0.2325195756308451,0.06782121018811826,0.9803050411914375,0.8490895373559082,1.0
few10__yolo11n__seed43,yolo11n,few10,43,complete,,runs/2026-09-12/few10__yolo11n__seed43,80,80,80,40.21046431490686,313.3761376470489,29,3.204072,4.492198000662029,7.281322992639615,2611.544064,811.597824,334.17237569060774,61.91160220994475,test_clean,500,0.846,0.8492905807958611,0.8528212620713618,0.8261292183033195,0.824094084535357,0.95,0.5543933030009259,0.24565556675763958,0.08431296680547234,0.9781838154140421,0.840923210100164,1.0
few1__polygarbor_aug__seed42,polygarbor_aug,few1,42,complete,,runs/2026-09-12/few1__polygarbor_aug__seed42,8,8,32,0.22703838488087058,96.8999141336547,0,0.008548,4.6717909863218665,4.861845803679898,377.131008,0.0,,,train,8,1.0,1.0,1.0,1.0,1.0,1.0,4.259851001795373e-05,6.462904045096277e-09,4.259647876159178e-05,1.0,1.0,1.0
few1__polygarbor_aug__seed42,polygarbor_aug,few1,42,complete,,runs/2026-09-12/few1__polygarbor_aug__seed42,8,8,32,0.22703838488087058,96.8999141336547,0,0.008548,4.6717909863218665,4.861845803679898,377.131008,0.0,,,val_clean,500,0.41,0.3476308766297205,0.3906871223145373,0.35432963582130805,0.32028276237085374,0.538,3.4586707512856174,0.91419472744426,0.35385483286941616,0.7528066648161247,0.1616839245576725,1.0
few1__polygarbor_aug__seed42,polygarbor_aug,few1,42,complete,,runs/2026-09-12/few1__polygarbor_aug__seed42,8,8,32,0.22703838488087058,96.8999141336547,0,0.008548,4.6717909863218665,4.861845803679898,377.131008,0.0,,,test_clean,500,0.334,0.3137582346629481,0.35368059585914274,0.2636917044501068,0.2413196026610771,0.482,3.675690212802722,0.9771277800941726,0.4093485437233775,0.7281208609568568,0.1296267661047854,1.0
few1__polygarbor_aug__seed43,polygarbor_aug,few1,43,complete,,runs/2026-09-12/few1__polygarbor_aug__seed43,8,8,32,0.2175492059905082,96.52988575336938,0,0.008495,4.7897344920784235,4.873704491183162,380.321792,0.0,,,train,8,1.0,1.0,1.0,1.0,1.0,1.0,2.3272853912056045e-05,1.9322265035828933e-09,2.3272286413966725e-05,1.0,1.0,1.0
few1__polygarbor_aug__seed43,polygarbor_aug,few1,43,complete,,runs/2026-09-12/few1__polygarbor_aug__seed43,8,8,32,0.2175492059905082,96.52988575336938,0,0.008495,4.7897344920784235,4.873704491183162,380.321792,0.0,,,val_clean,500,0.38,0.35677579001674703,0.3770553212109104,0.3076771589107904,0.2885502490074129,0.63,2.908723655525857,0.9348576160026616,0.3790040191052646,0.8032218222409678,0.19861161533715782,1.0
few1__polygarbor_aug__seed43,polygarbor_aug,few1,43,complete,,runs/2026-09-12/few1__polygarbor_aug__seed43,8,8,32,0.2175492059905082,96.52988575336938,0,0.008495,4.7897344920784235,4.873704491183162,380.321792,0.0,,,test_clean,500,0.424,0.42813389746244335,0.43363630210350085,0.35798981910838756,0.3428348461822811,0.632,2.76031527497387,0.8571614211964383,0.29878355515966604,0.802887288126428,0.3311848372023092,1.0
few1__polygarbor_p3__seed42,polygarbor_p3,few1,42,complete,,runs/2026-09-12/few1__polygarbor_p3__seed42,8,8,72,0.12133545707911253,98.8993678259752,0,0.017811,6.882047513499856,10.653139324858778,380.239872,0.0,,,train,8,1.0,1.0,1.0,1.0,1.0,1.0,0.0007273890887894866,2.271011323537302e-06,0.0007267436587130582,1.0,1.0,1.0
few1__polygarbor_p3__seed42,polygarbor_p3,few1,42,complete,,runs/2026-09-12/few1__polygarbor_p3__seed42,8,8,72,0.12133545707911253,98.8993678259752,0,0.017811,6.882047513499856,10.653139324858778,380.239872,0.0,,,val_clean,500,0.328,0.23738178315460473,0.35277616423285163,0.2783593938495546,0.24109300676240342,0.474,4.46150586079811,1.120190253244353,0.47594668260974216,0.777993115752492,0.0,0.908
few1__polygarbor_p3__seed42,polygarbor_p3,few1,42,complete,,runs/2026-09-12/few1__polygarbor_p3__seed42,8,8,72,0.12133545707911253,98.8993678259752,0,0.017811,6.882047513499856,10.653139324858778,380.239872,0.0,,,test_clean,500,0.34,0.23305222260592318,0.34658065604182475,0.285324413689395,0.24539692121943868,0.468,4.447013136979813,1.127132361155293,0.4867533330974042,0.7569681300733584,0.0,0.946
few1__polygarbor_p3__seed43,polygarbor_p3,few1,43,complete,,runs/2026-09-12/few1__polygarbor_p3__seed43,8,8,72,0.12011411495041102,99.90499455417174,0,0.017705,6.6042745020240545,6.66500580846332,380.342272,0.0,,,train,8,1.0,1.0,1.0,1.0,1.0,1.0,0.0011438370416965906,1.700812274030678e-05,0.0011395590532534694,1.0,1.0,1.0
few1__polygarbor_p3__seed43,polygarbor_p3,few1,43,complete,,runs/2026-09-12/few1__polygarbor_p3__seed43,8,8,72,0.12011411495041102,99.90499455417174,0,0.017705,6.6042745020240545,6.66500580846332,380.342272,0.0,,,val_clean,500,0.366,0.3023863240463559,0.3680166163474262,0.2867576212651193,0.2743504635458396,0.606,2.6084209892288857,0.9743440526284594,0.29787049163084034,0.8027511170275614,0.0,0.724
few1__polygarbor_p3__seed43,polygarbor_p3,few1,43,complete,,runs/2026-09-12/few1__polygarbor_p3__seed43,8,8,72,0.12011411495041102,99.90499455417174,0,0.017705,6.6042745020240545,6.66500580846332,380.342272,0.0,,,test_clean,500,0.34,0.2829670801169248,0.34596568555368623,0.2611487529061621,0.24760601915184688,0.546,2.797313137133138,0.9948987145159237,0.2960931814845108,0.7990835767540043,0.0,0.746
few1__polygarbor_p3_aug__seed42,polygarbor_p3_aug,few1,42,complete,,runs/2026-09-12/few1__polygarbor_p3_aug__seed42,8,8,288,0.2761854550335556,112.24341990143388,0,0.067883,9.455975494347513,9.709822171134874,381.087744,0.0,,,train,8,1.0,1.0,1.0,1.0,1.0,1.0,0.007122360977323281,0.0002421237544416091,0.007045969824323706,1.0,1.0,1.0
few1__polygarbor_p3_aug__seed42,polygarbor_p3_aug,few1,42,complete,,runs/2026-09-12/few1__polygarbor_p3_aug__seed42,8,8,288,0.2761854550335556,112.24341990143388,0,0.067883,9.455975494347513,9.709822171134874,381.087744,0.0,,,val_clean,500,0.412,0.3395765351069849,0.41733170400495667,0.3912889871480981,0.3272465160980298,0.494,3.9689122795801772,0.981155530190955,0.36748245173437016,0.7949871727252603,0.0,0.9
few1__polygarbor_p3_aug__seed42,polygarbor_p3_aug,few1,42,complete,,runs/2026-09-12/few1__polygarbor_p3_aug__seed42,8,8,288,0.2761854550335556,112.24341990143388,0,0.067883,9.455975494347513,9.709822171134874,381.087744,0.0,,,test_clean,500,0.424,0.35579302125402035,0.4391463896565039,0.401061269847846,0.34354485776805255,0.492,4.054406540454559,0.9930263625634285,0.37291832917995354,0.7710536380429809,0.0,0.906
few1__polygarbor_p3_aug__seed43,polygarbor_p3_aug,few1,43,complete,,runs/2026-09-12/few1__polygarbor_p3_aug__seed43,8,8,288,0.2811854981118813,120.91661991213968,0,0.067445,9.534507407806814,10.140364646213127,381.321216,0.0,,,train,8,1.0,1.0,1.0,1.0,1.0,1.0,0.0219110408738556,0.005645424239286046,0.020339704010543164,1.0,1.0,1.0
few1__polygarbor_p3_aug__seed43,polygarbor_p3_aug,few1,43,complete,,runs/2026-09-12/few1__polygarbor_p3_aug__seed43,8,8,288,0.2811854981118813,120.91661991213968,0,0.067445,9.534507407806814,10.140364646213127,381.321216,0.0,,,val_clean,500,0.366,0.3317826170171223,0.3681191086948461,0.28394067531408884,0.27433717453907813,0.612,2.0173092232360035,0.9152291486288157,0.2868524536949178,0.8113386016508778,0.27375576363939047,0.78
few1__polygarbor_p3_aug__seed43,polygarbor_p3_aug,few1,43,complete,,runs/2026-09-12/few1__polygarbor_p3_aug__seed43,8,8,288,0.2811854981118813,120.91661991213968,0,0.067445,9.534507407806814,10.140364646213127,381.321216,0.0,,,test_clean,500,0.356,0.32901672556671957,0.35949014867801127,0.27406107999258955,0.26496772249564005,0.578,2.093894739102192,0.893680571298079,0.2667732599211682,0.806676791599256,0.27582540551792967,0.796
few1__polygarbor_p5__seed42,polygarbor_p5,few1,42,complete,,runs/2026-09-12/few1__polygarbor_p5__seed42,8,8,200,0.16372669802512974,97.7238299739252,0,0.047356,11.920230463147163,12.289273279020563,377.15968,0.0,,,train,8,1.0,1.0,1.0,1.0,1.0,1.0,0.035238859277094636,0.012604047073961164,0.03151745745443711,1.0,1.0,1.0
few1__polygarbor_p5__seed42,polygarbor_p5,few1,42,complete,,runs/2026-09-12/few1__polygarbor_p5__seed42,8,8,200,0.16372669802512974,97.7238299739252,0,0.047356,11.920230463147163,12.289273279020563,377.15968,0.0,,,val_clean,500,0.294,0.18894911305732826,0.32534875645878614,0.24278989682198354,0.20552754771335968,0.524,4.435357729190785,1.1150552465924757,0.462757635277217,0.766375619211089,0.0,0.922
few1__polygarbor_p5__seed42,polygarbor_p5,few1,42,complete,,runs/2026-09-12/few1__polygarbor_p5__seed42,8,8,200,0.16372669802512974,97.7238299739252,0,0.047356,11.920230463147163,12.289273279020563,377.15968,0.0,,,test_clean,500,0.3,0.17475693806525425,0.3042372881355932,0.23720524056795705,0.19919461858783694,0.524,4.308496477551029,1.1048501904739216,0.4677385322808574,0.7479445344362825,0.0,0.94
few1__polygarbor_p5__seed43,polygarbor_p5,few1,43,complete,,runs/2026-09-12/few1__polygarbor_p5__seed43,8,8,200,0.15328853798564523,104.37831954205429,0,0.047127,11.981841525994241,12.347680004313588,377.56928,0.0,,,train,8,1.0,1.0,1.0,1.0,1.0,1.0,0.01841490628667342,0.0033274554938624266,0.01751094518432797,1.0,1.0,1.0
few1__polygarbor_p5__seed43,polygarbor_p5,few1,43,complete,,runs/2026-09-12/few1__polygarbor_p5__seed43,8,8,200,0.15328853798564523,104.37831954205429,0,0.047127,11.981841525994241,12.347680004313588,377.56928,0.0,,,val_clean,500,0.35,0.2643605729135675,0.3438395032464358,0.3170976586486197,0.25212396793107583,0.53,2.6942424332313735,1.011503921827039,0.3602184222614663,0.8150914760506796,0.0,0.88
few1__polygarbor_p5__seed43,polygarbor_p5,few1,43,complete,,runs/2026-09-12/few1__polygarbor_p5__seed43,8,8,200,0.15328853798564523,104.37831954205429,0,0.047127,11.981841525994241,12.347680004313588,377.56928,0.0,,,test_clean,500,0.324,0.23643110435663628,0.33713264967003753,0.29894022216161287,0.23209741912031978,0.496,3.0346340365725544,1.0334855236502294,0.38295819053781155,0.8162295788263749,0.0,0.898
few1__resnet18__seed42,resnet18,few1,42,complete,,runs/2026-09-12/few1__resnet18__seed42,8,8,8,23.224903225083835,114.14471674253578,9,45.011183,4.712145542725921,6.422050739638506,2366.799872,4349.493248,116.15104166666667,47.729166666666664,train,8,0.125,0.027777777777777776,0.125,0.0,0.0,0.25,3.273133162263475,1.3425833741195539,0.6129362358918411,0.48214285714285715,0.0,1.0
few1__resnet18__seed42,resnet18,few1,42,complete,,runs/2026-09-12/few1__resnet18__seed42,8,8,8,23.224903225083835,114.14471674253578,9,45.011183,4.712145542725921,6.422050739638506,2366.799872,4349.493248,116.15104166666667,47.729166666666664,val_clean,500,0.126,0.02797513321492007,0.125,0.0,0.0,0.216,3.5385104585959217,1.4068510451790466,0.6351482149892891,0.4288565006002873,0.0,1.0
few1__resnet18__seed42,resnet18,few1,42,complete,,runs/2026-09-12/few1__resnet18__seed42,8,8,8,23.224903225083835,114.14471674253578,9,45.011183,4.712145542725921,6.422050739638506,2366.799872,4349.493248,116.15104166666667,47.729166666666664,test_clean,500,0.126,0.02797513321492007,0.125,0.0,0.0,0.26,3.423508855643272,1.3799938271914438,0.6304424100662464,0.4131889326233187,0.0,1.0
few1__resnet18__seed43,resnet18,few1,43,complete,,runs/2026-09-12/few1__resnet18__seed43,8,8,8,21.91755643405486,114.56569109585966,12,45.011183,3.0538560240529478,4.349259735317899,2358.919168,3995.07456,116.89545454545454,49.03409090909091,train,8,0.125,0.03571428571428571,0.125,0.0,0.0,0.25,2.4087808310586416,0.9134103704699701,0.276484981513727,0.5714285714285714,0.0,1.0
few1__resnet18__seed43,resnet18,few1,43,complete,,runs/2026-09-12/few1__resnet18__seed43,8,8,8,21.91755643405486,114.56569109585966,12,45.011183,3.0538560240529478,4.349259735317899,2358.919168,3995.07456,116.89545454545454,49.03409090909091,val_clean,500,0.142,0.05603688016086938,0.1475199900049975,0.04601838620006245,0.025535955224626483,0.254,2.442833650022523,0.924988787727566,0.11016530196927744,0.4274179128350949,0.0,1.0
few1__resnet18__seed43,resnet18,few1,43,complete,,runs/2026-09-12/few1__resnet18__seed43,8,8,8,21.91755643405486,114.56569109585966,12,45.011183,3.0538560240529478,4.349259735317899,2358.919168,3995.07456,116.89545454545454,49.03409090909091,test_clean,500,0.152,0.05477729885057471,0.14382606490872213,0.037305988058727826,0.023230526810479102,0.252,2.41730819488704,0.9220943532513928,0.1268349229565129,0.4309837004480147,0.0,1.0
few1__yolo11n__seed42,yolo11n,few1,42,complete,,runs/2026-09-12/few1__yolo11n__seed42,8,8,8,47.68331575207412,320.80403299836826,42,3.205032,3.9532509981654584,5.58932246058248,2595.196928,947.912704,337.3840182648402,39.602739726027394,train,8,1.0,1.0,1.0,1.0,1.0,1.0,1.727354553973655e-05,2.0401637782230837e-09,1.7272787483535446e-05,1.0,1.0,1.0
few1__yolo11n__seed42,yolo11n,few1,42,complete,,runs/2026-09-12/few1__yolo11n__seed42,8,8,8,47.68331575207412,320.80403299836826,42,3.205032,3.9532509981654584,5.58932246058248,2595.196928,947.912704,337.3840182648402,39.602739726027394,val_clean,500,0.592,0.528346287632556,0.5709233912512908,0.5513014105122344,0.5301357999668331,0.686,2.2306271068954255,0.662218337340259,0.2788728721532337,0.8701775967048682,0.3645550452187573,1.0
few1__yolo11n__seed42,yolo11n,few1,42,complete,,runs/2026-09-12/few1__yolo11n__seed42,8,8,8,47.68331575207412,320.80403299836826,42,3.205032,3.9532509981654584,5.58932246058248,2595.196928,947.912704,337.3840182648402,39.602739726027394,test_clean,500,0.592,0.551097526141523,0.5992306836200465,0.559646457047608,0.5332961190369427,0.688,2.096028105837144,0.6444917480803894,0.26255779097311693,0.8795234468315918,0.35463215651851077,1.0
few1__yolo11n__seed43,yolo11n,few1,43,complete,,runs/2026-09-12/few1__yolo11n__seed43,8,8,8,31.393163394997828,312.169878412493,30,3.204136,3.0616549775004387,4.618403542554005,2613.424128,792.723456,333.80567375886517,32.177304964539005,train,8,1.0,1.0,1.0,1.0,1.0,1.0,0.002087897471387664,1.4078283521438624e-05,0.0020822668463893468,1.0,1.0,1.0
few1__yolo11n__seed43,yolo11n,few1,43,complete,,runs/2026-09-12/few1__yolo11n__seed43,8,8,8,31.393163394997828,312.169878412493,30,3.204136,3.0616549775004387,4.618403542554005,2613.424128,792.723456,333.80567375886517,32.177304964539005,val_clean,500,0.532,0.5316309973476917,0.5323921184755924,0.4722594585711933,0.46602894396954997,0.728,1.6578902612697166,0.6945626406581477,0.24622846643936067,0.8566760200674324,0.47205931801999,1.0
few1__yolo11n__seed43,yolo11n,few1,43,complete,,runs/2026-09-12/few1__yolo11n__seed43,8,8,8,31.393163394997828,312.169878412493,30,3.204136,3.0616549775004387,4.618403542554005,2613.424128,792.723456,333.80567375886517,32.177304964539005,test_clean,500,0.514,0.5273232588658343,0.5199078941740939,0.4468865226190147,0.44290587631134914,0.686,1.6632631032704652,0.7069368005976286,0.24997780105907758,0.847888743433736,0.4518998317094219,1.0
few20__polygarbor__seed42,polygarbor,few20,42,complete,,runs/2026-09-12/few20__polygarbor__seed42,160,160,160,1.1075044040335342,100.22533508285629,0,0.038254,9.31442657019943,10.163798002758995,401.424384,0.0,,,train,160,1.0,1.0,1.0,1.0,1.0,1.0,0.028746362113716804,0.002468258187638821,0.02783415660717761,1.0,1.0,1.0
few20__polygarbor__seed42,polygarbor,few20,42,complete,,runs/2026-09-12/few20__polygarbor__seed42,160,160,160,1.1075044040335342,100.22533508285629,0,0.038254,9.31442657019943,10.163798002758995,401.424384,0.0,,,val_clean,500,0.566,0.5443524641013707,0.5736874390673516,0.5313970488548146,0.5049007976344754,0.75,1.2386170122380626,0.573328580994712,0.05771788145564277,0.9358623340739112,0.0,1.0
few20__polygarbor__seed42,polygarbor,few20,42,complete,,runs/2026-09-12/few20__polygarbor__seed42,160,160,160,1.1075044040335342,100.22533508285629,0,0.038254,9.31442657019943,10.163798002758995,401.424384,0.0,,,test_clean,500,0.566,0.5446889401894105,0.5704171392589065,0.5207599968883537,0.5028887432935797,0.752,1.2328319560375216,0.5561007955295303,0.04967170206262651,0.9185979944831448,0.0,1.0
few20__polygarbor__seed43,polygarbor,few20,43,complete,,runs/2026-09-12/few20__polygarbor__seed43,160,160,160,1.0696919551119208,100.96364610753766,0,0.038163,8.2479955162853,11.07026015524752,401.1008,0.0,,,train,160,1.0,1.0,1.0,1.0,1.0,1.0,0.01395140894296638,0.0006453395783850406,0.013712809828602346,1.0,1.0,1.0
few20__polygarbor__seed43,polygarbor,few20,43,complete,,runs/2026-09-12/few20__polygarbor__seed43,160,160,160,1.0696919551119208,100.96364610753766,0,0.038163,8.2479955162853,11.07026015524752,401.1008,0.0,,,val_clean,500,0.636,0.6098960672943154,0.6300734118292372,0.6012269774761423,0.5836478850685151,0.83,0.9877271395135083,0.47649444176270184,0.046526065715471895,0.9344892926963032,0.5363893034650762,1.0
few20__polygarbor__seed43,polygarbor,few20,43,complete,,runs/2026-09-12/few20__polygarbor__seed43,160,160,160,1.0696919551119208,100.96364610753766,0,0.038163,8.2479955162853,11.07026015524752,401.1008,0.0,,,test_clean,500,0.612,0.5935290733089535,0.6169249864226566,0.568622072157674,0.5553314385257174,0.808,1.0917892341383804,0.5127941288946045,0.07808819008624787,0.9160342354486286,0.5093590162654879,1.0
few20__polygarbor_aug__seed42,polygarbor_aug,few20,42,complete,,runs/2026-09-12/few20__polygarbor_aug__seed42,160,160,640,2.8736726770875975,105.78797036414639,0,0.149655,10.867103526834399,11.337636463576928,412.991488,0.0,,,train,160,1.0,1.0,1.0,1.0,1.0,1.0,0.19111979369489424,0.06087283558012517,0.1607394481469476,1.0,1.0,1.0
few20__polygarbor_aug__seed42,polygarbor_aug,few20,42,complete,,runs/2026-09-12/few20__polygarbor_aug__seed42,160,160,640,2.8736726770875975,105.78797036414639,0,0.149655,10.867103526834399,11.337636463576928,412.991488,0.0,,,val_clean,500,0.596,0.5892046873062682,0.6038102970889079,0.5530173047792815,0.5386421461819211,0.826,1.0083837103230269,0.5023201358022866,0.04183385369617232,0.9451331894178419,0.5292237070537839,1.0
few20__polygarbor_aug__seed42,polygarbor_aug,few20,42,complete,,runs/2026-09-12/few20__polygarbor_aug__seed42,160,160,640,2.8736726770875975,105.78797036414639,0,0.149655,10.867103526834399,11.337636463576928,412.991488,0.0,,,test_clean,500,0.618,0.6011408081505517,0.6227589882250191,0.573733528208169,0.5627769842141889,0.802,0.9960004334506042,0.49463461732065894,0.07224861804405307,0.9362606936895455,0.5110188890366274,1.0
few20__polygarbor_aug__seed43,polygarbor_aug,few20,43,complete,,runs/2026-09-12/few20__polygarbor_aug__seed43,160,160,640,2.8629866869887337,106.88139116771386,0,0.14927,11.494218022562563,11.85930019710213,408.469504,0.0,109.1,42.0,train,160,1.0,1.0,1.0,1.0,1.0,1.0,0.13864752696173122,0.03687495310003062,0.12121779754346008,1.0,1.0,1.0
few20__polygarbor_aug__seed43,polygarbor_aug,few20,43,complete,,runs/2026-09-12/few20__polygarbor_aug__seed43,160,160,640,2.8629866869887337,106.88139116771386,0,0.14927,11.494218022562563,11.85930019710213,408.469504,0.0,109.1,42.0,val_clean,500,0.686,0.6558771315376586,0.6794700947042207,0.6561553947920924,0.640827606401962,0.834,0.8959094236109215,0.4408352897405457,0.06163377937614517,0.9456074664511052,0.5871942529133312,1.0
few20__polygarbor_aug__seed43,polygarbor_aug,few20,43,complete,,runs/2026-09-12/few20__polygarbor_aug__seed43,160,160,640,2.8629866869887337,106.88139116771386,0,0.14927,11.494218022562563,11.85930019710213,408.469504,0.0,109.1,42.0,test_clean,500,0.652,0.641363560830302,0.6598445267930411,0.6154605080886226,0.6018525298381783,0.828,0.9795633970855736,0.472826438931721,0.05960925350560531,0.9328464219876864,0.5866540432095898,1.0
few20__polygarbor_p3__seed42,polygarbor_p3,few20,42,complete,,runs/2026-09-12/few20__polygarbor_p3__seed42,160,160,1440,1.2349130939692259,153.85698064736434,0,0.334598,25.496374524664134,26.794134301599115,411.762688,0.0,383.6,33.0,train,160,0.88125,0.8717489318223205,0.8812500000000001,0.8717905067776553,0.8642857142857143,1.0,0.5914706452973911,0.28754265135648016,0.288429207805146,0.9999107142857143,0.8417343831631081,0.96875
few20__polygarbor_p3__seed42,polygarbor_p3,few20,42,complete,,runs/2026-09-12/few20__polygarbor_p3__seed42,160,160,1440,1.2349130939692259,153.85698064736434,0,0.334598,25.496374524664134,26.794134301599115,411.762688,0.0,383.6,33.0,val_clean,500,0.542,0.4878436893245909,0.5734101553816875,0.5086455729762277,0.4818652849740933,0.762,1.2647740318308747,0.6339344923916826,0.12037292181835337,0.9348189294964176,0.3494965413502407,0.794
few20__polygarbor_p3__seed42,polygarbor_p3,few20,42,complete,,runs/2026-09-12/few20__polygarbor_p3__seed42,160,160,1440,1.2349130939692259,153.85698064736434,0,0.334598,25.496374524664134,26.794134301599115,411.762688,0.0,383.6,33.0,test_clean,500,0.552,0.49057739183253957,0.5525055861384305,0.5113280179394425,0.4868340870457679,0.788,1.2321923442272493,0.603095126809575,0.1262878077488182,0.9365104385167835,0.3508299971716343,0.814
few20__polygarbor_p3__seed43,polygarbor_p3,few20,43,complete,,runs/2026-09-12/few20__polygarbor_p3__seed43,160,160,1440,1.2858810140751302,159.42377075024027,0,0.333834,26.28797694342211,27.761697000823915,411.529216,0.0,359.4,0.0,train,160,0.83125,0.7903072405570033,0.83125,0.8230598300562012,0.8071428571428572,1.0,0.5231070336282871,0.25499245653953034,0.1921481905429331,1.0,0.0,0.9875
few20__polygarbor_p3__seed43,polygarbor_p3,few20,43,complete,,runs/2026-09-12/few20__polygarbor_p3__seed43,160,160,1440,1.2858810140751302,159.42377075024027,0,0.333834,26.28797694342211,27.761697000823915,411.529216,0.0,359.4,0.0,val_clean,500,0.52,0.45606272442056994,0.5520497156023172,0.4803505484998294,0.4560438066054414,0.816,1.1468468514205088,0.5817645215382667,0.09609328227941448,0.9469554311330262,0.0,0.848
few20__polygarbor_p3__seed43,polygarbor_p3,few20,43,complete,,runs/2026-09-12/few20__polygarbor_p3__seed43,160,160,1440,1.2858810140751302,159.42377075024027,0,0.333834,26.28797694342211,27.761697000823915,411.529216,0.0,359.4,0.0,test_clean,500,0.516,0.433097724505225,0.5154065589179573,0.4697258481794797,0.44642187228357844,0.8,1.214587133619021,0.5939147540169957,0.092206810794003,0.9326822644378007,0.0,0.854
few20__polygarbor_p3_aug__seed42,polygarbor_p3_aug,few20,42,complete,,runs/2026-09-12/few20__polygarbor_p3_aug__seed42,160,160,2800,4.351577838067897,131.21677268526685,0,0.649283,28.23461004300043,35.48419557628222,435.79392,0.0,329.15,42.0,train,160,0.79375,0.7743530549495057,0.79375,0.7751232332078688,0.7642857142857142,0.95,0.9511320850488623,0.48254079273029066,0.3657695629083116,0.9901785714285714,0.7371753180125196,0.9375
few20__polygarbor_p3_aug__seed42,polygarbor_p3_aug,few20,42,complete,,runs/2026-09-12/few20__polygarbor_p3_aug__seed42,160,160,2800,4.351577838067897,131.21677268526685,0,0.649283,28.23461004300043,35.48419557628222,435.79392,0.0,329.15,42.0,val_clean,500,0.542,0.48683103972332703,0.5727395134751947,0.5060130097965457,0.48138653235559214,0.762,1.2956384505879819,0.6541993557348653,0.18265573965567217,0.9294039186739702,0.34081532595063135,0.774
few20__polygarbor_p3_aug__seed42,polygarbor_p3_aug,few20,42,complete,,runs/2026-09-12/few20__polygarbor_p3_aug__seed42,160,160,2800,4.351577838067897,131.21677268526685,0,0.649283,28.23461004300043,35.48419557628222,435.79392,0.0,329.15,42.0,test_clean,500,0.582,0.5176985700817796,0.5831764259725134,0.5438713893856101,0.5214566036699013,0.774,1.2901791321637142,0.6366611148224255,0.21801087612988662,0.9302773299099689,0.363797608119934,0.816
few20__polygarbor_p3_aug__seed43,polygarbor_p3_aug,few20,43,complete,,runs/2026-09-12/few20__polygarbor_p3_aug__seed43,160,160,2800,4.2116658058948815,129.1650442061636,0,0.647893,35.877038491889834,41.74163042916916,438.734848,0.0,253.70000000000002,37.5,train,160,0.8125,0.7797257757829921,0.8125,0.8019535789350813,0.7857142857142857,0.975,0.8337286844717179,0.4195309790596745,0.3344414452731581,0.995,0.6348872932676419,0.94375
few20__polygarbor_p3_aug__seed43,polygarbor_p3_aug,few20,43,complete,,runs/2026-09-12/few20__polygarbor_p3_aug__seed43,160,160,2800,4.2116658058948815,129.1650442061636,0,0.647893,35.877038491889834,41.74163042916916,438.734848,0.0,253.70000000000002,37.5,val_clean,500,0.56,0.5027484498653432,0.5849957467675115,0.5189992597528184,0.4999545413219383,0.818,1.1514525327532643,0.5744414432874464,0.14554036141590587,0.9480425131784864,0.3431501928512746,0.866
few20__polygarbor_p3_aug__seed43,polygarbor_p3_aug,few20,43,complete,,runs/2026-09-12/few20__polygarbor_p3_aug__seed43,160,160,2800,4.2116658058948815,129.1650442061636,0,0.647893,35.877038491889834,41.74163042916916,438.734848,0.0,253.70000000000002,37.5,test_clean,500,0.556,0.48840480370875433,0.5594360774541475,0.5120553127252211,0.492889024930672,0.802,1.222737919739049,0.5970444262500189,0.14279648460978153,0.9332067594334803,0.316190603064654,0.858
few20__polygarbor_p5__seed42,polygarbor_p5,few20,42,complete,,runs/2026-09-12/few20__polygarbor_p5__seed42,160,160,2800,1.9819399340776727,179.1174363541975,0,0.648195,37.459761020727456,40.71844115387648,439.775232,0.0,358.35,35.0,train,160,0.7625,0.7097295803980941,0.7625,0.7473580460269265,0.7285714285714286,0.89375,1.0265538240385899,0.5007804623285681,0.34675507569904546,0.9874107142857143,0.0,0.8875
few20__polygarbor_p5__seed42,polygarbor_p5,few20,42,complete,,runs/2026-09-12/few20__polygarbor_p5__seed42,160,160,2800,1.9819399340776727,179.1174363541975,0,0.648195,37.459761020727456,40.71844115387648,439.775232,0.0,358.35,35.0,val_clean,500,0.548,0.4681553034680072,0.58174753301014,0.5127857749208428,0.4876468481212962,0.746,1.4095698686523177,0.6812046269868774,0.220125266103521,0.9190807622512156,0.0,0.748
few20__polygarbor_p5__seed42,polygarbor_p5,few20,42,complete,,runs/2026-09-12/few20__polygarbor_p5__seed42,160,160,2800,1.9819399340776727,179.1174363541975,0,0.648195,37.459761020727456,40.71844115387648,439.775232,0.0,358.35,35.0,test_clean,500,0.546,0.44333028929962504,0.5437155776704231,0.5025525704931979,0.4805515764229912,0.754,1.4075560054118759,0.6638679794139876,0.2059472922684907,0.9200492184681277,0.0,0.784
few20__polygarbor_p5__seed43,polygarbor_p5,few20,43,complete,,runs/2026-09-12/few20__polygarbor_p5__seed43,160,160,2800,1.8972014599712566,176.0487787127574,0,0.646993,36.35349549585953,39.98372968635521,438.505472,0.0,404.35,37.0,train,160,0.825,0.7840263131382406,0.825,0.8161929941609841,0.8,0.98125,0.923850439853549,0.46428898362407534,0.3902812789019833,0.9915178571428571,0.0,0.95625
few20__polygarbor_p5__seed43,polygarbor_p5,few20,43,complete,,runs/2026-09-12/few20__polygarbor_p5__seed43,160,160,2800,1.8972014599712566,176.0487787127574,0,0.646993,36.35349549585953,39.98372968635521,438.505472,0.0,404.35,37.0,val_clean,500,0.572,0.5292166968645766,0.6003165923180211,0.5346388454571276,0.5142104785253792,0.824,1.2625498869593716,0.6363067221844957,0.2435745023328493,0.9297230186694903,0.0,0.804
few20__polygarbor_p5__seed43,polygarbor_p5,few20,43,complete,,runs/2026-09-12/few20__polygarbor_p5__seed43,160,160,2800,1.8972014599712566,176.0487787127574,0,0.646993,36.35349549585953,39.98372968635521,438.505472,0.0,404.35,37.0,test_clean,500,0.572,0.5078920786901171,0.5695400917272038,0.5322232759159434,0.5102414463897471,0.816,1.3194255602781662,0.6450533172862117,0.2432382919832046,0.9200327290830131,0.0,0.776
few20__resnet18__seed42,resnet18,few20,42,complete,,runs/2026-09-12/few20__resnet18__seed42,160,160,160,28.972702835919335,108.30884566660514,21,45.011183,3.9835125207901,5.892340029822662,2429.136896,3649.04448,109.13666666666668,73.30833333333334,train,160,0.29375,0.20413744740532958,0.29375,0.24115555162544988,0.19285714285714284,0.46875,2.9130263053914645,0.9599805131609502,0.15808292144825625,0.7177678571428572,0.0,1.0
few20__resnet18__seed42,resnet18,few20,42,complete,,runs/2026-09-12/few20__resnet18__seed42,160,160,160,28.972702835919335,108.30884566660514,21,45.011183,3.9835125207901,5.892340029822662,2429.136896,3649.04448,109.13666666666668,73.30833333333334,val_clean,500,0.314,0.21285772946574189,0.30527359271184085,0.2577588390753042,0.21537588756313597,0.476,2.828702832734915,0.9475498165567939,0.13739486891876518,0.7181595423539462,0.0,1.0
few20__resnet18__seed42,resnet18,few20,42,complete,,runs/2026-09-12/few20__resnet18__seed42,160,160,160,28.972702835919335,108.30884566660514,21,45.011183,3.9835125207901,5.892340029822662,2429.136896,3649.04448,109.13666666666668,73.30833333333334,test_clean,500,0.28,0.19968030919412438,0.2852545283086011,0.21079463928172013,0.17507630544174668,0.47,2.982820920464013,0.9641447428722321,0.1747856872825866,0.7117026282510455,0.0,1.0
few20__resnet18__seed43,resnet18,few20,43,complete,,runs/2026-09-12/few20__resnet18__seed43,160,160,160,31.87336913892068,107.39373001582577,32,45.011183,3.930121543817222,6.496774178231134,2420.215808,3802.136576,107.93161764705881,70.02941176470588,train,160,0.28125,0.2069615122034477,0.28125,0.2312758555563365,0.1785714285714286,0.5625,2.670549255692946,1.0972169810220682,0.49989483393995254,0.7884821428571428,0.0,1.0
few20__resnet18__seed43,resnet18,few20,43,complete,,runs/2026-09-12/few20__resnet18__seed43,160,160,160,31.87336913892068,107.39373001582577,32,45.011183,3.930121543817222,6.496774178231134,2420.215808,3802.136576,107.93161764705881,70.02941176470588,val_clean,500,0.31,0.22788530142696808,0.3071440714069195,0.2911637729671089,0.2146167785173786,0.554,2.8299792667811543,1.127415745218591,0.5076165403885401,0.7830488519845688,0.0,1.0
few20__resnet18__seed43,resnet18,few20,43,complete,,runs/2026-09-12/few20__resnet18__seed43,160,160,160,31.87336913892068,107.39373001582577,32,45.011183,3.930121543817222,6.496774178231134,2420.215808,3802.136576,107.93161764705881,70.02941176470588,test_clean,500,0.294,0.21859972997360794,0.2972325273121953,0.2492370087363747,0.18868479599904386,0.52,2.8251378903666824,1.1289321361046296,0.5029792271631696,0.7752876581464572,0.0,1.0
few20__yolo11n__seed42,yolo11n,few20,42,complete,,runs/2026-09-12/few20__yolo11n__seed42,160,160,160,28.761626098072156,297.5492404643153,16,3.203112,3.948874946217984,5.661837256047873,2637.651968,660.60288,326.15080645161294,57.46774193548387,train,160,0.95625,0.9557132159667461,0.95625,0.9502970142326752,0.95,0.99375,0.11716948598950658,0.0644248358994213,0.04125726365888511,0.9990625,0.9544166192042358,1.0
few20__yolo11n__seed42,yolo11n,few20,42,complete,,runs/2026-09-12/few20__yolo11n__seed42,160,160,160,28.761626098072156,297.5492404643153,16,3.203112,3.948874946217984,5.661837256047873,2637.651968,660.60288,326.15080645161294,57.46774193548387,val_clean,500,0.838,0.837892545138334,0.8371784954058307,0.8150398039197316,0.8143326059450241,0.926,0.5605683199204706,0.2596878366833797,0.08137703692856718,0.9787638279551509,0.8276226822967002,1.0
few20__yolo11n__seed42,yolo11n,few20,42,complete,,runs/2026-09-12/few20__yolo11n__seed42,160,160,160,28.761626098072156,297.5492404643153,16,3.203112,3.948874946217984,5.661837256047873,2637.651968,660.60288,326.15080645161294,57.46774193548387,test_clean,500,0.82,0.8213111796717623,0.8238351088725018,0.7948115609275824,0.7941605639085707,0.936,0.5900971222035095,0.2641188841459747,0.09155703045826198,0.9766574512705999,0.8105158396262249,1.0
few20__yolo11n__seed43,yolo11n,few20,43,complete,,runs/2026-09-12/few20__yolo11n__seed43,160,160,160,43.991935512050986,317.9901006212355,28,3.204008,3.990285040345043,5.2050049824174485,2640.031744,801.112064,338.3597989949749,55.5929648241206,train,160,0.99375,0.9937460913070669,0.99375,0.9929014698050791,0.9928571428571429,1.0,0.02332026569121272,0.012887324422105755,0.013953291118402444,1.0,0.993608849045455,1.0
few20__yolo11n__seed43,yolo11n,few20,43,complete,,runs/2026-09-12/few20__yolo11n__seed43,160,160,160,43.991935512050986,317.9901006212355,28,3.204008,3.990285040345043,5.2050049824174485,2640.031744,801.112064,338.3597989949749,55.5929648241206,val_clean,500,0.864,0.8667717175249829,0.8652801061929429,0.8446960276248177,0.8441846503549382,0.966,0.45354632606138623,0.20869692802326587,0.06721229393113576,0.9860975903199016,0.8606887202152625,1.0
few20__yolo11n__seed43,yolo11n,few20,43,complete,,runs/2026-09-12/few20__yolo11n__seed43,160,160,160,43.991935512050986,317.9901006212355,28,3.204008,3.990285040345043,5.2050049824174485,2640.031744,801.112064,338.3597989949749,55.5929648241206,test_clean,500,0.86,0.8646602710766181,0.8647551604241585,0.8409150139666456,0.8399612248910593,0.952,0.5197014403096321,0.22119464460766916,0.06961406880960491,0.9826216711419299,0.8588882694443082,1.0
few2__polygarbor__seed42,polygarbor,few2,42,complete,,runs/2026-09-12/few2__polygarbor__seed42,16,16,16,0.15289942605886608,98.10370376553945,0,0.004825,4.6192415175028145,4.734153329627588,379.20768,0.0,,,train,16,1.0,1.0,1.0,1.0,1.0,1.0,0.0001695616011896226,5.3237292342238556e-08,0.0001695430600339165,1.0,1.0,1.0
few2__polygarbor__seed42,polygarbor,few2,42,complete,,runs/2026-09-12/few2__polygarbor__seed42,16,16,16,0.15289942605886608,98.10370376553945,0,0.004825,4.6192415175028145,4.734153329627588,379.20768,0.0,,,val_clean,500,0.272,0.18754183019626997,0.27307172916274103,0.17901907625430719,0.16745956232159853,0.49,2.2683599933088443,0.8888427563635554,0.248421964724948,0.8034154186256569,0.0,1.0
few2__polygarbor__seed42,polygarbor,few2,42,complete,,runs/2026-09-12/few2__polygarbor__seed42,16,16,16,0.15289942605886608,98.10370376553945,0,0.004825,4.6192415175028145,4.734153329627588,379.20768,0.0,,,test_clean,500,0.316,0.23326414622582825,0.31647851606173255,0.22912254483222444,0.21664559397504257,0.524,2.3283010706418947,0.8803860872624985,0.2164948641009935,0.7839946817407764,0.0,1.0
few2__polygarbor__seed43,polygarbor,few2,43,complete,,runs/2026-09-12/few2__polygarbor__seed43,16,16,16,0.20778428902849555,96.25366813588685,0,0.004822,4.948151996359229,5.405956442700699,379.199488,0.0,,,train,16,1.0,1.0,1.0,1.0,1.0,1.0,6.0228524220857295e-05,1.0266799112060274e-08,6.022535034611032e-05,1.0,1.0,1.0
few2__polygarbor__seed43,polygarbor,few2,43,complete,,runs/2026-09-12/few2__polygarbor__seed43,16,16,16,0.20778428902849555,96.25366813588685,0,0.004822,4.948151996359229,5.405956442700699,379.199488,0.0,,,val_clean,500,0.26,0.19084309960528778,0.2539696996399779,0.2125826190283386,0.14717854393413465,0.55,2.23197964853081,0.9367613540363179,0.35206947335207467,0.8098794561911538,0.0,1.0
few2__polygarbor__seed43,polygarbor,few2,43,complete,,runs/2026-09-12/few2__polygarbor__seed43,16,16,16,0.20778428902849555,96.25366813588685,0,0.004822,4.948151996359229,5.405956442700699,379.199488,0.0,,,test_clean,500,0.264,0.19572835796516197,0.27965162917042047,0.24273964494486835,0.1645022431298473,0.538,2.264410798012882,0.927272621041412,0.35451205934024993,0.8215646063216002,0.0,1.0
few2__polygarbor_aug__seed42,polygarbor_aug,few2,42,complete,,runs/2026-09-12/few2__polygarbor_aug__seed42,16,16,64,0.35267590009607375,102.07672253815213,0,0.015947,4.939121019560844,5.030807887669653,382.144512,0.0,,,train,16,1.0,1.0,1.0,1.0,1.0,1.0,0.0019672145714077797,8.914958094762098e-06,0.001964217641006183,1.0,1.0,1.0
few2__polygarbor_aug__seed42,polygarbor_aug,few2,42,complete,,runs/2026-09-12/few2__polygarbor_aug__seed42,16,16,64,0.35267590009607375,102.07672253815213,0,0.015947,4.939121019560844,5.030807887669653,382.144512,0.0,,,val_clean,500,0.47,0.4189072183971964,0.4651310170556454,0.4220402613057738,0.3922743159072771,0.658,1.6031959139303753,0.6431252356536294,0.15477067366299485,0.8713459843001824,0.2560832945221813,1.0
few2__polygarbor_aug__seed42,polygarbor_aug,few2,42,complete,,runs/2026-09-12/few2__polygarbor_aug__seed42,16,16,64,0.35267590009607375,102.07672253815213,0,0.015947,4.939121019560844,5.030807887669653,382.144512,0.0,,,test_clean,500,0.48,0.44011831623620246,0.49586305653562374,0.42961015143512554,0.40678816861818146,0.666,1.7548980766157543,0.6453401662495746,0.1390307803024991,0.8532687890879862,0.0,1.0
few2__polygarbor_aug__seed43,polygarbor_aug,few2,43,complete,,runs/2026-09-12/few2__polygarbor_aug__seed43,16,16,64,0.3658387379255146,98.40401321122432,0,0.015941,5.013163492549211,5.365997180342674,381.927424,0.0,,,train,16,1.0,1.0,1.0,1.0,1.0,1.0,0.0009440368756982348,3.6289222264120676e-06,0.0009429655016353067,1.0,1.0,1.0
few2__polygarbor_aug__seed43,polygarbor_aug,few2,43,complete,,runs/2026-09-12/few2__polygarbor_aug__seed43,16,16,64,0.3658387379255146,98.40401321122432,0,0.015941,5.013163492549211,5.365997180342674,381.927424,0.0,,,val_clean,500,0.436,0.38622896745838486,0.43389822859613036,0.43826197945025147,0.35133643097023515,0.59,2.4731095349253636,0.8218786501938604,0.32485627093633435,0.8432844056937605,0.0,1.0
few2__polygarbor_aug__seed43,polygarbor_aug,few2,43,complete,,runs/2026-09-12/few2__polygarbor_aug__seed43,16,16,64,0.3658387379255146,98.40401321122432,0,0.015941,5.013163492549211,5.365997180342674,381.927424,0.0,,,test_clean,500,0.426,0.39219920329034363,0.44260103516469673,0.4346083316602406,0.34702383931781056,0.582,2.536783798282685,0.830199023494035,0.3187448509486814,0.8354464122675425,0.0,1.0
few2__polygarbor_p3__seed42,polygarbor_p3,few2,42,complete,,runs/2026-09-12/few2__polygarbor_p3__seed42,16,16,144,0.1742129469057545,103.32182722181722,0,0.034493,8.190805034246296,8.370038191787899,382.181376,0.0,,,train,16,1.0,1.0,1.0,1.0,1.0,1.0,0.008096093899231015,0.00022594929395696416,0.008025099229030275,1.0,1.0,1.0
few2__polygarbor_p3__seed42,polygarbor_p3,few2,42,complete,,runs/2026-09-12/few2__polygarbor_p3__seed42,16,16,144,0.1742129469057545,103.32182722181722,0,0.034493,8.190805034246296,8.370038191787899,382.181376,0.0,,,val_clean,500,0.396,0.30826420684934197,0.4147248238421989,0.34823994852158,0.315018780279799,0.574,2.3241960670173887,0.8651046146355984,0.23887632399510436,0.8529896158261885,0.0,0.838
few2__polygarbor_p3__seed42,polygarbor_p3,few2,42,complete,,runs/2026-09-12/few2__polygarbor_p3__seed42,16,16,144,0.1742129469057545,103.32182722181722,0,0.034493,8.190805034246296,8.370038191787899,382.181376,0.0,,,test_clean,500,0.41,0.3135382029406664,0.4233637278676922,0.3622517767493992,0.3271353758005948,0.57,2.5153304470752897,0.8705722950677236,0.2490336078861336,0.8401907425160644,0.0,0.87
few2__polygarbor_p3__seed43,polygarbor_p3,few2,43,complete,,runs/2026-09-12/few2__polygarbor_p3__seed43,16,16,144,0.1727705339435488,98.39640829931439,0,0.034388,8.165880048181862,8.379526360658929,382.291968,0.0,,,train,16,1.0,1.0,1.0,1.0,1.0,1.0,0.047208917375590326,0.021904752033004085,0.040133838062262665,1.0,1.0,1.0
few2__polygarbor_p3__seed43,polygarbor_p3,few2,43,complete,,runs/2026-09-12/few2__polygarbor_p3__seed43,16,16,144,0.1727705339435488,98.39640829931439,0,0.034388,8.165880048181862,8.379526360658929,382.291968,0.0,,,val_clean,500,0.334,0.29419925785806844,0.3458098402066359,0.24985946024909106,0.23711689751707898,0.518,2.921503531712231,1.0371938975692352,0.3118129604060694,0.8147983290884749,0.0,0.77
few2__polygarbor_p3__seed43,polygarbor_p3,few2,43,complete,,runs/2026-09-12/few2__polygarbor_p3__seed43,16,16,144,0.1727705339435488,98.39640829931439,0,0.034388,8.165880048181862,8.379526360658929,382.291968,0.0,,,test_clean,500,0.348,0.2942280915093921,0.35627827920542576,0.2716735269698675,0.2580116533139112,0.506,2.8882334490454644,0.9957804358414392,0.24396790668968257,0.8134421950007343,0.0,0.746
few2__polygarbor_p3_aug__seed42,polygarbor_p3_aug,few2,42,complete,,runs/2026-09-12/few2__polygarbor_p3_aug__seed42,16,16,576,0.4895852410700172,130.72289487347342,0,0.134487,12.669868941884488,13.16063022823073,384.282624,0.0,,,train,16,1.0,1.0,1.0,1.0,1.0,1.0,0.06960442374312298,0.012558205541172481,0.06509281936374955,1.0,1.0,1.0
few2__polygarbor_p3_aug__seed42,polygarbor_p3_aug,few2,42,complete,,runs/2026-09-12/few2__polygarbor_p3_aug__seed42,16,16,576,0.4895852410700172,130.72289487347342,0,0.134487,12.669868941884488,13.16063022823073,384.282624,0.0,,,val_clean,500,0.48,0.39906821058229713,0.4873322066274155,0.43483192622440137,0.40749923658555487,0.624,1.7681442203993247,0.683297371695769,0.12749315288879629,0.8797814199504834,0.0,0.848
few2__polygarbor_p3_aug__seed42,polygarbor_p3_aug,few2,42,complete,,runs/2026-09-12/few2__polygarbor_p3_aug__seed42,16,16,576,0.4895852410700172,130.72289487347342,0,0.134487,12.669868941884488,13.16063022823073,384.282624,0.0,,,test_clean,500,0.494,0.4254011090201352,0.5117233030392079,0.4525146803254018,0.42307253779672993,0.626,1.9678859298528908,0.7090759552514048,0.13052504907285142,0.8593993425053479,0.0,0.82
few2__polygarbor_p3_aug__seed43,polygarbor_p3_aug,few2,43,complete,,runs/2026-09-12/few2__polygarbor_p3_aug__seed43,16,16,576,0.5022207860602066,135.3986172763628,0,0.134123,12.803722464013845,13.452590769156814,383.963136,0.0,,,train,16,0.9375,0.9333333333333333,0.9375,0.9327448043344279,0.9285714285714286,1.0,0.12563024224316643,0.06299995129142004,0.09499436640978956,1.0,0.9170040432046712,1.0
few2__polygarbor_p3_aug__seed43,polygarbor_p3_aug,few2,43,complete,,runs/2026-09-12/few2__polygarbor_p3_aug__seed43,16,16,576,0.5022207860602066,135.3986172763628,0,0.134123,12.803722464013845,13.452590769156814,383.963136,0.0,,,val_clean,500,0.334,0.28666945804273986,0.354483315782298,0.2581786004211246,0.2382268299713135,0.574,2.0391201727185635,0.8952044528468732,0.2858506706393201,0.8250495819889542,0.0,0.822
few2__polygarbor_p3_aug__seed43,polygarbor_p3_aug,few2,43,complete,,runs/2026-09-12/few2__polygarbor_p3_aug__seed43,16,16,576,0.5022207860602066,135.3986172763628,0,0.134123,12.803722464013845,13.452590769156814,383.963136,0.0,,,test_clean,500,0.354,0.3016624263915586,0.35955981892987443,0.28722965311707754,0.26524112829845314,0.554,2.0665865513682915,0.8811144301705822,0.222809912580688,0.8116537850363885,0.0,0.814
few2__polygarbor_p5__seed42,polygarbor_p5,few2,42,complete,,runs/2026-09-12/few2__polygarbor_p5__seed42,16,16,400,0.24621974397450686,158.39509606523663,0,0.093572,16.59741048933938,16.998061496997252,381.120512,0.0,112.9,32.0,train,16,0.9375,0.9333333333333333,0.9375,0.9327448043344279,0.9285714285714286,1.0,0.14125568983563289,0.07882754885250909,0.04875413467221413,1.0,0.9170040432046712,1.0
few2__polygarbor_p5__seed42,polygarbor_p5,few2,42,complete,,runs/2026-09-12/few2__polygarbor_p5__seed42,16,16,400,0.24621974397450686,158.39509606523663,0,0.093572,16.59741048933938,16.998061496997252,381.120512,0.0,112.9,32.0,val_clean,500,0.326,0.2064364160472651,0.35320977107878077,0.2773580150927294,0.24050861132521106,0.564,2.273166363109213,0.9064517356979269,0.30824612438010524,0.8623996263645387,0.0,0.848
few2__polygarbor_p5__seed42,polygarbor_p5,few2,42,complete,,runs/2026-09-12/few2__polygarbor_p5__seed42,16,16,400,0.24621974397450686,158.39509606523663,0,0.093572,16.59741048933938,16.998061496997252,381.120512,0.0,112.9,32.0,test_clean,500,0.368,0.2454426110836174,0.37781440162271807,0.3203369448336428,0.2780773096956959,0.536,2.4434749987904087,0.9019209268390214,0.272798628875832,0.8430921563196215,0.0,0.846
few2__polygarbor_p5__seed43,polygarbor_p5,few2,43,complete,,runs/2026-09-12/few2__polygarbor_p5__seed43,16,16,400,0.24873456789646298,160.81399677687833,0,0.093289,17.623510502744466,20.885315316263586,384.729088,0.0,103.4,45.0,train,16,0.875,0.8333333333333333,0.875,0.8728715609439694,0.8571428571428572,1.0,0.11517931063705766,0.05926836784947481,0.08519680742872396,1.0,0.0,0.9375
few2__polygarbor_p5__seed43,polygarbor_p5,few2,43,complete,,runs/2026-09-12/few2__polygarbor_p5__seed43,16,16,400,0.24873456789646298,160.81399677687833,0,0.093289,17.623510502744466,20.885315316263586,384.729088,0.0,103.4,45.0,val_clean,500,0.364,0.32058483611706334,0.3708484687490483,0.28455651831333156,0.27137416998519837,0.486,2.5061417484405992,1.0330107036839749,0.3071960311134644,0.8171913369675526,0.0,0.71
few2__polygarbor_p5__seed43,polygarbor_p5,few2,43,complete,,runs/2026-09-12/few2__polygarbor_p5__seed43,16,16,400,0.24873456789646298,160.81399677687833,0,0.093289,17.623510502744466,20.885315316263586,384.729088,0.0,103.4,45.0,test_clean,500,0.348,0.29718214692298983,0.3576203487056171,0.2721607199305393,0.25820074999089815,0.478,2.5820272116279135,1.0273319771888039,0.28725569758275293,0.8197014781626956,0.0,0.68
few2__resnet18__seed42,resnet18,few2,42,complete,,runs/2026-09-12/few2__resnet18__seed42,16,16,16,21.24393314588815,114.71510399060408,9,45.011183,3.8455240428447723,6.062917073722929,2362.585088,4007.657472,117.11279069767441,54.08139534883721,train,16,0.125,0.027777777777777776,0.125,0.0,0.0,0.25,2.9892959176877687,1.2424926370410538,0.5312296957235221,0.49553571428571436,0.0,1.0
few2__resnet18__seed42,resnet18,few2,42,complete,,runs/2026-09-12/few2__resnet18__seed42,16,16,16,21.24393314588815,114.71510399060408,9,45.011183,3.8455240428447723,6.062917073722929,2362.585088,4007.657472,117.11279069767441,54.08139534883721,val_clean,500,0.126,0.02797513321492007,0.125,0.0,0.0,0.262,3.132114201366776,1.3070331568807245,0.5702334714553041,0.4328823850352359,0.0,1.0
few2__resnet18__seed42,resnet18,few2,42,complete,,runs/2026-09-12/few2__resnet18__seed42,16,16,16,21.24393314588815,114.71510399060408,9,45.011183,3.8455240428447723,6.062917073722929,2362.585088,4007.657472,117.11279069767441,54.08139534883721,test_clean,500,0.126,0.02797513321492007,0.125,0.0,0.0,0.246,3.0676232105586103,1.2866779889399609,0.5518373637205443,0.41693153136117356,0.0,1.0
few2__resnet18__seed43,resnet18,few2,43,complete,,runs/2026-09-12/few2__resnet18__seed43,16,16,16,24.718231257167645,115.09723209564292,17,45.011183,3.717413987033069,4.716108174761757,2368.610304,4041.211904,117.36831683168316,64.38613861386139,train,16,0.125,0.1,0.125,0.0,0.0,0.375,3.533277708952658,1.063661873991402,0.29192723466393417,0.45535714285714285,0.0,1.0
few2__resnet18__seed43,resnet18,few2,43,complete,,runs/2026-09-12/few2__resnet18__seed43,16,16,16,24.718231257167645,115.09723209564292,17,45.011183,3.717413987033069,4.716108174761757,2368.610304,4041.211904,117.36831683168316,64.38613861386139,val_clean,500,0.194,0.1511513500863671,0.20075965168676166,0.08115014835140882,0.07269773627799736,0.316,3.409994623537698,1.0390850362466313,0.26645748939051656,0.4381161881275517,0.0,1.0
few2__resnet18__seed43,resnet18,few2,43,complete,,runs/2026-09-12/few2__resnet18__seed43,16,16,16,24.718231257167645,115.09723209564292,17,45.011183,3.717413987033069,4.716108174761757,2368.610304,4041.211904,117.36831683168316,64.38613861386139,test_clean,500,0.158,0.11631691554886243,0.15631497623925192,0.03702998518661905,0.03373881110856103,0.316,3.3135932813805566,1.027719806809782,0.22364332583323493,0.42901635865697485,0.0,1.0
few2__yolo11n__seed42,yolo11n,few2,42,complete,,runs/2026-09-12/few2__yolo11n__seed42,16,16,16,37.54832062008791,313.40948957659265,32,3.204328,4.106797510758042,5.244503484573215,2618.052608,817.88928,333.989349112426,55.680473372781066,train,16,1.0,1.0,1.0,1.0,1.0,1.0,0.001199516460814334,9.069775308188183e-06,0.0011961731690797173,1.0,1.0,1.0
few2__yolo11n__seed42,yolo11n,few2,42,complete,,runs/2026-09-12/few2__yolo11n__seed42,16,16,16,37.54832062008791,313.40948957659265,32,3.204328,4.106797510758042,5.244503484573215,2618.052608,817.88928,333.989349112426,55.680473372781066,val_clean,500,0.62,0.5792588835214587,0.6007746611724215,0.5696180604410351,0.5631239854129397,0.744,1.4602776515738614,0.5787609390487667,0.1823067628164862,0.886171306198621,0.49859759266458936,1.0
few2__yolo11n__seed42,yolo11n,few2,42,complete,,runs/2026-09-12/few2__yolo11n__seed42,16,16,16,37.54832062008791,313.40948957659265,32,3.204328,4.106797510758042,5.244503484573215,2618.052608,817.88928,333.989349112426,55.680473372781066,test_clean,500,0.636,0.6202125169869306,0.6494099221164028,0.5939827747088257,0.5841330774152271,0.74,1.4362132856212262,0.5588398743772315,0.17284520794252908,0.900363768717284,0.5497239568544452,1.0
few2__yolo11n__seed43,yolo11n,few2,43,complete,,runs/2026-09-12/few2__yolo11n__seed43,16,16,16,68.35715009993874,330.4409263255731,64,3.206696,4.39842400373891,5.829712381819263,2608.656384,1220.542464,342.63333333333327,61.11526479750779,train,16,1.0,1.0,1.0,1.0,1.0,1.0,5.066012419271634e-05,8.670376214812424e-09,5.065675855631113e-05,1.0,1.0,1.0
few2__yolo11n__seed43,yolo11n,few2,43,complete,,runs/2026-09-12/few2__yolo11n__seed43,16,16,16,68.35715009993874,330.4409263255731,64,3.206696,4.39842400373891,5.829712381819263,2608.656384,1220.542464,342.63333333333327,61.11526479750779,val_clean,500,0.718,0.7112419803352035,0.7216593160232118,0.6840171592846397,0.6778321071151121,0.852,1.2169210740824774,0.45659859021519494,0.1595595351729016,0.9344878291281502,0.6885022532186376,1.0
few2__yolo11n__seed43,yolo11n,few2,43,complete,,runs/2026-09-12/few2__yolo11n__seed43,16,16,16,68.35715009993874,330.4409263255731,64,3.206696,4.39842400373891,5.829712381819263,2608.656384,1220.542464,342.63333333333327,61.11526479750779,test_clean,500,0.698,0.7043442838706372,0.708989725880149,0.6617190211648794,0.6550763172201435,0.838,1.2990594661767016,0.47675037098642875,0.18337236378584715,0.9286160094899596,0.6715424590461517,1.0
few50__polygarbor__seed42,polygarbor,few50,42,complete,,runs/2026-09-12/few50__polygarbor__seed42,400,400,400,2.3273612500634044,109.56614491757695,0,0.094082,15.787964046467096,21.142288710689172,452.68992,0.0,,,train,400,1.0,1.0,1.0,1.0,1.0,1.0,0.19355940908992492,0.06273292096787764,0.16520525740986908,1.0,1.0,1.0
few50__polygarbor__seed42,polygarbor,few50,42,complete,,runs/2026-09-12/few50__polygarbor__seed42,400,400,400,2.3273612500634044,109.56614491757695,0,0.094082,15.787964046467096,21.142288710689172,452.68992,0.0,,,val_clean,500,0.724,0.7134573303854046,0.7350869283006995,0.693971368947261,0.6852146699088035,0.862,0.8465513942829459,0.415641417770511,0.11114367268159192,0.9617204385115177,0.6935571724643359,1.0
few50__polygarbor__seed42,polygarbor,few50,42,complete,,runs/2026-09-12/few50__polygarbor__seed42,400,400,400,2.3273612500634044,109.56614491757695,0,0.094082,15.787964046467096,21.142288710689172,452.68992,0.0,,,test_clean,500,0.686,0.6675760904616215,0.6900805312306746,0.6508114770557271,0.6406878653197421,0.838,0.8947042771973395,0.4342010388736826,0.06873198183159177,0.9539768172073297,0.6186633964471401,1.0
few50__polygarbor__seed43,polygarbor,few50,43,complete,,runs/2026-09-12/few50__polygarbor__seed43,400,400,400,2.411365265958011,109.89624995478158,0,0.093938,15.146781515795738,17.068465007469058,448.131072,0.0,197.9,49.0,train,400,1.0,1.0,1.0,1.0,1.0,1.0,0.090066819903751,0.019779207720123648,0.08184769101573479,1.0,1.0,1.0
few50__polygarbor__seed43,polygarbor,few50,43,complete,,runs/2026-09-12/few50__polygarbor__seed43,400,400,400,2.411365265958011,109.89624995478158,0,0.093938,15.146781515795738,17.068465007469058,448.131072,0.0,197.9,49.0,val_clean,500,0.704,0.6932851035268399,0.7013051669699909,0.6709317238392787,0.6613582280798096,0.864,0.8449157489614055,0.4203947071467065,0.05342150075269255,0.9540294429006753,0.6609184346076443,1.0
few50__polygarbor__seed43,polygarbor,few50,43,complete,,runs/2026-09-12/few50__polygarbor__seed43,400,400,400,2.411365265958011,109.89624995478158,0,0.093938,15.146781515795738,17.068465007469058,448.131072,0.0,197.9,49.0,test_clean,500,0.684,0.6780423910551538,0.6881640761875668,0.647174054169984,0.6383181335384391,0.838,0.9030347520819485,0.44229744981724606,0.05315853480247306,0.9455956380852792,0.6399980655506603,1.0
few50__polygarbor_aug__seed42,polygarbor_aug,few50,42,complete,,runs/2026-09-12/few50__polygarbor_aug__seed42,400,400,1600,7.3028722539311275,107.76581769951662,0,0.372906,15.572901931591332,19.81947753229178,454.119424,0.0,247.7,45.0,train,400,0.975,0.9749239359296176,0.975,0.9715951448752124,0.9714285714285714,0.9975,0.5950818734812053,0.28425492249779694,0.3811328643434728,0.9994642857142857,0.974482391936308,1.0
few50__polygarbor_aug__seed42,polygarbor_aug,few50,42,complete,,runs/2026-09-12/few50__polygarbor_aug__seed42,400,400,1600,7.3028722539311275,107.76581769951662,0,0.372906,15.572901931591332,19.81947753229178,454.119424,0.0,247.7,45.0,val_clean,500,0.728,0.7150208728676994,0.7388769892158205,0.6996722533158731,0.6898079089859912,0.868,0.9283677172013685,0.458022211009697,0.2154603613544691,0.963628189288849,0.6875973009749443,1.0
few50__polygarbor_aug__seed42,polygarbor_aug,few50,42,complete,,runs/2026-09-12/few50__polygarbor_aug__seed42,400,400,1600,7.3028722539311275,107.76581769951662,0,0.372906,15.572901931591332,19.81947753229178,454.119424,0.0,247.7,45.0,test_clean,500,0.704,0.6832529396348581,0.7108532851396386,0.6728022770552438,0.6615193208430914,0.864,0.947807383353618,0.4651110894910761,0.19092132120413327,0.9582931905544436,0.6221977596861944,1.0
few50__polygarbor_aug__seed43,polygarbor_aug,few50,43,complete,,runs/2026-09-12/few50__polygarbor_aug__seed43,400,400,1600,7.270661036018282,107.96817457328457,0,0.372379,16.03902445640415,16.361382853938267,453.050368,0.0,309.0,36.0,train,400,0.995,0.995,0.995,0.9942857142857143,0.9942857142857143,1.0,0.4500357028553617,0.2030894138801598,0.3174771799054849,0.9998714285714285,0.9949620563926881,1.0
few50__polygarbor_aug__seed43,polygarbor_aug,few50,43,complete,,runs/2026-09-12/few50__polygarbor_aug__seed43,400,400,1600,7.270661036018282,107.96817457328457,0,0.372379,16.03902445640415,16.361382853938267,453.050368,0.0,309.0,36.0,val_clean,500,0.742,0.7343110443540515,0.7469479732398117,0.7119610041569971,0.7050187964766896,0.866,0.8259289034142255,0.40971775616860034,0.16120005125445266,0.9619161270455572,0.7125232484963926,1.0
few50__polygarbor_aug__seed43,polygarbor_aug,few50,43,complete,,runs/2026-09-12/few50__polygarbor_aug__seed43,400,400,1600,7.270661036018282,107.96817457328457,0,0.372379,16.03902445640415,16.361382853938267,453.050368,0.0,309.0,36.0,test_clean,500,0.72,0.7133624650828864,0.7255338251475996,0.687624324466871,0.6798653605173376,0.862,0.8765293333870847,0.4327602632041829,0.1484031759983979,0.955141860112759,0.6810119275857737,1.0
few50__polygarbor_p3__seed42,polygarbor_p3,few50,42,complete,,runs/2026-09-12/few50__polygarbor_p3__seed42,400,400,2800,2.898290504934266,147.6732574844864,0,0.649955,30.2823560195975,34.1794062696863,483.586048,0.0,371.0,39.0,train,400,0.7475,0.7063203685555175,0.7475,0.7291486685417384,0.7114285714285714,0.9575,0.9665845070712809,0.48560604139273833,0.31552377517452374,0.9886714285714286,0.5210249871801245,0.9425
few50__polygarbor_p3__seed42,polygarbor_p3,few50,42,complete,,runs/2026-09-12/few50__polygarbor_p3__seed42,400,400,2800,2.898290504934266,147.6732574844864,0,0.649955,30.2823560195975,34.1794062696863,483.586048,0.0,371.0,39.0,val_clean,500,0.594,0.5406240916874604,0.6240166820490659,0.5627977771027255,0.5396366077341049,0.856,1.173651265906716,0.5917074647733434,0.21236547490653776,0.9539237879444383,0.0,0.876
few50__polygarbor_p3__seed42,polygarbor_p3,few50,42,complete,,runs/2026-09-12/few50__polygarbor_p3__seed42,400,400,2800,2.898290504934266,147.6732574844864,0,0.649955,30.2823560195975,34.1794062696863,483.586048,0.0,371.0,39.0,test_clean,500,0.558,0.4940806372225963,0.5566425875548366,0.5175401345229141,0.4942282518148281,0.862,1.1897338655996497,0.5887285519985753,0.1697382953010231,0.9496850655007171,0.0,0.858
few50__polygarbor_p3__seed43,polygarbor_p3,few50,43,complete,,runs/2026-09-12/few50__polygarbor_p3__seed43,400,400,2800,2.976647603092715,149.83298645651215,0,0.649232,30.96487547736615,41.39094090787694,512.724992,0.0,341.15,36.0,train,400,0.785,0.7408859390362504,0.7849999999999999,0.7707922422827567,0.7542857142857142,0.95,0.8837922340712043,0.43853305339870086,0.3048913555236847,0.9935,0.0,0.9425
few50__polygarbor_p3__seed43,polygarbor_p3,few50,43,complete,,runs/2026-09-12/few50__polygarbor_p3__seed43,400,400,2800,2.976647603092715,149.83298645651215,0,0.649232,30.96487547736615,41.39094090787694,512.724992,0.0,341.15,36.0,val_clean,500,0.59,0.5297170361882433,0.6170506010139531,0.5549408363804107,0.5342306398989394,0.832,1.1493827125109173,0.5768911234483326,0.166453682469448,0.9528404939568995,0.0,0.872
few50__polygarbor_p3__seed43,polygarbor_p3,few50,43,complete,,runs/2026-09-12/few50__polygarbor_p3__seed43,400,400,2800,2.976647603092715,149.83298645651215,0,0.649232,30.96487547736615,41.39094090787694,512.724992,0.0,341.15,36.0,test_clean,500,0.596,0.5195060831160644,0.5963624238509952,0.5578874500397596,0.5380977860706756,0.828,1.1956591214091932,0.5819483578702948,0.16831710602158106,0.9484717166423953,0.0,0.876
few50__polygarbor_p3_aug__seed42,polygarbor_p3_aug,few50,42,complete,,runs/2026-09-12/few50__polygarbor_p3_aug__seed42,400,400,2800,9.915089256945066,113.66513914240238,0,0.649702,27.52275497186929,28.41881226049736,480.182272,0.0,373.9,38.5,train,400,0.64,0.5829230859553798,0.6399999999999999,0.6108223282473663,0.5885714285714285,0.8525,1.1528415127604077,0.5683103998661029,0.26037734662563633,0.9736642857142856,0.4710061661153748,0.8775
few50__polygarbor_p3_aug__seed42,polygarbor_p3_aug,few50,42,complete,,runs/2026-09-12/few50__polygarbor_p3_aug__seed42,400,400,2800,9.915089256945066,113.66513914240238,0,0.649702,27.52275497186929,28.41881226049736,480.182272,0.0,373.9,38.5,val_clean,500,0.54,0.4740296041767075,0.573687873479588,0.5078597236410742,0.4799768476648699,0.796,1.2919733652754772,0.6293335912848388,0.19147774815542631,0.9484278146381713,0.0,0.88
few50__polygarbor_p3_aug__seed42,polygarbor_p3_aug,few50,42,complete,,runs/2026-09-12/few50__polygarbor_p3_aug__seed42,400,400,2800,9.915089256945066,113.66513914240238,0,0.649702,27.52275497186929,28.41881226049736,480.182272,0.0,373.9,38.5,test_clean,500,0.536,0.46539302487397427,0.536102803517492,0.49577442849798725,0.4689398482816084,0.798,1.2993072390149214,0.6234645942783252,0.19039274862138683,0.9450188663892358,0.0,0.884
few50__polygarbor_p3_aug__seed43,polygarbor_p3_aug,few50,43,complete,,runs/2026-09-12/few50__polygarbor_p3_aug__seed43,400,400,2800,9.924005895038135,115.17526411098608,0,0.648988,29.346099006943405,32.64187356689945,481.087488,0.0,301.3666666666666,39.0,train,400,0.7275,0.6986147997924678,0.7275,0.7032256318920301,0.6885714285714286,0.91,0.9840644499390286,0.4995098186373481,0.29649392916309364,0.9837,0.6420647658389248,0.885
few50__polygarbor_p3_aug__seed43,polygarbor_p3_aug,few50,43,complete,,runs/2026-09-12/few50__polygarbor_p3_aug__seed43,400,400,2800,9.924005895038135,115.17526411098608,0,0.648988,29.346099006943405,32.64187356689945,481.087488,0.0,301.3666666666666,39.0,val_clean,500,0.604,0.5657819730641267,0.6291479096540435,0.5671965377755469,0.5500531755338005,0.834,1.1491948980822302,0.5785473791593966,0.2113177611423914,0.9507169265277913,0.4979667659047451,0.838
few50__polygarbor_p3_aug__seed43,polygarbor_p3_aug,few50,43,complete,,runs/2026-09-12/few50__polygarbor_p3_aug__seed43,400,400,2800,9.924005895038135,115.17526411098608,0,0.648988,29.346099006943405,32.64187356689945,481.087488,0.0,301.3666666666666,39.0,test_clean,500,0.592,0.5465951302391479,0.5931659309542066,0.5519346019595565,0.5334049998856385,0.82,1.1860336911417393,0.5874287700409591,0.19846349418829948,0.9443878042883864,0.4685146296689603,0.852
few50__polygarbor_p5__seed42,polygarbor_p5,few50,42,complete,,runs/2026-09-12/few50__polygarbor_p5__seed42,400,400,2800,3.9893643520772457,138.11724158839908,0,0.648693,36.832113517448306,45.164668059442185,502.165504,0.0,346.5,45.0,train,400,0.68,0.615663822666997,0.6799999999999999,0.6557472952322871,0.6342857142857143,0.8625,1.1955662279616204,0.592389179385548,0.323715215206151,0.9659857142857143,0.0,0.8475
few50__polygarbor_p5__seed42,polygarbor_p5,few50,42,complete,,runs/2026-09-12/few50__polygarbor_p5__seed42,400,400,2800,3.9893643520772457,138.11724158839908,0,0.648693,36.832113517448306,45.164668059442185,502.165504,0.0,346.5,45.0,val_clean,500,0.576,0.5148810977724763,0.6059853039166692,0.5436530381361986,0.5195576304219734,0.786,1.320059409263745,0.6538013949548144,0.245429164149112,0.9294492709292472,0.0,0.798
few50__polygarbor_p5__seed42,polygarbor_p5,few50,42,complete,,runs/2026-09-12/few50__polygarbor_p5__seed42,400,400,2800,3.9893643520772457,138.11724158839908,0,0.648693,36.832113517448306,45.164668059442185,502.165504,0.0,346.5,45.0,test_clean,500,0.558,0.483586403045978,0.5595528436970946,0.5179381394395604,0.494626114795335,0.79,1.3411327765003351,0.6498788017824649,0.21903408897649357,0.9254402430419928,0.0,0.804
few50__polygarbor_p5__seed43,polygarbor_p5,few50,43,complete,,runs/2026-09-12/few50__polygarbor_p5__seed43,400,400,2800,3.993599190027453,138.97238395528242,0,0.648012,39.26246799528599,43.406743137165904,487.07584,0.0,348.5,34.5,train,400,0.7025,0.6559051193236505,0.7025,0.6788116105721569,0.6599999999999999,0.8975,1.1393952787449804,0.5821732269374366,0.33144858592329546,0.966892857142857,0.0,0.8025
few50__polygarbor_p5__seed43,polygarbor_p5,few50,43,complete,,runs/2026-09-12/few50__polygarbor_p5__seed43,400,400,2800,3.993599190027453,138.97238395528242,0,0.648012,39.26246799528599,43.406743137165904,487.07584,0.0,348.5,34.5,val_clean,500,0.562,0.5100372464251787,0.5944278314302921,0.5287384335676654,0.5038333967701594,0.8,1.290728194765931,0.6556516659099564,0.21360331058902707,0.9279649508358843,0.0,0.776
few50__polygarbor_p5__seed43,polygarbor_p5,few50,43,complete,,runs/2026-09-12/few50__polygarbor_p5__seed43,400,400,2800,3.993599190027453,138.97238395528242,0,0.648012,39.26246799528599,43.406743137165904,487.07584,0.0,348.5,34.5,test_clean,500,0.604,0.5397569913524028,0.6003181384923157,0.5673334907965354,0.5467365028203062,0.798,1.321563680352855,0.6520097380790634,0.2488799877170868,0.9227996213042733,0.0,0.794
few50__resnet18__seed42,resnet18,few50,42,complete,,runs/2026-09-12/few50__resnet18__seed42,400,400,400,36.554166022804566,106.33534896063746,15,45.011183,4.161533957812935,5.619112437125295,2568.720384,3860.856832,106.47312500000001,69.00625,train,400,0.365,0.3004521979007374,0.365,0.328522067653071,0.27428571428571424,0.4975,2.531114595904551,0.8783977285659097,0.15974343808353927,0.8184214285714285,0.0,1.0
few50__resnet18__seed42,resnet18,few50,42,complete,,runs/2026-09-12/few50__resnet18__seed42,400,400,400,36.554166022804566,106.33534896063746,15,45.011183,4.161533957812935,5.619112437125295,2568.720384,3860.856832,106.47312500000001,69.00625,val_clean,500,0.394,0.31389620254056877,0.3831178672958603,0.3594563702143212,0.3017918371861519,0.514,2.4283332165071423,0.8563113514353743,0.15503236659530487,0.8338637765904793,0.0,1.0
few50__resnet18__seed42,resnet18,few50,42,complete,,runs/2026-09-12/few50__resnet18__seed42,400,400,400,36.554166022804566,106.33534896063746,15,45.011183,4.161533957812935,5.619112437125295,2568.720384,3860.856832,106.47312500000001,69.00625,test_clean,500,0.334,0.2827617326435811,0.3499286057435679,0.30632517551663285,0.24395504597570672,0.484,2.552659671239686,0.8942579980564884,0.19882070464905613,0.821336179853094,0.0,1.0
few50__resnet18__seed43,resnet18,few50,43,complete,,runs/2026-09-12/few50__resnet18__seed43,400,400,400,65.06651176908053,86.81885422178713,64,45.011183,3.3503079903312027,4.606184380827472,2580.369408,3997.171712,85.76295081967213,70.04262295081968,train,400,0.9625,0.9625010714295061,0.9624999999999999,0.9572933007687632,0.9571428571428572,0.9975,0.15025022437895183,0.07418748938589222,0.05948125739965875,0.9985928571428571,0.9617482770579902,1.0
few50__resnet18__seed43,resnet18,few50,43,complete,,runs/2026-09-12/few50__resnet18__seed43,400,400,400,65.06651176908053,86.81885422178713,64,45.011183,3.3503079903312027,4.606184380827472,2580.369408,3997.171712,85.76295081967213,70.04262295081968,val_clean,500,0.852,0.854353814836912,0.8542744308093462,0.8308307775703164,0.8304766355568385,0.972,0.3894317277309499,0.2132405671783734,0.013651372199382053,0.9860349674527238,0.8496862180081132,1.0
few50__resnet18__seed43,resnet18,few50,43,complete,,runs/2026-09-12/few50__resnet18__seed43,400,400,400,65.06651176908053,86.81885422178713,64,45.011183,3.3503079903312027,4.606184380827472,2580.369408,3997.171712,85.76295081967213,70.04262295081968,test_clean,500,0.852,0.8529394754831139,0.8549706680759906,0.831776566901913,0.83084863696003,0.966,0.41391660742214925,0.2171568135987518,0.029708505924416567,0.9837796832295851,0.8483154178366221,1.0
few50__yolo11n__seed42,yolo11n,few50,42,complete,,runs/2026-09-12/few50__yolo11n__seed42,400,400,400,44.07174990605563,312.64926011269444,18,3.20324,3.9776809862814844,5.81772299483418,2722.861056,681.5744,339.0438144329897,55.07216494845361,train,400,0.9675,0.9674678995421634,0.9675,0.9630428904705525,0.9628571428571429,0.995,0.09273064239201034,0.04693512460712887,0.018476777765269545,0.9993928571428572,0.9669744029279669,1.0
few50__yolo11n__seed42,yolo11n,few50,42,complete,,runs/2026-09-12/few50__yolo11n__seed42,400,400,400,44.07174990605563,312.64926011269444,18,3.20324,3.9776809862814844,5.81772299483418,2722.861056,681.5744,339.0438144329897,55.07216494845361,val_clean,500,0.89,0.8903138962410169,0.8917258504937273,0.8746122346605063,0.8740433016227803,0.966,0.37304347553040634,0.17581993089167802,0.04965769574495517,0.9899632953589457,0.888906909655597,1.0
few50__yolo11n__seed42,yolo11n,few50,42,complete,,runs/2026-09-12/few50__yolo11n__seed42,400,400,400,44.07174990605563,312.64926011269444,18,3.20324,3.9776809862814844,5.81772299483418,2722.861056,681.5744,339.0438144329897,55.07216494845361,test_clean,500,0.88,0.880027731424098,0.8838685936684461,0.863661598874648,0.8628402134206279,0.968,0.3742059933119543,0.17385485769708633,0.04578435518242108,0.9885995621869268,0.8738875985861494,1.0
few50__yolo11n__seed43,yolo11n,few50,43,complete,,runs/2026-09-12/few50__yolo11n__seed43,400,400,400,40.1224154678639,318.6996558131392,18,3.20324,3.005679987836629,4.2122865619603544,2689.37216,681.5744,344.0713483146067,39.07865168539326,train,400,0.965,0.9647313695437205,0.965,0.9601097330974608,0.96,0.9925,0.10407097216203642,0.05047028446874502,0.03138837212090286,0.9992071428571428,0.9641047786807719,1.0
few50__yolo11n__seed43,yolo11n,few50,43,complete,,runs/2026-09-12/few50__yolo11n__seed43,400,400,400,40.1224154678639,318.6996558131392,18,3.20324,3.005679987836629,4.2122865619603544,2689.37216,681.5744,344.0713483146067,39.07865168539326,val_clean,500,0.9,0.9042512484138634,0.905490003511584,0.8856337900611899,0.8854918126646055,0.974,0.3076010911459255,0.1588621554220121,0.03249820121026653,0.9880043510099659,0.900167925435736,1.0
few50__yolo11n__seed43,yolo11n,few50,43,complete,,runs/2026-09-12/few50__yolo11n__seed43,400,400,400,40.1224154678639,318.6996558131392,18,3.20324,3.005679987836629,4.2122865619603544,2689.37216,681.5744,344.0713483146067,39.07865168539326,test_clean,500,0.894,0.8954931394290606,0.8964743930028083,0.8789954026865388,0.8787984120305153,0.966,0.3387865221269634,0.15982530275128468,0.018139733519251324,0.9867419384972161,0.8903171658826136,1.0
few5__polygarbor__seed42,polygarbor,few5,42,complete,,runs/2026-09-12/few5__polygarbor__seed42,40,40,40,0.3044990081107244,98.52248841838977,0,0.010402,6.224568991456181,7.353560795309022,384.147456,0.0,,,train,40,1.0,1.0,1.0,1.0,1.0,1.0,0.0007867651508006238,1.7437663275838275e-06,0.0007861357793330637,1.0,1.0,1.0
few5__polygarbor__seed42,polygarbor,few5,42,complete,,runs/2026-09-12/few5__polygarbor__seed42,40,40,40,0.3044990081107244,98.52248841838977,0,0.010402,6.224568991456181,7.353560795309022,384.147456,0.0,,,val_clean,500,0.464,0.39996520763292104,0.4648370425748711,0.41511270223665847,0.3869661687672987,0.662,1.8648536145099597,0.6604882744840102,0.19740943054940124,0.8734343519388255,0.0,1.0
few5__polygarbor__seed42,polygarbor,few5,42,complete,,runs/2026-09-12/few5__polygarbor__seed42,40,40,40,0.3044990081107244,98.52248841838977,0,0.010402,6.224568991456181,7.353560795309022,384.147456,0.0,,,test_clean,500,0.486,0.43141142055713344,0.5002856191675445,0.4369556467440506,0.41308925154035525,0.664,2.082449262261549,0.6684539608309918,0.17354124443347624,0.8470570397498259,0.0,1.0
few5__polygarbor__seed43,polygarbor,few5,43,complete,,runs/2026-09-12/few5__polygarbor__seed43,40,40,40,0.31113625795114785,99.63480374848298,0,0.010382,5.499486986082047,6.651095539564267,383.901696,0.0,,,train,40,1.0,1.0,1.0,1.0,1.0,1.0,0.0006822885147897024,2.4209795002413645e-06,0.0006815858952815557,1.0,1.0,1.0
few5__polygarbor__seed43,polygarbor,few5,43,complete,,runs/2026-09-12/few5__polygarbor__seed43,40,40,40,0.31113625795114785,99.63480374848298,0,0.010382,5.499486986082047,6.651095539564267,383.901696,0.0,,,val_clean,500,0.484,0.4061344880432775,0.47766241397269793,0.42970154892841184,0.4090998621233012,0.664,1.7373233699751318,0.6995340571026407,0.16252530796706194,0.876323371760426,0.0,1.0
few5__polygarbor__seed43,polygarbor,few5,43,complete,,runs/2026-09-12/few5__polygarbor__seed43,40,40,40,0.31113625795114785,99.63480374848298,0,0.010382,5.499486986082047,6.651095539564267,383.901696,0.0,,,test_clean,500,0.452,0.40368778265879807,0.4654178142015229,0.40195076237165284,0.3748146119971707,0.644,1.9666447967821898,0.7529309527689668,0.21165773675996788,0.8609722360880672,0.0,1.0
few5__polygarbor_aug__seed42,polygarbor_aug,few5,42,complete,,runs/2026-09-12/few5__polygarbor_aug__seed42,40,40,160,0.7715659779496491,99.79703900970205,0,0.038281,6.058944563847035,6.200085050659254,387.039232,0.0,,,train,40,1.0,1.0,1.0,1.0,1.0,1.0,0.010476026022653224,0.0003305775215936539,0.01035253140063297,1.0,1.0,1.0
few5__polygarbor_aug__seed42,polygarbor_aug,few5,42,complete,,runs/2026-09-12/few5__polygarbor_aug__seed42,40,40,160,0.7715659779496491,99.79703900970205,0,0.038281,6.058944563847035,6.200085050659254,387.039232,0.0,,,val_clean,500,0.54,0.5062776966812161,0.5438343880534822,0.48914862327989717,0.47598890007791816,0.706,1.454460250273922,0.5991858081231747,0.0928417369363718,0.8854912777380579,0.0,1.0
few5__polygarbor_aug__seed42,polygarbor_aug,few5,42,complete,,runs/2026-09-12/few5__polygarbor_aug__seed42,40,40,160,0.7715659779496491,99.79703900970205,0,0.038281,6.058944563847035,6.200085050659254,387.039232,0.0,,,test_clean,500,0.536,0.5116674946999014,0.545496697474731,0.48007864586513843,0.46888878714344584,0.69,1.5887670342849305,0.6071068782231205,0.10326537096902466,0.8648497084133812,0.0,1.0
few5__polygarbor_aug__seed43,polygarbor_aug,few5,43,complete,,runs/2026-09-12/few5__polygarbor_aug__seed43,40,40,160,0.8153564820531756,100.56950769988748,0,0.038181,5.962657975032926,6.07946224627085,386.994176,0.0,,,train,40,1.0,1.0,1.0,1.0,1.0,1.0,0.009737602220690613,0.00034658526422529784,0.009627951984790828,1.0,1.0,1.0
few5__polygarbor_aug__seed43,polygarbor_aug,few5,43,complete,,runs/2026-09-12/few5__polygarbor_aug__seed43,40,40,160,0.8153564820531756,100.56950769988748,0,0.038181,5.962657975032926,6.07946224627085,386.994176,0.0,,,val_clean,500,0.526,0.4615358598117625,0.5202958991949149,0.4784579571353913,0.45675593900996636,0.65,1.5694097897728279,0.640976004488824,0.12560570975407234,0.8680912634569409,0.0,1.0
few5__polygarbor_aug__seed43,polygarbor_aug,few5,43,complete,,runs/2026-09-12/few5__polygarbor_aug__seed43,40,40,160,0.8153564820531756,100.56950769988748,0,0.038181,5.962657975032926,6.07946224627085,386.994176,0.0,,,test_clean,500,0.494,0.45303416834028964,0.5082217103960027,0.4448151107514228,0.42252736718129447,0.628,1.645331288660025,0.6717557334161749,0.16028203976917235,0.8560753584610689,0.0,1.0
few5__polygarbor_p3__seed42,polygarbor_p3,few5,42,complete,,runs/2026-09-12/few5__polygarbor_p3__seed42,40,40,360,0.3323224618798122,141.42889931104932,0,0.084531,13.137537462171167,13.616014621220529,388.829184,0.0,,,train,40,0.975,0.9747474747474747,0.975,0.9721231933059806,0.9714285714285714,1.0,0.10594929537619133,0.04556009379388147,0.06934505486945691,1.0,0.9724924724660731,1.0
few5__polygarbor_p3__seed42,polygarbor_p3,few5,42,complete,,runs/2026-09-12/few5__polygarbor_p3__seed42,40,40,360,0.3323224618798122,141.42889931104932,0,0.084531,13.137537462171167,13.616014621220529,388.829184,0.0,,,val_clean,500,0.348,0.22095821459393894,0.37186784126083927,0.3050586890710665,0.26335008496330303,0.57,2.344097564052159,0.8842284366203846,0.3236089822295492,0.8818040308501234,0.0,0.932
few5__polygarbor_p3__seed42,polygarbor_p3,few5,42,complete,,runs/2026-09-12/few5__polygarbor_p3__seed42,40,40,360,0.3323224618798122,141.42889931104932,0,0.084531,13.137537462171167,13.616014621220529,388.829184,0.0,,,test_clean,500,0.378,0.24755656186802544,0.38712418778148316,0.334365522586032,0.28990894395075484,0.582,2.5146762185004863,0.8619524016059961,0.30470083194220665,0.8625607089171715,0.0,0.946
few5__polygarbor_p3__seed43,polygarbor_p3,few5,43,complete,,runs/2026-09-12/few5__polygarbor_p3__seed43,40,40,360,0.33266568393446505,138.27696159085036,0,0.084368,13.668780447915196,14.125434990273789,388.829184,0.0,,,train,40,0.875,0.8333333333333333,0.875,0.8728715609439696,0.8571428571428572,1.0,0.154300690783827,0.09543539613515735,0.10927031464903936,1.0,0.0,1.0
few5__polygarbor_p3__seed43,polygarbor_p3,few5,43,complete,,runs/2026-09-12/few5__polygarbor_p3__seed43,40,40,360,0.33266568393446505,138.27696159085036,0,0.084368,13.668780447915196,14.125434990273789,388.829184,0.0,,,val_clean,500,0.39,0.30399905452467757,0.3894317192840876,0.3241251863755985,0.3006800599810152,0.666,1.989598601807918,0.8311996565964062,0.21633442397394959,0.8729188135064654,0.0,0.858
few5__polygarbor_p3__seed43,polygarbor_p3,few5,43,complete,,runs/2026-09-12/few5__polygarbor_p3__seed43,40,40,360,0.33266568393446505,138.27696159085036,0,0.084368,13.668780447915196,14.125434990273789,388.829184,0.0,,,test_clean,500,0.358,0.2585773370024792,0.3705133570570286,0.29752998212456183,0.2697408831357918,0.658,2.1298739748926603,0.8378627076438868,0.251037550648779,0.8688268776730572,0.0,0.858
few5__polygarbor_p3_aug__seed42,polygarbor_p3_aug,few5,42,complete,,runs/2026-09-12/few5__polygarbor_p3_aug__seed42,40,40,1440,1.2469548509689048,149.96533343183827,0,0.334731,22.36580045428127,24.167058937018737,393.568256,0.0,345.4,40.0,train,40,0.95,0.9479166666666667,0.95,0.9455626208510671,0.9428571428571428,1.0,0.2992512524779304,0.14017799481284826,0.18554251502063704,1.0,0.9381427059852853,0.975
few5__polygarbor_p3_aug__seed42,polygarbor_p3_aug,few5,42,complete,,runs/2026-09-12/few5__polygarbor_p3_aug__seed42,40,40,1440,1.2469548509689048,149.96533343183827,0,0.334731,22.36580045428127,24.167058937018737,393.568256,0.0,345.4,40.0,val_clean,500,0.436,0.3830783195270505,0.4593069775735965,0.403088866794339,0.36348000379203405,0.7,1.6028695489561204,0.6970387950601035,0.11650545034375859,0.9067851648702785,0.0,0.86
few5__polygarbor_p3_aug__seed42,polygarbor_p3_aug,few5,42,complete,,runs/2026-09-12/few5__polygarbor_p3_aug__seed42,40,40,1440,1.2469548509689048,149.96533343183827,0,0.334731,22.36580045428127,24.167058937018737,393.568256,0.0,345.4,40.0,test_clean,500,0.444,0.3774183488126263,0.4531326996023424,0.40726665540852675,0.3641470421401255,0.668,1.7209555636251817,0.7045558138168482,0.14043419798848208,0.8860072781216319,0.0,0.87
few5__polygarbor_p3_aug__seed43,polygarbor_p3_aug,few5,43,complete,,runs/2026-09-12/few5__polygarbor_p3_aug__seed43,40,40,1440,1.2042020100634545,144.49402886383757,0,0.333911,20.67433053161949,23.48411657148972,390.57408,0.0,362.7,32.0,train,40,0.875,0.8333333333333333,0.875,0.8728715609439696,0.8571428571428572,1.0,0.3397878776030134,0.15774087440253096,0.19662587077277766,1.0,0.0,1.0
few5__polygarbor_p3_aug__seed43,polygarbor_p3_aug,few5,43,complete,,runs/2026-09-12/few5__polygarbor_p3_aug__seed43,40,40,1440,1.2042020100634545,144.49402886383757,0,0.333911,20.67433053161949,23.48411657148972,390.57408,0.0,362.7,32.0,val_clean,500,0.388,0.32286989493688945,0.39006519981273086,0.32338596962241833,0.2980975231559003,0.708,1.494709595844787,0.7086259536433399,0.14569244636323334,0.8813624394936856,0.0,0.85
few5__polygarbor_p3_aug__seed43,polygarbor_p3_aug,few5,43,complete,,runs/2026-09-12/few5__polygarbor_p3_aug__seed43,40,40,1440,1.2042020100634545,144.49402886383757,0,0.333911,20.67433053161949,23.48411657148972,390.57408,0.0,362.7,32.0,test_clean,500,0.376,0.30142436445831167,0.388432025210514,0.32030276528981294,0.2905285562256119,0.668,1.6014985710964298,0.7201933244214865,0.14585011031012318,0.8802739563790947,0.0,0.85
few5__polygarbor_p5__seed42,polygarbor_p5,few5,42,complete,,runs/2026-09-12/few5__polygarbor_p5__seed42,40,40,1000,0.5874705248279497,195.75450195340372,0,0.232391,32.140396535396576,42.44020855403505,401.534976,0.0,99.5,50.0,train,40,0.875,0.8333333333333333,0.875,0.8728715609439696,0.8571428571428572,1.0,0.3126144630553334,0.1627040557983646,0.17248321870623878,1.0,0.0,1.0
few5__polygarbor_p5__seed42,polygarbor_p5,few5,42,complete,,runs/2026-09-12/few5__polygarbor_p5__seed42,40,40,1000,0.5874705248279497,195.75450195340372,0,0.232391,32.140396535396576,42.44020855403505,401.534976,0.0,99.5,50.0,val_clean,500,0.324,0.2056834940512841,0.35327315850271584,0.2823514365835975,0.23935547754073272,0.548,2.0716047228638175,0.895419441507348,0.2745024756998868,0.8720862378534848,0.0,0.892
few5__polygarbor_p5__seed42,polygarbor_p5,few5,42,complete,,runs/2026-09-12/few5__polygarbor_p5__seed42,40,40,1000,0.5874705248279497,195.75450195340372,0,0.232391,32.140396535396576,42.44020855403505,401.534976,0.0,99.5,50.0,test_clean,500,0.368,0.24338547441042402,0.3751183231913455,0.32366018799582486,0.2776878697278071,0.528,2.163131076251113,0.8651342520914886,0.2626367341952972,0.8598457653489682,0.0,0.894
few5__polygarbor_p5__seed43,polygarbor_p5,few5,43,complete,,runs/2026-09-12/few5__polygarbor_p5__seed43,40,40,1000,0.5896220790455118,188.25617958487635,0,0.23185,28.918215015437454,34.484311187407,390.975488,0.0,,,train,40,0.875,0.8333333333333333,0.875,0.8728715609439696,0.8571428571428572,1.0,0.31721020986458975,0.14904711802557827,0.140394771472391,1.0,0.0,1.0
few5__polygarbor_p5__seed43,polygarbor_p5,few5,43,complete,,runs/2026-09-12/few5__polygarbor_p5__seed43,40,40,1000,0.5896220790455118,188.25617958487635,0,0.23185,28.918215015437454,34.484311187407,390.975488,0.0,,,val_clean,500,0.466,0.398131504204786,0.46373384202650014,0.4071970421941235,0.3877326386659451,0.636,1.5699301166595958,0.7336179343072485,0.11675467811496443,0.8708202195695156,0.0,0.738
few5__polygarbor_p5__seed43,polygarbor_p5,few5,43,complete,,runs/2026-09-12/few5__polygarbor_p5__seed43,40,40,1000,0.5896220790455118,188.25617958487635,0,0.23185,28.918215015437454,34.484311187407,390.975488,0.0,,,test_clean,500,0.454,0.3765121413210414,0.46803263937244133,0.40441318988799213,0.3788961186695181,0.594,1.7229279646779223,0.7445240088815449,0.09804106094245271,0.8694210275080292,0.0,0.78
few5__resnet18__seed42,resnet18,few5,42,complete,,runs/2026-09-12/few5__resnet18__seed42,40,40,40,42.00254352716729,112.37414698343446,53,45.011183,4.075732489582151,5.352513748221099,2408.742912,4240.441344,113.36612903225806,69.6989247311828,train,40,0.375,0.29505997474747475,0.375,0.375624113212674,0.2857142857142857,0.575,1.9917198434877386,0.8753686678143854,0.18870081397141863,0.7864285714285715,0.0,1.0
few5__resnet18__seed42,resnet18,few5,42,complete,,runs/2026-09-12/few5__resnet18__seed42,40,40,40,42.00254352716729,112.37414698343446,53,45.011183,4.075732489582151,5.352513748221099,2408.742912,4240.441344,113.36612903225806,69.6989247311828,val_clean,500,0.348,0.26458154539828904,0.3496145247659997,0.33571538822462743,0.2581534848581388,0.502,2.0344556836009606,0.8871051009237566,0.18851588764241461,0.7420275689371494,0.0,1.0
few5__resnet18__seed42,resnet18,few5,42,complete,,runs/2026-09-12/few5__resnet18__seed42,40,40,40,42.00254352716729,112.37414698343446,53,45.011183,4.075732489582151,5.352513748221099,2408.742912,4240.441344,113.36612903225806,69.6989247311828,test_clean,500,0.328,0.2543876560668053,0.33334317223767296,0.2951095308233566,0.22647303936239283,0.514,2.080615928583353,0.8909375187208011,0.20299165726021695,0.7290423688735048,0.0,1.0
few5__resnet18__seed43,resnet18,few5,43,complete,,runs/2026-09-12/few5__resnet18__seed43,40,40,40,29.943461230956018,113.38034617354778,9,45.011183,4.349945462308824,6.071374495513735,2395.045888,4152.36096,114.92539682539682,62.62698412698413,train,40,0.125,0.027777777777777776,0.125,0.0,0.0,0.25,2.3643230016641765,0.9401049962078314,0.12531253043060203,0.35071428571428576,0.0,1.0
few5__resnet18__seed43,resnet18,few5,43,complete,,runs/2026-09-12/few5__resnet18__seed43,40,40,40,29.943461230956018,113.38034617354778,9,45.011183,4.349945462308824,6.071374495513735,2395.045888,4152.36096,114.92539682539682,62.62698412698413,val_clean,500,0.138,0.03031634446397188,0.125,0.0,0.0,0.276,2.3141448005888763,0.9273013206082716,0.11370529803673653,0.3731107772332081,0.0,1.0
few5__resnet18__seed43,resnet18,few5,43,complete,,runs/2026-09-12/few5__resnet18__seed43,40,40,40,29.943461230956018,113.38034617354778,9,45.011183,4.349945462308824,6.071374495513735,2395.045888,4152.36096,114.92539682539682,62.62698412698413,test_clean,500,0.116,0.025985663082437275,0.125,0.0,0.0,0.252,2.349963202017527,0.9343853661713897,0.13043713556047304,0.3774868567351174,0.0,1.0
few5__yolo11n__seed42,yolo11n,few5,42,complete,,runs/2026-09-12/few5__yolo11n__seed42,40,40,40,41.41171105403919,315.0075103870315,32,3.204328,3.6856314982287586,6.1981936858501285,2618.216448,840.957952,334.081914893617,59.515957446808514,train,40,1.0,1.0,1.0,1.0,1.0,1.0,0.0019475874510429877,3.376726217083958e-05,0.0019372888299153956,1.0,1.0,1.0
few5__yolo11n__seed42,yolo11n,few5,42,complete,,runs/2026-09-12/few5__yolo11n__seed42,40,40,40,41.41171105403919,315.0075103870315,32,3.204328,3.6856314982287586,6.1981936858501285,2618.216448,840.957952,334.081914893617,59.515957446808514,val_clean,500,0.764,0.7492845977700713,0.7510119429061283,0.7303698404617722,0.7291851226240584,0.876,0.8470116147910937,0.35988909462800883,0.10902548950432817,0.9565583087924274,0.7265287686784594,1.0
few5__yolo11n__seed42,yolo11n,few5,42,complete,,runs/2026-09-12/few5__yolo11n__seed42,40,40,40,41.41171105403919,315.0075103870315,32,3.204328,3.6856314982287586,6.1981936858501285,2618.216448,840.957952,334.081914893617,59.515957446808514,test_clean,500,0.74,0.7415490293968745,0.75155905284755,0.7066970323960623,0.7031394148649512,0.87,1.0631391251233868,0.3944163147834743,0.12607783913233994,0.9439651101590426,0.7264987706092277,1.0
few5__yolo11n__seed43,yolo11n,few5,43,complete,,runs/2026-09-12/few5__yolo11n__seed43,40,40,40,36.23533140809741,306.9379958124131,28,3.204008,4.561660462059081,6.615127110853789,2629.271552,801.112064,328.7679012345679,63.27160493827161,train,40,0.975,0.9747474747474747,0.975,0.9721231933059806,0.9714285714285714,1.0,0.0486507642862752,0.024446537398246704,0.022663864900576394,1.0,0.9724924724660731,1.0
few5__yolo11n__seed43,yolo11n,few5,43,complete,,runs/2026-09-12/few5__yolo11n__seed43,40,40,40,36.23533140809741,306.9379958124131,28,3.204008,4.561660462059081,6.615127110853789,2629.271552,801.112064,328.7679012345679,63.27160493827161,val_clean,500,0.766,0.7678776104191782,0.760221857317656,0.7336709227716807,0.731631679389313,0.88,0.8581155355880292,0.3590977843946989,0.07991371528814749,0.95181510944227,0.7514981815232407,1.0
few5__yolo11n__seed43,yolo11n,few5,43,complete,,runs/2026-09-12/few5__yolo11n__seed43,40,40,40,36.23533140809741,306.9379958124131,28,3.204008,4.561660462059081,6.615127110853789,2629.271552,801.112064,328.7679012345679,63.27160493827161,test_clean,500,0.766,0.7719104616718921,0.7728391205705054,0.7345349472920427,0.7325384161702244,0.892,0.8036072922277276,0.3525914119406724,0.07695498169668104,0.9534480609959375,0.7599742315632846,1.0
full__polygarbor__seed42,polygarbor,full,42,complete,,runs/2026-09-12/full__polygarbor__seed42,4000,2800,2800,21.188544355798513,106.75579983298735,0,0.650821,21.25645545311272,21.676880860468373,1240.313856,0.0,304.76666666666665,24.666666666666668,train,4000,0.869,0.8663231630603132,0.868008400616807,0.8523616774441282,0.8502490145977918,0.957,0.7814564461720629,0.3965362111172529,0.3416368632481002,0.9874164901682703,0.8601403835594466,1.0
full__polygarbor__seed42,polygarbor,full,42,complete,,runs/2026-09-12/full__polygarbor__seed42,4000,2800,2800,21.188544355798513,106.75579983298735,0,0.650821,21.25645545311272,21.676880860468373,1240.313856,0.0,304.76666666666665,24.666666666666668,val_clean,500,0.828,0.8262433072485768,0.8352655006510654,0.8074721839848135,0.8034267741876497,0.924,0.8550222577592022,0.43602305884555675,0.31871886864375476,0.9763632139622972,0.8209444613859517,1.0
full__polygarbor__seed42,polygarbor,full,42,complete,,runs/2026-09-12/full__polygarbor__seed42,4000,2800,2800,21.188544355798513,106.75579983298735,0,0.650821,21.25645545311272,21.676880860468373,1240.313856,0.0,304.76666666666665,24.666666666666668,test_clean,500,0.786,0.7802214916655392,0.7886605158403345,0.7603985178620036,0.7552461948789269,0.916,0.8752706538765473,0.44284457768427943,0.2758577855884431,0.9750961250242095,0.7623790057575974,1.0
full__polygarbor__seed42,polygarbor,full,42,complete,,runs/2026-09-12/full__polygarbor__seed42,4000,2800,2800,21.188544355798513,106.75579983298735,0,0.650821,21.25645545311272,21.676880860468373,1240.313856,0.0,304.76666666666665,24.666666666666668,test_blur,500,0.474,0.41386142888648214,0.4839403079845888,0.42736519989936667,0.3995845033445198,0.658,1.27442750917475,0.618474048958012,0.1393512442769381,0.8923763297272422,0.0,1.0
full__polygarbor__seed42,polygarbor,full,42,complete,,runs/2026-09-12/full__polygarbor__seed42,4000,2800,2800,21.188544355798513,106.75579983298735,0,0.650821,21.25645545311272,21.676880860468373,1240.313856,0.0,304.76666666666665,24.666666666666668,test_noise,500,0.55,0.44048664422613193,0.5493146388811685,0.508004831545114,0.4857495486023816,0.672,1.2992696319793873,0.6649612466607558,0.2456221135886723,0.946009477453705,0.0,1.0
full__polygarbor__seed42,polygarbor,full,42,complete,,runs/2026-09-12/full__polygarbor__seed42,4000,2800,2800,21.188544355798513,106.75579983298735,0,0.650821,21.25645545311272,21.676880860468373,1240.313856,0.0,304.76666666666665,24.666666666666668,test_brightness,500,0.442,0.3441188572446799,0.4430659924803684,0.4006012052157009,0.3609125893347993,0.682,1.465730636408116,0.739495783682072,0.14593966295153227,0.888847293125124,0.0,1.0
full__polygarbor__seed42,polygarbor,full,42,complete,,runs/2026-09-12/full__polygarbor__seed42,4000,2800,2800,21.188544355798513,106.75579983298735,0,0.650821,21.25645545311272,21.676880860468373,1240.313856,0.0,304.76666666666665,24.666666666666668,test_color,500,0.424,0.3353958541038912,0.41204585711450475,0.36541745896992545,0.33904326512627025,0.644,1.5393701532264532,0.7482606254606284,0.19166158825607238,0.9143593519017283,0.0,1.0
full__polygarbor__seed42,polygarbor,full,42,complete,,runs/2026-09-12/full__polygarbor__seed42,4000,2800,2800,21.188544355798513,106.75579983298735,0,0.650821,21.25645545311272,21.676880860468373,1240.313856,0.0,304.76666666666665,24.666666666666668,test_jpeg,500,0.714,0.6990697534615608,0.7169700453288893,0.6818146139406005,0.6730741092984125,0.884,0.920775663890649,0.4727236387420944,0.2147037494470513,0.9700218547018877,0.6731333264396041,1.0
full__polygarbor__seed42,polygarbor,full,42,complete,,runs/2026-09-12/full__polygarbor__seed42,4000,2800,2800,21.188544355798513,106.75579983298735,0,0.650821,21.25645545311272,21.676880860468373,1240.313856,0.0,304.76666666666665,24.666666666666668,test_resolution,500,0.472,0.4133594567547206,0.4830972867822839,0.4330270302565109,0.39800520816706275,0.654,1.310648642168494,0.6403388983914018,0.13237829323178285,0.8861333597189547,0.0,1.0
full__polygarbor__seed42,polygarbor,full,42,complete,,runs/2026-09-12/full__polygarbor__seed42,4000,2800,2800,21.188544355798513,106.75579983298735,0,0.650821,21.25645545311272,21.676880860468373,1240.313856,0.0,304.76666666666665,24.666666666666668,test_occlusion,500,0.386,0.26259519653383034,0.38955635829239155,0.33600346660248753,0.2974924829407376,0.666,1.3542727541358663,0.6651956931812316,0.11111512283644512,0.8969201033412619,0.0,1.0
full__polygarbor__seed42,polygarbor,full,42,complete,,runs/2026-09-12/full__polygarbor__seed42,4000,2800,2800,21.188544355798513,106.75579983298735,0,0.650821,21.25645545311272,21.676880860468373,1240.313856,0.0,304.76666666666665,24.666666666666668,test_rotation,500,0.644,0.6272147051568788,0.6509639532557878,0.6020557483677702,0.5931912092734121,0.83,0.998385771418257,0.5054051131343429,0.1481645975961743,0.9492169320971271,0.5700951130508713,1.0
full__polygarbor__seed43,polygarbor,full,43,complete,,runs/2026-09-12/full__polygarbor__seed43,4000,2800,2800,19.95209352299571,106.35475407902922,0,0.650708,25.325911003164947,26.506223279284313,1223.61856,0.0,305.25,43.0,train,4000,0.88025,0.8776096101312582,0.8791947480301212,0.8648158987173616,0.8631102382682045,0.962,0.7693280377062537,0.38626139970938006,0.34923023208460374,0.9882133910243074,0.8719332347324369,1.0
full__polygarbor__seed43,polygarbor,full,43,complete,,runs/2026-09-12/full__polygarbor__seed43,4000,2800,2800,19.95209352299571,106.35475407902922,0,0.650708,25.325911003164947,26.506223279284313,1223.61856,0.0,305.25,43.0,val_clean,500,0.83,0.8268782053192651,0.837186065892344,0.8093820931292617,0.8056938558111253,0.93,0.8478093170703639,0.427149259320841,0.31751936281951604,0.9760043622777442,0.8209745402141966,1.0
full__polygarbor__seed43,polygarbor,full,43,complete,,runs/2026-09-12/full__polygarbor__seed43,4000,2800,2800,19.95209352299571,106.35475407902922,0,0.650708,25.325911003164947,26.506223279284313,1223.61856,0.0,305.25,43.0,test_clean,500,0.808,0.805394756854946,0.8122542418676053,0.7849713482360123,0.7805132332229803,0.93,0.8629089491666254,0.43330912885398637,0.2958890208541362,0.9764023498335535,0.7923421495822015,1.0
full__polygarbor__seed43,polygarbor,full,43,complete,,runs/2026-09-12/full__polygarbor__seed43,4000,2800,2800,19.95209352299571,106.35475407902922,0,0.650708,25.325911003164947,26.506223279284313,1223.61856,0.0,305.25,43.0,test_blur,500,0.516,0.47191625247914204,0.5256948958862027,0.4652333002397647,0.44706441471082836,0.702,1.2233259764723496,0.588330762278713,0.09051269466104403,0.8949324120137772,0.0,1.0
full__polygarbor__seed43,polygarbor,full,43,complete,,runs/2026-09-12/full__polygarbor__seed43,4000,2800,2800,19.95209352299571,106.35475407902922,0,0.650708,25.325911003164947,26.506223279284313,1223.61856,0.0,305.25,43.0,test_noise,500,0.542,0.4332908305366308,0.5428961615435963,0.5017914755356042,0.47702089175931095,0.724,1.2329387075112819,0.6471175637822809,0.24661525647424518,0.9518013421976703,0.0,1.0
full__polygarbor__seed43,polygarbor,full,43,complete,,runs/2026-09-12/full__polygarbor__seed43,4000,2800,2800,19.95209352299571,106.35475407902922,0,0.650708,25.325911003164947,26.506223279284313,1223.61856,0.0,305.25,43.0,test_brightness,500,0.45,0.3609694898363398,0.4508269169601367,0.4042228328325264,0.3704558357599399,0.71,1.345497645186404,0.6656852584887649,0.10882304225490054,0.9054273288546404,0.0,1.0
full__polygarbor__seed43,polygarbor,full,43,complete,,runs/2026-09-12/full__polygarbor__seed43,4000,2800,2800,19.95209352299571,106.35475407902922,0,0.650708,25.325911003164947,26.506223279284313,1223.61856,0.0,305.25,43.0,test_color,500,0.412,0.31957130609876605,0.40103552899611505,0.3634744394677504,0.3239763069791398,0.646,1.428650300606666,0.721752863495879,0.11866759993487978,0.9151708111524519,0.0,1.0
full__polygarbor__seed43,polygarbor,full,43,complete,,runs/2026-09-12/full__polygarbor__seed43,4000,2800,2800,19.95209352299571,106.35475407902922,0,0.650708,25.325911003164947,26.506223279284313,1223.61856,0.0,305.25,43.0,test_jpeg,500,0.746,0.735053098218812,0.7501438843795876,0.7172145942561999,0.7097461307102306,0.904,0.9075726958494348,0.4628731943187821,0.24612716925592631,0.9719666401174912,0.7119805016674066,1.0
full__polygarbor__seed43,polygarbor,full,43,complete,,runs/2026-09-12/full__polygarbor__seed43,4000,2800,2800,19.95209352299571,106.35475407902922,0,0.650708,25.325911003164947,26.506223279284313,1223.61856,0.0,305.25,43.0,test_resolution,500,0.496,0.4447876623863466,0.5061648656548616,0.4494469609161753,0.42475734804006615,0.684,1.2526718958107765,0.6103665620476598,0.10836138049165527,0.8855420732265766,0.0,1.0
full__polygarbor__seed43,polygarbor,full,43,complete,,runs/2026-09-12/full__polygarbor__seed43,4000,2800,2800,19.95209352299571,106.35475407902922,0,0.650708,25.325911003164947,26.506223279284313,1223.61856,0.0,305.25,43.0,test_occlusion,500,0.456,0.3705946513848453,0.46528002882430974,0.41728659953784797,0.37859251203977007,0.69,1.3225983510627328,0.639297469841183,0.060402722561790446,0.9005608783071838,0.0,1.0
full__polygarbor__seed43,polygarbor,full,43,complete,,runs/2026-09-12/full__polygarbor__seed43,4000,2800,2800,19.95209352299571,106.35475407902922,0,0.650708,25.325911003164947,26.506223279284313,1223.61856,0.0,305.25,43.0,test_rotation,500,0.65,0.6397438486427518,0.659139182946223,0.6089156461405107,0.6002521837652133,0.842,0.9882946100149317,0.49776317367306394,0.1526765511601123,0.9483481948049832,0.596620343525756,1.0
full__polygarbor_aug__seed42,polygarbor_aug,full,42,complete,,runs/2026-09-12/full__polygarbor_aug__seed42,4000,2170,2800,87.29511720407754,101.63225944538385,0,0.650628,23.466211452614516,26.320344640407708,1263.095808,0.0,305.3,46.0,train,4000,0.84525,0.8417816134258918,0.8439481402566397,0.8255228272208973,0.8230977597074569,0.95475,0.9271367336294499,0.4666390809826525,0.3855440797200372,0.9797052950979924,0.8324096331703027,1.0
full__polygarbor_aug__seed42,polygarbor_aug,full,42,complete,,runs/2026-09-12/full__polygarbor_aug__seed42,4000,2170,2800,87.29511720407754,101.63225944538385,0,0.650628,23.466211452614516,26.320344640407708,1263.095808,0.0,305.3,46.0,val_clean,500,0.814,0.8124348835594994,0.8223447351514144,0.7908436595432209,0.7873731669509312,0.938,0.948346918185288,0.4785799789578239,0.363031753150006,0.97558063401155,0.8040567153646904,1.0
full__polygarbor_aug__seed42,polygarbor_aug,full,42,complete,,runs/2026-09-12/full__polygarbor_aug__seed42,4000,2170,2800,87.29511720407754,101.63225944538385,0,0.650628,23.466211452614516,26.320344640407708,1263.095808,0.0,305.3,46.0,test_clean,500,0.802,0.8014379358295276,0.8069732594181283,0.7776795571688405,0.7737225610034832,0.934,0.9840650620322284,0.4939955168062067,0.3551744071904416,0.9715635666970187,0.7884210386468858,1.0
full__polygarbor_aug__seed42,polygarbor_aug,full,42,complete,,runs/2026-09-12/full__polygarbor_aug__seed42,4000,2170,2800,87.29511720407754,101.63225944538385,0,0.650628,23.466211452614516,26.320344640407708,1263.095808,0.0,305.3,46.0,test_blur,500,0.528,0.4911529266475041,0.53961061142615,0.4786113912179984,0.4615437267562573,0.712,1.24786985120282,0.611342508772899,0.13645815313227846,0.8942286100279135,0.0,1.0
full__polygarbor_aug__seed42,polygarbor_aug,full,42,complete,,runs/2026-09-12/full__polygarbor_aug__seed42,4000,2170,2800,87.29511720407754,101.63225944538385,0,0.650628,23.466211452614516,26.320344640407708,1263.095808,0.0,305.3,46.0,test_noise,500,0.544,0.4439792801896588,0.5449135877319569,0.5005801485711727,0.47938073708727225,0.772,1.293401609583295,0.6708330845249199,0.2433938714338686,0.9427539624671566,0.0,1.0
full__polygarbor_aug__seed42,polygarbor_aug,full,42,complete,,runs/2026-09-12/full__polygarbor_aug__seed42,4000,2170,2800,87.29511720407754,101.63225944538385,0,0.650628,23.466211452614516,26.320344640407708,1263.095808,0.0,305.3,46.0,test_brightness,500,0.576,0.5292454269381771,0.587235942834974,0.5417824561103511,0.5152291228391109,0.72,1.162921127436313,0.5611322864902245,0.09449841984029914,0.9309099187400276,0.0,1.0
full__polygarbor_aug__seed42,polygarbor_aug,full,42,complete,,runs/2026-09-12/full__polygarbor_aug__seed42,4000,2170,2800,87.29511720407754,101.63225944538385,0,0.650628,23.466211452614516,26.320344640407708,1263.095808,0.0,305.3,46.0,test_color,500,0.45,0.37019814852330774,0.44405241758286507,0.3971192886738121,0.3698441796516957,0.746,1.2928409485301058,0.6749145715094769,0.1932540504984903,0.9185894811737163,0.0,1.0
full__polygarbor_aug__seed42,polygarbor_aug,full,42,complete,,runs/2026-09-12/full__polygarbor_aug__seed42,4000,2170,2800,87.29511720407754,101.63225944538385,0,0.650628,23.466211452614516,26.320344640407708,1263.095808,0.0,305.3,46.0,test_jpeg,500,0.752,0.7447129747548535,0.7576167338466102,0.7237331191284047,0.716691874997144,0.91,1.0058353880988529,0.5048401084555458,0.31115591214435184,0.9671374571427271,0.715122046969943,1.0
full__polygarbor_aug__seed42,polygarbor_aug,full,42,complete,,runs/2026-09-12/full__polygarbor_aug__seed42,4000,2170,2800,87.29511720407754,101.63225944538385,0,0.650628,23.466211452614516,26.320344640407708,1263.095808,0.0,305.3,46.0,test_resolution,500,0.498,0.4589578667075206,0.5095201400993361,0.4504603811720842,0.42753401725152473,0.694,1.2699612584102635,0.6280864006904665,0.10717672901557562,0.8870308067985662,0.0,1.0
full__polygarbor_aug__seed42,polygarbor_aug,full,42,complete,,runs/2026-09-12/full__polygarbor_aug__seed42,4000,2170,2800,87.29511720407754,101.63225944538385,0,0.650628,23.466211452614516,26.320344640407708,1263.095808,0.0,305.3,46.0,test_occlusion,500,0.44,0.35399806501905606,0.4520271629010069,0.3915791991865965,0.3618728121353558,0.648,1.3277351536213375,0.651101380199101,0.0660445577437078,0.8940665053103698,0.0,1.0
full__polygarbor_aug__seed42,polygarbor_aug,full,42,complete,,runs/2026-09-12/full__polygarbor_aug__seed42,4000,2170,2800,87.29511720407754,101.63225944538385,0,0.650628,23.466211452614516,26.320344640407708,1263.095808,0.0,305.3,46.0,test_rotation,500,0.66,0.6565440039071792,0.670135180312635,0.6236266231106316,0.6119890809162535,0.836,1.052767315757391,0.5291856098103246,0.2181746938143738,0.9524038298522737,0.6136763952165475,1.0
full__polygarbor_aug__seed43,polygarbor_aug,full,43,complete,,runs/2026-09-12/full__polygarbor_aug__seed43,4000,2164,2800,70.02530039206613,101.70609708383235,0,0.650339,19.404371036216617,21.508676139637828,1176.33024,0.0,333.5,0.0,train,4000,0.82625,0.822048102262332,0.8250695000327013,0.804106287075263,0.8013891187956693,0.93775,0.9015739517383694,0.4583342397634429,0.3530278548774708,0.9759036704723287,0.8109872788689413,1.0
full__polygarbor_aug__seed43,polygarbor_aug,full,43,complete,,runs/2026-09-12/full__polygarbor_aug__seed43,4000,2164,2800,70.02530039206613,101.70609708383235,0,0.650339,19.404371036216617,21.508676139637828,1176.33024,0.0,333.5,0.0,val_clean,500,0.808,0.80412797659529,0.810946112475516,0.7845688381728801,0.7803877072019106,0.928,0.9335182394013245,0.4750451219218388,0.3427368889076248,0.9710550146490313,0.7934818251002905,1.0
full__polygarbor_aug__seed43,polygarbor_aug,full,43,complete,,runs/2026-09-12/full__polygarbor_aug__seed43,4000,2164,2800,70.02530039206613,101.70609708383235,0,0.650339,19.404371036216617,21.508676139637828,1176.33024,0.0,333.5,0.0,test_clean,500,0.762,0.7567641558046314,0.7689826122140893,0.7343255659075999,0.7281006804337593,0.91,0.9639186439769556,0.48617748939686656,0.3020675411016229,0.968021582023159,0.7309814328556731,1.0
full__polygarbor_aug__seed43,polygarbor_aug,full,43,complete,,runs/2026-09-12/full__polygarbor_aug__seed43,4000,2164,2800,70.02530039206613,101.70609708383235,0,0.650339,19.404371036216617,21.508676139637828,1176.33024,0.0,333.5,0.0,test_blur,500,0.494,0.4746576520090354,0.5064584457192789,0.4432242950575441,0.42331976349272205,0.71,1.2522211191236834,0.6241889663049773,0.1184611300312813,0.8958571373457112,0.0,1.0
full__polygarbor_aug__seed43,polygarbor_aug,full,43,complete,,runs/2026-09-12/full__polygarbor_aug__seed43,4000,2164,2800,70.02530039206613,101.70609708383235,0,0.650339,19.404371036216617,21.508676139637828,1176.33024,0.0,333.5,0.0,test_noise,500,0.504,0.4050395399979003,0.5063211531915274,0.457419172660799,0.4338778454486518,0.78,1.2271956950422869,0.6474934334958674,0.1994055632393747,0.9400632141854275,0.0,1.0
full__polygarbor_aug__seed43,polygarbor_aug,full,43,complete,,runs/2026-09-12/full__polygarbor_aug__seed43,4000,2164,2800,70.02530039206613,101.70609708383235,0,0.650339,19.404371036216617,21.508676139637828,1176.33024,0.0,333.5,0.0,test_brightness,500,0.53,0.47486115327207695,0.5395154418470905,0.49309080098407077,0.46224502405023316,0.694,1.2430230415638313,0.5832760233074293,0.10000579528742914,0.9135358095540791,0.0,1.0
full__polygarbor_aug__seed43,polygarbor_aug,full,43,complete,,runs/2026-09-12/full__polygarbor_aug__seed43,4000,2164,2800,70.02530039206613,101.70609708383235,0,0.650339,19.404371036216617,21.508676139637828,1176.33024,0.0,333.5,0.0,test_color,500,0.44,0.36564195025319757,0.43741878227970665,0.3793561260181205,0.3593322411473444,0.752,1.223078249833069,0.6334747769524097,0.07469735265895827,0.9215691611221296,0.0,1.0
full__polygarbor_aug__seed43,polygarbor_aug,full,43,complete,,runs/2026-09-12/full__polygarbor_aug__seed43,4000,2164,2800,70.02530039206613,101.70609708383235,0,0.650339,19.404371036216617,21.508676139637828,1176.33024,0.0,333.5,0.0,test_jpeg,500,0.72,0.7130985816845383,0.7280935550128935,0.6877603519730174,0.6802295038532344,0.88,0.9867610831170891,0.49673193179671604,0.26531709700121026,0.9632251996869556,0.6735768000116794,1.0
full__polygarbor_aug__seed43,polygarbor_aug,full,43,complete,,runs/2026-09-12/full__polygarbor_aug__seed43,4000,2164,2800,70.02530039206613,101.70609708383235,0,0.650339,19.404371036216617,21.508676139637828,1176.33024,0.0,333.5,0.0,test_resolution,500,0.47,0.43882390916370223,0.4829892072324692,0.4261167650618347,0.39625908459207615,0.686,1.2870980198514301,0.647493327089905,0.1017855375266756,0.8876481800196738,0.0,1.0
full__polygarbor_aug__seed43,polygarbor_aug,full,43,complete,,runs/2026-09-12/full__polygarbor_aug__seed43,4000,2164,2800,70.02530039206613,101.70609708383235,0,0.650339,19.404371036216617,21.508676139637828,1176.33024,0.0,333.5,0.0,test_occlusion,500,0.48,0.403187479432935,0.49084067924851615,0.44212722414027067,0.40527384851867443,0.648,1.3674486865960098,0.6579324512045189,0.09878777389711121,0.8944389040038294,0.0,1.0
full__polygarbor_aug__seed43,polygarbor_aug,full,43,complete,,runs/2026-09-12/full__polygarbor_aug__seed43,4000,2164,2800,70.02530039206613,101.70609708383235,0,0.650339,19.404371036216617,21.508676139637828,1176.33024,0.0,333.5,0.0,test_rotation,500,0.632,0.6199577780423329,0.6420439698089924,0.5929474785572634,0.5800237377887336,0.814,1.0481126134186178,0.5253690001344373,0.17665216608118595,0.9467695288173267,0.5585019760781685,1.0
full__polygarbor_p3__seed42,polygarbor_p3,full,42,complete,,runs/2026-09-12/full__polygarbor_p3__seed42,4000,2065,2800,29.74173668399453,105.87814805362827,0,0.649213,37.70772798452526,45.07630636799148,1511.723008,0.0,337.3,72.0,train,4000,0.6345,0.582435325083893,0.6315288528689109,0.5992934599337861,0.5818682096930928,0.8655,1.1176036172232406,0.5611133571993175,0.2233360190457814,0.9565492742918438,0.4828230896604143,0.84725
full__polygarbor_p3__seed42,polygarbor_p3,full,42,complete,,runs/2026-09-12/full__polygarbor_p3__seed42,4000,2065,2800,29.74173668399453,105.87814805362827,0,0.649213,37.70772798452526,45.07630636799148,1511.723008,0.0,337.3,72.0,val_clean,500,0.6,0.5580557281365005,0.6283128511418921,0.5651952737007281,0.5459354411010158,0.856,1.1368820388363108,0.57894819297958,0.1982604947777844,0.9534742728311985,0.49123147902987563,0.836
full__polygarbor_p3__seed42,polygarbor_p3,full,42,complete,,runs/2026-09-12/full__polygarbor_p3__seed42,4000,2065,2800,29.74173668399453,105.87814805362827,0,0.649213,37.70772798452526,45.07630636799148,1511.723008,0.0,337.3,72.0,test_clean,500,0.602,0.537941950480494,0.6010337282660593,0.5638019547138171,0.5449119324548686,0.842,1.1529630801240274,0.5758350480269883,0.19398013550785365,0.9534169505142167,0.42336198423180843,0.856
full__polygarbor_p3__seed42,polygarbor_p3,full,42,complete,,runs/2026-09-12/full__polygarbor_p3__seed42,4000,2065,2800,29.74173668399453,105.87814805362827,0,0.649213,37.70772798452526,45.07630636799148,1511.723008,0.0,337.3,72.0,test_blur,500,0.456,0.3775220872915531,0.4610666980444838,0.3969539537683873,0.3783596006874612,0.672,1.3788274215149832,0.6610354367159623,0.05312493812810063,0.9064951433435511,0.0,0.868
full__polygarbor_p3__seed42,polygarbor_p3,full,42,complete,,runs/2026-09-12/full__polygarbor_p3__seed42,4000,2065,2800,29.74173668399453,105.87814805362827,0,0.649213,37.70772798452526,45.07630636799148,1511.723008,0.0,337.3,72.0,test_noise,500,0.504,0.4183312341744661,0.5014726792559897,0.4585326225439183,0.43196133672324155,0.692,1.5499313973529147,0.7201356681235891,0.21338115767308424,0.914366682455302,0.0,0.872
full__polygarbor_p3__seed42,polygarbor_p3,full,42,complete,,runs/2026-09-12/full__polygarbor_p3__seed42,4000,2065,2800,29.74173668399453,105.87814805362827,0,0.649213,37.70772798452526,45.07630636799148,1511.723008,0.0,337.3,72.0,test_brightness,500,0.448,0.3801353804825365,0.4455720257737681,0.41065400172811,0.36703054765617826,0.614,1.727876137594305,0.7792199917932277,0.16925500232073257,0.8913641321720499,0.0,0.866
full__polygarbor_p3__seed42,polygarbor_p3,full,42,complete,,runs/2026-09-12/full__polygarbor_p3__seed42,4000,2065,2800,29.74173668399453,105.87814805362827,0,0.649213,37.70772798452526,45.07630636799148,1511.723008,0.0,337.3,72.0,test_color,500,0.39,0.2947257009167603,0.3738056944342328,0.35799962953749265,0.2962718559503099,0.704,1.8427180827726823,0.7800611154490759,0.2591610794831173,0.9033815670349874,0.0,0.86
full__polygarbor_p3__seed42,polygarbor_p3,full,42,complete,,runs/2026-09-12/full__polygarbor_p3__seed42,4000,2065,2800,29.74173668399453,105.87814805362827,0,0.649213,37.70772798452526,45.07630636799148,1511.723008,0.0,337.3,72.0,test_jpeg,500,0.58,0.4969427100514311,0.5799718446308013,0.5401505316338584,0.5197497209974571,0.822,1.1764641512528793,0.5905477179178988,0.18599465746282828,0.9517167307800891,0.0,0.882
full__polygarbor_p3__seed42,polygarbor_p3,full,42,complete,,runs/2026-09-12/full__polygarbor_p3__seed42,4000,2065,2800,29.74173668399453,105.87814805362827,0,0.649213,37.70772798452526,45.07630636799148,1511.723008,0.0,337.3,72.0,test_resolution,500,0.48,0.41191174764154415,0.4875778084771248,0.42276615263328027,0.40612151667428054,0.66,1.3608745400011122,0.6574550389293016,0.05742097409239021,0.9055431341444402,0.0,0.84
full__polygarbor_p3__seed42,polygarbor_p3,full,42,complete,,runs/2026-09-12/full__polygarbor_p3__seed42,4000,2065,2800,29.74173668399453,105.87814805362827,0,0.649213,37.70772798452526,45.07630636799148,1511.723008,0.0,337.3,72.0,test_occlusion,500,0.53,0.44837743958132625,0.5285406974592891,0.4867380920692951,0.46192488929390807,0.434,2.299374478468001,0.9492338424477971,0.31534288028791746,0.7847933699184219,0.0,0.458
full__polygarbor_p3__seed42,polygarbor_p3,full,42,complete,,runs/2026-09-12/full__polygarbor_p3__seed42,4000,2065,2800,29.74173668399453,105.87814805362827,0,0.649213,37.70772798452526,45.07630636799148,1511.723008,0.0,337.3,72.0,test_rotation,500,0.53,0.46998275184081306,0.5324639918381756,0.47965915149329486,0.4627638172573978,0.82,1.2206573513385766,0.6071273112999697,0.1360020085534323,0.9337060558031258,0.3401984438031065,0.862
full__polygarbor_p3__seed43,polygarbor_p3,full,43,complete,,runs/2026-09-12/full__polygarbor_p3__seed43,4000,2061,2800,28.57052289810963,106.0883628489889,0,0.649264,30.00152052845806,30.4251488763839,1455.378432,0.0,329.59999999999997,82.0,train,4000,0.59975,0.5543297185273077,0.5962995726552753,0.5677662708196246,0.5419376666144515,0.883,1.0942761736194397,0.550099254207523,0.18774738065763033,0.962390587779283,0.4737959513936217,0.8695
full__polygarbor_p3__seed43,polygarbor_p3,full,43,complete,,runs/2026-09-12/full__polygarbor_p3__seed43,4000,2061,2800,28.57052289810963,106.0883628489889,0,0.649264,30.00152052845806,30.4251488763839,1455.378432,0.0,329.59999999999997,82.0,val_clean,500,0.594,0.5644309851218063,0.6232553584955745,0.5699615822359372,0.5410852993570672,0.872,1.1340729868114794,0.5701628542173641,0.19576272306498582,0.960890803214278,0.5031935008307585,0.854
full__polygarbor_p3__seed43,polygarbor_p3,full,43,complete,,runs/2026-09-12/full__polygarbor_p3__seed43,4000,2061,2800,28.57052289810963,106.0883628489889,0,0.649264,30.00152052845806,30.4251488763839,1455.378432,0.0,329.59999999999997,82.0,test_clean,500,0.566,0.5070611862736639,0.5665091744002688,0.5299084738336216,0.5032324231269344,0.878,1.1318109760538844,0.564810816811633,0.16164871882044451,0.9590676624450458,0.3921775661989724,0.88
full__polygarbor_p3__seed43,polygarbor_p3,full,43,complete,,runs/2026-09-12/full__polygarbor_p3__seed43,4000,2061,2800,28.57052289810963,106.0883628489889,0,0.649264,30.00152052845806,30.4251488763839,1455.378432,0.0,329.59999999999997,82.0,test_blur,500,0.472,0.38636629741440476,0.475067752224541,0.4310590555755213,0.39434538830719534,0.658,1.4238153852177144,0.6747253948655562,0.07337365035655637,0.8928154230020076,0.0,0.928
full__polygarbor_p3__seed43,polygarbor_p3,full,43,complete,,runs/2026-09-12/full__polygarbor_p3__seed43,4000,2061,2800,28.57052289810963,106.0883628489889,0,0.649264,30.00152052845806,30.4251488763839,1455.378432,0.0,329.59999999999997,82.0,test_noise,500,0.448,0.3509105148036299,0.4452245437547124,0.4111990760569315,0.36690858710512075,0.71,1.4696216897121364,0.7034259908442259,0.12534595839030585,0.9348658005995081,0.0,0.896
full__polygarbor_p3__seed43,polygarbor_p3,full,43,complete,,runs/2026-09-12/full__polygarbor_p3__seed43,4000,2061,2800,28.57052289810963,106.0883628489889,0,0.649264,30.00152052845806,30.4251488763839,1455.378432,0.0,329.59999999999997,82.0,test_brightness,500,0.44,0.34825348967245834,0.4367964191166259,0.3905890268847895,0.3579925343703282,0.73,1.5024673217735582,0.7277506079917083,0.19654624856211425,0.8859216634284284,0.0,0.86
full__polygarbor_p3__seed43,polygarbor_p3,full,43,complete,,runs/2026-09-12/full__polygarbor_p3__seed43,4000,2061,2800,28.57052289810963,106.0883628489889,0,0.649264,30.00152052845806,30.4251488763839,1455.378432,0.0,329.59999999999997,82.0,test_color,500,0.354,0.25663073545756043,0.3389639264659282,0.30028030987023974,0.25516312619335324,0.7,1.5927374363571802,0.736208758573816,0.026858107199641445,0.9254024641058937,0.0,0.93
full__polygarbor_p3__seed43,polygarbor_p3,full,43,complete,,runs/2026-09-12/full__polygarbor_p3__seed43,4000,2061,2800,28.57052289810963,106.0883628489889,0,0.649264,30.00152052845806,30.4251488763839,1455.378432,0.0,329.59999999999997,82.0,test_jpeg,500,0.506,0.4093388678644578,0.504265068096204,0.4667815093511068,0.43423885656695216,0.866,1.1539367128932194,0.5773047889087352,0.1354551659313234,0.9566687398231826,0.0,0.89
full__polygarbor_p3__seed43,polygarbor_p3,full,43,complete,,runs/2026-09-12/full__polygarbor_p3__seed43,4000,2061,2800,28.57052289810963,106.0883628489889,0,0.649264,30.00152052845806,30.4251488763839,1455.378432,0.0,329.59999999999997,82.0,test_resolution,500,0.462,0.3758511074481449,0.46582170305860593,0.41359280781099567,0.3835902089377129,0.65,1.4170147546366625,0.6747781702283392,0.08870781691793264,0.8902384763469195,0.0,0.932
full__polygarbor_p3__seed43,polygarbor_p3,full,43,complete,,runs/2026-09-12/full__polygarbor_p3__seed43,4000,2061,2800,28.57052289810963,106.0883628489889,0,0.649264,30.00152052845806,30.4251488763839,1455.378432,0.0,329.59999999999997,82.0,test_occlusion,500,0.438,0.33540466964485904,0.43518545349174154,0.39895088811386453,0.3553922243326819,0.494,2.1120406357897434,0.8758166239740536,0.2110362359404738,0.7853899483353113,0.0,0.546
full__polygarbor_p3__seed43,polygarbor_p3,full,43,complete,,runs/2026-09-12/full__polygarbor_p3__seed43,4000,2061,2800,28.57052289810963,106.0883628489889,0,0.649264,30.00152052845806,30.4251488763839,1455.378432,0.0,329.59999999999997,82.0,test_rotation,500,0.494,0.4260631034583927,0.4944073772115509,0.4520026554405429,0.42052487162220964,0.83,1.194722408811881,0.5950129121404846,0.10744539359135565,0.9404464292992917,0.2964104482336302,0.886
full__polygarbor_p3_aug__seed42,polygarbor_p3_aug,full,42,complete,,runs/2026-09-12/full__polygarbor_p3_aug__seed42,4000,2040,2800,106.45925750990864,101.73845143520666,0,0.648779,33.46848051296547,51.30010355496778,1358.032896,0.0,376.3,62.0,train,4000,0.576,0.5350985738002036,0.5724101688843407,0.5442892516390799,0.5147152722051025,0.865,1.162300408154564,0.5849788524432576,0.18516224881102686,0.95246445781373,0.45250873271028963,0.85525
full__polygarbor_p3_aug__seed42,polygarbor_p3_aug,full,42,complete,,runs/2026-09-12/full__polygarbor_p3_aug__seed42,4000,2040,2800,106.45925750990864,101.73845143520666,0,0.648779,33.46848051296547,51.30010355496778,1358.032896,0.0,376.3,62.0,val_clean,500,0.548,0.519325015943505,0.5808783025685502,0.5199653320706463,0.48976596964784813,0.872,1.1878880706392434,0.602425886574561,0.16936803284120086,0.9512893321165613,0.45622168975046096,0.858
full__polygarbor_p3_aug__seed42,polygarbor_p3_aug,full,42,complete,,runs/2026-09-12/full__polygarbor_p3_aug__seed42,4000,2040,2800,106.45925750990864,101.73845143520666,0,0.648779,33.46848051296547,51.30010355496778,1358.032896,0.0,376.3,62.0,test_clean,500,0.562,0.5089587665923312,0.5618646207868889,0.5296940294689539,0.497982761782505,0.854,1.1897088545185883,0.596754579948461,0.17673603138952018,0.9485220934237468,0.37797791006793413,0.866
full__polygarbor_p3_aug__seed42,polygarbor_p3_aug,full,42,complete,,runs/2026-09-12/full__polygarbor_p3_aug__seed42,4000,2040,2800,106.45925750990864,101.73845143520666,0,0.648779,33.46848051296547,51.30010355496778,1358.032896,0.0,376.3,62.0,test_blur,500,0.498,0.4234998045991576,0.5028083211044423,0.465805583088982,0.42407151609157945,0.666,1.414620969336942,0.6742640501132112,0.13496955108794836,0.9037012740766865,0.0,0.896
full__polygarbor_p3_aug__seed42,polygarbor_p3_aug,full,42,complete,,runs/2026-09-12/full__polygarbor_p3_aug__seed42,4000,2040,2800,106.45925750990864,101.73845143520666,0,0.648779,33.46848051296547,51.30010355496778,1358.032896,0.0,376.3,62.0,test_noise,500,0.408,0.29958966384197017,0.40068795213185093,0.3643248772731032,0.3200341820654422,0.692,1.5176206354290183,0.7369610837468358,0.10034323985854222,0.9129255868039552,0.0,0.934
full__polygarbor_p3_aug__seed42,polygarbor_p3_aug,full,42,complete,,runs/2026-09-12/full__polygarbor_p3_aug__seed42,4000,2040,2800,106.45925750990864,101.73845143520666,0,0.648779,33.46848051296547,51.30010355496778,1358.032896,0.0,376.3,62.0,test_brightness,500,0.54,0.4819264252716784,0.5398509512178993,0.5078477937656924,0.4718617104332571,0.73,1.3654532143145182,0.6548499854328347,0.17843347987665992,0.8891750147460574,0.0,0.838
full__polygarbor_p3_aug__seed42,polygarbor_p3_aug,full,42,complete,,runs/2026-09-12/full__polygarbor_p3_aug__seed42,4000,2040,2800,106.45925750990864,101.73845143520666,0,0.648779,33.46848051296547,51.30010355496778,1358.032896,0.0,376.3,62.0,test_color,500,0.372,0.27791602536242915,0.35761294082061135,0.31252597236713925,0.27750652314970337,0.652,1.511545272364599,0.7512060516477601,0.15251440409453496,0.9045655282698648,0.0,0.946
full__polygarbor_p3_aug__seed42,polygarbor_p3_aug,full,42,complete,,runs/2026-09-12/full__polygarbor_p3_aug__seed42,4000,2040,2800,106.45925750990864,101.73845143520666,0,0.648779,33.46848051296547,51.30010355496778,1358.032896,0.0,376.3,62.0,test_jpeg,500,0.492,0.3860504615143082,0.4886841689841145,0.45289404173992015,0.4176796137427612,0.838,1.2050550115279635,0.6050494522686288,0.1517172898338822,0.9469434535468425,0.0,0.908
full__polygarbor_p3_aug__seed42,polygarbor_p3_aug,full,42,complete,,runs/2026-09-12/full__polygarbor_p3_aug__seed42,4000,2040,2800,106.45925750990864,101.73845143520666,0,0.648779,33.46848051296547,51.30010355496778,1358.032896,0.0,376.3,62.0,test_resolution,500,0.498,0.4174874687965192,0.5038309715439284,0.4638798198032667,0.42437793830982684,0.652,1.4065818419409495,0.6708494707217326,0.12820818048278448,0.9031345518200106,0.0,0.928
full__polygarbor_p3_aug__seed42,polygarbor_p3_aug,full,42,complete,,runs/2026-09-12/full__polygarbor_p3_aug__seed42,4000,2040,2800,106.45925750990864,101.73845143520666,0,0.648779,33.46848051296547,51.30010355496778,1358.032896,0.0,376.3,62.0,test_occlusion,500,0.426,0.32131145403203376,0.4209615167906243,0.38487031976261704,0.3411084071812296,0.442,2.170027367027551,0.9063857275982004,0.2141031347680827,0.7907861276202531,0.0,0.454
full__polygarbor_p3_aug__seed42,polygarbor_p3_aug,full,42,complete,,runs/2026-09-12/full__polygarbor_p3_aug__seed42,4000,2040,2800,106.45925750990864,101.73845143520666,0,0.648779,33.46848051296547,51.30010355496778,1358.032896,0.0,376.3,62.0,test_rotation,500,0.516,0.46368565515377136,0.5166614176354352,0.47758854291193487,0.44543492110051386,0.82,1.2288508606798385,0.6127560481046007,0.13316043403272182,0.934582091163531,0.3150916652494951,0.878
full__polygarbor_p3_aug__seed43,polygarbor_p3_aug,full,43,complete,,runs/2026-09-12/full__polygarbor_p3_aug__seed43,4000,2021,2800,90.71109505195636,101.6744423018746,0,0.649106,30.01613699598238,32.70252937218174,1338.601472,0.0,308.55,37.0,train,4000,0.6965,0.685746618867598,0.6937752677362328,0.6650645033906168,0.6528189372112753,0.88425,1.1436018279093467,0.5788745167694099,0.3291481251651145,0.9484877747049709,0.6509988576659604,0.8185
full__polygarbor_p3_aug__seed43,polygarbor_p3_aug,full,43,complete,,runs/2026-09-12/full__polygarbor_p3_aug__seed43,4000,2021,2800,90.71109505195636,101.6744423018746,0,0.649106,30.01613699598238,32.70252937218174,1338.601472,0.0,308.55,37.0,val_clean,500,0.688,0.6785312953166732,0.7060225633952002,0.6576067589306944,0.6453803977195232,0.886,1.1653779411533827,0.5925023162029345,0.3305182869638154,0.9496278412261614,0.6527627919062868,0.828
full__polygarbor_p3_aug__seed43,polygarbor_p3_aug,full,43,complete,,runs/2026-09-12/full__polygarbor_p3_aug__seed43,4000,2021,2800,90.71109505195636,101.6744423018746,0,0.649106,30.01613699598238,32.70252937218174,1338.601472,0.0,308.55,37.0,test_clean,500,0.646,0.6353919074107965,0.6523061707011082,0.6099609297793004,0.5950990977801365,0.876,1.1780960444697344,0.5919167311927943,0.283606400691439,0.9430981907513925,0.5827471600732389,0.832
full__polygarbor_p3_aug__seed43,polygarbor_p3_aug,full,43,complete,,runs/2026-09-12/full__polygarbor_p3_aug__seed43,4000,2021,2800,90.71109505195636,101.6744423018746,0,0.649106,30.01613699598238,32.70252937218174,1338.601472,0.0,308.55,37.0,test_blur,500,0.544,0.4851046062697669,0.551786396696989,0.49819096961243403,0.47809127908839955,0.676,1.3423519574998106,0.6521665168707267,0.14363430649424896,0.905348315537188,0.0,0.854
full__polygarbor_p3_aug__seed43,polygarbor_p3_aug,full,43,complete,,runs/2026-09-12/full__polygarbor_p3_aug__seed43,4000,2021,2800,90.71109505195636,101.6744423018746,0,0.649106,30.01613699598238,32.70252937218174,1338.601472,0.0,308.55,37.0,test_noise,500,0.49,0.4228829422002456,0.4901912433807213,0.4477167844016516,0.4159306629530546,0.706,1.39227900367148,0.7053367666849445,0.17746415485076217,0.9096789507929579,0.0,0.878
full__polygarbor_p3_aug__seed43,polygarbor_p3_aug,full,43,complete,,runs/2026-09-12/full__polygarbor_p3_aug__seed43,4000,2021,2800,90.71109505195636,101.6744423018746,0,0.649106,30.01613699598238,32.70252937218174,1338.601472,0.0,308.55,37.0,test_brightness,500,0.556,0.530666115233425,0.5562269878651499,0.5153038922759121,0.49114080729823284,0.748,1.3372064019149843,0.6518227233805179,0.20801550080655784,0.8955600519854252,0.4068806077276834,0.794
full__polygarbor_p3_aug__seed43,polygarbor_p3_aug,full,43,complete,,runs/2026-09-12/full__polygarbor_p3_aug__seed43,4000,2021,2800,90.71109505195636,101.6744423018746,0,0.649106,30.01613699598238,32.70252937218174,1338.601472,0.0,308.55,37.0,test_color,500,0.422,0.3406966469096948,0.4147092291241965,0.36576313807521743,0.3366295271017826,0.71,1.3896565719935798,0.7109066740955694,0.14463098032227958,0.9038945273555716,0.0,0.834
full__polygarbor_p3_aug__seed43,polygarbor_p3_aug,full,43,complete,,runs/2026-09-12/full__polygarbor_p3_aug__seed43,4000,2021,2800,90.71109505195636,101.6744423018746,0,0.649106,30.01613699598238,32.70252937218174,1338.601472,0.0,308.55,37.0,test_jpeg,500,0.606,0.5845698915580098,0.61158805824362,0.5682323916160793,0.5492547831618061,0.86,1.1887738007560267,0.5972375999122174,0.24588436836960853,0.9422619406716086,0.5019282046922545,0.818
full__polygarbor_p3_aug__seed43,polygarbor_p3_aug,full,43,complete,,runs/2026-09-12/full__polygarbor_p3_aug__seed43,4000,2021,2800,90.71109505195636,101.6744423018746,0,0.649106,30.01613699598238,32.70252937218174,1338.601472,0.0,308.55,37.0,test_resolution,500,0.532,0.46978187143195604,0.5399729029136372,0.4874149808007401,0.46426118412015205,0.668,1.3273016223595837,0.6479851352075954,0.1495618773005075,0.9044725715282316,0.0,0.87
full__polygarbor_p3_aug__seed43,polygarbor_p3_aug,full,43,complete,,runs/2026-09-12/full__polygarbor_p3_aug__seed43,4000,2021,2800,90.71109505195636,101.6744423018746,0,0.649106,30.01613699598238,32.70252937218174,1338.601472,0.0,308.55,37.0,test_occlusion,500,0.458,0.3785526056523232,0.45848244470201877,0.4153415804765123,0.37930592201700375,0.478,1.9766515118630779,0.8271439248165557,0.2789515308277799,0.8105493562999082,0.0,0.376
full__polygarbor_p3_aug__seed43,polygarbor_p3_aug,full,43,complete,,runs/2026-09-12/full__polygarbor_p3_aug__seed43,4000,2021,2800,90.71109505195636,101.6744423018746,0,0.649106,30.01613699598238,32.70252937218174,1338.601472,0.0,308.55,37.0,test_rotation,500,0.594,0.5758768122698984,0.6011471554566504,0.5561346341708594,0.5354946181445412,0.854,1.2158206408885517,0.6104793980846782,0.23821856685573334,0.9290671823011782,0.49503614441799537,0.818
full__polygarbor_p5__seed42,polygarbor_p5,full,42,complete,,runs/2026-09-12/full__polygarbor_p5__seed42,4000,2048,2800,40.17375782690942,105.86512763690806,0,0.647763,45.43516400735825,64.92872902308588,1519.37024,0.0,381.0,46.0,train,4000,0.53325,0.45414861240816806,0.529145475779283,0.4981057434104137,0.4656803742641389,0.77975,1.2950079391938427,0.6464231794821954,0.18740595673318441,0.927811906538228,0.2379798985637125,0.8185
full__polygarbor_p5__seed42,polygarbor_p5,full,42,complete,,runs/2026-09-12/full__polygarbor_p5__seed42,4000,2048,2800,40.17375782690942,105.86512763690806,0,0.647763,45.43516400735825,64.92872902308588,1519.37024,0.0,381.0,46.0,val_clean,500,0.522,0.46217992004339997,0.5549008375115986,0.49520640545286543,0.4609395440315407,0.774,1.3560011003662755,0.6722838552491751,0.18839786880621875,0.922112063260693,0.27870888514421194,0.814
full__polygarbor_p5__seed42,polygarbor_p5,full,42,complete,,runs/2026-09-12/full__polygarbor_p5__seed42,4000,2048,2800,40.17375782690942,105.86512763690806,0,0.647763,45.43516400735825,64.92872902308588,1519.37024,0.0,381.0,46.0,test_clean,500,0.496,0.4090245831067274,0.496205439826311,0.45394120891105355,0.4228337944555398,0.766,1.3149113031812087,0.6481621688497239,0.14923684598843948,0.9278797375161489,0.0,0.844
full__polygarbor_p5__seed42,polygarbor_p5,full,42,complete,,runs/2026-09-12/full__polygarbor_p5__seed42,4000,2048,2800,40.17375782690942,105.86512763690806,0,0.647763,45.43516400735825,64.92872902308588,1519.37024,0.0,381.0,46.0,test_blur,500,0.488,0.40763282733529316,0.4913008818372469,0.45719700577393657,0.4122320030490465,0.648,1.4576232655367338,0.7072209507379623,0.10345682505883359,0.8915163807717126,0.0,0.856
full__polygarbor_p5__seed42,polygarbor_p5,full,42,complete,,runs/2026-09-12/full__polygarbor_p5__seed42,4000,2048,2800,40.17375782690942,105.86512763690806,0,0.647763,45.43516400735825,64.92872902308588,1519.37024,0.0,381.0,46.0,test_noise,500,0.408,0.32059404334611963,0.40436542886967247,0.36284453551639784,0.3206552922329785,0.622,1.5395055558818003,0.7395188363627284,0.155983345063132,0.9011101993326014,0.0,0.894
full__polygarbor_p5__seed42,polygarbor_p5,full,42,complete,,runs/2026-09-12/full__polygarbor_p5__seed42,4000,2048,2800,40.17375782690942,105.86512763690806,0,0.647763,45.43516400735825,64.92872902308588,1519.37024,0.0,381.0,46.0,test_brightness,500,0.474,0.36174816869015874,0.46858793483082034,0.43172732236852684,0.3966284607831442,0.708,1.4912114882722363,0.7010718590077497,0.1099460970592327,0.8821734972238364,0.0,0.862
full__polygarbor_p5__seed42,polygarbor_p5,full,42,complete,,runs/2026-09-12/full__polygarbor_p5__seed42,4000,2048,2800,40.17375782690942,105.86512763690806,0,0.647763,45.43516400735825,64.92872902308588,1519.37024,0.0,381.0,46.0,test_color,500,0.358,0.26236114438166097,0.3440126050420168,0.30931625273235824,0.2592353277825983,0.61,1.623907868712727,0.7643503746996264,0.04901411698590569,0.9099232682661585,0.0,0.93
full__polygarbor_p5__seed42,polygarbor_p5,full,42,complete,,runs/2026-09-12/full__polygarbor_p5__seed42,4000,2048,2800,40.17375782690942,105.86512763690806,0,0.647763,45.43516400735825,64.92872902308588,1519.37024,0.0,381.0,46.0,test_jpeg,500,0.524,0.45519128410789145,0.5250765338512968,0.4855338992027458,0.4547012541871154,0.768,1.321252457588433,0.6515129146110636,0.178679718445686,0.9263551048833005,0.0,0.832
full__polygarbor_p5__seed42,polygarbor_p5,full,42,complete,,runs/2026-09-12/full__polygarbor_p5__seed42,4000,2048,2800,40.17375782690942,105.86512763690806,0,0.647763,45.43516400735825,64.92872902308588,1519.37024,0.0,381.0,46.0,test_resolution,500,0.494,0.4108033329905122,0.49804680785230515,0.4594575847576426,0.41948244450665184,0.646,1.439595410881519,0.7002450212347228,0.12147446070964603,0.8913891835914272,0.0,0.878
full__polygarbor_p5__seed42,polygarbor_p5,full,42,complete,,runs/2026-09-12/full__polygarbor_p5__seed42,4000,2048,2800,40.17375782690942,105.86512763690806,0,0.647763,45.43516400735825,64.92872902308588,1519.37024,0.0,381.0,46.0,test_occlusion,500,0.474,0.37780568289294136,0.47143859026552426,0.4320017337638768,0.39707385959844665,0.584,1.8622156482126122,0.7725169156621294,0.20932555571091596,0.8340392169583999,0.0,0.756
full__polygarbor_p5__seed42,polygarbor_p5,full,42,complete,,runs/2026-09-12/full__polygarbor_p5__seed42,4000,2048,2800,40.17375782690942,105.86512763690806,0,0.647763,45.43516400735825,64.92872902308588,1519.37024,0.0,381.0,46.0,test_rotation,500,0.48,0.3952761171471062,0.48040285442433417,0.4366653138617597,0.4043391601182158,0.73,1.3470837062360252,0.6635046919215642,0.1485045267968338,0.9164267041500513,0.0,0.85
full__polygarbor_p5__seed43,polygarbor_p5,full,43,complete,,runs/2026-09-12/full__polygarbor_p5__seed43,4000,2047,2800,33.13196682895068,105.00433065024238,0,0.647886,37.320212461054325,39.76985081098974,1598.799872,0.0,354.40000000000003,0.0,train,4000,0.548,0.46433456483060653,0.5440379959685246,0.5090669547645534,0.4826642818100484,0.82425,1.2608007079804011,0.6291444008681487,0.19954495224811375,0.9358034377575664,0.22251708617988863,0.8035
full__polygarbor_p5__seed43,polygarbor_p5,full,43,complete,,runs/2026-09-12/full__polygarbor_p5__seed43,4000,2047,2800,33.13196682895068,105.00433065024238,0,0.647886,37.320212461054325,39.76985081098974,1598.799872,0.0,354.40000000000003,0.0,val_clean,500,0.534,0.46256313942613086,0.5662113241168264,0.5011333799326328,0.47306765087678826,0.808,1.303722403802186,0.6496150301477049,0.19283150909915003,0.9312812224577212,0.0,0.798
full__polygarbor_p5__seed43,polygarbor_p5,full,43,complete,,runs/2026-09-12/full__polygarbor_p5__seed43,4000,2047,2800,33.13196682895068,105.00433065024238,0,0.647886,37.320212461054325,39.76985081098974,1598.799872,0.0,354.40000000000003,0.0,test_clean,500,0.538,0.44485347104754014,0.5391553701393674,0.4987772967652431,0.4715240696764629,0.804,1.2854602564282513,0.6350042502028962,0.1930479541129669,0.9330016465315814,0.0,0.822
full__polygarbor_p5__seed43,polygarbor_p5,full,43,complete,,runs/2026-09-12/full__polygarbor_p5__seed43,4000,2047,2800,33.13196682895068,105.00433065024238,0,0.647886,37.320212461054325,39.76985081098974,1598.799872,0.0,354.40000000000003,0.0,test_blur,500,0.438,0.34687826509358244,0.4378802529194027,0.3852625816389377,0.35569374128696163,0.718,1.3903703270029777,0.6822024081387759,0.08209218264413942,0.9029310315938581,0.0,0.858
full__polygarbor_p5__seed43,polygarbor_p5,full,43,complete,,runs/2026-09-12/full__polygarbor_p5__seed43,4000,2047,2800,33.13196682895068,105.00433065024238,0,0.647886,37.320212461054325,39.76985081098974,1598.799872,0.0,354.40000000000003,0.0,test_noise,500,0.44,0.35403882741700726,0.4383426132098332,0.3972770592811034,0.3579866461222394,0.66,1.547198657840782,0.7394014793668823,0.1725198716592598,0.9055502831271542,0.0,0.846
full__polygarbor_p5__seed43,polygarbor_p5,full,43,complete,,runs/2026-09-12/full__polygarbor_p5__seed43,4000,2047,2800,33.13196682895068,105.00433065024238,0,0.647886,37.320212461054325,39.76985081098974,1598.799872,0.0,354.40000000000003,0.0,test_brightness,500,0.478,0.3698871141358787,0.47384592239709405,0.43570423588492807,0.4016506189821183,0.76,1.4913304005589618,0.6998869847773528,0.20830742003340677,0.8976604510120483,0.0,0.838
full__polygarbor_p5__seed43,polygarbor_p5,full,43,complete,,runs/2026-09-12/full__polygarbor_p5__seed43,4000,2047,2800,33.13196682895068,105.00433065024238,0,0.647886,37.320212461054325,39.76985081098974,1598.799872,0.0,354.40000000000003,0.0,test_color,500,0.366,0.2658363643626611,0.35102345535915513,0.32131082615755324,0.26842889913549983,0.702,1.5892761978078533,0.7703605260150134,0.24472061828216862,0.9011531811582623,0.0,0.864
full__polygarbor_p5__seed43,polygarbor_p5,full,43,complete,,runs/2026-09-12/full__polygarbor_p5__seed43,4000,2047,2800,33.13196682895068,105.00433065024238,0,0.647886,37.320212461054325,39.76985081098974,1598.799872,0.0,354.40000000000003,0.0,test_jpeg,500,0.524,0.4260201525814849,0.5244376945322649,0.48394678097604954,0.4553601259536919,0.814,1.2940988106097966,0.6399630161406574,0.1814198189942229,0.9327254431219567,0.0,0.832
full__polygarbor_p5__seed43,polygarbor_p5,full,43,complete,,runs/2026-09-12/full__polygarbor_p5__seed43,4000,2047,2800,33.13196682895068,105.00433065024238,0,0.647886,37.320212461054325,39.76985081098974,1598.799872,0.0,354.40000000000003,0.0,test_resolution,500,0.434,0.34354724097356537,0.4351404708930337,0.37902763239034987,0.35144401105524425,0.718,1.3755134890029488,0.6793609409675793,0.10066196947649425,0.9015012305827352,0.0,0.876
full__polygarbor_p5__seed43,polygarbor_p5,full,43,complete,,runs/2026-09-12/full__polygarbor_p5__seed43,4000,2047,2800,33.13196682895068,105.00433065024238,0,0.647886,37.320212461054325,39.76985081098974,1598.799872,0.0,354.40000000000003,0.0,test_occlusion,500,0.482,0.3834915777515522,0.480660126033601,0.44038117589826664,0.406543148208402,0.538,1.7579935389877064,0.7649450887263495,0.1651890128591547,0.8510723176134951,0.0,0.722
full__polygarbor_p5__seed43,polygarbor_p5,full,43,complete,,runs/2026-09-12/full__polygarbor_p5__seed43,4000,2047,2800,33.13196682895068,105.00433065024238,0,0.647886,37.320212461054325,39.76985081098974,1598.799872,0.0,354.40000000000003,0.0,test_rotation,500,0.502,0.4150321431211731,0.5035064841481893,0.4553454473188372,0.4302737431701491,0.78,1.3245208878159083,0.6531603420680487,0.16360596308834724,0.9204625185464776,0.0,0.826
full__resnet18__seed42,resnet18,full,42,complete,,runs/2026-09-12/full__resnet18__seed42,4000,4000,4000,145.91288487811107,60.41275934859109,26,45.008671,3.29955096822232,4.3003666622098535,3831.107584,2975.858688,59.2965811965812,87.42450142450143,train,4000,0.92675,0.9255509601616658,0.9263923194152253,0.9168621411876756,0.9162855946937067,0.99,0.20536207515749508,0.10913997281017143,0.008347373170744361,0.9959015611421338,0.9228386716897613,1.0
full__resnet18__seed42,resnet18,full,42,complete,,runs/2026-09-12/full__resnet18__seed42,4000,4000,4000,145.91288487811107,60.41275934859109,26,45.008671,3.29955096822232,4.3003666622098535,3831.107584,2975.858688,59.2965811965812,87.42450142450143,val_clean,500,0.92,0.9217648660827009,0.9238580191256736,0.909219701730803,0.9084244891231187,0.988,0.2431056269028276,0.12544092693783748,0.02206812644760205,0.9935520850457684,0.9207345065227812,1.0
full__resnet18__seed42,resnet18,full,42,complete,,runs/2026-09-12/full__resnet18__seed42,4000,4000,4000,145.91288487811107,60.41275934859109,26,45.008671,3.29955096822232,4.3003666622098535,3831.107584,2975.858688,59.2965811965812,87.42450142450143,test_clean,500,0.906,0.9052183436240924,0.9062096158586955,0.8929067115156252,0.8924568797850968,0.972,0.27781778549044417,0.13836417263100032,0.017865876589017726,0.9920853765487601,0.8976439302040289,1.0
full__resnet18__seed42,resnet18,full,42,complete,,runs/2026-09-12/full__resnet18__seed42,4000,4000,4000,145.91288487811107,60.41275934859109,26,45.008671,3.29955096822232,4.3003666622098535,3831.107584,2975.858688,59.2965811965812,87.42450142450143,test_blur,500,0.76,0.7604397180953391,0.771323544586998,0.7360789613662713,0.7261849346951069,0.946,0.6444589591770395,0.33684373892663005,0.11432724913335723,0.9809272388813206,0.730108223647374,1.0
full__resnet18__seed42,resnet18,full,42,complete,,runs/2026-09-12/full__resnet18__seed42,4000,4000,4000,145.91288487811107,60.41275934859109,26,45.008671,3.29955096822232,4.3003666622098535,3831.107584,2975.858688,59.2965811965812,87.42450142450143,test_noise,500,0.894,0.8908638582357886,0.892934207908588,0.880263701534517,0.8786685591319079,0.97,0.32702254385793866,0.1621907515865679,0.02305485993603637,0.9902064865572737,0.8764636601848448,1.0
full__resnet18__seed42,resnet18,full,42,complete,,runs/2026-09-12/full__resnet18__seed42,4000,4000,4000,145.91288487811107,60.41275934859109,26,45.008671,3.29955096822232,4.3003666622098535,3831.107584,2975.858688,59.2965811965812,87.42450142450143,test_brightness,500,0.746,0.7367178727855985,0.7467774091018065,0.72168162692008,0.7091918280613857,0.888,1.0733670503692951,0.4179594685292642,0.13100516409687057,0.9651975647594135,0.6797490751597839,1.0
full__resnet18__seed42,resnet18,full,42,complete,,runs/2026-09-12/full__resnet18__seed42,4000,4000,4000,145.91288487811107,60.41275934859109,26,45.008671,3.29955096822232,4.3003666622098535,3831.107584,2975.858688,59.2965811965812,87.42450142450143,test_color,500,0.358,0.2692934989963009,0.34616387599816045,0.2898502719491766,0.2603277600604642,0.462,7.095532088251039,1.1060295234690563,0.4868594564825566,0.7381821779260326,0.0,1.0
full__resnet18__seed42,resnet18,full,42,complete,,runs/2026-09-12/full__resnet18__seed42,4000,4000,4000,145.91288487811107,60.41275934859109,26,45.008671,3.29955096822232,4.3003666622098535,3831.107584,2975.858688,59.2965811965812,87.42450142450143,test_jpeg,500,0.84,0.8403697107166419,0.8391335153893432,0.8203041189579939,0.8167424131359038,0.956,0.42819292510834633,0.22752400101080228,0.043570524785249955,0.9887820933504016,0.8225450994732811,1.0
full__resnet18__seed42,resnet18,full,42,complete,,runs/2026-09-12/full__resnet18__seed42,4000,4000,4000,145.91288487811107,60.41275934859109,26,45.008671,3.29955096822232,4.3003666622098535,3831.107584,2975.858688,59.2965811965812,87.42450142450143,test_resolution,500,0.66,0.6403010105199036,0.6744420046146873,0.630792821686229,0.6121236458551989,0.902,1.1192145790946622,0.5184989389330592,0.21227880480312217,0.9690159122013062,0.5694289714945996,1.0
full__resnet18__seed42,resnet18,full,42,complete,,runs/2026-09-12/full__resnet18__seed42,4000,4000,4000,145.91288487811107,60.41275934859109,26,45.008671,3.29955096822232,4.3003666622098535,3831.107584,2975.858688,59.2965811965812,87.42450142450143,test_occlusion,500,0.892,0.891947168216289,0.8928769264610974,0.8768148188674592,0.8764737369439602,0.968,0.3152486938749256,0.15738822357226742,0.023666680210835345,0.9902821093675996,0.8850669868579906,1.0
full__resnet18__seed42,resnet18,full,42,complete,,runs/2026-09-12/full__resnet18__seed42,4000,4000,4000,145.91288487811107,60.41275934859109,26,45.008671,3.29955096822232,4.3003666622098535,3831.107584,2975.858688,59.2965811965812,87.42450142450143,test_rotation,500,0.89,0.8879021174545176,0.8901514896439022,0.8748507014623071,0.8741413004178509,0.976,0.30840545336787734,0.15494789023021827,0.020656662090704034,0.9907116229464475,0.8785325740547743,1.0
full__resnet18__seed43,resnet18,full,43,complete,,runs/2026-09-12/full__resnet18__seed43,4000,4000,4000,201.796200879151,60.29350377753845,40,45.008671,3.2373489812016487,4.538703890284523,3859.419136,2975.858688,59.36472986748216,87.25993883792049,train,4000,0.96875,0.9685966943131236,0.9686823168778415,0.964434447142104,0.9642856403059692,0.99775,0.08967960414042081,0.04716653522922368,0.009173423974950502,0.9992350735034359,0.968151673194523,1.0
full__resnet18__seed43,resnet18,full,43,complete,,runs/2026-09-12/full__resnet18__seed43,4000,4000,4000,201.796200879151,60.29350377753845,40,45.008671,3.2373489812016487,4.538703890284523,3859.419136,2975.858688,59.36472986748216,87.25993883792049,val_clean,500,0.932,0.9342104539318616,0.9331490792139423,0.9226024763885681,0.9221205207846587,0.986,0.22809135692133042,0.11410928338500989,0.02548660844264016,0.9937336363155274,0.9323113756717601,1.0
full__resnet18__seed43,resnet18,full,43,complete,,runs/2026-09-12/full__resnet18__seed43,4000,4000,4000,201.796200879151,60.29350377753845,40,45.008671,3.2373489812016487,4.538703890284523,3859.419136,2975.858688,59.36472986748216,87.25993883792049,test_clean,500,0.91,0.9103160993038801,0.9099395811780402,0.8977480917973878,0.8970242290547282,0.98,0.2792793682563039,0.1384499660090638,0.03596272825400398,0.9930018209090608,0.9035879293806349,1.0
full__resnet18__seed43,resnet18,full,43,complete,,runs/2026-09-12/full__resnet18__seed43,4000,4000,4000,201.796200879151,60.29350377753845,40,45.008671,3.2373489812016487,4.538703890284523,3859.419136,2975.858688,59.36472986748216,87.25993883792049,test_blur,500,0.75,0.7471779086558941,0.7560059898138913,0.7210537421555608,0.7141249708407471,0.912,0.8574417430435797,0.3683579100932032,0.13464925882483889,0.9749921000812105,0.7165971667365871,1.0
full__resnet18__seed43,resnet18,full,43,complete,,runs/2026-09-12/full__resnet18__seed43,4000,4000,4000,201.796200879151,60.29350377753845,40,45.008671,3.2373489812016487,4.538703890284523,3859.419136,2975.858688,59.36472986748216,87.25993883792049,test_noise,500,0.908,0.9061522755013042,0.906689988323228,0.8960075517591802,0.8947050367616763,0.984,0.3012084768740229,0.150351957094736,0.03776283884099989,0.9923726241972333,0.8956670655752296,1.0
full__resnet18__seed43,resnet18,full,43,complete,,runs/2026-09-12/full__resnet18__seed43,4000,4000,4000,201.796200879151,60.29350377753845,40,45.008671,3.2373489812016487,4.538703890284523,3859.419136,2975.858688,59.36472986748216,87.25993883792049,test_brightness,500,0.766,0.7560507910968691,0.7650985729729043,0.7389623461027028,0.7320606596345949,0.928,0.766792406802698,0.34940093041239173,0.13959604591270935,0.9775670308786761,0.71730097658721,1.0
full__resnet18__seed43,resnet18,full,43,complete,,runs/2026-09-12/full__resnet18__seed43,4000,4000,4000,201.796200879151,60.29350377753845,40,45.008671,3.2373489812016487,4.538703890284523,3859.419136,2975.858688,59.36472986748216,87.25993883792049,test_color,500,0.344,0.2671312956859244,0.32801799824407374,0.263172766061889,0.24715387440323178,0.5,4.818163068505748,1.091710816096137,0.49912032464305445,0.8330481235229732,0.0,1.0
full__resnet18__seed43,resnet18,full,43,complete,,runs/2026-09-12/full__resnet18__seed43,4000,4000,4000,201.796200879151,60.29350377753845,40,45.008671,3.2373489812016487,4.538703890284523,3859.419136,2975.858688,59.36472986748216,87.25993883792049,test_jpeg,500,0.838,0.8375441222385513,0.8366419496259646,0.8205823344388862,0.814377706991773,0.95,0.5218096696732374,0.24371286043547738,0.08817776132772712,0.9874206938876808,0.8096867377969392,1.0
full__resnet18__seed43,resnet18,full,43,complete,,runs/2026-09-12/full__resnet18__seed43,4000,4000,4000,201.796200879151,60.29350377753845,40,45.008671,3.2373489812016487,4.538703890284523,3859.419136,2975.858688,59.36472986748216,87.25993883792049,test_resolution,500,0.67,0.6347258633950931,0.6788952892118114,0.6331352583385803,0.6228778307018586,0.854,1.392172399775789,0.5108651252929697,0.20730427960655945,0.9630326664422754,0.49478550774380214,1.0
full__resnet18__seed43,resnet18,full,43,complete,,runs/2026-09-12/full__resnet18__seed43,4000,4000,4000,201.796200879151,60.29350377753845,40,45.008671,3.2373489812016487,4.538703890284523,3859.419136,2975.858688,59.36472986748216,87.25993883792049,test_occlusion,500,0.886,0.8875034915930071,0.8865980430702598,0.8701793941440755,0.8695735742332299,0.98,0.3191951134343131,0.1651770010112411,0.057278241851386476,0.9914594187365828,0.8811241832760507,1.0
full__resnet18__seed43,resnet18,full,43,complete,,runs/2026-09-12/full__resnet18__seed43,4000,4000,4000,201.796200879151,60.29350377753845,40,45.008671,3.2373489812016487,4.538703890284523,3859.419136,2975.858688,59.36472986748216,87.25993883792049,test_rotation,500,0.912,0.9127879507330501,0.9118404944753677,0.8999149783262452,0.8993088928555083,0.982,0.3249631640415031,0.15535466231807663,0.04802087865323687,0.9906861562577793,0.9047059178407857,1.0
full__yolo11n__seed42,yolo11n,full,42,complete,,runs/2026-09-12/full__yolo11n__seed42,4000,4000,4000,307.72932735295035,349.68392816385335,28,3.204008,3.7735715159215033,5.717513215495273,3491.762176,799.014912,365.0533009034051,46.485059068797774,train,4000,0.97125,0.9710617866259634,0.9710410054690735,0.9671445271049729,0.9671419019110056,0.996,0.0939131611173318,0.046704739729569275,0.016641706695233696,0.9989199296528355,0.9707875317080444,1.0
full__yolo11n__seed42,yolo11n,full,42,complete,,runs/2026-09-12/full__yolo11n__seed42,4000,4000,4000,307.72932735295035,349.68392816385335,28,3.204008,3.7735715159215033,5.717513215495273,3491.762176,799.014912,365.0533009034051,46.485059068797774,val_clean,500,0.956,0.9562974329274927,0.9556463030768217,0.9496790436461527,0.9496007000920933,0.99,0.142474525800105,0.0682730323392285,0.022563275535499114,0.9978718104275326,0.9553269913215529,1.0
full__yolo11n__seed42,yolo11n,full,42,complete,,runs/2026-09-12/full__yolo11n__seed42,4000,4000,4000,307.72932735295035,349.68392816385335,28,3.204008,3.7735715159215033,5.717513215495273,3491.762176,799.014912,365.0533009034051,46.485059068797774,test_clean,500,0.962,0.9624340166603458,0.9634238832021609,0.9567269772920374,0.9565563350009604,0.99,0.15834416495341838,0.07322455875481632,0.02195711994271067,0.9976083171783148,0.9627325129875509,1.0
full__yolo11n__seed42,yolo11n,full,42,complete,,runs/2026-09-12/full__yolo11n__seed42,4000,4000,4000,307.72932735295035,349.68392816385335,28,3.204008,3.7735715159215033,5.717513215495273,3491.762176,799.014912,365.0533009034051,46.485059068797774,test_blur,500,0.684,0.6580791693624217,0.6923055455500826,0.6659025227089675,0.6384968791755898,0.826,1.471870414017451,0.5108116118177465,0.19893857987245944,0.9617234825420397,0.45811379731446533,1.0
full__yolo11n__seed42,yolo11n,full,42,complete,,runs/2026-09-12/full__yolo11n__seed42,4000,4000,4000,307.72932735295035,349.68392816385335,28,3.204008,3.7735715159215033,5.717513215495273,3491.762176,799.014912,365.0533009034051,46.485059068797774,test_noise,500,0.74,0.7388881346085286,0.7387132946937427,0.7139575582800894,0.702400029302151,0.908,0.6988335719260531,0.3669163948182923,0.08118236064201201,0.9750733831652715,0.705233941265373,1.0
full__yolo11n__seed42,yolo11n,full,42,complete,,runs/2026-09-12/full__yolo11n__seed42,4000,4000,4000,307.72932735295035,349.68392816385335,28,3.204008,3.7735715159215033,5.717513215495273,3491.762176,799.014912,365.0533009034051,46.485059068797774,test_brightness,500,0.924,0.9247573800947326,0.9267982959768408,0.9135907608846228,0.9131396805368882,0.984,0.2309349049741021,0.11264188504056948,0.03226240265541966,0.9943780956613832,0.9240392245494933,1.0
full__yolo11n__seed42,yolo11n,full,42,complete,,runs/2026-09-12/full__yolo11n__seed42,4000,4000,4000,307.72932735295035,349.68392816385335,28,3.204008,3.7735715159215033,5.717513215495273,3491.762176,799.014912,365.0533009034051,46.485059068797774,test_color,500,0.926,0.9267237033829735,0.9268366832889228,0.9155847375572355,0.9153500162436455,0.982,0.22666051168643694,0.11325796086513464,0.011644940579882202,0.9950664322750333,0.9233034043096061,1.0
full__yolo11n__seed42,yolo11n,full,42,complete,,runs/2026-09-12/full__yolo11n__seed42,4000,4000,4000,307.72932735295035,349.68392816385335,28,3.204008,3.7735715159215033,5.717513215495273,3491.762176,799.014912,365.0533009034051,46.485059068797774,test_jpeg,500,0.888,0.8900516985615519,0.8926701414171165,0.8742828972390665,0.8719701507551475,0.966,0.3003958760662342,0.15595225604653637,0.0335570903423017,0.995019433599825,0.8843203313188184,1.0
full__yolo11n__seed42,yolo11n,full,42,complete,,runs/2026-09-12/full__yolo11n__seed42,4000,4000,4000,307.72932735295035,349.68392816385335,28,3.204008,3.7735715159215033,5.717513215495273,3491.762176,799.014912,365.0533009034051,46.485059068797774,test_resolution,500,0.64,0.6012672217528332,0.6505236523881264,0.607829505290394,0.5890148228653886,0.782,1.4955544953473394,0.5396240630691839,0.18805776507294092,0.9631452717613316,0.4999882332330977,1.0
full__yolo11n__seed42,yolo11n,full,42,complete,,runs/2026-09-12/full__yolo11n__seed42,4000,4000,4000,307.72932735295035,349.68392816385335,28,3.204008,3.7735715159215033,5.717513215495273,3491.762176,799.014912,365.0533009034051,46.485059068797774,test_occlusion,500,0.93,0.9305493836820203,0.9320364431686763,0.9204634706107205,0.9199667061497583,0.988,0.20336325392108268,0.09870023443202348,0.015451557448696258,0.9959986740085776,0.9291008576976609,1.0
full__yolo11n__seed42,yolo11n,full,42,complete,,runs/2026-09-12/full__yolo11n__seed42,4000,4000,4000,307.72932735295035,349.68392816385335,28,3.204008,3.7735715159215033,5.717513215495273,3491.762176,799.014912,365.0533009034051,46.485059068797774,test_rotation,500,0.938,0.9391148073478423,0.9395502727800065,0.9292980625402343,0.929115313378913,0.982,0.1972165351138163,0.09892851388821074,0.02034406297344524,0.9959246491421583,0.9382793833319534,1.0
full__yolo11n__seed43,yolo11n,full,43,complete,,runs/2026-09-12/full__yolo11n__seed43,4000,4000,4000,231.88509228208568,344.16615235840885,21,3.203496,2.9438204946927726,4.274142312351614,3467.583488,706.740224,364.9997172478793,39.51272384542884,train,4000,0.9585,0.9581925561569604,0.9582655260092132,0.952610313108673,0.952571255795289,0.9915,0.11848106006074136,0.06134273205476875,0.012386736296244868,0.9983670215887784,0.9575090702621248,1.0
full__yolo11n__seed43,yolo11n,full,43,complete,,runs/2026-09-12/full__yolo11n__seed43,4000,4000,4000,231.88509228208568,344.16615235840885,21,3.203496,2.9438204946927726,4.274142312351614,3467.583488,706.740224,364.9997172478793,39.51272384542884,val_clean,500,0.958,0.9586315393302087,0.9575372482744254,0.9519646370428676,0.9518860662047729,0.994,0.16285340297009565,0.07906550587057018,0.029051547205795305,0.9973591872698941,0.9573020403844137,1.0
full__yolo11n__seed43,yolo11n,full,43,complete,,runs/2026-09-12/full__yolo11n__seed43,4000,4000,4000,231.88509228208568,344.16615235840885,21,3.203496,2.9438204946927726,4.274142312351614,3467.583488,706.740224,364.9997172478793,39.51272384542884,test_clean,500,0.938,0.9395589339521517,0.9403228472723795,0.9293938968959065,0.9291133683040717,0.984,0.18211784039424128,0.09407963028929614,0.01618784160513835,0.9961715042366805,0.9380305354708894,1.0
full__yolo11n__seed43,yolo11n,full,43,complete,,runs/2026-09-12/full__yolo11n__seed43,4000,4000,4000,231.88509228208568,344.16615235840885,21,3.203496,2.9438204946927726,4.274142312351614,3467.583488,706.740224,364.9997172478793,39.51272384542884,test_blur,500,0.662,0.6436975461793759,0.6688644511357107,0.6398465804490611,0.6131271232224451,0.892,1.024795607819458,0.5033372275991131,0.18907700466103172,0.9695357734331931,0.5614808001321012,1.0
full__yolo11n__seed43,yolo11n,full,43,complete,,runs/2026-09-12/full__yolo11n__seed43,4000,4000,4000,231.88509228208568,344.16615235840885,21,3.203496,2.9438204946927726,4.274142312351614,3467.583488,706.740224,364.9997172478793,39.51272384542884,test_noise,500,0.82,0.8192979323162483,0.82284019929811,0.799414042154185,0.7942189236277832,0.956,0.4862611455360484,0.2539320845878587,0.06283945655036463,0.9823218957063964,0.7989006222040548,1.0
full__yolo11n__seed43,yolo11n,full,43,complete,,runs/2026-09-12/full__yolo11n__seed43,4000,4000,4000,231.88509228208568,344.16615235840885,21,3.203496,2.9438204946927726,4.274142312351614,3467.583488,706.740224,364.9997172478793,39.51272384542884,test_brightness,500,0.912,0.9130865545359721,0.9145543446857484,0.9000627602784126,0.8993959182180273,0.982,0.2688069144144047,0.139292722817787,0.019416475176472197,0.9933078823815684,0.9101261462691997,1.0
full__yolo11n__seed43,yolo11n,full,43,complete,,runs/2026-09-12/full__yolo11n__seed43,4000,4000,4000,231.88509228208568,344.16615235840885,21,3.203496,2.9438204946927726,4.274142312351614,3467.583488,706.740224,364.9997172478793,39.51272384542884,test_color,500,0.922,0.9236831743096778,0.9228222152239104,0.9112187002340164,0.9107723000613155,0.98,0.24744882801089427,0.12784232613194751,0.03687638766814263,0.9942347032859894,0.9202646991561119,1.0
full__yolo11n__seed43,yolo11n,full,43,complete,,runs/2026-09-12/full__yolo11n__seed43,4000,4000,4000,231.88509228208568,344.16615235840885,21,3.203496,2.9438204946927726,4.274142312351614,3467.583488,706.740224,364.9997172478793,39.51272384542884,test_jpeg,500,0.914,0.9157533482417832,0.9167163704562284,0.9023488856249411,0.9016594397789853,0.976,0.2376213000506703,0.12582983019173244,0.011891769577472086,0.9949995050988047,0.9126186877397165,1.0
full__yolo11n__seed43,yolo11n,full,43,complete,,runs/2026-09-12/full__yolo11n__seed43,4000,4000,4000,231.88509228208568,344.16615235840885,21,3.203496,2.9438204946927726,4.274142312351614,3467.583488,706.740224,364.9997172478793,39.51272384542884,test_resolution,500,0.688,0.6693508174396465,0.6914754892349804,0.6597676320748723,0.6431757359500446,0.882,0.8815722636976886,0.44869207190283894,0.12578723100858638,0.9695210041819952,0.6176641622234808,1.0
full__yolo11n__seed43,yolo11n,full,43,complete,,runs/2026-09-12/full__yolo11n__seed43,4000,4000,4000,231.88509228208568,344.16615235840885,21,3.203496,2.9438204946927726,4.274142312351614,3467.583488,706.740224,364.9997172478793,39.51272384542884,test_occlusion,500,0.922,0.9219619805249153,0.9257162403475715,0.9118994495092446,0.9108359472880411,0.982,0.22862445813489454,0.11707289154110412,0.025029060533517812,0.99522577419834,0.9186701984255347,1.0
full__yolo11n__seed43,yolo11n,full,43,complete,,runs/2026-09-12/full__yolo11n__seed43,4000,4000,4000,231.88509228208568,344.16615235840885,21,3.203496,2.9438204946927726,4.274142312351614,3467.583488,706.740224,364.9997172478793,39.51272384542884,test_rotation,500,0.94,0.9411403828355915,0.9422877943423038,0.9317766979090506,0.93140599420152,0.984,0.19744141121050338,0.0991788654531797,0.020107997331500684,0.9948786166510231,0.9394450230396713,1.0
imbalance__polygarbor__seed42,polygarbor,imbalance,42,complete,,runs/2026-09-12/imbalance__polygarbor__seed42,2201,1597,1597,10.818888371810317,105.37126928588917,0,0.370849,17.09303498500958,17.564730864251032,739.127296,0.0,363.2,36.0,train,2201,0.915038618809632,0.7248336415031205,0.667062448326617,0.8926710189753244,0.8909517857076621,0.987732848705134,0.36178150059325387,0.19546156162161796,0.19177990140053605,0.998632241712707,0.5596455569420764,1.0
imbalance__polygarbor__seed42,polygarbor,imbalance,42,complete,,runs/2026-09-12/imbalance__polygarbor__seed42,2201,1597,1597,10.818888371810317,105.37126928588917,0,0.370849,17.09303498500958,17.564730864251032,739.127296,0.0,363.2,36.0,val_clean,500,0.502,0.39649140629547847,0.5029913224496261,0.4857602364269783,0.43225606391565474,0.634,1.5370912686746414,0.727321479234892,0.18578787047629244,0.955878408152876,0.0,1.0
imbalance__polygarbor__seed42,polygarbor,imbalance,42,complete,,runs/2026-09-12/imbalance__polygarbor__seed42,2201,1597,1597,10.818888371810317,105.37126928588917,0,0.370849,17.09303498500958,17.564730864251032,739.127296,0.0,363.2,36.0,test_clean,500,0.504,0.4082199066385256,0.5109859401466215,0.4840120115767119,0.4318962752554175,0.662,1.5739627640626184,0.7280038044084322,0.1971676153361372,0.9469220049033942,0.0,1.0
imbalance__polygarbor_aug__seed42,polygarbor_aug,imbalance,42,complete,,runs/2026-09-12/imbalance__polygarbor_aug__seed42,2201,1279,2188,39.68415755406022,101.98024222857512,0,0.508451,16.374472063034773,17.75118240620941,744.820736,0.0,218.9,26.0,train,2201,0.9500227169468424,0.9079196602775066,0.8804158115514649,0.9367648177598054,0.9365722170539549,0.9909132212630622,0.5520935084477542,0.28313535811161405,0.3359038225990131,0.9959449676042798,0.8715072042144874,1.0
imbalance__polygarbor_aug__seed42,polygarbor_aug,imbalance,42,complete,,runs/2026-09-12/imbalance__polygarbor_aug__seed42,2201,1279,2188,39.68415755406022,101.98024222857512,0,0.508451,16.374472063034773,17.75118240620941,744.820736,0.0,218.9,26.0,val_clean,500,0.628,0.5784487595841024,0.6341701256411332,0.6069854987951694,0.5754839710963925,0.786,1.0158495988365168,0.503871586647917,0.15755810789012253,0.9649556976964135,0.44181467027881555,1.0
imbalance__polygarbor_aug__seed42,polygarbor_aug,imbalance,42,complete,,runs/2026-09-12/imbalance__polygarbor_aug__seed42,2201,1279,2188,39.68415755406022,101.98024222857512,0,0.508451,16.374472063034773,17.75118240620941,744.820736,0.0,218.9,26.0,test_clean,500,0.602,0.551523423930639,0.6101859875426047,0.5772772111401092,0.544657852707112,0.78,1.045274251526107,0.5141737914748274,0.13603522196795734,0.9573387009725461,0.38493914806851787,1.0
imbalance__polygarbor_p3__seed42,polygarbor_p3,imbalance,42,complete,,runs/2026-09-12/imbalance__polygarbor_p3__seed42,2201,1226,2800,14.841512400074862,110.56824639999105,0,0.649863,32.419507508166134,34.07905224012211,776.64256,0.0,348.06666666666666,38.666666666666664,train,2201,0.6342571558382554,0.5606354599487067,0.6978790561652796,0.5912233005834493,0.5509077503046027,0.93139482053612,1.0202537378648162,0.5266772596221507,0.22787384994568682,0.9740567553012932,0.5481785414730621,0.9018627896410722
imbalance__polygarbor_p3__seed42,polygarbor_p3,imbalance,42,complete,,runs/2026-09-12/imbalance__polygarbor_p3__seed42,2201,1226,2800,14.841512400074862,110.56824639999105,0,0.649863,32.419507508166134,34.07905224012211,776.64256,0.0,348.06666666666666,38.666666666666664,val_clean,500,0.622,0.582966036602748,0.646281090411613,0.5905962178523336,0.5708212981633876,0.862,1.184383364010026,0.5979927230486897,0.2440653119695088,0.9530020100815342,0.5124613926816027,0.844
imbalance__polygarbor_p3__seed42,polygarbor_p3,imbalance,42,complete,,runs/2026-09-12/imbalance__polygarbor_p3__seed42,2201,1226,2800,14.841512400074862,110.56824639999105,0,0.649863,32.419507508166134,34.07905224012211,776.64256,0.0,348.06666666666666,38.666666666666664,test_clean,500,0.596,0.5329397905389219,0.5978062016232182,0.5606390244949255,0.5381991596139162,0.86,1.1914546060200808,0.5923632191383311,0.2092320535726694,0.9518050196659557,0.3930415619383613,0.884
imbalance__polygarbor_p3_aug__seed42,polygarbor_p3_aug,imbalance,42,complete,,runs/2026-09-12/imbalance__polygarbor_p3_aug__seed42,2201,1235,2800,49.653361639007926,102.77249780387594,0,0.649304,39.089876983780414,45.09880570694804,790.016,0.0,368.25,19.0,train,2201,0.6787823716492504,0.544733326906253,0.6780844832211382,0.6312436355699266,0.6061830576213776,0.906860517946388,1.0685359310647402,0.5467306845293741,0.27106079554670925,0.9670250300696052,0.5515874120908,0.8673330304407088
imbalance__polygarbor_p3_aug__seed42,polygarbor_p3_aug,imbalance,42,complete,,runs/2026-09-12/imbalance__polygarbor_p3_aug__seed42,2201,1235,2800,49.653361639007926,102.77249780387594,0,0.649304,39.089876983780414,45.09880570694804,790.016,0.0,368.25,19.0,val_clean,500,0.638,0.5977420636420187,0.6599083953652891,0.606407523501988,0.5888400746902671,0.842,1.2646108841946075,0.6191778609608086,0.2954829263413998,0.9509910720833776,0.0,0.852
imbalance__polygarbor_p3_aug__seed42,polygarbor_p3_aug,imbalance,42,complete,,runs/2026-09-12/imbalance__polygarbor_p3_aug__seed42,2201,1235,2800,49.653361639007926,102.77249780387594,0,0.649304,39.089876983780414,45.09880570694804,790.016,0.0,368.25,19.0,test_clean,500,0.626,0.5863951628310251,0.6313888784226933,0.5901635689850587,0.5725831520049736,0.818,1.2766568619660146,0.6184822181814174,0.2731275698093329,0.9442257009368756,0.0,0.858
imbalance__polygarbor_p5__seed42,polygarbor_p5,imbalance,42,complete,,runs/2026-09-12/imbalance__polygarbor_p5__seed42,2201,1222,2800,20.89755375997629,108.8165641834712,0,0.648045,37.84404299221933,47.94820120441727,823.066624,0.0,388.8,38.0,train,2201,0.5920036347114948,0.4508536123839051,0.607109194723175,0.543374540874746,0.5005680365241421,0.8627896410722399,1.1564882601412105,0.5958343832874314,0.20600565846994143,0.9415750398186221,0.0,0.84234438891413
imbalance__polygarbor_p5__seed42,polygarbor_p5,imbalance,42,complete,,runs/2026-09-12/imbalance__polygarbor_p5__seed42,2201,1222,2800,20.89755375997629,108.8165641834712,0,0.648045,37.84404299221933,47.94820120441727,823.066624,0.0,388.8,38.0,val_clean,500,0.57,0.5087509947154394,0.5984733911055676,0.5415522065576664,0.513191381449648,0.768,1.3829595717975636,0.6706410694462774,0.23418829639494684,0.929703353692035,0.0,0.782
imbalance__polygarbor_p5__seed42,polygarbor_p5,imbalance,42,complete,,runs/2026-09-12/imbalance__polygarbor_p5__seed42,2201,1222,2800,20.89755375997629,108.8165641834712,0,0.648045,37.84404299221933,47.94820120441727,823.066624,0.0,388.8,38.0,test_clean,500,0.576,0.5060330674415361,0.5787715772533065,0.5410273696075818,0.5152778920990297,0.772,1.3593305178398902,0.6525380990083235,0.22101167319678064,0.9276151237786942,0.0,0.866
imbalance__resnet18__seed42,resnet18,imbalance,42,complete,,runs/2026-09-12/imbalance__resnet18__seed42,2201,2201,2201,98.052981877001,73.22571800015923,29,45.011183,2.8905264916829765,4.1220603161491445,3305.988096,3751.804928,71.8568669527897,74.68025751072962,train,2201,0.9186733303044071,0.7429719781110028,0.7264870187945451,0.8973343902219028,0.8966093675331386,0.9831894593366651,0.2593530651006349,0.12357945430922014,0.045005822964234464,0.9872326765289196,0.6280039436566198,1.0
imbalance__resnet18__seed42,resnet18,imbalance,42,complete,,runs/2026-09-12/imbalance__resnet18__seed42,2201,2201,2201,98.052981877001,73.22571800015923,29,45.011183,2.8905264916829765,4.1220603161491445,3305.988096,3751.804928,71.8568669527897,74.68025751072962,val_clean,500,0.74,0.7261830029710895,0.7433386174540084,0.715780433808369,0.7027579489383886,0.948,0.6755166073629245,0.3703515950686384,0.0668334014837263,0.9712873839196303,0.6722216874615841,1.0
imbalance__resnet18__seed42,resnet18,imbalance,42,complete,,runs/2026-09-12/imbalance__resnet18__seed42,2201,2201,2201,98.052981877001,73.22571800015923,29,45.011183,2.8905264916829765,4.1220603161491445,3305.988096,3751.804928,71.8568669527897,74.68025751072962,test_clean,500,0.746,0.7246696712204068,0.7432826097466564,0.7221291621613211,0.7088878599360928,0.938,0.7214799628710065,0.3866481747896078,0.08895720482248232,0.9632513856099381,0.6546458931578893,1.0
imbalance__yolo11n__seed42,yolo11n,imbalance,42,complete,,runs/2026-09-12/imbalance__yolo11n__seed42,2201,2201,2201,224.07455032982398,349.5354554308592,36,3.204648,3.1100804917514324,4.164817777927965,3193.634816,903.872512,363.0354502369668,36.354502369668246,train,2201,0.9768287142208087,0.9453413692323279,0.9641399841025216,0.9709316224405828,0.9707760281734803,0.9968196274420718,0.07858847322063181,0.04015469256111692,0.011783461591715092,0.999174774132378,0.9633750101169063,1.0
imbalance__yolo11n__seed42,yolo11n,imbalance,42,complete,,runs/2026-09-12/imbalance__yolo11n__seed42,2201,2201,2201,224.07455032982398,349.5354554308592,36,3.204648,3.1100804917514324,4.164817777927965,3193.634816,903.872512,363.0354502369668,36.354502369668246,val_clean,500,0.914,0.9153806640034026,0.9174178945219955,0.9024975676758897,0.901546859115845,0.972,0.2810255322548384,0.13459400044222994,0.024664975966944763,0.9934970594653867,0.9122497848263345,1.0
imbalance__yolo11n__seed42,yolo11n,imbalance,42,complete,,runs/2026-09-12/imbalance__yolo11n__seed42,2201,2201,2201,224.07455032982398,349.5354554308592,36,3.204648,3.1100804917514324,4.164817777927965,3193.634816,903.872512,363.0354502369668,36.354502369668246,test_clean,500,0.904,0.9045693027523238,0.908257457640802,0.8921615395902545,0.890288723509298,0.978,0.3003053289178365,0.14326751995171547,0.03435124535333475,0.9932346930656965,0.8986880866349679,1.0
label_noise__polygarbor__seed42,polygarbor,label_noise,42,complete,,runs/2026-09-12/label_noise__polygarbor__seed42,4000,2800,2800,18.686805256060325,103.9235960020608,0,0.650646,13.412272499408573,13.763640931574628,916.754432,0.0,343.4,33.0,train,4000,0.69725,0.6963526115308988,0.6996193588414402,0.6558300453897372,0.6542068090277151,0.827,1.7304205659288614,0.7708159249707385,0.4985542433323051,0.8900143175365649,0.6939638336020404,1.0
label_noise__polygarbor__seed42,polygarbor,label_noise,42,complete,,runs/2026-09-12/label_noise__polygarbor__seed42,4000,2800,2800,18.686805256060325,103.9235960020608,0,0.650646,13.412272499408573,13.763640931574628,916.754432,0.0,343.4,33.0,train_original_labels,4000,0.85375,0.852027353476871,0.8527612508259546,0.8341155914232017,0.8328169831081567,0.95825,1.660024878559204,0.7491014378336881,0.6550542433323052,0.9499473211359402,0.8473547644356376,1.0
label_noise__polygarbor__seed42,polygarbor,label_noise,42,complete,,runs/2026-09-12/label_noise__polygarbor__seed42,4000,2800,2800,18.686805256060325,103.9235960020608,0,0.650646,13.412272499408573,13.763640931574628,916.754432,0.0,343.4,33.0,val_clean,500,0.85,0.8473338228896172,0.852521255870712,0.8296392679135177,0.82844751866491,0.958,1.6878227950559461,0.7590134350268206,0.657452278523903,0.9449258441638047,0.8464391895472169,1.0
label_noise__polygarbor__seed42,polygarbor,label_noise,42,complete,,runs/2026-09-12/label_noise__polygarbor__seed42,4000,2800,2800,18.686805256060325,103.9235960020608,0,0.650646,13.412272499408573,13.763640931574628,916.754432,0.0,343.4,33.0,test_clean,500,0.826,0.8248085273091407,0.8288555148180274,0.8032771555528809,0.8010519094443174,0.95,1.682320464858331,0.7574486748076604,0.63151648037817,0.9425104305161633,0.8181888419368457,1.0
label_noise__polygarbor_aug__seed42,polygarbor_aug,label_noise,42,complete,,runs/2026-09-12/label_noise__polygarbor_aug__seed42,4000,2165,2800,69.43147021601908,101.20770852377466,0,0.650462,12.55486800801009,12.855154601857066,933.216256,0.0,134.1,22.0,train,4000,0.6675,0.6661564285023767,0.6701514777218478,0.6227090678313174,0.6202755172354231,0.80875,1.7675228122331181,0.7828057104595603,0.4740349370066723,0.8674380910363346,0.6602474079969279,1.0
label_noise__polygarbor_aug__seed42,polygarbor_aug,label_noise,42,complete,,runs/2026-09-12/label_noise__polygarbor_aug__seed42,4000,2165,2800,69.43147021601908,101.20770852377466,0,0.650462,12.55486800801009,12.855154601857066,933.216256,0.0,134.1,22.0,train_original_labels,4000,0.8215,0.8197688912550953,0.8202863919950907,0.7981791493765513,0.7959391752984658,0.95,1.6893612402877667,0.7592762751171304,0.6280349370066723,0.9415815228258112,0.811465544709407,1.0
label_noise__polygarbor_aug__seed42,polygarbor_aug,label_noise,42,complete,,runs/2026-09-12/label_noise__polygarbor_aug__seed42,4000,2165,2800,69.43147021601908,101.20770852377466,0,0.650462,12.55486800801009,12.855154601857066,933.216256,0.0,134.1,22.0,val_clean,500,0.828,0.8268982860824104,0.8340893267911687,0.8053780385122186,0.8034043059029,0.956,1.709774975238075,0.7665203446960216,0.6392296793137661,0.9366232182061799,0.825219828190761,1.0
label_noise__polygarbor_aug__seed42,polygarbor_aug,label_noise,42,complete,,runs/2026-09-12/label_noise__polygarbor_aug__seed42,4000,2165,2800,69.43147021601908,101.20770852377466,0,0.650462,12.55486800801009,12.855154601857066,933.216256,0.0,134.1,22.0,test_clean,500,0.804,0.8038183555599498,0.8070787729736962,0.7783577908848892,0.7758616746334881,0.946,1.7054942327132896,0.7656399335713163,0.6135660832205299,0.9386150678441211,0.7945507195798763,1.0
label_noise__polygarbor_p3__seed42,polygarbor_p3,label_noise,42,complete,,runs/2026-09-12/label_noise__polygarbor_p3__seed42,4000,2070,2800,22.70800903113559,104.45653763602455,0,0.648977,20.190570503473282,23.045037983683866,926.625792,0.0,297.15,33.0,train,4000,0.5925,0.5866285785828302,0.5969583906804623,0.5410789966380494,0.5349583306259397,0.7565,1.740659027437121,0.7721995867319865,0.3842725707454822,0.851734932022248,0.5721331841634922,0.82825
label_noise__polygarbor_p3__seed42,polygarbor_p3,label_noise,42,complete,,runs/2026-09-12/label_noise__polygarbor_p3__seed42,4000,2070,2800,22.70800903113559,104.45653763602455,0,0.648977,20.190570503473282,23.045037983683866,926.625792,0.0,297.15,33.0,train_original_labels,4000,0.73075,0.7222862545909214,0.7290792057554194,0.6986042634184321,0.6921230452975762,0.8965,1.6298788780311715,0.7389849685072065,0.5222213155485882,0.940011558005423,0.7024000017867741,0.82825
label_noise__polygarbor_p3__seed42,polygarbor_p3,label_noise,42,complete,,runs/2026-09-12/label_noise__polygarbor_p3__seed42,4000,2070,2800,22.70800903113559,104.45653763602455,0,0.648977,20.190570503473282,23.045037983683866,926.625792,0.0,297.15,33.0,val_clean,500,0.752,0.7425160198830246,0.7633369059543977,0.7241444872933318,0.7172048896186827,0.896,1.6541637341719624,0.7471996523982134,0.5495585966404486,0.941909471577161,0.7317959943940474,0.816
label_noise__polygarbor_p3__seed42,polygarbor_p3,label_noise,42,complete,,runs/2026-09-12/label_noise__polygarbor_p3__seed42,4000,2070,2800,22.70800903113559,104.45653763602455,0,0.648977,20.190570503473282,23.045037983683866,926.625792,0.0,297.15,33.0,test_clean,500,0.692,0.6780238401344918,0.6974700606636983,0.6570967739068716,0.647888934109502,0.898,1.6481488359795609,0.7470865523736179,0.4890374264127928,0.9371631293788575,0.6429603703018179,0.812
label_noise__polygarbor_p3_aug__seed42,polygarbor_p3_aug,label_noise,42,complete,,runs/2026-09-12/label_noise__polygarbor_p3_aug__seed42,4000,2050,2800,89.34146114392206,101.34152591723029,0,0.648865,20.5331799807027,24.9257919494994,968.146944,0.0,286.6,25.0,train,4000,0.59275,0.5877744490561355,0.5969650511620737,0.5389665750175693,0.5350845623815772,0.75125,1.7670446980996777,0.7827946649383568,0.3937691954284255,0.8400286624541837,0.5769342769107394,0.80625
label_noise__polygarbor_p3_aug__seed42,polygarbor_p3_aug,label_noise,42,complete,,runs/2026-09-12/label_noise__polygarbor_p3_aug__seed42,4000,2050,2800,89.34146114392206,101.34152591723029,0,0.648865,20.5331799807027,24.9257919494994,968.146944,0.0,286.6,25.0,train_original_labels,4000,0.73575,0.7287592031945148,0.7342620778953648,0.7018902335911786,0.6978975872820886,0.88925,1.6682896672406546,0.7538857874030019,0.5367691954284254,0.9252682645899548,0.7142394455788663,0.80625
label_noise__polygarbor_p3_aug__seed42,polygarbor_p3_aug,label_noise,42,complete,,runs/2026-09-12/label_noise__polygarbor_p3_aug__seed42,4000,2050,2800,89.34146114392206,101.34152591723029,0,0.648865,20.5331799807027,24.9257919494994,968.146944,0.0,286.6,25.0,val_clean,500,0.732,0.725595170935518,0.7378951991146092,0.6968921341819999,0.6936358564935481,0.902,1.6781952468907835,0.7572615443306734,0.5375479362541942,0.9338127460802084,0.7165446281521213,0.81
label_noise__polygarbor_p3_aug__seed42,polygarbor_p3_aug,label_noise,42,complete,,runs/2026-09-12/label_noise__polygarbor_p3_aug__seed42,4000,2050,2800,89.34146114392206,101.34152591723029,0,0.648865,20.5331799807027,24.9257919494994,968.146944,0.0,286.6,25.0,test_clean,500,0.732,0.7266272385231163,0.7398622626878736,0.6996129605917395,0.6938038699534765,0.884,1.685192536930202,0.7609927520677222,0.5370218741416997,0.918740961524739,0.7086869528050701,0.794
label_noise__polygarbor_p5__seed42,polygarbor_p5,label_noise,42,complete,,runs/2026-09-12/label_noise__polygarbor_p5__seed42,4000,2048,2800,32.56866827199701,103.50438562139281,0,0.647752,35.09613894857466,38.7490886321757,960.561152,0.0,319.0,11.0,train,4000,0.53625,0.5162926391606497,0.5429493091189888,0.4831494271931652,0.47090509242439493,0.6905,1.7980777753498587,0.7910481708410773,0.3377845299508103,0.832297457907328,0.4777660483387427,0.741
label_noise__polygarbor_p5__seed42,polygarbor_p5,label_noise,42,complete,,runs/2026-09-12/label_noise__polygarbor_p5__seed42,4000,2048,2800,32.56866827199701,103.50438562139281,0,0.647752,35.09613894857466,38.7490886321757,960.561152,0.0,319.0,11.0,train_original_labels,4000,0.65625,0.6305431851609253,0.6540018280073443,0.6212840531412057,0.6069391393139187,0.82,1.702954326648708,0.7626682124390213,0.4577845299508104,0.9205545626277025,0.5813578466630744,0.741
label_noise__polygarbor_p5__seed42,polygarbor_p5,label_noise,42,complete,,runs/2026-09-12/label_noise__polygarbor_p5__seed42,4000,2048,2800,32.56866827199701,103.50438562139281,0,0.647752,35.09613894857466,38.7490886321757,960.561152,0.0,319.0,11.0,val_clean,500,0.682,0.662568236308107,0.6926231071907802,0.6524808892291095,0.637021107565028,0.832,1.7230193985171849,0.769450462878127,0.4890740625521902,0.9215440424200977,0.6254164320330181,0.722
label_noise__polygarbor_p5__seed42,polygarbor_p5,label_noise,42,complete,,runs/2026-09-12/label_noise__polygarbor_p5__seed42,4000,2048,2800,32.56866827199701,103.50438562139281,0,0.647752,35.09613894857466,38.7490886321757,960.561152,0.0,319.0,11.0,test_clean,500,0.666,0.650321754128137,0.6744375271599435,0.6333978142268544,0.618582130458615,0.768,1.7241479316812807,0.7708996043999875,0.47119397776884125,0.9080877782032933,0.6104514471400804,0.736
label_noise__resnet18__seed42,resnet18,label_noise,42,complete,,runs/2026-09-12/label_noise__resnet18__seed42,4000,4000,4000,134.06397580797784,63.22354643681702,25,45.011183,3.702652989886701,4.9898727564141145,3856.723968,4217.372672,61.9032558139535,86.95038759689922,train,4000,0.7165,0.7164410322582981,0.7178893081056652,0.6763710666811769,0.6760029391161952,0.81925,1.0397943388567437,0.4463653443233195,0.05101843731834609,0.9057883612101332,0.7150611083206471,1.0
label_noise__resnet18__seed42,resnet18,label_noise,42,complete,,runs/2026-09-12/label_noise__resnet18__seed42,4000,4000,4000,134.06397580797784,63.22354643681702,25,45.011183,3.702652989886701,4.9898727564141145,3856.723968,4217.372672,61.9032558139535,86.95038759689922,train_original_labels,4000,0.882,0.8811699745306727,0.8817036906593114,0.8655347799500598,0.865142799346914,0.96975,0.5568680894983695,0.2433373349975103,0.21643874184248407,0.9869012074634517,0.8787582372001729,1.0
label_noise__resnet18__seed42,resnet18,label_noise,42,complete,,runs/2026-09-12/label_noise__resnet18__seed42,4000,4000,4000,134.06397580797784,63.22354643681702,25,45.011183,3.702652989886701,4.9898727564141145,3856.723968,4217.372672,61.9032558139535,86.95038759689922,val_clean,500,0.858,0.8593520946878366,0.860543802953875,0.8385000072520017,0.8374244367100201,0.966,0.5905239951765582,0.2620654532930484,0.19675263155146666,0.9836260016486955,0.855611803840252,1.0
label_noise__resnet18__seed42,resnet18,label_noise,42,complete,,runs/2026-09-12/label_noise__resnet18__seed42,4000,4000,4000,134.06397580797784,63.22354643681702,25,45.011183,3.702652989886701,4.9898727564141145,3856.723968,4217.372672,61.9032558139535,86.95038759689922,test_clean,500,0.884,0.8830836999383164,0.8834590849594797,0.8677017053919759,0.8672884280085484,0.98,0.5662030828549569,0.24951661006689752,0.22329003324502728,0.9860394488640067,0.8772341725357697,1.0
label_noise__yolo11n__seed42,yolo11n,label_noise,42,complete,,runs/2026-09-12/label_noise__yolo11n__seed42,4000,4000,4000,191.64213061507326,329.9639791993961,15,3.203048,4.719371499959379,6.97116331430152,3470.360576,627.048448,356.47382629107983,55.18544600938967,train,4000,0.76825,0.7686113246453372,0.7688671689588579,0.7352414946746547,0.7351234265542194,0.86325,0.862641384372294,0.3723171392063042,0.05314360539435444,0.9343444873819458,0.7680033334410288,1.0
label_noise__yolo11n__seed42,yolo11n,label_noise,42,complete,,runs/2026-09-12/label_noise__yolo11n__seed42,4000,4000,4000,191.64213061507326,329.9639791993961,15,3.203048,4.719371499959379,6.97116331430152,3470.360576,627.048448,356.47382629107983,55.18544600938967,train_original_labels,4000,0.93675,0.9366148089245456,0.9365542074035461,0.9278792591832689,0.9277160153667752,0.984,0.3649799635742968,0.1487962005779716,0.16790214634521505,0.9944462060061573,0.9355810210699063,1.0
label_noise__yolo11n__seed42,yolo11n,label_noise,42,complete,,runs/2026-09-12/label_noise__yolo11n__seed42,4000,4000,4000,191.64213061507326,329.9639791993961,15,3.203048,4.719371499959379,6.97116331430152,3470.360576,627.048448,356.47382629107983,55.18544600938967,val_clean,500,0.92,0.9227943265926517,0.9229438533591725,0.9089168220913798,0.9083963871535093,0.982,0.41049204277928675,0.1703259429235766,0.1626515686789554,0.9902308527871005,0.9214725293008157,1.0
label_noise__yolo11n__seed42,yolo11n,label_noise,42,complete,,runs/2026-09-12/label_noise__yolo11n__seed42,4000,4000,4000,191.64213061507326,329.9639791993961,15,3.203048,4.719371499959379,6.97116331430152,3470.360576,627.048448,356.47382629107983,55.18544600938967,test_clean,500,0.936,0.9368937319734516,0.9371894271518866,0.9269101988273811,0.9267999213099154,0.986,0.380526180318769,0.15911503339416908,0.18827773257230287,0.9948322839832033,0.934716219456567,1.0
source_a__polygarbor__seed42,polygarbor,source_a,42,complete,,runs/2026-09-12/source_a__polygarbor__seed42,4031,2800,2800,20.73215027502738,105.72950566735679,0,0.650933,20.609214494470507,23.871202999725934,940.70784,0.0,312.45,17.0,train,4031,0.9087075167452245,0.9036839873305582,0.9065412036383278,0.896579108217663,0.8954696476752797,0.9682460927809476,0.7656485695853694,0.3892109560925508,0.3939982529103106,0.9908033831138989,0.9022674215753045,1.0
source_a__polygarbor__seed42,polygarbor,source_a,42,complete,,runs/2026-09-12/source_a__polygarbor__seed42,4031,2800,2800,20.73215027502738,105.72950566735679,0,0.650933,20.609214494470507,23.871202999725934,940.70784,0.0,312.45,17.0,val_clean,389,0.6735218508997429,0.5170325591242828,0.7930451086002813,0.6121242445860667,0.5757942641250213,0.9331619537275064,1.058496054142914,0.5643727314915084,0.2689324284378208,0.9710457759660942,,1.0
source_a__polygarbor__seed42,polygarbor,source_a,42,complete,,runs/2026-09-12/source_a__polygarbor__seed42,4031,2800,2800,20.73215027502738,105.72950566735679,0,0.650933,20.609214494470507,23.871202999725934,940.70784,0.0,312.45,17.0,test_clean,580,0.7293103448275862,0.754385937859879,0.7698343898286139,0.6902132313924341,0.6865760516017114,0.8655172413793103,1.1405837103983392,0.55765900367897,0.31940266465664385,0.9453189550179829,0.7500859539614771,1.0
source_a__polygarbor_aug__seed42,polygarbor_aug,source_a,42,complete,,runs/2026-09-12/source_a__polygarbor_aug__seed42,4031,2159,2800,70.42125602206215,101.63124607941947,0,0.650831,17.49060192378238,19.02995122945867,945.680384,0.0,317.3,25.0,train,4031,0.8737286033242372,0.8676368502358127,0.8716360607064604,0.8572390724734595,0.8555685313848471,0.9620441577772265,0.9033168083604166,0.4577276328237304,0.4140704302487307,0.9815756094696696,0.8668977390665346,1.0
source_a__polygarbor_aug__seed42,polygarbor_aug,source_a,42,complete,,runs/2026-09-12/source_a__polygarbor_aug__seed42,4031,2159,2800,70.42125602206215,101.63124607941947,0,0.650831,17.49060192378238,19.02995122945867,945.680384,0.0,317.3,25.0,val_clean,389,0.7172236503856041,0.5353576737974318,0.8038886887774422,0.6470018423934422,0.6214949137549757,0.9460154241645244,1.151112426519257,0.593193024969424,0.3658281653925653,0.9490178068105862,,1.0
source_a__polygarbor_aug__seed42,polygarbor_aug,source_a,42,complete,,runs/2026-09-12/source_a__polygarbor_aug__seed42,4031,2159,2800,70.42125602206215,101.63124607941947,0,0.650831,17.49060192378238,19.02995122945867,945.680384,0.0,317.3,25.0,test_clean,580,0.7137931034482758,0.7330111667887184,0.759270673037193,0.6754898282648564,0.6680766857312276,0.8706896551724138,1.211035447589673,0.5938383044206397,0.34325113994947276,0.9388858911138496,0.7031236223507324,1.0
source_a__polygarbor_p3__seed42,polygarbor_p3,source_a,42,complete,,runs/2026-09-12/source_a__polygarbor_p3__seed42,4031,2058,2800,22.75843903189525,106.11448336221355,0,0.64922,35.079519962891936,36.2633676500991,974.25408,0.0,354.85,33.0,train,4031,0.6229223517737534,0.573414083352988,0.63795149509176,0.5933339775378232,0.5694314850099457,0.8727362937236418,1.1009066733935207,0.558490291190553,0.2094887495414386,0.9588742093754772,0.41494536307596447,0.8665343587199206
source_a__polygarbor_p3__seed42,polygarbor_p3,source_a,42,complete,,runs/2026-09-12/source_a__polygarbor_p3__seed42,4031,2058,2800,22.75843903189525,106.11448336221355,0,0.64922,35.079519962891936,36.2633676500991,974.25408,0.0,354.85,33.0,val_clean,389,0.6503856041131105,0.4471905604435724,0.6520681768990543,0.5506875225193821,0.5229404126388689,0.910025706940874,1.11336757504808,0.5659322550867917,0.2979175543117256,0.92814481433473,,0.7737789203084833
source_a__polygarbor_p3__seed42,polygarbor_p3,source_a,42,complete,,runs/2026-09-12/source_a__polygarbor_p3__seed42,4031,2058,2800,22.75843903189525,106.11448336221355,0,0.64922,35.079519962891936,36.2633676500991,974.25408,0.0,354.85,33.0,test_clean,580,0.5344827586206896,0.4715236591480576,0.5501316948656925,0.4841744726233518,0.46186121792558843,0.7482758620689656,1.3919233312465107,0.6718405036961921,0.20551903554535586,0.9225065675771595,0.0,0.8206896551724138
source_a__polygarbor_p3_aug__seed42,polygarbor_p3_aug,source_a,42,complete,,runs/2026-09-12/source_a__polygarbor_p3_aug__seed42,4031,2028,2800,89.91262206004467,101.67649202683543,0,0.648929,26.12676500575617,27.32589840888977,973.287424,0.0,290.85,39.5,train,4031,0.5931530637558918,0.567060325950857,0.6021889631828765,0.5641534973590596,0.535567920883756,0.8940709501364426,1.0878972929369122,0.5582540665969883,0.21641099212104925,0.9598348214818899,0.5091296442135299,0.867526668320516
source_a__polygarbor_p3_aug__seed42,polygarbor_p3_aug,source_a,42,complete,,runs/2026-09-12/source_a__polygarbor_p3_aug__seed42,4031,2028,2800,89.91262206004467,101.67649202683543,0,0.648929,26.12676500575617,27.32589840888977,973.287424,0.0,290.85,39.5,val_clean,389,0.506426735218509,0.37624994724386623,0.5544940014753367,0.4028313285786955,0.3598354332733351,0.8920308483290489,1.242671925295403,0.622542793464926,0.19847766805797012,0.9112134044317274,,0.794344473007712
source_a__polygarbor_p3_aug__seed42,polygarbor_p3_aug,source_a,42,complete,,runs/2026-09-12/source_a__polygarbor_p3_aug__seed42,4031,2028,2800,89.91262206004467,101.67649202683543,0,0.648929,26.12676500575617,27.32589840888977,973.287424,0.0,290.85,39.5,test_clean,580,0.5327586206896552,0.49281273566493344,0.5473194088347113,0.49265667509694355,0.4543857761239104,0.7706896551724138,1.3526988330712708,0.6514476490476461,0.21167073753486282,0.917934866276651,0.0,0.8189655172413793
source_a__polygarbor_p5__seed42,polygarbor_p5,source_a,42,complete,,runs/2026-09-12/source_a__polygarbor_p5__seed42,4031,2039,2800,32.48921646398958,104.95790207127888,0,0.647659,36.37229901505634,43.328650121111416,988.819456,0.0,342.35,30.0,train,4031,0.48772016869263213,0.39839555813943106,0.4987311986053455,0.4578419160664901,0.4160246503941476,0.7008186554204912,1.4090308092245523,0.6908739320087727,0.12072863744150615,0.9205347771464127,0.0,0.8526420243115852
source_a__polygarbor_p5__seed42,polygarbor_p5,source_a,42,complete,,runs/2026-09-12/source_a__polygarbor_p5__seed42,4031,2039,2800,32.48921646398958,104.95790207127888,0,0.647659,36.37229901505634,43.328650121111416,988.819456,0.0,342.35,30.0,val_clean,389,0.5784061696658098,0.3505193249021214,0.5498235338289404,0.4731711419552826,0.4139144334916537,0.8303341902313625,1.3011926846245887,0.6572974827459802,0.24776533298511882,0.8871161438278902,,0.8457583547557841
source_a__polygarbor_p5__seed42,polygarbor_p5,source_a,42,complete,,runs/2026-09-12/source_a__polygarbor_p5__seed42,4031,2039,2800,32.48921646398958,104.95790207127888,0,0.647659,36.37229901505634,43.328650121111416,988.819456,0.0,342.35,30.0,test_clean,580,0.4017241379310345,0.3365412849975955,0.43101685634465986,0.3673473641299436,0.2999944350148863,0.6620689655172414,1.5547414727035582,0.7427839357051543,0.1440615160525424,0.9006077555439918,0.0,0.8724137931034482
source_a__resnet18__seed42,resnet18,source_a,42,complete,,runs/2026-09-12/source_a__resnet18__seed42,4031,4031,4031,120.6142988500651,69.72639297480326,19,45.011183,4.36686200555414,6.028465187409893,3871.076352,2982.150144,68.24703832752614,82.50348432055749,train,4031,0.7377821880426693,0.7198778742386974,0.7388608448348608,0.7102313548947236,0.7009728913347928,0.9342594889605557,0.7050153463866656,0.36258400958579395,0.10180450797747481,0.9763679208411307,0.6926946018118049,1.0
source_a__resnet18__seed42,resnet18,source_a,42,complete,,runs/2026-09-12/source_a__resnet18__seed42,4031,4031,4031,120.6142988500651,69.72639297480326,19,45.011183,4.36686200555414,6.028465187409893,3871.076352,2982.150144,68.24703832752614,82.50348432055749,val_clean,389,0.8740359897172236,0.6136716160867384,0.843698590599688,0.8279993032642577,0.8220793040361423,0.9691516709511568,0.4091590376399536,0.21795012380471374,0.10105187187191227,0.9927391711030308,,1.0
source_a__resnet18__seed42,resnet18,source_a,42,complete,,runs/2026-09-12/source_a__resnet18__seed42,4031,4031,4031,120.6142988500651,69.72639297480326,19,45.011183,4.36686200555414,6.028465187409893,3871.076352,2982.150144,68.24703832752614,82.50348432055749,test_clean,580,0.5948275862068966,0.5406566402514303,0.56826689114463,0.5365194521085285,0.5275776134870873,0.8448275862068966,1.09921319420109,0.5663389183515707,0.20627522346682178,0.94390638034395,0.40630382254168373,1.0
source_a__yolo11n__seed42,yolo11n,source_a,42,complete,,runs/2026-09-12/source_a__yolo11n__seed42,4031,4031,4031,144.22355621494353,318.2281813353632,10,3.202728,3.0285840039141476,5.293573660310357,3423.768576,580.911104,351.62322580645167,40.4,train,4031,0.9307864053584718,0.928069992474295,0.9294822457260129,0.9209606799464234,0.9207459813599794,0.9905730587943439,0.20326554373036265,0.10442537769237763,0.02372167748888506,0.995431111758445,0.9275275212107796,1.0
source_a__yolo11n__seed42,yolo11n,source_a,42,complete,,runs/2026-09-12/source_a__yolo11n__seed42,4031,4031,4031,144.22355621494353,318.2281813353632,10,3.202728,3.0285840039141476,5.293573660310357,3423.768576,580.911104,351.62322580645167,40.4,val_clean,389,0.6889460154241646,0.5226121397354122,0.8354689815880069,0.6546232285536393,0.607490118247469,0.8560411311053985,0.7796254786873084,0.40698505414769665,0.07206608292056262,0.9864644225782938,,1.0
source_a__yolo11n__seed42,yolo11n,source_a,42,complete,,runs/2026-09-12/source_a__yolo11n__seed42,4031,4031,4031,144.22355621494353,318.2281813353632,10,3.202728,3.0285840039141476,5.293573660310357,3423.768576,580.911104,351.62322580645167,40.4,test_clean,580,0.8068965517241379,0.8295073035245494,0.8245715604782528,0.7782351235798037,0.7746471055543799,0.9413793103448276,0.585613826838991,0.2873073569480977,0.05076919438661351,0.9727813728609445,0.810194058404884,1.0
source_b__polygarbor__seed42,polygarbor,source_b,42,complete,,runs/2026-09-12/source_b__polygarbor__seed42,3208,2479,2479,17.043412852101028,107.90092430186584,0,0.579328,20.8756075007841,23.40056852553971,877.2608,0.0,313.75,32.0,train,3208,0.90928927680798,0.8923624758489377,0.8763342018412004,0.8951333427405047,0.8941571151099537,0.9772443890274314,0.7558925570721415,0.37687077025586435,0.38722636403856875,0.9904762982877819,0.8692586155004589,1.0
source_b__polygarbor__seed42,polygarbor,source_b,42,complete,,runs/2026-09-12/source_b__polygarbor__seed42,3208,2479,2479,17.043412852101028,107.90092430186584,0,0.579328,20.8756075007841,23.40056852553971,877.2608,0.0,313.75,32.0,val_clean,389,0.712082262210797,0.5231402296196017,0.8149192600507815,0.6387802015788485,0.6144868289488821,0.9023136246786633,1.0812011047917855,0.5539340944511721,0.29927072347924405,0.958220834529362,,1.0
source_b__polygarbor__seed42,polygarbor,source_b,42,complete,,runs/2026-09-12/source_b__polygarbor__seed42,3208,2479,2479,17.043412852101028,107.90092430186584,0,0.579328,20.8756075007841,23.40056852553971,877.2608,0.0,313.75,32.0,test_clean,1403,0.3970064148253742,0.4999704822045441,0.6282509811056396,0.4211660306753673,0.3380521655524876,0.6728439059158945,1.8326477601115216,0.9273787259423578,0.4302107179226121,0.9436572351820379,0.0,1.0
source_b__polygarbor_aug__seed42,polygarbor_aug,source_b,42,complete,,runs/2026-09-12/source_b__polygarbor_aug__seed42,3208,1873,2590,55.74333819001913,102.09291701548969,0,0.604155,18.185099004767835,18.561319226864725,890.400768,0.0,247.3,16.0,train,3208,0.8615960099750624,0.8619852199568947,0.8600919252376089,0.8399404361714957,0.8385095576107997,0.9597880299251871,0.86664692938485,0.4318990424062617,0.3792304980978053,0.9786701049420272,0.8545354449412027,1.0
source_b__polygarbor_aug__seed42,polygarbor_aug,source_b,42,complete,,runs/2026-09-12/source_b__polygarbor_aug__seed42,3208,1873,2590,55.74333819001913,102.09291701548969,0,0.604155,18.185099004767835,18.561319226864725,890.400768,0.0,247.3,16.0,val_clean,389,0.6529562982005142,0.4784946498316837,0.7566301205607887,0.5808512451943755,0.5475146261815111,0.9074550128534704,1.157665104817068,0.5976839572068683,0.27749399863780727,0.9511882633985053,,1.0
source_b__polygarbor_aug__seed42,polygarbor_aug,source_b,42,complete,,runs/2026-09-12/source_b__polygarbor_aug__seed42,3208,1873,2590,55.74333819001913,102.09291701548969,0,0.604155,18.185099004767835,18.561319226864725,890.400768,0.0,247.3,16.0,test_clean,1403,0.5281539558089807,0.5692458439711963,0.6614614936383789,0.503395770441598,0.4548936474902311,0.895224518888097,1.168369794065776,0.6757166460161753,0.29337176699398254,0.9556113488069724,0.611176008218885,1.0
source_b__polygarbor_p3__seed42,polygarbor_p3,source_b,42,complete,,runs/2026-09-12/source_b__polygarbor_p3__seed42,3208,1781,2765,18.328851056052372,107.26258803607918,0,0.642401,30.28995095519349,34.16740951943211,895.819776,0.0,350.70000000000005,24.5,train,3208,0.7406483790523691,0.640226313322863,0.6487274189521595,0.7133075843269571,0.6969867330882638,0.898067331670823,1.047687769769369,0.5222773101405781,0.3307317998904283,0.9614140613121069,0.46010886874746193,0.868142144638404
source_b__polygarbor_p3__seed42,polygarbor_p3,source_b,42,complete,,runs/2026-09-12/source_b__polygarbor_p3__seed42,3208,1781,2765,18.328851056052372,107.26258803607918,0,0.642401,30.28995095519349,34.16740951943211,895.819776,0.0,350.70000000000005,24.5,val_clean,389,0.4781491002570694,0.3940867802165478,0.6265361832951247,0.4009143971706039,0.34811824628313404,0.9125964010282777,1.1765535520289034,0.5903674751670381,0.15008788606322906,0.9299411600443013,,0.7634961439588689
source_b__polygarbor_p3__seed42,polygarbor_p3,source_b,42,complete,,runs/2026-09-12/source_b__polygarbor_p3__seed42,3208,1781,2765,18.328851056052372,107.26258803607918,0,0.642401,30.28995095519349,34.16740951943211,895.819776,0.0,350.70000000000005,24.5,test_clean,1403,0.31004989308624376,0.3906591696990922,0.5189487119209549,0.3175600182383199,0.2450053534916662,0.7697790449037776,1.3239974035759714,0.7027525934852341,0.2565789544680322,0.946347210835381,0.0,0.8916607270135424
source_b__polygarbor_p3_aug__seed42,polygarbor_p3_aug,source_b,42,complete,,runs/2026-09-12/source_b__polygarbor_p3_aug__seed42,3208,1747,2800,70.97411119705066,101.92448877472677,0,0.64977,24.834411044139415,25.2536658430472,914.0224,0.0,320.79999999999995,37.5,train,3208,0.6991895261845387,0.623354725490355,0.6217694480905127,0.6695609163647329,0.6493127221730077,0.8871571072319202,1.168146806894912,0.5816231521839776,0.34264762344899663,0.9491480695857751,0.49053157076153775,0.8837281795511222
source_b__polygarbor_p3_aug__seed42,polygarbor_p3_aug,source_b,42,complete,,runs/2026-09-12/source_b__polygarbor_p3_aug__seed42,3208,1747,2800,70.97411119705066,101.92448877472677,0,0.64977,24.834411044139415,25.2536658430472,914.0224,0.0,320.79999999999995,37.5,val_clean,389,0.622107969151671,0.43752368216940574,0.6301124281656794,0.528886888950049,0.48769933703637347,0.9151670951156813,1.310512543936514,0.6567724998959662,0.33507539729684527,0.9165846499676745,,0.8020565552699229
source_b__polygarbor_p3_aug__seed42,polygarbor_p3_aug,source_b,42,complete,,runs/2026-09-12/source_b__polygarbor_p3_aug__seed42,3208,1747,2800,70.97411119705066,101.92448877472677,0,0.64977,24.834411044139415,25.2536658430472,914.0224,0.0,320.79999999999995,37.5,test_clean,1403,0.30648610121168923,0.3732854980484766,0.48334111085325504,0.308824426387353,0.23951005319065966,0.7712045616535994,1.3182699269938978,0.6902127763157493,0.24596224483099366,0.9307592700110068,0.0,0.902352102637206
source_b__polygarbor_p5__seed42,polygarbor_p5,source_b,42,complete,,runs/2026-09-12/source_b__polygarbor_p5__seed42,3208,1760,2800,25.765165102900937,105.87939138386699,0,0.648631,37.354902480728924,47.94021749985402,910.09024,0.0,296.76666666666665,16.0,train,3208,0.6168952618453866,0.5227900931637349,0.5375293651712041,0.5923233037659907,0.5528681541076064,0.7911471321695761,1.2273675044893224,0.6075217694011429,0.24417189719670654,0.9372901214753881,0.0,0.8294887780548629
source_b__polygarbor_p5__seed42,polygarbor_p5,source_b,42,complete,,runs/2026-09-12/source_b__polygarbor_p5__seed42,3208,1760,2800,25.765165102900937,105.87939138386699,0,0.648631,37.354902480728924,47.94021749985402,910.09024,0.0,296.76666666666665,16.0,val_clean,389,0.4498714652956298,0.3048799691309953,0.4543415316115182,0.3588743066802837,0.29429218131416324,0.8149100257069408,1.3157603945780685,0.6741496046988136,0.16074732115646123,0.886281437754258,,0.7043701799485861
source_b__polygarbor_p5__seed42,polygarbor_p5,source_b,42,complete,,runs/2026-09-12/source_b__polygarbor_p5__seed42,3208,1760,2800,25.765165102900937,105.87939138386699,0,0.648631,37.354902480728924,47.94021749985402,910.09024,0.0,296.76666666666665,16.0,test_clean,1403,0.2644333570919458,0.3230912562669641,0.4302324385910175,0.2605932448225518,0.19419915284657907,0.6856735566642908,1.4465811075770176,0.7453193322755153,0.2397890152346928,0.9141034257807293,0.0,0.9187455452601568
source_b__resnet18__seed42,resnet18,source_b,42,complete,,runs/2026-09-12/source_b__resnet18__seed42,3208,3208,3208,91.40260273299646,71.03736442787334,17,45.011183,3.347351448610425,4.766632482642308,3518.73024,3938.451456,69.50115207373273,79.90322580645162,train,3208,0.4884663341645885,0.3874038992800753,0.4562106064034198,0.45779756005273403,0.4133106874669841,0.6649002493765586,3.247962233549226,0.8567629181408162,0.3491090028047169,0.7486435980595239,0.0,1.0
source_b__resnet18__seed42,resnet18,source_b,42,complete,,runs/2026-09-12/source_b__resnet18__seed42,3208,3208,3208,91.40260273299646,71.03736442787334,17,45.011183,3.347351448610425,4.766632482642308,3518.73024,3938.451456,69.50115207373273,79.90322580645162,val_clean,389,0.7866323907455013,0.5251842645751162,0.7317188074107359,0.7026520754304325,0.6891954332800678,0.9305912596401028,0.5648163469470305,0.2928174759558345,0.055446638607139914,0.9787805827713002,,1.0
source_b__resnet18__seed42,resnet18,source_b,42,complete,,runs/2026-09-12/source_b__resnet18__seed42,3208,3208,3208,91.40260273299646,71.03736442787334,17,45.011183,3.347351448610425,4.766632482642308,3518.73024,3938.451456,69.50115207373273,79.90322580645162,test_clean,1403,0.3022095509622238,0.3443663410737261,0.4412821658243749,0.3482160873532301,0.2532576335836362,0.3998574483250178,14.424442522264865,1.2876147864732976,0.5919528242442685,0.6985247074854952,0.0,1.0
source_b__yolo11n__seed42,yolo11n,source_b,42,complete,,runs/2026-09-12/source_b__yolo11n__seed42,3208,3208,3208,216.75109322706703,337.4561987716243,21,3.203496,4.2129820212721825,5.580762570025399,3297.83296,710.934528,356.88418932527696,57.8147029204431,train,3208,0.9548004987531172,0.9515857557174605,0.9637251735658638,0.9480540926335626,0.9473732085326996,0.996571072319202,0.135400363440112,0.07103384132304068,0.00936313600148668,0.9985631281795121,0.9617782133192334,1.0
source_b__yolo11n__seed42,yolo11n,source_b,42,complete,,runs/2026-09-12/source_b__yolo11n__seed42,3208,3208,3208,216.75109322706703,337.4561987716243,21,3.203496,4.2129820212721825,5.580762570025399,3297.83296,710.934528,356.88418932527696,57.8147029204431,val_clean,389,0.6632390745501285,0.5377367503609713,0.8583404269160203,0.6526966284592322,0.5865529719116621,0.8431876606683805,1.065902403514592,0.5005396443224579,0.19056243338373394,0.9801337274517491,,1.0
source_b__yolo11n__seed42,yolo11n,source_b,42,complete,,runs/2026-09-12/source_b__yolo11n__seed42,3208,3208,3208,216.75109322706703,337.4561987716243,21,3.203496,4.2129820212721825,5.580762570025399,3297.83296,710.934528,356.88418932527696,57.8147029204431,test_clean,1403,0.8831076265146115,0.819058000261136,0.8475986404092111,0.8509656171679909,0.8496025539040966,0.9686386315039202,0.508523516276521,0.24596928282889255,0.14472213333132672,0.9839652186709402,0.8281557879584645,1.0
