run,method,scenario,seed,status,error,path,stage,seconds,cpu_seconds,samples,cpu_core_percent_mean,cpu_core_percent_peak,rss_mb_mean,rss_mb_peak,gpu_global_percent_mean,gpu_global_percent_peak,gpu_process_mb_mean,gpu_process_mb_peak
few100__polygarbor__seed42,polygarbor,few100,42,complete,,runs/2026-09-12/few100__polygarbor__seed42,read_data,0.015708905993960798,0.02000000000000013,0,,,,,,,,
few100__polygarbor__seed42,polygarbor,few100,42,complete,,runs/2026-09-12/few100__polygarbor__seed42,build_model,0.000308853923343122,1.1102230246251565e-16,0,,,,,,,,
few100__polygarbor__seed42,polygarbor,few100,42,complete,,runs/2026-09-12/few100__polygarbor__seed42,extract_features,4.252698034979403,4.259999999999999,21,100.22380952380952,104.6,394.7516099047619,394.756096,52.76190476190476,66.0,0.0,0.0
few100__polygarbor__seed42,polygarbor,few100,42,complete,,runs/2026-09-12/few100__polygarbor__seed42,fit,0.11415936099365354,0.45000000000000095,0,,,,,,,,
few100__polygarbor__seed42,polygarbor,few100,42,complete,,runs/2026-09-12/few100__polygarbor__seed42,save_model,0.005286285071633756,0.020000000000000795,0,,,,,,,,
few100__polygarbor__seed42,polygarbor,few100,42,complete,,runs/2026-09-12/few100__polygarbor__seed42,warmup,0.06155611097346991,0.23999999999999966,1,327.5,327.5,400.642048,400.642048,27.0,27.0,0.0,0.0
few100__polygarbor__seed42,polygarbor,few100,42,complete,,runs/2026-09-12/few100__polygarbor__seed42,evaluate_train,15.200239042984322,15.290000000000001,73,101.14520547945206,173.9,401.0643287671233,401.457152,41.43835616438356,71.0,0.0,0.0
few100__polygarbor__seed42,polygarbor,few100,42,complete,,runs/2026-09-12/few100__polygarbor__seed42,prepare_val_clean,0.005367928999476135,0.010000000000000009,0,,,,,,,,
few100__polygarbor__seed42,polygarbor,few100,42,complete,,runs/2026-09-12/few100__polygarbor__seed42,evaluate_val_clean,9.751897523063235,9.769999999999998,47,100.18936170212766,108.4,460.54892391489363,477.9008,38.5531914893617,74.0,0.0,0.0
few100__polygarbor__seed42,polygarbor,few100,42,complete,,runs/2026-09-12/few100__polygarbor__seed42,prepare_test_clean,0.005386853008531034,0.010000000000001452,0,,,,,,,,
few100__polygarbor__seed42,polygarbor,few100,42,complete,,runs/2026-09-12/few100__polygarbor__seed42,evaluate_test_clean,9.505611403961666,9.510000000000002,46,100.17608695652173,107.0,505.09191791304346,521.834496,52.84782608695652,78.0,0.0,0.0
few100__polygarbor__seed42,polygarbor,few100,42,complete,,runs/2026-09-12/few100__polygarbor__seed42,inference_batch1,0.947813818929717,0.9599999999999923,5,100.7,101.5,522.932224,522.932224,23.2,28.0,0.0,0.0
few100__polygarbor__seed42,polygarbor,few100,42,complete,,runs/2026-09-12/few100__polygarbor__seed42,explanations,0.00036443700082600117,-3.4416913763379853e-15,0,,,,,,,,
few100__polygarbor__seed43,polygarbor,few100,43,complete,,runs/2026-09-12/few100__polygarbor__seed43,read_data,0.018110773991793394,0.01000000000000012,0,,,,,,,,
few100__polygarbor__seed43,polygarbor,few100,43,complete,,runs/2026-09-12/few100__polygarbor__seed43,build_model,0.00028663198463618755,1.1102230246251565e-16,0,,,,,,,,
few100__polygarbor__seed43,polygarbor,few100,43,complete,,runs/2026-09-12/few100__polygarbor__seed43,extract_features,4.645922157913446,4.670000000000001,23,100.1304347826087,104.6,395.2967680000001,395.300864,39.130434782608695,60.0,0.0,0.0
few100__polygarbor__seed43,polygarbor,few100,43,complete,,runs/2026-09-12/few100__polygarbor__seed43,fit,0.16908512404188514,0.6599999999999996,1,333.6,333.6,400.666624,400.666624,44.0,44.0,0.0,0.0
few100__polygarbor__seed43,polygarbor,few100,43,complete,,runs/2026-09-12/few100__polygarbor__seed43,save_model,0.00704478204715997,0.030000000000000193,0,,,,,,,,
few100__polygarbor__seed43,polygarbor,few100,43,complete,,runs/2026-09-12/few100__polygarbor__seed43,warmup,0.07845813001040369,0.30999999999999955,0,,,,,,,,
few100__polygarbor__seed43,polygarbor,few100,43,complete,,runs/2026-09-12/few100__polygarbor__seed43,evaluate_train,19.265952244983055,19.319999999999997,93,101.8279569892473,247.0,402.54774503225815,402.927616,47.02150537634409,68.0,0.0,0.0
few100__polygarbor__seed43,polygarbor,few100,43,complete,,runs/2026-09-12/few100__polygarbor__seed43,prepare_val_clean,0.0054105729795992374,1.1102230246251565e-15,0,,,,,,,,
few100__polygarbor__seed43,polygarbor,few100,43,complete,,runs/2026-09-12/few100__polygarbor__seed43,evaluate_val_clean,11.703720313031226,11.730000000000002,57,100.2701754385965,113.1,462.4134647017543,479.567872,53.45614035087719,73.0,0.0,0.0
few100__polygarbor__seed43,polygarbor,few100,43,complete,,runs/2026-09-12/few100__polygarbor__seed43,prepare_test_clean,0.006507899961434305,0.01000000000000656,0,,,,,,,,
few100__polygarbor__seed43,polygarbor,few100,43,complete,,runs/2026-09-12/few100__polygarbor__seed43,evaluate_test_clean,12.167239509988576,12.189999999999992,59,100.3,114.5,506.61674522033894,523.411456,55.186440677966104,70.0,0.0,0.0
few100__polygarbor__seed43,polygarbor,few100,43,complete,,runs/2026-09-12/few100__polygarbor__seed43,inference_batch1,1.1790947689441964,1.1799999999999993,5,101.16,105.5,524.26752,524.26752,47.6,50.0,0.0,0.0
few100__polygarbor__seed43,polygarbor,few100,43,complete,,runs/2026-09-12/few100__polygarbor__seed43,explanations,0.0003705809358507395,-3.3306690738754696e-16,0,,,,,,,,
few100__polygarbor_aug__seed42,polygarbor_aug,few100,42,complete,,runs/2026-09-12/few100__polygarbor_aug__seed42,read_data,0.01619193097576499,0.01000000000000012,0,,,,,,,,
few100__polygarbor_aug__seed42,polygarbor_aug,few100,42,complete,,runs/2026-09-12/few100__polygarbor_aug__seed42,build_model,0.00027498602867126465,1.1102230246251565e-16,0,,,,,,,,
few100__polygarbor_aug__seed42,polygarbor_aug,few100,42,complete,,runs/2026-09-12/few100__polygarbor_aug__seed42,extract_features,14.88015128299594,14.94,74,100.29729729729732,104.6,398.0671584864865,398.675968,32.7972972972973,61.0,0.0,0.0
few100__polygarbor_aug__seed42,polygarbor_aug,few100,42,complete,,runs/2026-09-12/few100__polygarbor_aug__seed42,fit,0.3279402049956843,1.2899999999999994,1,349.0,349.0,429.981696,429.981696,23.0,23.0,0.0,0.0
few100__polygarbor_aug__seed42,polygarbor_aug,few100,42,complete,,runs/2026-09-12/few100__polygarbor_aug__seed42,save_model,0.01418114302214235,0.06999999999999962,0,,,,,,,,
few100__polygarbor_aug__seed42,polygarbor_aug,few100,42,complete,,runs/2026-09-12/few100__polygarbor_aug__seed42,warmup,0.056417003041133285,0.2200000000000033,1,400.4,400.4,434.62656,434.62656,34.0,34.0,0.0,0.0
few100__polygarbor_aug__seed42,polygarbor_aug,few100,42,complete,,runs/2026-09-12/few100__polygarbor_aug__seed42,evaluate_train,14.25698371999897,14.329999999999995,69,101.1231884057971,158.4,434.6869908405798,434.868224,32.63768115942029,58.0,0.0,0.0
few100__polygarbor_aug__seed42,polygarbor_aug,few100,42,complete,,runs/2026-09-12/few100__polygarbor_aug__seed42,prepare_val_clean,0.004504104959778488,0.010000000000002895,0,,,,,,,,
few100__polygarbor_aug__seed42,polygarbor_aug,few100,42,complete,,runs/2026-09-12/few100__polygarbor_aug__seed42,evaluate_val_clean,9.21119100798387,9.239999999999997,45,100.34888888888888,104.6,471.4769066666666,488.251392,45.17777777777778,55.0,0.0,0.0
few100__polygarbor_aug__seed42,polygarbor_aug,few100,42,complete,,runs/2026-09-12/few100__polygarbor_aug__seed42,prepare_test_clean,0.004875037935562432,0.009999999999994902,0,,,,,,,,
few100__polygarbor_aug__seed42,polygarbor_aug,few100,42,complete,,runs/2026-09-12/few100__polygarbor_aug__seed42,evaluate_test_clean,9.166636805050075,9.200000000000006,45,100.21333333333334,105.2,510.98765084444443,527.634432,46.666666666666664,63.0,0.0,0.0
few100__polygarbor_aug__seed42,polygarbor_aug,few100,42,complete,,runs/2026-09-12/few100__polygarbor_aug__seed42,inference_batch1,0.9340201419545338,0.9299999999999988,5,100.12,103.4,520.82688,520.82688,49.2,52.0,0.0,0.0
few100__polygarbor_aug__seed42,polygarbor_aug,few100,42,complete,,runs/2026-09-12/few100__polygarbor_aug__seed42,explanations,0.0003550120163708925,-8.881784197001252e-16,0,,,,,,,,
few100__polygarbor_aug__seed43,polygarbor_aug,few100,43,complete,,runs/2026-09-12/few100__polygarbor_aug__seed43,read_data,0.015797334956005216,0.019999999999999962,0,,,,,,,,
few100__polygarbor_aug__seed43,polygarbor_aug,few100,43,complete,,runs/2026-09-12/few100__polygarbor_aug__seed43,build_model,0.00027822295669466257,-5.551115123125783e-17,0,,,,,,,,
few100__polygarbor_aug__seed43,polygarbor_aug,few100,43,complete,,runs/2026-09-12/few100__polygarbor_aug__seed43,extract_features,15.369825746980496,15.41,76,100.33289473684214,104.6,396.4671461052631,397.029376,39.46052631578947,67.0,0.0,0.0
few100__polygarbor_aug__seed43,polygarbor_aug,few100,43,complete,,runs/2026-09-12/few100__polygarbor_aug__seed43,fit,0.37422498397063464,1.4899999999999975,2,306.29999999999995,393.4,429.78713600000003,434.54464,34.0,34.0,0.0,0.0
few100__polygarbor_aug__seed43,polygarbor_aug,few100,43,complete,,runs/2026-09-12/few100__polygarbor_aug__seed43,save_model,0.014432372059673071,0.06000000000000205,0,,,,,,,,
few100__polygarbor_aug__seed43,polygarbor_aug,few100,43,complete,,runs/2026-09-12/few100__polygarbor_aug__seed43,warmup,0.07029327098280191,0.27999999999999736,0,,,,,,,,
few100__polygarbor_aug__seed43,polygarbor_aug,few100,43,complete,,runs/2026-09-12/few100__polygarbor_aug__seed43,evaluate_train,15.158815291943029,15.2,74,103.91351351351351,359.1,422.1733362162162,422.494208,36.391891891891895,39.0,0.0,0.0
few100__polygarbor_aug__seed43,polygarbor_aug,few100,43,complete,,runs/2026-09-12/few100__polygarbor_aug__seed43,prepare_val_clean,0.004477062961086631,0.010000000000000009,0,,,,,,,,
few100__polygarbor_aug__seed43,polygarbor_aug,few100,43,complete,,runs/2026-09-12/few100__polygarbor_aug__seed43,evaluate_val_clean,9.513820481020957,9.540000000000001,46,100.30869565217391,105.9,470.2137655652173,486.785024,38.73913043478261,44.0,0.0,0.0
few100__polygarbor_aug__seed43,polygarbor_aug,few100,43,complete,,runs/2026-09-12/few100__polygarbor_aug__seed43,prepare_test_clean,0.004219524096697569,0.009999999999995124,0,,,,,,,,
few100__polygarbor_aug__seed43,polygarbor_aug,few100,43,complete,,runs/2026-09-12/few100__polygarbor_aug__seed43,evaluate_test_clean,9.501587691018358,9.52,46,100.31086956521742,104.6,531.0210226086956,547.422208,39.30434782608695,44.0,0.0,0.0
few100__polygarbor_aug__seed43,polygarbor_aug,few100,43,complete,,runs/2026-09-12/few100__polygarbor_aug__seed43,inference_batch1,0.9510724099818617,0.9500000000000062,5,100.16,103.8,525.242368,525.242368,36.0,36.0,0.0,0.0
few100__polygarbor_aug__seed43,polygarbor_aug,few100,43,complete,,runs/2026-09-12/few100__polygarbor_aug__seed43,explanations,0.0003386669559404254,3.3306690738754696e-15,0,,,,,,,,
few100__polygarbor_p3__seed42,polygarbor_p3,few100,42,complete,,runs/2026-09-12/few100__polygarbor_p3__seed42,read_data,0.01556958700530231,0.009999999999999953,0,,,,,,,,
few100__polygarbor_p3__seed42,polygarbor_p3,few100,42,complete,,runs/2026-09-12/few100__polygarbor_p3__seed42,build_model,0.00039428507443517447,-5.551115123125783e-17,0,,,,,,,,
few100__polygarbor_p3__seed42,polygarbor_p3,few100,42,complete,,runs/2026-09-12/few100__polygarbor_p3__seed42,extract_features,4.9440734720556065,4.970000000000001,24,100.52499999999999,104.6,397.5616853333333,398.09024,31.75,55.0,0.0,0.0
few100__polygarbor_p3__seed42,polygarbor_p3,few100,42,complete,,runs/2026-09-12/few100__polygarbor_p3__seed42,fit,0.45426617097109556,1.7999999999999994,2,293.3,402.6,435.959808,451.149824,35.0,48.0,0.0,0.0
few100__polygarbor_p3__seed42,polygarbor_p3,few100,42,complete,,runs/2026-09-12/few100__polygarbor_p3__seed42,save_model,0.014846554026007652,0.07000000000000128,1,403.0,403.0,454.742016,454.742016,22.0,22.0,0.0,0.0
few100__polygarbor_p3__seed42,polygarbor_p3,few100,42,complete,,runs/2026-09-12/few100__polygarbor_p3__seed42,warmup,0.09590027201920748,0.3799999999999998,0,,,,,,,,
few100__polygarbor_p3__seed42,polygarbor_p3,few100,42,complete,,runs/2026-09-12/few100__polygarbor_p3__seed42,evaluate_train,25.379941472085193,101.57000000000001,124,400.20403225806456,424.3,455.10411561290323,455.548928,27.951612903225808,70.0,0.0,0.0
few100__polygarbor_p3__seed42,polygarbor_p3,few100,42,complete,,runs/2026-09-12/few100__polygarbor_p3__seed42,prepare_val_clean,0.004449755069799721,6.217248937900877e-15,0,,,,,,,,
few100__polygarbor_p3__seed42,polygarbor_p3,few100,42,complete,,runs/2026-09-12/few100__polygarbor_p3__seed42,evaluate_val_clean,15.376372936996631,61.50000000000001,76,396.4526315789473,417.9,502.6456522105263,519.974912,35.21052631578947,56.0,0.0,0.0
few100__polygarbor_p3__seed42,polygarbor_p3,few100,42,complete,,runs/2026-09-12/few100__polygarbor_p3__seed42,prepare_test_clean,0.004614906967617571,4.551914400963142e-15,0,,,,,,,,
few100__polygarbor_p3__seed42,polygarbor_p3,few100,42,complete,,runs/2026-09-12/few100__polygarbor_p3__seed42,evaluate_test_clean,16.202484907000326,64.81,79,398.8822784810127,408.8,538.0327242531646,555.143168,36.0,66.0,0.0,0.0
few100__polygarbor_p3__seed42,polygarbor_p3,few100,42,complete,,runs/2026-09-12/few100__polygarbor_p3__seed42,inference_batch1,1.5227708210004494,6.059999999999981,8,365.17499999999995,404.2,555.450368,555.450368,36.0,66.0,0.0,0.0
few100__polygarbor_p3__seed42,polygarbor_p3,few100,42,complete,,runs/2026-09-12/few100__polygarbor_p3__seed42,explanations,0.00033795402850955725,-2.220446049250313e-15,0,,,,,,,,
few100__polygarbor_p3__seed43,polygarbor_p3,few100,43,complete,,runs/2026-09-12/few100__polygarbor_p3__seed43,read_data,0.015966971986927092,0.02000000000000013,0,,,,,,,,
few100__polygarbor_p3__seed43,polygarbor_p3,few100,43,complete,,runs/2026-09-12/few100__polygarbor_p3__seed43,build_model,0.00026861601509153843,1.1102230246251565e-16,0,,,,,,,,
few100__polygarbor_p3__seed43,polygarbor_p3,few100,43,complete,,runs/2026-09-12/few100__polygarbor_p3__seed43,extract_features,4.965688570984639,4.99,24,100.34166666666665,104.6,396.15829333333335,396.754944,37.0,43.0,0.0,0.0
few100__polygarbor_p3__seed43,polygarbor_p3,few100,43,complete,,runs/2026-09-12/few100__polygarbor_p3__seed43,fit,0.5427535440539941,2.149999999999999,3,322.43333333333334,408.2,462.843904,483.958784,33.333333333333336,40.0,0.0,0.0
few100__polygarbor_p3__seed43,polygarbor_p3,few100,43,complete,,runs/2026-09-12/few100__polygarbor_p3__seed43,save_model,0.016124865040183067,0.06999999999999973,0,,,,,,,,
few100__polygarbor_p3__seed43,polygarbor_p3,few100,43,complete,,runs/2026-09-12/few100__polygarbor_p3__seed43,warmup,0.09653769002761692,0.3899999999999998,0,,,,,,,,
few100__polygarbor_p3__seed43,polygarbor_p3,few100,43,complete,,runs/2026-09-12/few100__polygarbor_p3__seed43,evaluate_train,25.582762276986614,102.37,126,400.1539682539682,413.4,483.08048457142866,483.08224,34.23015873015873,61.0,0.0,0.0
few100__polygarbor_p3__seed43,polygarbor_p3,few100,43,complete,,runs/2026-09-12/few100__polygarbor_p3__seed43,prepare_val_clean,0.004821646958589554,0.010000000000004006,0,,,,,,,,
few100__polygarbor_p3__seed43,polygarbor_p3,few100,43,complete,,runs/2026-09-12/few100__polygarbor_p3__seed43,evaluate_val_clean,17.302212299895473,69.20000000000002,85,397.7494117647058,409.0,531.2044092235295,547.30752,35.63529411764706,47.0,0.0,0.0
few100__polygarbor_p3__seed43,polygarbor_p3,few100,43,complete,,runs/2026-09-12/few100__polygarbor_p3__seed43,prepare_test_clean,0.004712068010121584,2.220446049250313e-15,0,,,,,,,,
few100__polygarbor_p3__seed43,polygarbor_p3,few100,43,complete,,runs/2026-09-12/few100__polygarbor_p3__seed43,evaluate_test_clean,16.05718883499503,64.21999999999997,78,398.97948717948714,411.2,565.4373087179486,582.377472,30.102564102564102,38.0,0.0,0.0
few100__polygarbor_p3__seed43,polygarbor_p3,few100,43,complete,,runs/2026-09-12/few100__polygarbor_p3__seed43,inference_batch1,1.584055026061833,6.299999999999988,7,392.2857142857143,401.5,582.725632,582.725632,36.714285714285715,38.0,0.0,0.0
few100__polygarbor_p3__seed43,polygarbor_p3,few100,43,complete,,runs/2026-09-12/few100__polygarbor_p3__seed43,explanations,0.00034687190782278776,5.662137425588298e-15,0,,,,,,,,
few100__polygarbor_p3_aug__seed42,polygarbor_p3_aug,few100,42,complete,,runs/2026-09-12/few100__polygarbor_p3_aug__seed42,read_data,0.016860993928276002,0.019999999999999962,0,,,,,,,,
few100__polygarbor_p3_aug__seed42,polygarbor_p3_aug,few100,42,complete,,runs/2026-09-12/few100__polygarbor_p3_aug__seed42,build_model,0.0002996979746967554,-5.551115123125783e-17,0,,,,,,,,
few100__polygarbor_p3_aug__seed42,polygarbor_p3_aug,few100,42,complete,,runs/2026-09-12/few100__polygarbor_p3_aug__seed42,extract_features,19.604999789968133,19.67,97,100.29484536082475,104.6,399.6138253195877,401.436672,35.71134020618557,59.0,0.0,0.0
few100__polygarbor_p3_aug__seed42,polygarbor_p3_aug,few100,42,complete,,runs/2026-09-12/few100__polygarbor_p3_aug__seed42,fit,0.4413895739708096,1.749999999999996,2,298.7,398.3,441.39520000000005,454.443008,27.5,35.0,0.0,0.0
few100__polygarbor_p3_aug__seed42,polygarbor_p3_aug,few100,42,complete,,runs/2026-09-12/few100__polygarbor_p3_aug__seed42,save_model,0.017596702091395855,0.06999999999999873,0,,,,,,,,
few100__polygarbor_p3_aug__seed42,polygarbor_p3_aug,few100,42,complete,,runs/2026-09-12/few100__polygarbor_p3_aug__seed42,warmup,0.11167678504716605,0.44999999999999774,1,400.9,400.9,466.907136,466.907136,35.0,35.0,0.0,0.0
few100__polygarbor_p3_aug__seed42,polygarbor_p3_aug,few100,42,complete,,runs/2026-09-12/few100__polygarbor_p3_aug__seed42,evaluate_train,25.33288530400023,101.39,124,400.2572580645161,412.0,466.9709873548387,466.972672,34.556451612903224,64.0,0.0,0.0
few100__polygarbor_p3_aug__seed42,polygarbor_p3_aug,few100,42,complete,,runs/2026-09-12/few100__polygarbor_p3_aug__seed42,prepare_val_clean,0.0047138630179688334,0.009999999999994347,0,,,,,,,,
few100__polygarbor_p3_aug__seed42,polygarbor_p3_aug,few100,42,complete,,runs/2026-09-12/few100__polygarbor_p3_aug__seed42,evaluate_val_clean,15.51741614495404,62.06000000000002,76,396.146052631579,407.5,513.0670618947369,530.300928,24.42105263157895,51.0,0.0,0.0
few100__polygarbor_p3_aug__seed42,polygarbor_p3_aug,few100,42,complete,,runs/2026-09-12/few100__polygarbor_p3_aug__seed42,prepare_test_clean,0.004739500000141561,-3.4416913763379853e-15,0,,,,,,,,
few100__polygarbor_p3_aug__seed42,polygarbor_p3_aug,few100,42,complete,,runs/2026-09-12/few100__polygarbor_p3_aug__seed42,evaluate_test_clean,15.51289471599739,62.03,76,399.25,408.2,549.2769414736842,565.94432,33.23684210526316,40.0,0.0,0.0
few100__polygarbor_p3_aug__seed42,polygarbor_p3_aug,few100,42,complete,,runs/2026-09-12/few100__polygarbor_p3_aug__seed42,inference_batch1,1.5266638780012727,6.070000000000039,8,376.625,402.3,565.972992,565.972992,33.625,35.0,0.0,0.0
few100__polygarbor_p3_aug__seed42,polygarbor_p3_aug,few100,42,complete,,runs/2026-09-12/few100__polygarbor_p3_aug__seed42,explanations,0.0003736009821295738,1.8207657603852567e-14,0,,,,,,,,
few100__polygarbor_p3_aug__seed43,polygarbor_p3_aug,few100,43,complete,,runs/2026-09-12/few100__polygarbor_p3_aug__seed43,read_data,0.015937713906168938,0.019999999999999907,0,,,,,,,,
few100__polygarbor_p3_aug__seed43,polygarbor_p3_aug,few100,43,complete,,runs/2026-09-12/few100__polygarbor_p3_aug__seed43,build_model,0.00032572890631854534,-5.551115123125783e-17,0,,,,,,,,
few100__polygarbor_p3_aug__seed43,polygarbor_p3_aug,few100,43,complete,,runs/2026-09-12/few100__polygarbor_p3_aug__seed43,extract_features,20.834839513991028,20.88,103,100.25436893203886,109.3,397.97348411650484,399.876096,36.75728155339806,57.0,0.0,0.0
few100__polygarbor_p3_aug__seed43,polygarbor_p3_aug,few100,43,complete,,runs/2026-09-12/few100__polygarbor_p3_aug__seed43,fit,0.4851621879497543,1.9300000000000013,3,322.43333333333334,403.3,455.52025599999996,472.784896,39.0,39.0,0.0,0.0
few100__polygarbor_p3_aug__seed43,polygarbor_p3_aug,few100,43,complete,,runs/2026-09-12/few100__polygarbor_p3_aug__seed43,save_model,0.015071311965584755,0.06000000000000094,0,,,,,,,,
few100__polygarbor_p3_aug__seed43,polygarbor_p3_aug,few100,43,complete,,runs/2026-09-12/few100__polygarbor_p3_aug__seed43,warmup,0.09957359195686877,0.39999999999999725,0,,,,,,,,
few100__polygarbor_p3_aug__seed43,polygarbor_p3_aug,few100,43,complete,,runs/2026-09-12/few100__polygarbor_p3_aug__seed43,evaluate_train,27.160567201091908,108.63999999999999,133,400.01203007518797,412.4,472.88560216541345,472.887296,38.962406015037594,43.0,0.0,0.0
few100__polygarbor_p3_aug__seed43,polygarbor_p3_aug,few100,43,complete,,runs/2026-09-12/few100__polygarbor_p3_aug__seed43,prepare_val_clean,0.005057199974544346,6.772360450213455e-15,0,,,,,,,,
few100__polygarbor_p3_aug__seed43,polygarbor_p3_aug,few100,43,complete,,runs/2026-09-12/few100__polygarbor_p3_aug__seed43,evaluate_val_clean,16.813216394977644,67.25,82,398.3939024390244,408.1,519.3611613658537,536.117248,38.3780487804878,45.0,0.0,0.0
few100__polygarbor_p3_aug__seed43,polygarbor_p3_aug,few100,43,complete,,runs/2026-09-12/few100__polygarbor_p3_aug__seed43,prepare_test_clean,0.004858236061409116,0.009999999999990905,0,,,,,,,,
few100__polygarbor_p3_aug__seed43,polygarbor_p3_aug,few100,43,complete,,runs/2026-09-12/few100__polygarbor_p3_aug__seed43,evaluate_test_clean,16.694657225976698,66.72999999999999,82,399.340243902439,408.2,555.5886329756097,571.82208,38.03658536585366,42.0,0.0,0.0
few100__polygarbor_p3_aug__seed43,polygarbor_p3_aug,few100,43,complete,,runs/2026-09-12/few100__polygarbor_p3_aug__seed43,inference_batch1,1.5522726019844413,6.17,8,374.1875,407.5,571.846656,571.846656,42.0,42.0,0.0,0.0
few100__polygarbor_p3_aug__seed43,polygarbor_p3_aug,few100,43,complete,,runs/2026-09-12/few100__polygarbor_p3_aug__seed43,explanations,0.0003716748906299472,-2.5091040356528538e-14,0,,,,,,,,
few100__polygarbor_p5__seed42,polygarbor_p5,few100,42,complete,,runs/2026-09-12/few100__polygarbor_p5__seed42,read_data,0.016238173004239798,0.019999999999999907,0,,,,,,,,
few100__polygarbor_p5__seed42,polygarbor_p5,few100,42,complete,,runs/2026-09-12/few100__polygarbor_p5__seed42,build_model,0.0002969170454889536,-5.551115123125783e-17,0,,,,,,,,
few100__polygarbor_p5__seed42,polygarbor_p5,few100,42,complete,,runs/2026-09-12/few100__polygarbor_p5__seed42,extract_features,6.931939847068861,6.949999999999998,34,100.22941176470589,104.6,398.5671830588235,399.704064,42.470588235294116,74.0,0.0,0.0
few100__polygarbor_p5__seed42,polygarbor_p5,few100,42,complete,,runs/2026-09-12/few100__polygarbor_p5__seed42,fit,0.544762569013983,2.170000000000001,3,341.3333333333333,402.8,444.31223466666665,460.341248,68.0,68.0,0.0,0.0
few100__polygarbor_p5__seed42,polygarbor_p5,few100,42,complete,,runs/2026-09-12/few100__polygarbor_p5__seed42,save_model,0.01611189392860979,0.05999999999999839,0,,,,,,,,
few100__polygarbor_p5__seed42,polygarbor_p5,few100,42,complete,,runs/2026-09-12/few100__polygarbor_p5__seed42,warmup,0.1311971090035513,0.5300000000000008,1,402.5,402.5,453.767168,453.767168,68.0,68.0,0.0,0.0
few100__polygarbor_p5__seed42,polygarbor_p5,few100,42,complete,,runs/2026-09-12/few100__polygarbor_p5__seed42,evaluate_train,31.824340626015328,127.35000000000002,155,400.17354838709673,412.4,453.7777911741936,453.779456,32.81290322580645,77.0,0.0,0.0
few100__polygarbor_p5__seed42,polygarbor_p5,few100,42,complete,,runs/2026-09-12/few100__polygarbor_p5__seed42,prepare_val_clean,0.004503078060224652,-1.021405182655144e-14,0,,,,,,,,
few100__polygarbor_p5__seed42,polygarbor_p5,few100,42,complete,,runs/2026-09-12/few100__polygarbor_p5__seed42,evaluate_val_clean,19.284565959009342,77.14,95,399.0536842105262,407.2,501.8739550315789,519.000064,31.568421052631578,58.0,0.0,0.0
few100__polygarbor_p5__seed42,polygarbor_p5,few100,42,complete,,runs/2026-09-12/few100__polygarbor_p5__seed42,prepare_test_clean,0.004584835027344525,2.220446049250313e-15,0,,,,,,,,
few100__polygarbor_p5__seed42,polygarbor_p5,few100,42,complete,,runs/2026-09-12/few100__polygarbor_p5__seed42,evaluate_test_clean,19.82116412301548,79.30999999999997,97,399.39175257731966,408.2,541.5721487835052,557.89568,32.51546391752577,50.0,0.0,0.0
few100__polygarbor_p5__seed42,polygarbor_p5,few100,42,complete,,runs/2026-09-12/few100__polygarbor_p5__seed42,inference_batch1,1.9914491929812357,7.9299999999999455,10,371.96,406.9,557.969408,557.969408,30.6,33.0,0.0,0.0
few100__polygarbor_p5__seed42,polygarbor_p5,few100,42,complete,,runs/2026-09-12/few100__polygarbor_p5__seed42,explanations,0.0004006349481642246,-1.3655743202889425e-14,0,,,,,,,,
few100__polygarbor_p5__seed43,polygarbor_p5,few100,43,complete,,runs/2026-09-12/few100__polygarbor_p5__seed43,read_data,0.017484746989794075,0.019999999999999962,0,,,,,,,,
few100__polygarbor_p5__seed43,polygarbor_p5,few100,43,complete,,runs/2026-09-12/few100__polygarbor_p5__seed43,build_model,0.00028840696904808283,-5.551115123125783e-17,0,,,,,,,,
few100__polygarbor_p5__seed43,polygarbor_p5,few100,43,complete,,runs/2026-09-12/few100__polygarbor_p5__seed43,extract_features,6.947887041023932,6.97,34,100.36764705882354,104.6,396.7731350588235,397.930496,38.6764705882353,41.0,0.0,0.0
few100__polygarbor_p5__seed43,polygarbor_p5,few100,43,complete,,runs/2026-09-12/few100__polygarbor_p5__seed43,fit,0.5335262839216739,2.1199999999999988,3,330.2,414.9,444.16204799999997,456.912896,37.0,37.0,0.0,0.0
few100__polygarbor_p5__seed43,polygarbor_p5,few100,43,complete,,runs/2026-09-12/few100__polygarbor_p5__seed43,save_model,0.013253818964585662,0.06000000000000061,0,,,,,,,,
few100__polygarbor_p5__seed43,polygarbor_p5,few100,43,complete,,runs/2026-09-12/few100__polygarbor_p5__seed43,warmup,0.11498207703698426,0.46000000000000096,0,,,,,,,,
few100__polygarbor_p5__seed43,polygarbor_p5,few100,43,complete,,runs/2026-09-12/few100__polygarbor_p5__seed43,evaluate_train,32.66555719601456,130.70999999999998,161,400.1527950310559,407.0,456.97258057142864,456.974336,35.63354037267081,42.0,0.0,0.0
few100__polygarbor_p5__seed43,polygarbor_p5,few100,43,complete,,runs/2026-09-12/few100__polygarbor_p5__seed43,prepare_val_clean,0.004948609042912722,0.009999999999998899,0,,,,,,,,
few100__polygarbor_p5__seed43,polygarbor_p5,few100,43,complete,,runs/2026-09-12/few100__polygarbor_p5__seed43,evaluate_val_clean,20.36605003394652,81.45,100,397.55699999999996,407.9,504.43091967999993,521.736192,36.81,43.0,0.0,0.0
few100__polygarbor_p5__seed43,polygarbor_p5,few100,43,complete,,runs/2026-09-12/few100__polygarbor_p5__seed43,prepare_test_clean,0.004764219978824258,1.1324274851176597e-14,0,,,,,,,,
few100__polygarbor_p5__seed43,polygarbor_p5,few100,43,complete,,runs/2026-09-12/few100__polygarbor_p5__seed43,evaluate_test_clean,19.914993301965296,79.65000000000002,98,397.64285714285717,406.9,543.5959170612244,560.738304,37.51020408163265,42.0,0.0,0.0
few100__polygarbor_p5__seed43,polygarbor_p5,few100,43,complete,,runs/2026-09-12/few100__polygarbor_p5__seed43,inference_batch1,2.0417804319877177,8.129999999999981,10,374.33,403.2,561.0250240000001,561.025024,38.9,40.0,0.0,0.0
few100__polygarbor_p5__seed43,polygarbor_p5,few100,43,complete,,runs/2026-09-12/few100__polygarbor_p5__seed43,explanations,0.0003759110113605857,-2.275957200481571e-14,0,,,,,,,,
few100__resnet18__seed42,resnet18,few100,42,complete,,runs/2026-09-12/few100__resnet18__seed42,read_data,0.016352356993593276,0.019999999999999907,0,,,,,,,,
few100__resnet18__seed42,resnet18,few100,42,complete,,runs/2026-09-12/few100__resnet18__seed42,build_model,2.858032729011029,2.9500000000000006,13,103.16153846153846,125.8,980.353339076923,1273.93792,26.46153846153846,35.0,51.46088369230769,266.338304
few100__resnet18__seed42,resnet18,few100,42,complete,,runs/2026-09-12/few100__resnet18__seed42,prepare_pipeline,1.0847078820224851,1.1700000000000002,5,108.3,119.3,1343.7157376,1348.718592,13.4,15.0,400.556032,400.556032
few100__resnet18__seed42,resnet18,few100,42,complete,,runs/2026-09-12/few100__resnet18__seed42,fit,61.45571497804485,47.550000000000004,304,77.22467105263159,584.4,2534.207730526316,2704.986112,71.48026315789474,98.0,3688.441963789474,4095.737856
few100__resnet18__seed42,resnet18,few100,42,complete,,runs/2026-09-12/few100__resnet18__seed42,save_model,0.20283703098539263,0.21000000000000085,1,114.3,114.3,2456.567808,2456.567808,62.0,62.0,4095.737856,4095.737856
few100__resnet18__seed42,resnet18,few100,42,complete,,runs/2026-09-12/few100__resnet18__seed42,warmup,0.5878991819918156,0.5800000000000001,3,99.03333333333335,103.8,2475.347968,2508.599296,62.0,62.0,4095.737856,4095.737856
few100__resnet18__seed42,resnet18,few100,42,complete,,runs/2026-09-12/few100__resnet18__seed42,evaluate_train,1.091956307995133,1.0699999999999985,6,98.5,99.4,2539.577344,2544.037888,60.166666666666664,65.0,4095.737856,4095.737856
few100__resnet18__seed42,resnet18,few100,42,complete,,runs/2026-09-12/few100__resnet18__seed42,prepare_val_clean,0.007885636994615197,0.010000000000004228,0,,,,,,,,
few100__resnet18__seed42,resnet18,few100,42,complete,,runs/2026-09-12/few100__resnet18__seed42,evaluate_val_clean,0.7411593249998987,0.729999999999996,4,96.625,99.2,2564.169728,2564.235264,50.75,86.0,4095.737856,4095.737856
few100__resnet18__seed42,resnet18,few100,42,complete,,runs/2026-09-12/few100__resnet18__seed42,prepare_test_clean,0.005486379959620535,3.552713678800501e-15,0,,,,,,,,
few100__resnet18__seed42,resnet18,few100,42,complete,,runs/2026-09-12/few100__resnet18__seed42,evaluate_test_clean,0.4372991470154375,0.43000000000000327,3,100.63333333333333,109.0,2586.1952853333332,2601.885696,86.0,86.0,4095.737856,4095.737856
few100__resnet18__seed42,resnet18,few100,42,complete,,runs/2026-09-12/few100__resnet18__seed42,inference_batch1,0.19469663698691875,0.2000000000000055,1,97.7,97.7,2607.845376,2607.845376,35.0,35.0,4095.737856,4095.737856
few100__resnet18__seed42,resnet18,few100,42,complete,,runs/2026-09-12/few100__resnet18__seed42,explanations,0.19249105697963387,0.1999999999999984,1,104.0,104.0,2608.615424,2608.615424,35.0,35.0,4095.737856,4095.737856
few100__resnet18__seed43,resnet18,few100,43,complete,,runs/2026-09-12/few100__resnet18__seed43,read_data,0.016628243029117584,0.019999999999999907,0,,,,,,,,
few100__resnet18__seed43,resnet18,few100,43,complete,,runs/2026-09-12/few100__resnet18__seed43,build_model,3.404089306946844,3.49,15,103.1,133.0,992.1677994666667,1274.671104,47.53333333333333,55.0,53.687091200000005,266.338304
few100__resnet18__seed43,resnet18,few100,43,complete,,runs/2026-09-12/few100__resnet18__seed43,prepare_pipeline,1.1971871999558061,1.2900000000000003,5,109.06000000000002,129.3,1345.7793024,1349.9392,52.6,55.0,400.556032,400.556032
few100__resnet18__seed43,resnet18,few100,43,complete,,runs/2026-09-12/few100__resnet18__seed43,fit,94.23783813801128,69.98,467,74.18715203426125,1098.6,2513.0906959486083,2702.45888,81.82655246252676,100.0,3544.308128616703,3886.022656
few100__resnet18__seed43,resnet18,few100,43,complete,,runs/2026-09-12/few100__resnet18__seed43,save_model,0.19807470496743917,0.20999999999999375,1,104.3,104.3,2527.842304,2527.842304,80.0,80.0,3886.022656,3886.022656
few100__resnet18__seed43,resnet18,few100,43,complete,,runs/2026-09-12/few100__resnet18__seed43,warmup,0.6039644969860092,0.5900000000000007,3,97.33333333333333,103.3,2528.613717333333,2555.928576,80.0,80.0,3886.0226559999996,3886.022656
few100__resnet18__seed43,resnet18,few100,43,complete,,runs/2026-09-12/few100__resnet18__seed43,evaluate_train,0.9497784200357273,0.9400000000000013,5,99.22,104.3,2584.825856,2590.162944,67.0,67.0,3886.022656,3886.022656
few100__resnet18__seed43,resnet18,few100,43,complete,,runs/2026-09-12/few100__resnet18__seed43,prepare_val_clean,0.005947508034296334,0.009999999999996234,0,,,,,,,,
few100__resnet18__seed43,resnet18,few100,43,complete,,runs/2026-09-12/few100__resnet18__seed43,evaluate_val_clean,0.6713283350691199,0.6499999999999968,4,98.85,104.4,2610.29376,2610.33984,33.0,33.0,3886.022656,3886.022656
few100__resnet18__seed43,resnet18,few100,43,complete,,runs/2026-09-12/few100__resnet18__seed43,prepare_test_clean,0.00516245502512902,0.00999999999999801,0,,,,,,,,
few100__resnet18__seed43,resnet18,few100,43,complete,,runs/2026-09-12/few100__resnet18__seed43,evaluate_test_clean,0.40492024493869394,0.38999999999999346,2,99.35,99.4,2632.333312,2640.6912,48.0,48.0,3886.022656,3886.022656
few100__resnet18__seed43,resnet18,few100,43,complete,,runs/2026-09-12/few100__resnet18__seed43,inference_batch1,0.18856210901867598,0.2000000000000064,1,104.1,104.1,2653.937664,2653.937664,28.0,28.0,3886.022656,3886.022656
few100__resnet18__seed43,resnet18,few100,43,complete,,runs/2026-09-12/few100__resnet18__seed43,explanations,0.20272155897691846,0.1999999999999975,1,104.4,104.4,2657.681408,2657.681408,28.0,28.0,3886.022656,3886.022656
few100__resnet18_imagenet__seed42,resnet18_imagenet,few100,42,complete,,runs/2026-09-12/few100__resnet18_imagenet__seed42,read_data,0.0191597118973732,0.02999999999999997,0,,,,,,,,
few100__resnet18_imagenet__seed42,resnet18_imagenet,few100,42,complete,,runs/2026-09-12/few100__resnet18_imagenet__seed42,build_model,4.648698776960373,4.8100000000000005,19,104.12105263157896,157.4,1242.4519679999999,1731.821568,27.05263157894737,33.0,147.4628985263158,266.338304
few100__resnet18_imagenet__seed42,resnet18_imagenet,few100,42,complete,,runs/2026-09-12/few100__resnet18_imagenet__seed42,prepare_pipeline,0.9044213460292667,0.9800000000000004,4,109.775,119.3,1760.385024,1762.185216,36.0,36.0,266.338304,266.338304
few100__resnet18_imagenet__seed42,resnet18_imagenet,few100,42,complete,,runs/2026-09-12/few100__resnet18_imagenet__seed42,fit,34.73409503302537,31.430000000000003,173,90.50924855491331,879.7,2797.0889810867056,3064.803328,69.95953757225433,96.0,3389.77345701734,4047.50336
few100__resnet18_imagenet__seed42,resnet18_imagenet,few100,42,complete,,runs/2026-09-12/few100__resnet18_imagenet__seed42,save_model,0.16267197101842612,0.16999999999999504,0,,,,,,,,
few100__resnet18_imagenet__seed42,resnet18_imagenet,few100,42,complete,,runs/2026-09-12/few100__resnet18_imagenet__seed42,warmup,0.5395882070297375,0.5300000000000029,3,100.7,109.3,2906.798762666667,2937.946112,74.33333333333333,95.0,4047.50336,4047.50336
few100__resnet18_imagenet__seed42,resnet18_imagenet,few100,42,complete,,runs/2026-09-12/few100__resnet18_imagenet__seed42,evaluate_train,0.9696416850201786,0.9199999999999973,5,95.3,104.4,2968.8619007999996,2973.171712,36.8,52.0,4047.50336,4047.50336
few100__resnet18_imagenet__seed42,resnet18_imagenet,few100,42,complete,,runs/2026-09-12/few100__resnet18_imagenet__seed42,prepare_val_clean,0.0046281079994514585,0.010000000000005116,0,,,,,,,,
few100__resnet18_imagenet__seed42,resnet18_imagenet,few100,42,complete,,runs/2026-09-12/few100__resnet18_imagenet__seed42,evaluate_val_clean,0.6783317980589345,0.6400000000000006,4,95.65,99.4,2993.16736,2993.606656,58.5,65.0,4047.50336,4047.50336
few100__resnet18_imagenet__seed42,resnet18_imagenet,few100,42,complete,,runs/2026-09-12/few100__resnet18_imagenet__seed42,prepare_test_clean,0.004611624986864626,-8.881784197001252e-16,0,,,,,,,,
few100__resnet18_imagenet__seed42,resnet18_imagenet,few100,42,complete,,runs/2026-09-12/few100__resnet18_imagenet__seed42,evaluate_test_clean,0.40088293293956667,0.37000000000000366,2,95.05,95.8,3004.895232,3013.61152,65.0,65.0,4047.50336,4047.50336
few100__resnet18_imagenet__seed42,resnet18_imagenet,few100,42,complete,,runs/2026-09-12/few100__resnet18_imagenet__seed42,inference_batch1,0.17366841004695743,0.17000000000000215,0,,,,,,,,
few100__resnet18_imagenet__seed42,resnet18_imagenet,few100,42,complete,,runs/2026-09-12/few100__resnet18_imagenet__seed42,explanations,0.13509638200048357,0.129999999999999,1,96.2,96.2,3032.502272,3032.502272,52.0,52.0,4047.50336,4047.50336
few100__resnet18_imagenet__seed43,resnet18_imagenet,few100,43,complete,,runs/2026-09-12/few100__resnet18_imagenet__seed43,read_data,0.01637132395990193,0.019999999999999907,0,,,,,,,,
few100__resnet18_imagenet__seed43,resnet18_imagenet,few100,43,complete,,runs/2026-09-12/few100__resnet18_imagenet__seed43,build_model,4.66642062808387,4.8,19,102.56842105263156,125.6,1235.2100244210526,1719.508992,31.263157894736842,33.0,140.2884311578947,266.338304
few100__resnet18_imagenet__seed43,resnet18_imagenet,few100,43,complete,,runs/2026-09-12/few100__resnet18_imagenet__seed43,prepare_pipeline,0.7896531979786232,0.869999999999999,4,110.575,129.1,1763.654656,1768.607744,34.0,34.0,266.338304,266.338304
few100__resnet18_imagenet__seed43,resnet18_imagenet,few100,43,complete,,runs/2026-09-12/few100__resnet18_imagenet__seed43,fit,70.13028728403151,57.96,348,82.5698275862069,591.1,2906.347884873563,3068.895232,78.79310344827586,98.0,3727.8805215632183,4047.50336
few100__resnet18_imagenet__seed43,resnet18_imagenet,few100,43,complete,,runs/2026-09-12/few100__resnet18_imagenet__seed43,save_model,0.17642428795807064,0.19000000000000483,1,109.4,109.4,2830.548992,2830.548992,95.0,95.0,4047.50336,4047.50336
few100__resnet18_imagenet__seed43,resnet18_imagenet,few100,43,complete,,runs/2026-09-12/few100__resnet18_imagenet__seed43,warmup,0.5644411569228396,0.5399999999999983,3,98.8,103.6,2846.0496213333336,2873.196544,30.0,30.0,4047.50336,4047.50336
few100__resnet18_imagenet__seed43,resnet18_imagenet,few100,43,complete,,runs/2026-09-12/few100__resnet18_imagenet__seed43,evaluate_train,0.9923819589894265,0.9400000000000004,5,95.34,104.3,2901.4114304,2903.646208,42.0,50.0,4047.50336,4047.50336
few100__resnet18_imagenet__seed43,resnet18_imagenet,few100,43,complete,,runs/2026-09-12/few100__resnet18_imagenet__seed43,prepare_val_clean,0.005291257984936237,-2.6645352591003757e-15,0,,,,,,,,
few100__resnet18_imagenet__seed43,resnet18_imagenet,few100,43,complete,,runs/2026-09-12/few100__resnet18_imagenet__seed43,evaluate_val_clean,0.7027341650100425,0.67999999999999,4,96.67500000000001,99.5,2923.2199679999994,2923.405312,46.25,50.0,4047.50336,4047.50336
few100__resnet18_imagenet__seed43,resnet18_imagenet,few100,43,complete,,runs/2026-09-12/few100__resnet18_imagenet__seed43,prepare_test_clean,0.0047608979512006044,0.009999999999994458,0,,,,,,,,
few100__resnet18_imagenet__seed43,resnet18_imagenet,few100,43,complete,,runs/2026-09-12/few100__resnet18_imagenet__seed43,evaluate_test_clean,0.4087742029223591,0.3700000000000081,2,94.25,99.3,2947.88096,2956.47232,47.0,49.0,4047.50336,4047.50336
few100__resnet18_imagenet__seed43,resnet18_imagenet,few100,43,complete,,runs/2026-09-12/few100__resnet18_imagenet__seed43,inference_batch1,0.17237694398500025,0.16999999999999815,0,,,,,,,,
few100__resnet18_imagenet__seed43,resnet18_imagenet,few100,43,complete,,runs/2026-09-12/few100__resnet18_imagenet__seed43,explanations,0.14776689105201513,0.15000000000000213,1,98.9,98.9,2958.675968,2958.675968,49.0,49.0,4047.50336,4047.50336
few100__yolo11n__seed42,yolo11n,few100,42,complete,,runs/2026-09-12/few100__yolo11n__seed42,read_data,0.01605249207932502,0.009999999999999898,0,,,,,,,,
few100__yolo11n__seed42,yolo11n,few100,42,complete,,runs/2026-09-12/few100__yolo11n__seed42,prepare_pipeline,5.386459035915323,5.520000000000001,27,101.84814814814814,140.9,844.2928545185184,869.80608,27.703703703703702,34.0,0.0,0.0
few100__yolo11n__seed42,yolo11n,few100,42,complete,,runs/2026-09-12/few100__yolo11n__seed42,build_model,0.8556533680530265,0.8699999999999996,4,99.75,101.2,947.038208,999.419904,38.0,38.0,0.0,0.0
few100__yolo11n__seed42,yolo11n,few100,42,complete,,runs/2026-09-12/few100__yolo11n__seed42,fit,66.29845090501476,232.21,328,350.8353658536585,475.7,2522.0367734634146,2824.6016,39.2469512195122,71.0,583.5900878048781,710.934528
few100__yolo11n__seed42,yolo11n,few100,42,complete,,runs/2026-09-12/few100__yolo11n__seed42,save_model,0.038842007983475924,0.1399999999999979,0,,,,,,,,
few100__yolo11n__seed42,yolo11n,few100,42,complete,,runs/2026-09-12/few100__yolo11n__seed42,warmup,0.07983466400764883,0.17000000000002746,0,,,,,,,,
few100__yolo11n__seed42,yolo11n,few100,42,complete,,runs/2026-09-12/few100__yolo11n__seed42,evaluate_train,0.49813523795455694,0.5100000000000025,3,139.5666666666667,210.8,2718.478336,2718.478336,52.0,52.0,432.013312,436.207616
few100__yolo11n__seed42,yolo11n,few100,42,complete,,runs/2026-09-12/few100__yolo11n__seed42,prepare_val_clean,0.005537720979191363,0.01000000000000334,0,,,,,,,,
few100__yolo11n__seed42,yolo11n,few100,42,complete,,runs/2026-09-12/few100__yolo11n__seed42,evaluate_val_clean,0.27305049798451364,0.27000000000002267,1,109.3,109.3,2718.961664,2718.961664,64.0,64.0,436.207616,436.207616
few100__yolo11n__seed42,yolo11n,few100,42,complete,,runs/2026-09-12/few100__yolo11n__seed42,prepare_test_clean,0.005097658024169505,3.552713678800501e-15,0,,,,,,,,
few100__yolo11n__seed42,yolo11n,few100,42,complete,,runs/2026-09-12/few100__yolo11n__seed42,evaluate_test_clean,0.2698020209791139,0.2800000000000047,2,101.85,104.3,2737.344512,2751.401984,59.5,64.0,436.207616,436.207616
few100__yolo11n__seed42,yolo11n,few100,42,complete,,runs/2026-09-12/few100__yolo11n__seed42,inference_batch1,0.25700843008235097,0.2600000000000042,1,102.9,102.9,2752.712704,2752.712704,55.0,55.0,436.207616,436.207616
few100__yolo11n__seed42,yolo11n,few100,42,complete,,runs/2026-09-12/few100__yolo11n__seed42,explanations,0.0004459449555724859,1.3322676295501878e-14,0,,,,,,,,
few100__yolo11n__seed43,yolo11n,few100,43,complete,,runs/2026-09-12/few100__yolo11n__seed43,read_data,0.01555230503436178,0.02000000000000013,0,,,,,,,,
few100__yolo11n__seed43,yolo11n,few100,43,complete,,runs/2026-09-12/few100__yolo11n__seed43,prepare_pipeline,5.1478985419962555,5.270000000000001,26,102.21923076923076,147.7,846.2443126153847,872.636416,28.807692307692307,38.0,0.0,0.0
few100__yolo11n__seed43,yolo11n,few100,43,complete,,runs/2026-09-12/few100__yolo11n__seed43,build_model,0.967284644022584,0.9799999999999994,4,100.1,104.4,968.691712,1010.8928,29.0,32.0,0.0,0.0
few100__yolo11n__seed43,yolo11n,few100,43,complete,,runs/2026-09-12/few100__yolo11n__seed43,fit,47.20492553303484,164.71,233,350.137339055794,483.5,2516.402896755365,2818.445312,32.892703862660944,57.0,535.331800446352,631.242752
few100__yolo11n__seed43,yolo11n,few100,43,complete,,runs/2026-09-12/few100__yolo11n__seed43,save_model,0.04003331810235977,0.14000000000001478,0,,,,,,,,
few100__yolo11n__seed43,yolo11n,few100,43,complete,,runs/2026-09-12/few100__yolo11n__seed43,warmup,0.06614866806194186,0.1799999999999784,0,,,,,,,,
few100__yolo11n__seed43,yolo11n,few100,43,complete,,runs/2026-09-12/few100__yolo11n__seed43,evaluate_train,0.370482663041912,0.37000000000000455,2,171.1,237.9,2709.684224,2709.684224,25.0,30.0,444.596224,444.596224
few100__yolo11n__seed43,yolo11n,few100,43,complete,,runs/2026-09-12/few100__yolo11n__seed43,prepare_val_clean,0.005505395936779678,-8.881784197001252e-15,0,,,,,,,,
few100__yolo11n__seed43,yolo11n,few100,43,complete,,runs/2026-09-12/few100__yolo11n__seed43,evaluate_val_clean,0.23869505000766367,0.2399999999999718,1,101.5,101.5,2710.429696,2710.429696,30.0,30.0,444.596224,444.596224
few100__yolo11n__seed43,yolo11n,few100,43,complete,,runs/2026-09-12/few100__yolo11n__seed43,prepare_test_clean,0.005113463033922017,8.881784197001252e-16,0,,,,,,,,
few100__yolo11n__seed43,yolo11n,few100,43,complete,,runs/2026-09-12/few100__yolo11n__seed43,evaluate_test_clean,0.21969839197117835,0.21999999999999975,1,104.2,104.2,2725.568512,2725.568512,20.0,20.0,444.596224,444.596224
few100__yolo11n__seed43,yolo11n,few100,43,complete,,runs/2026-09-12/few100__yolo11n__seed43,inference_batch1,0.16341047000605613,0.1799999999999793,1,102.1,102.1,2744.17664,2744.17664,20.0,20.0,444.596224,444.596224
few100__yolo11n__seed43,yolo11n,few100,43,complete,,runs/2026-09-12/few100__yolo11n__seed43,explanations,0.0003419449785724282,-7.993605777301127e-15,0,,,,,,,,
few100__yolo11n_random__seed42,yolo11n_random,few100,42,complete,,runs/2026-09-12/few100__yolo11n_random__seed42,read_data,0.01665983791463077,0.009999999999999953,0,,,,,,,,
few100__yolo11n_random__seed42,yolo11n_random,few100,42,complete,,runs/2026-09-12/few100__yolo11n_random__seed42,prepare_pipeline,4.503397400956601,4.640000000000001,23,101.94347826086955,154.4,846.9402490434784,872.726528,33.21739130434783,37.0,0.0,0.0
few100__yolo11n_random__seed42,yolo11n_random,few100,42,complete,,runs/2026-09-12/few100__yolo11n_random__seed42,build_model,0.07145951502025127,0.20000000000000007,0,,,,,,,,
few100__yolo11n_random__seed42,yolo11n_random,few100,42,complete,,runs/2026-09-12/few100__yolo11n_random__seed42,fit,50.03510682308115,173.62000000000003,248,347.3721774193548,506.6,2494.7716624516133,2835.202048,36.431451612903224,43.0,542.2068108387097,671.08864
few100__yolo11n_random__seed42,yolo11n_random,few100,42,complete,,runs/2026-09-12/few100__yolo11n_random__seed42,save_model,0.0340554709546268,0.11000000000001364,0,,,,,,,,
few100__yolo11n_random__seed42,yolo11n_random,few100,42,complete,,runs/2026-09-12/few100__yolo11n_random__seed42,warmup,0.05200550693552941,0.12999999999999545,0,,,,,,,,
few100__yolo11n_random__seed42,yolo11n_random,few100,42,complete,,runs/2026-09-12/few100__yolo11n_random__seed42,evaluate_train,0.33585345407482237,0.3499999999999943,2,160.8,222.1,2728.9681920000003,2728.976384,31.0,31.0,440.40192,440.40192
few100__yolo11n_random__seed42,yolo11n_random,few100,42,complete,,runs/2026-09-12/few100__yolo11n_random__seed42,prepare_val_clean,0.004309043055400252,1.0658141036401503e-14,0,,,,,,,,
few100__yolo11n_random__seed42,yolo11n_random,few100,42,complete,,runs/2026-09-12/few100__yolo11n_random__seed42,evaluate_val_clean,0.21785369492135942,0.22000000000000952,1,98.9,98.9,2729.443328,2729.443328,37.0,37.0,440.40192,440.40192
few100__yolo11n_random__seed42,yolo11n_random,few100,42,complete,,runs/2026-09-12/few100__yolo11n_random__seed42,prepare_test_clean,0.004424983984790742,0.009999999999991793,0,,,,,,,,
few100__yolo11n_random__seed42,yolo11n_random,few100,42,complete,,runs/2026-09-12/few100__yolo11n_random__seed42,evaluate_test_clean,0.20599291299004108,0.21000000000000885,1,105.1,105.1,2733.768704,2733.768704,37.0,37.0,440.40192,440.40192
few100__yolo11n_random__seed42,yolo11n_random,few100,42,complete,,runs/2026-09-12/few100__yolo11n_random__seed42,inference_batch1,0.15600374597124755,0.15000000000000657,0,,,,,,,,
few100__yolo11n_random__seed42,yolo11n_random,few100,42,complete,,runs/2026-09-12/few100__yolo11n_random__seed42,explanations,0.0003448639763519168,8.881784197001252e-16,0,,,,,,,,
few100__yolo11n_random__seed43,yolo11n_random,few100,43,complete,,runs/2026-09-12/few100__yolo11n_random__seed43,read_data,0.015654686954803765,0.009999999999999953,0,,,,,,,,
few100__yolo11n_random__seed43,yolo11n_random,few100,43,complete,,runs/2026-09-12/few100__yolo11n_random__seed43,prepare_pipeline,4.763906826032326,4.920000000000001,24,103.32916666666665,169.2,845.4045013333333,871.399424,31.708333333333332,37.0,0.0,0.0
few100__yolo11n_random__seed43,yolo11n_random,few100,43,complete,,runs/2026-09-12/few100__yolo11n_random__seed43,build_model,0.07992194802500308,0.22000000000000142,0,,,,,,,,
few100__yolo11n_random__seed43,yolo11n_random,few100,43,complete,,runs/2026-09-12/few100__yolo11n_random__seed43,fit,78.68067382299341,279.13,390,354.97487179487183,457.0,2505.460436676923,2810.208256,37.06666666666667,46.0,622.1443387076923,811.597824
few100__yolo11n_random__seed43,yolo11n_random,few100,43,complete,,runs/2026-09-12/few100__yolo11n_random__seed43,save_model,0.0301927060354501,0.11999999999998678,0,,,,,,,,
few100__yolo11n_random__seed43,yolo11n_random,few100,43,complete,,runs/2026-09-12/few100__yolo11n_random__seed43,warmup,0.051504884962923825,0.1399999999999686,0,,,,,,,,
few100__yolo11n_random__seed43,yolo11n_random,few100,43,complete,,runs/2026-09-12/few100__yolo11n_random__seed43,evaluate_train,0.34681036905385554,0.350000000000005,2,154.55,209.7,2703.925248,2703.925248,34.0,34.0,459.276288,459.276288
few100__yolo11n_random__seed43,yolo11n_random,few100,43,complete,,runs/2026-09-12/few100__yolo11n_random__seed43,prepare_val_clean,0.004452805034816265,0.010000000000020215,0,,,,,,,,
few100__yolo11n_random__seed43,yolo11n_random,few100,43,complete,,runs/2026-09-12/few100__yolo11n_random__seed43,evaluate_val_clean,0.21379754692316055,0.209999999999952,1,99.2,99.2,2704.457728,2704.457728,34.0,34.0,459.276288,459.276288
few100__yolo11n_random__seed43,yolo11n_random,few100,43,complete,,runs/2026-09-12/few100__yolo11n_random__seed43,prepare_test_clean,0.004561173031106591,-2.7533531010703882e-14,0,,,,,,,,
few100__yolo11n_random__seed43,yolo11n_random,few100,43,complete,,runs/2026-09-12/few100__yolo11n_random__seed43,evaluate_test_clean,0.1994109849911183,0.21000000000000885,1,99.2,99.2,2710.945792,2710.945792,26.0,26.0,459.276288,459.276288
few100__yolo11n_random__seed43,yolo11n_random,few100,43,complete,,runs/2026-09-12/few100__yolo11n_random__seed43,inference_batch1,0.14821121201384813,0.16000000000004544,1,98.2,98.2,2738.184192,2738.184192,26.0,26.0,459.276288,459.276288
few100__yolo11n_random__seed43,yolo11n_random,few100,43,complete,,runs/2026-09-12/few100__yolo11n_random__seed43,explanations,0.00032421899959445,1.1546319456101628e-14,0,,,,,,,,
few10__polygarbor__seed42,polygarbor,few10,42,complete,,runs/2026-09-12/few10__polygarbor__seed42,read_data,0.005579004995524883,0.01000000000000012,0,,,,,,,,
few10__polygarbor__seed42,polygarbor,few10,42,complete,,runs/2026-09-12/few10__polygarbor__seed42,build_model,0.00028159504290670156,1.1102230246251565e-16,0,,,,,,,,
few10__polygarbor__seed42,polygarbor,few10,42,complete,,runs/2026-09-12/few10__polygarbor__seed42,extract_features,0.5548717939527705,0.5499999999999999,2,101.6,104.4,259.682304,259.682304,68.0,68.0,0.0,0.0
few10__polygarbor__seed42,polygarbor,few10,42,complete,,runs/2026-09-12/few10__polygarbor__seed42,fit,0.018395249033346772,0.02000000000000013,0,,,,,,,,
few10__polygarbor__seed42,polygarbor,few10,42,complete,,runs/2026-09-12/few10__polygarbor__seed42,save_model,0.0023004680406302214,1.1102230246251565e-16,0,,,,,,,,
few10__polygarbor__seed42,polygarbor,few10,42,complete,,runs/2026-09-12/few10__polygarbor__seed42,warmup,0.023732537985779345,0.03000000000000036,1,94.4,94.4,261.234688,261.234688,68.0,68.0,0.0,0.0
few10__polygarbor__seed42,polygarbor,few10,42,complete,,runs/2026-09-12/few10__polygarbor__seed42,evaluate_train,0.5811366840498522,0.5799999999999997,2,101.35,103.7,261.265408,261.271552,70.0,70.0,0.0,0.0
few10__polygarbor__seed42,polygarbor,few10,42,complete,,runs/2026-09-12/few10__polygarbor__seed42,prepare_val_clean,0.005924939061515033,0.009999999999999731,0,,,,,,,,
few10__polygarbor__seed42,polygarbor,few10,42,complete,,runs/2026-09-12/few10__polygarbor__seed42,evaluate_val_clean,3.2134439540095627,3.22,16,100.4375,104.5,322.86591999999996,339.120128,66.875,72.0,0.0,0.0
few10__polygarbor__seed42,polygarbor,few10,42,complete,,runs/2026-09-12/few10__polygarbor__seed42,prepare_test_clean,0.006363498978316784,0.009999999999999731,0,,,,,,,,
few10__polygarbor__seed42,polygarbor,few10,42,complete,,runs/2026-09-12/few10__polygarbor__seed42,evaluate_test_clean,3.3685097309062257,3.38,17,100.1470588235294,104.4,366.18818258823535,382.181376,65.94117647058823,71.0,0.0,0.0
few10__polygarbor__seed42,polygarbor,few10,42,complete,,runs/2026-09-12/few10__polygarbor__seed42,inference_batch1,0.3188442279351875,0.3099999999999985,1,99.5,99.5,392.040448,392.040448,65.0,65.0,0.0,0.0
few10__polygarbor__seed42,polygarbor,few10,42,complete,,runs/2026-09-12/few10__polygarbor__seed42,explanations,0.00045212707482278347,-2.220446049250313e-16,0,,,,,,,,
few10__polygarbor__seed43,polygarbor,few10,43,complete,,runs/2026-09-12/few10__polygarbor__seed43,read_data,0.004859920009039342,0.009999999999999898,0,,,,,,,,
few10__polygarbor__seed43,polygarbor,few10,43,complete,,runs/2026-09-12/few10__polygarbor__seed43,build_model,0.00028577400371432304,0.01000000000000012,0,,,,,,,,
few10__polygarbor__seed43,polygarbor,few10,43,complete,,runs/2026-09-12/few10__polygarbor__seed43,extract_features,0.5236166169634089,0.5200000000000001,2,101.25,103.1,259.725312,259.72736,56.0,56.0,0.0,0.0
few10__polygarbor__seed43,polygarbor,few10,43,complete,,runs/2026-09-12/few10__polygarbor__seed43,fit,0.019668668042868376,0.009999999999999898,0,,,,,,,,
few10__polygarbor__seed43,polygarbor,few10,43,complete,,runs/2026-09-12/few10__polygarbor__seed43,save_model,0.0021576560102403164,0.010000000000000342,0,,,,,,,,
few10__polygarbor__seed43,polygarbor,few10,43,complete,,runs/2026-09-12/few10__polygarbor__seed43,warmup,0.023379735997878015,0.02000000000000013,0,,,,,,,,
few10__polygarbor__seed43,polygarbor,few10,43,complete,,runs/2026-09-12/few10__polygarbor__seed43,evaluate_train,0.6678649759851396,0.6699999999999996,4,100.42500000000001,104.5,261.21727999999996,261.234688,51.0,51.0,0.0,0.0
few10__polygarbor__seed43,polygarbor,few10,43,complete,,runs/2026-09-12/few10__polygarbor__seed43,prepare_val_clean,0.005687340046279132,0.009999999999999953,0,,,,,,,,
few10__polygarbor__seed43,polygarbor,few10,43,complete,,runs/2026-09-12/few10__polygarbor__seed43,evaluate_val_clean,3.4939695600187406,3.5099999999999993,17,100.01764705882351,104.6,321.51961600000004,337.604608,69.6470588235294,71.0,0.0,0.0
few10__polygarbor__seed43,polygarbor,few10,43,complete,,runs/2026-09-12/few10__polygarbor__seed43,prepare_test_clean,0.00516743294429034,0.009999999999999787,0,,,,,,,,
few10__polygarbor__seed43,polygarbor,few10,43,complete,,runs/2026-09-12/few10__polygarbor__seed43,evaluate_test_clean,3.3650558670051396,3.38,17,100.31764705882352,104.5,366.6495849411764,382.799872,67.11764705882354,69.0,0.0,0.0
few10__polygarbor__seed43,polygarbor,few10,43,complete,,runs/2026-09-12/few10__polygarbor__seed43,inference_batch1,0.34421117207966745,0.3500000000000023,2,101.6,103.7,392.06912,392.06912,66.5,67.0,0.0,0.0
few10__polygarbor__seed43,polygarbor,few10,43,complete,,runs/2026-09-12/few10__polygarbor__seed43,explanations,0.0003813749644905329,8.881784197001252e-16,0,,,,,,,,
few10__polygarbor_aug__seed42,polygarbor_aug,few10,42,complete,,runs/2026-09-12/few10__polygarbor_aug__seed42,read_data,0.004067696048878133,-5.551115123125783e-17,0,,,,,,,,
few10__polygarbor_aug__seed42,polygarbor_aug,few10,42,complete,,runs/2026-09-12/few10__polygarbor_aug__seed42,build_model,0.00024970306549221277,-5.551115123125783e-17,0,,,,,,,,
few10__polygarbor_aug__seed42,polygarbor_aug,few10,42,complete,,runs/2026-09-12/few10__polygarbor_aug__seed42,extract_features,1.4843755320180207,1.4900000000000002,7,100.14285714285714,104.5,262.99538285714283,263.020544,36.714285714285715,43.0,0.0,0.0
few10__polygarbor_aug__seed42,polygarbor_aug,few10,42,complete,,runs/2026-09-12/few10__polygarbor_aug__seed42,fit,0.029410092043690383,0.08000000000000024,0,,,,,,,,
few10__polygarbor_aug__seed42,polygarbor_aug,few10,42,complete,,runs/2026-09-12/few10__polygarbor_aug__seed42,save_model,0.002745006000623107,0.009999999999999953,0,,,,,,,,
few10__polygarbor_aug__seed42,polygarbor_aug,few10,42,complete,,runs/2026-09-12/few10__polygarbor_aug__seed42,warmup,0.02551519707776606,0.07000000000000045,0,,,,,,,,
few10__polygarbor_aug__seed42,polygarbor_aug,few10,42,complete,,runs/2026-09-12/few10__polygarbor_aug__seed42,evaluate_train,0.6728770959889516,0.7900000000000003,4,126.77499999999999,204.1,264.879104,265.244672,39.0,39.0,0.0,0.0
few10__polygarbor_aug__seed42,polygarbor_aug,few10,42,complete,,runs/2026-09-12/few10__polygarbor_aug__seed42,prepare_val_clean,0.004504698095843196,2.220446049250313e-16,0,,,,,,,,
few10__polygarbor_aug__seed42,polygarbor_aug,few10,42,complete,,runs/2026-09-12/few10__polygarbor_aug__seed42,evaluate_val_clean,3.906208832981065,3.9299999999999997,19,100.49999999999999,103.8,325.33514778947364,341.680128,35.36842105263158,38.0,0.0,0.0
few10__polygarbor_aug__seed42,polygarbor_aug,few10,42,complete,,runs/2026-09-12/few10__polygarbor_aug__seed42,prepare_test_clean,0.004479328985325992,0.00999999999999912,0,,,,,,,,
few10__polygarbor_aug__seed42,polygarbor_aug,few10,42,complete,,runs/2026-09-12/few10__polygarbor_aug__seed42,evaluate_test_clean,3.8269363520666957,3.8400000000000007,19,100.08421052631579,104.5,369.239740631579,385.490944,35.0,41.0,0.0,0.0
few10__polygarbor_aug__seed42,polygarbor_aug,few10,42,complete,,runs/2026-09-12/few10__polygarbor_aug__seed42,inference_batch1,0.38748456607572734,0.3899999999999991,2,98.1,104.5,395.505664,395.505664,31.0,31.0,0.0,0.0
few10__polygarbor_aug__seed42,polygarbor_aug,few10,42,complete,,runs/2026-09-12/few10__polygarbor_aug__seed42,explanations,0.00030833203345537186,3.3306690738754696e-16,0,,,,,,,,
few10__polygarbor_aug__seed43,polygarbor_aug,few10,43,complete,,runs/2026-09-12/few10__polygarbor_aug__seed43,read_data,0.00480389001313597,0.02000000000000013,0,,,,,,,,
few10__polygarbor_aug__seed43,polygarbor_aug,few10,43,complete,,runs/2026-09-12/few10__polygarbor_aug__seed43,build_model,0.00025281799025833607,1.1102230246251565e-16,0,,,,,,,,
few10__polygarbor_aug__seed43,polygarbor_aug,few10,43,complete,,runs/2026-09-12/few10__polygarbor_aug__seed43,extract_features,1.5047225530724972,1.4999999999999996,7,100.82857142857144,104.5,262.9965531428572,263.020544,43.714285714285715,50.0,0.0,0.0
few10__polygarbor_aug__seed43,polygarbor_aug,few10,43,complete,,runs/2026-09-12/few10__polygarbor_aug__seed43,fit,0.02992754604201764,0.07999999999999996,0,,,,,,,,
few10__polygarbor_aug__seed43,polygarbor_aug,few10,43,complete,,runs/2026-09-12/few10__polygarbor_aug__seed43,save_model,0.00266263191588223,0.01000000000000012,0,,,,,,,,
few10__polygarbor_aug__seed43,polygarbor_aug,few10,43,complete,,runs/2026-09-12/few10__polygarbor_aug__seed43,warmup,0.025998360011726618,0.09000000000000019,0,,,,,,,,
few10__polygarbor_aug__seed43,polygarbor_aug,few10,43,complete,,runs/2026-09-12/few10__polygarbor_aug__seed43,evaluate_train,0.6596655530156568,0.76,4,126.67499999999998,194.2,264.541184,265.17504,43.5,45.0,0.0,0.0
few10__polygarbor_aug__seed43,polygarbor_aug,few10,43,complete,,runs/2026-09-12/few10__polygarbor_aug__seed43,prepare_val_clean,0.004492081003263593,-4.440892098500626e-16,0,,,,,,,,
few10__polygarbor_aug__seed43,polygarbor_aug,few10,43,complete,,runs/2026-09-12/few10__polygarbor_aug__seed43,evaluate_val_clean,3.9998565909918398,4.01,20,100.47999999999999,104.6,325.9353088,342.392832,30.25,45.0,0.0,0.0
few10__polygarbor_aug__seed43,polygarbor_aug,few10,43,complete,,runs/2026-09-12/few10__polygarbor_aug__seed43,prepare_test_clean,0.004561684909276664,0.009999999999999565,0,,,,,,,,
few10__polygarbor_aug__seed43,polygarbor_aug,few10,43,complete,,runs/2026-09-12/few10__polygarbor_aug__seed43,evaluate_test_clean,3.9833502280525863,3.99,20,100.13499999999998,104.6,369.888256,386.29376,27.05,45.0,0.0,0.0
few10__polygarbor_aug__seed43,polygarbor_aug,few10,43,complete,,runs/2026-09-12/few10__polygarbor_aug__seed43,inference_batch1,0.3980176100740209,0.40000000000000124,2,98.65,99.6,395.603968,395.603968,40.0,40.0,0.0,0.0
few10__polygarbor_aug__seed43,polygarbor_aug,few10,43,complete,,runs/2026-09-12/few10__polygarbor_aug__seed43,explanations,0.00042040692642331123,8.881784197001252e-16,0,,,,,,,,
few10__polygarbor_p3__seed42,polygarbor_p3,few10,42,complete,,runs/2026-09-12/few10__polygarbor_p3__seed42,read_data,0.005789416027255356,-1.1102230246251565e-16,0,,,,,,,,
few10__polygarbor_p3__seed42,polygarbor_p3,few10,42,complete,,runs/2026-09-12/few10__polygarbor_p3__seed42,build_model,0.00026140501722693443,-1.1102230246251565e-16,0,,,,,,,,
few10__polygarbor_p3__seed42,polygarbor_p3,few10,42,complete,,runs/2026-09-12/few10__polygarbor_p3__seed42,extract_features,0.524386033997871,0.5199999999999999,2,99.05,99.6,262.582272,262.598656,37.0,40.0,0.0,0.0
few10__polygarbor_p3__seed42,polygarbor_p3,few10,42,complete,,runs/2026-09-12/few10__polygarbor_p3__seed42,fit,0.10876745998393744,0.43999999999999984,1,209.1,209.1,267.83744,267.83744,34.0,34.0,0.0,0.0
few10__polygarbor_p3__seed42,polygarbor_p3,few10,42,complete,,runs/2026-09-12/few10__polygarbor_p3__seed42,save_model,0.004774342989549041,0.020000000000000184,0,,,,,,,,
few10__polygarbor_p3__seed42,polygarbor_p3,few10,42,complete,,runs/2026-09-12/few10__polygarbor_p3__seed42,warmup,0.07347869500517845,0.2900000000000002,0,,,,,,,,
few10__polygarbor_p3__seed42,polygarbor_p3,few10,42,complete,,runs/2026-09-12/few10__polygarbor_p3__seed42,evaluate_train,2.1164890360087156,8.479999999999999,10,400.16999999999996,403.3,269.2231168,269.225984,38.4,42.0,0.0,0.0
few10__polygarbor_p3__seed42,polygarbor_p3,few10,42,complete,,runs/2026-09-12/few10__polygarbor_p3__seed42,prepare_val_clean,0.004652614938095212,0.01000000000000062,0,,,,,,,,
few10__polygarbor_p3__seed42,polygarbor_p3,few10,42,complete,,runs/2026-09-12/few10__polygarbor_p3__seed42,evaluate_val_clean,10.780976061010733,43.11,53,396.5264150943396,407.9,329.6889720754717,346.918912,35.943396226415096,46.0,0.0,0.0
few10__polygarbor_p3__seed42,polygarbor_p3,few10,42,complete,,runs/2026-09-12/few10__polygarbor_p3__seed42,prepare_test_clean,0.004516543005593121,0.010000000000008225,0,,,,,,,,
few10__polygarbor_p3__seed42,polygarbor_p3,few10,42,complete,,runs/2026-09-12/few10__polygarbor_p3__seed42,evaluate_test_clean,10.694058495922945,42.76,53,395.322641509434,410.4,373.54082535849057,390.47168,33.528301886792455,39.0,0.0,0.0
few10__polygarbor_p3__seed42,polygarbor_p3,few10,42,complete,,runs/2026-09-12/few10__polygarbor_p3__seed42,inference_batch1,1.0591931720264256,4.210000000000001,5,360.14000000000004,405.6,399.388672,399.388672,39.0,39.0,0.0,0.0
few10__polygarbor_p3__seed42,polygarbor_p3,few10,42,complete,,runs/2026-09-12/few10__polygarbor_p3__seed42,explanations,0.0003740870160982013,-1.6653345369377348e-15,0,,,,,,,,
few10__polygarbor_p3__seed43,polygarbor_p3,few10,43,complete,,runs/2026-09-12/few10__polygarbor_p3__seed43,read_data,0.00446349591948092,-1.1102230246251565e-16,0,,,,,,,,
few10__polygarbor_p3__seed43,polygarbor_p3,few10,43,complete,,runs/2026-09-12/few10__polygarbor_p3__seed43,build_model,0.00024844100698828697,-1.1102230246251565e-16,0,,,,,,,,
few10__polygarbor_p3__seed43,polygarbor_p3,few10,43,complete,,runs/2026-09-12/few10__polygarbor_p3__seed43,extract_features,0.5092028639046475,0.5199999999999999,2,101.5,103.5,262.504448,262.520832,34.5,35.0,0.0,0.0
few10__polygarbor_p3__seed43,polygarbor_p3,few10,43,complete,,runs/2026-09-12/few10__polygarbor_p3__seed43,fit,0.09942591306753457,0.39,1,229.0,229.0,271.327232,271.327232,35.0,35.0,0.0,0.0
few10__polygarbor_p3__seed43,polygarbor_p3,few10,43,complete,,runs/2026-09-12/few10__polygarbor_p3__seed43,save_model,0.004358808975666761,0.019999999999999907,0,,,,,,,,
few10__polygarbor_p3__seed43,polygarbor_p3,few10,43,complete,,runs/2026-09-12/few10__polygarbor_p3__seed43,warmup,0.061506493017077446,0.2499999999999999,0,,,,,,,,
few10__polygarbor_p3__seed43,polygarbor_p3,few10,43,complete,,runs/2026-09-12/few10__polygarbor_p3__seed43,evaluate_train,1.6861686200136319,5.069999999999999,8,305.7875,346.9,271.41888000000006,271.425536,33.125,35.0,0.0,0.0
few10__polygarbor_p3__seed43,polygarbor_p3,few10,43,complete,,runs/2026-09-12/few10__polygarbor_p3__seed43,prepare_val_clean,0.004473949898965657,-4.996003610813204e-16,0,,,,,,,,
few10__polygarbor_p3__seed43,polygarbor_p3,few10,43,complete,,runs/2026-09-12/few10__polygarbor_p3__seed43,evaluate_val_clean,10.776725215022452,32.330000000000005,53,299.8018867924528,309.0,330.6509910943397,346.820608,37.509433962264154,45.0,0.0,0.0
few10__polygarbor_p3__seed43,polygarbor_p3,few10,43,complete,,runs/2026-09-12/few10__polygarbor_p3__seed43,prepare_test_clean,0.004515505046583712,1.9984014443252818e-15,0,,,,,,,,
few10__polygarbor_p3__seed43,polygarbor_p3,few10,43,complete,,runs/2026-09-12/few10__polygarbor_p3__seed43,evaluate_test_clean,10.111640657065436,30.34,50,298.45599999999996,307.1,373.6112332800001,390.230016,36.92,44.0,0.0,0.0
few10__polygarbor_p3__seed43,polygarbor_p3,few10,43,complete,,runs/2026-09-12/few10__polygarbor_p3__seed43,inference_batch1,1.0351186139741912,3.0899999999999954,5,282.78000000000003,308.0,399.0470656,399.048704,33.0,33.0,0.0,0.0
few10__polygarbor_p3__seed43,polygarbor_p3,few10,43,complete,,runs/2026-09-12/few10__polygarbor_p3__seed43,explanations,0.00033751700539141893,-2.886579864025407e-15,0,,,,,,,,
few10__polygarbor_p3_aug__seed42,polygarbor_p3_aug,few10,42,complete,,runs/2026-09-12/few10__polygarbor_p3_aug__seed42,read_data,0.004923242027871311,0.009999999999999953,0,,,,,,,,
few10__polygarbor_p3_aug__seed42,polygarbor_p3_aug,few10,42,complete,,runs/2026-09-12/few10__polygarbor_p3_aug__seed42,build_model,0.00026283704210072756,-5.551115123125783e-17,0,,,,,,,,
few10__polygarbor_p3_aug__seed42,polygarbor_p3_aug,few10,42,complete,,runs/2026-09-12/few10__polygarbor_p3_aug__seed42,extract_features,2.056377038010396,2.07,10,100.42,104.6,262.94517759999997,263.31136,35.8,38.0,0.0,0.0
few10__polygarbor_p3_aug__seed42,polygarbor_p3_aug,few10,42,complete,,runs/2026-09-12/few10__polygarbor_p3_aug__seed42,fit,0.40570671507157385,1.600000000000001,2,358.70000000000005,398.6,297.084928,300.199936,38.0,38.0,0.0,0.0
few10__polygarbor_p3_aug__seed42,polygarbor_p3_aug,few10,42,complete,,runs/2026-09-12/few10__polygarbor_p3_aug__seed42,save_model,0.014729111921042204,0.059999999999999165,0,,,,,,,,
few10__polygarbor_p3_aug__seed42,polygarbor_p3_aug,few10,42,complete,,runs/2026-09-12/few10__polygarbor_p3_aug__seed42,warmup,0.08207584591582417,0.3299999999999996,0,,,,,,,,
few10__polygarbor_p3_aug__seed42,polygarbor_p3_aug,few10,42,complete,,runs/2026-09-12/few10__polygarbor_p3_aug__seed42,evaluate_train,2.2439744260627776,8.98,11,400.2454545454546,406.2,294.24435200000005,294.244352,39.81818181818182,43.0,0.0,0.0
few10__polygarbor_p3_aug__seed42,polygarbor_p3_aug,few10,42,complete,,runs/2026-09-12/few10__polygarbor_p3_aug__seed42,prepare_val_clean,0.004941000021062791,0.01000000000000223,0,,,,,,,,
few10__polygarbor_p3_aug__seed42,polygarbor_p3_aug,few10,42,complete,,runs/2026-09-12/few10__polygarbor_p3_aug__seed42,evaluate_val_clean,13.487596409046091,53.93,66,399.5,406.5,358.45883345454547,376.29952,37.28787878787879,44.0,0.0,0.0
few10__polygarbor_p3_aug__seed42,polygarbor_p3_aug,few10,42,complete,,runs/2026-09-12/few10__polygarbor_p3_aug__seed42,prepare_test_clean,0.004790365928784013,3.4416913763379853e-15,0,,,,,,,,
few10__polygarbor_p3_aug__seed42,polygarbor_p3_aug,few10,42,complete,,runs/2026-09-12/few10__polygarbor_p3_aug__seed42,evaluate_test_clean,12.833647223073058,51.31999999999999,63,397.52857142857147,405.0,398.8101607619048,415.551488,34.58730158730159,41.0,0.0,0.0
few10__polygarbor_p3_aug__seed42,polygarbor_p3_aug,few10,42,complete,,runs/2026-09-12/few10__polygarbor_p3_aug__seed42,inference_batch1,1.2551470819162205,4.980000000000009,6,362.0166666666667,403.2,420.999168,420.999168,35.5,36.0,0.0,0.0
few10__polygarbor_p3_aug__seed42,polygarbor_p3_aug,few10,42,complete,,runs/2026-09-12/few10__polygarbor_p3_aug__seed42,explanations,0.0003254080656915903,5.662137425588298e-15,0,,,,,,,,
few10__polygarbor_p3_aug__seed43,polygarbor_p3_aug,few10,43,complete,,runs/2026-09-12/few10__polygarbor_p3_aug__seed43,read_data,0.0038839729968458414,0.009999999999999953,0,,,,,,,,
few10__polygarbor_p3_aug__seed43,polygarbor_p3_aug,few10,43,complete,,runs/2026-09-12/few10__polygarbor_p3_aug__seed43,build_model,0.000253670965321362,-5.551115123125783e-17,0,,,,,,,,
few10__polygarbor_p3_aug__seed43,polygarbor_p3_aug,few10,43,complete,,runs/2026-09-12/few10__polygarbor_p3_aug__seed43,extract_features,2.026830018032342,2.03,10,100.45,104.5,262.8149248,263.163904,34.7,43.0,0.0,0.0
few10__polygarbor_p3_aug__seed43,polygarbor_p3_aug,few10,43,complete,,runs/2026-09-12/few10__polygarbor_p3_aug__seed43,fit,0.37609293800778687,1.4900000000000002,2,375.15,402.3,298.061824,299.905024,16.0,16.0,0.0,0.0
few10__polygarbor_p3_aug__seed43,polygarbor_p3_aug,few10,43,complete,,runs/2026-09-12/few10__polygarbor_p3_aug__seed43,save_model,0.01501147705130279,0.05999999999999939,0,,,,,,,,
few10__polygarbor_p3_aug__seed43,polygarbor_p3_aug,few10,43,complete,,runs/2026-09-12/few10__polygarbor_p3_aug__seed43,warmup,0.07814142305869609,0.32000000000000006,0,,,,,,,,
few10__polygarbor_p3_aug__seed43,polygarbor_p3_aug,few10,43,complete,,runs/2026-09-12/few10__polygarbor_p3_aug__seed43,evaluate_train,2.170160654000938,8.68,11,399.8363636363636,403.0,296.27634036363634,296.280064,17.363636363636363,21.0,0.0,0.0
few10__polygarbor_p3_aug__seed43,polygarbor_p3_aug,few10,43,complete,,runs/2026-09-12/few10__polygarbor_p3_aug__seed43,prepare_val_clean,0.004626667010597885,-1.1102230246251565e-16,0,,,,,,,,
few10__polygarbor_p3_aug__seed43,polygarbor_p3_aug,few10,43,complete,,runs/2026-09-12/few10__polygarbor_p3_aug__seed43,evaluate_val_clean,12.659577053971589,50.589999999999996,62,397.0048387096774,407.6,357.84267974193546,374.120448,32.693548387096776,47.0,0.0,0.0
few10__polygarbor_p3_aug__seed43,polygarbor_p3_aug,few10,43,complete,,runs/2026-09-12/few10__polygarbor_p3_aug__seed43,prepare_test_clean,0.004688886925578117,5.662137425588298e-15,0,,,,,,,,
few10__polygarbor_p3_aug__seed43,polygarbor_p3_aug,few10,43,complete,,runs/2026-09-12/few10__polygarbor_p3_aug__seed43,evaluate_test_clean,12.667693244991824,50.61999999999998,63,396.036507936508,408.1,372.9027006984127,390.279168,35.111111111111114,44.0,0.0,0.0
few10__polygarbor_p3_aug__seed43,polygarbor_p3_aug,few10,43,complete,,runs/2026-09-12/few10__polygarbor_p3_aug__seed43,inference_batch1,1.1430415990762413,4.5299999999999905,5,379.7800000000001,402.6,420.130816,420.130816,34.6,35.0,0.0,0.0
few10__polygarbor_p3_aug__seed43,polygarbor_p3_aug,few10,43,complete,,runs/2026-09-12/few10__polygarbor_p3_aug__seed43,explanations,0.0003558439202606678,3.9968028886505635e-15,0,,,,,,,,
few10__polygarbor_p5__seed42,polygarbor_p5,few10,42,complete,,runs/2026-09-12/few10__polygarbor_p5__seed42,read_data,0.004697900032624602,0.009999999999999953,0,,,,,,,,
few10__polygarbor_p5__seed42,polygarbor_p5,few10,42,complete,,runs/2026-09-12/few10__polygarbor_p5__seed42,build_model,0.0002451679902151227,-5.551115123125783e-17,0,,,,,,,,
few10__polygarbor_p5__seed42,polygarbor_p5,few10,42,complete,,runs/2026-09-12/few10__polygarbor_p5__seed42,extract_features,0.7266473800409585,0.7300000000000002,3,100.83333333333333,104.6,262.5768106666667,262.651904,37.0,37.0,0.0,0.0
few10__polygarbor_p5__seed42,polygarbor_p5,few10,42,complete,,runs/2026-09-12/few10__polygarbor_p5__seed42,fit,0.360784346004948,1.4300000000000004,2,302.0,380.7,298.20928000000004,299.716608,34.0,34.0,0.0,0.0
few10__polygarbor_p5__seed42,polygarbor_p5,few10,42,complete,,runs/2026-09-12/few10__polygarbor_p5__seed42,save_model,0.010392350028268993,0.04000000000000026,0,,,,,,,,
few10__polygarbor_p5__seed42,polygarbor_p5,few10,42,complete,,runs/2026-09-12/few10__polygarbor_p5__seed42,warmup,0.11555817199405283,0.4600000000000002,0,,,,,,,,
few10__polygarbor_p5__seed42,polygarbor_p5,few10,42,complete,,runs/2026-09-12/few10__polygarbor_p5__seed42,evaluate_train,2.947899016086012,11.8,15,400.7866666666667,406.3,302.73972906666677,302.743552,33.6,34.0,0.0,0.0
few10__polygarbor_p5__seed42,polygarbor_p5,few10,42,complete,,runs/2026-09-12/few10__polygarbor_p5__seed42,prepare_val_clean,0.0044727500062435865,0.0,0,,,,,,,,
few10__polygarbor_p5__seed42,polygarbor_p5,few10,42,complete,,runs/2026-09-12/few10__polygarbor_p5__seed42,evaluate_val_clean,19.90071014408022,79.60999999999999,98,397.6622448979591,408.8,361.51413028571426,378.843136,34.13265306122449,41.0,0.0,0.0
few10__polygarbor_p5__seed42,polygarbor_p5,few10,42,complete,,runs/2026-09-12/few10__polygarbor_p5__seed42,prepare_test_clean,0.004499817965552211,-6.772360450213455e-15,0,,,,,,,,
few10__polygarbor_p5__seed42,polygarbor_p5,few10,42,complete,,runs/2026-09-12/few10__polygarbor_p5__seed42,evaluate_test_clean,19.24624418502208,76.97999999999999,94,398.63191489361697,412.7,402.6693501276594,419.323904,35.61702127659574,41.0,0.0,0.0
few10__polygarbor_p5__seed42,polygarbor_p5,few10,42,complete,,runs/2026-09-12/few10__polygarbor_p5__seed42,inference_batch1,1.933732709963806,7.700000000000022,10,376.71,402.4,424.538112,424.538112,34.3,36.0,0.0,0.0
few10__polygarbor_p5__seed42,polygarbor_p5,few10,42,complete,,runs/2026-09-12/few10__polygarbor_p5__seed42,explanations,0.0003870859509333968,5.662137425588298e-15,0,,,,,,,,
few10__polygarbor_p5__seed43,polygarbor_p5,few10,43,complete,,runs/2026-09-12/few10__polygarbor_p5__seed43,read_data,0.0037192930467426777,-5.551115123125783e-17,0,,,,,,,,
few10__polygarbor_p5__seed43,polygarbor_p5,few10,43,complete,,runs/2026-09-12/few10__polygarbor_p5__seed43,build_model,0.0002455639187246561,-5.551115123125783e-17,0,,,,,,,,
few10__polygarbor_p5__seed43,polygarbor_p5,few10,43,complete,,runs/2026-09-12/few10__polygarbor_p5__seed43,extract_features,0.730428155977279,0.7400000000000002,3,99.26666666666665,99.6,262.13034666666664,262.516736,35.0,35.0,0.0,0.0
few10__polygarbor_p5__seed43,polygarbor_p5,few10,43,complete,,runs/2026-09-12/few10__polygarbor_p5__seed43,fit,0.33960537798702717,1.34,2,301.15,398.2,291.637248,300.015616,35.0,35.0,0.0,0.0
few10__polygarbor_p5__seed43,polygarbor_p5,few10,43,complete,,runs/2026-09-12/few10__polygarbor_p5__seed43,save_model,0.010160403093323112,0.03999999999999998,0,,,,,,,,
few10__polygarbor_p5__seed43,polygarbor_p5,few10,43,complete,,runs/2026-09-12/few10__polygarbor_p5__seed43,warmup,0.10143538401462138,0.40999999999999964,0,,,,,,,,
few10__polygarbor_p5__seed43,polygarbor_p5,few10,43,complete,,runs/2026-09-12/few10__polygarbor_p5__seed43,evaluate_train,2.6418557120487094,10.579999999999998,13,400.25384615384615,407.9,301.24031999999994,301.24032,36.53846153846154,38.0,0.0,0.0
few10__polygarbor_p5__seed43,polygarbor_p5,few10,43,complete,,runs/2026-09-12/few10__polygarbor_p5__seed43,prepare_val_clean,0.0046042760368436575,2.220446049250313e-16,0,,,,,,,,
few10__polygarbor_p5__seed43,polygarbor_p5,few10,43,complete,,runs/2026-09-12/few10__polygarbor_p5__seed43,evaluate_val_clean,17.28334950201679,69.14000000000001,84,399.2297619047619,407.7,359.45447619047616,376.549376,32.45238095238095,38.0,0.0,0.0
few10__polygarbor_p5__seed43,polygarbor_p5,few10,43,complete,,runs/2026-09-12/few10__polygarbor_p5__seed43,prepare_test_clean,0.004558142041787505,0.01000000000000223,0,,,,,,,,
few10__polygarbor_p5__seed43,polygarbor_p5,few10,43,complete,,runs/2026-09-12/few10__polygarbor_p5__seed43,evaluate_test_clean,17.16330025496427,68.65,84,399.77857142857147,408.4,399.88916419047615,416.677888,28.964285714285715,46.0,0.0,0.0
few10__polygarbor_p5__seed43,polygarbor_p5,few10,43,complete,,runs/2026-09-12/few10__polygarbor_p5__seed43,inference_batch1,1.6781647900352255,6.679999999999974,8,380.35,403.4,397.623296,397.623296,17.375,18.0,0.0,0.0
few10__polygarbor_p5__seed43,polygarbor_p5,few10,43,complete,,runs/2026-09-12/few10__polygarbor_p5__seed43,explanations,0.00043231400195509195,-4.551914400963142e-15,0,,,,,,,,
few10__resnet18__seed42,resnet18,few10,42,complete,,runs/2026-09-12/few10__resnet18__seed42,read_data,0.0055195000022649765,0.01000000000000012,0,,,,,,,,
few10__resnet18__seed42,resnet18,few10,42,complete,,runs/2026-09-12/few10__resnet18__seed42,build_model,3.3726446200162172,3.4799999999999995,14,103.8714285714286,129.0,792.654409142857,1087.873024,65.14285714285714,70.0,43.14141257142857,199.22944
few10__resnet18__seed42,resnet18,few10,42,complete,,runs/2026-09-12/few10__resnet18__seed42,prepare_pipeline,1.1308524870546535,1.2200000000000002,5,108.05999999999999,124.3,1106.2378496000001,1111.855104,69.0,70.0,266.338304,266.338304
few10__resnet18__seed42,resnet18,few10,42,complete,,runs/2026-09-12/few10__resnet18__seed42,fit,28.23986245901324,32.099999999999994,139,113.70935251798561,1060.8,1950.8790662446045,2360.492032,70.82014388489209,98.0,2962.6421041726626,4099.93216
few10__resnet18__seed42,resnet18,few10,42,complete,,runs/2026-09-12/few10__resnet18__seed42,save_model,0.24358530307654291,0.26000000000000156,2,110.35,113.9,2259.3167359999998,2260.176896,86.0,86.0,4099.93216,4099.93216
few10__resnet18__seed42,resnet18,few10,42,complete,,runs/2026-09-12/few10__resnet18__seed42,warmup,0.6625910210423172,0.6399999999999944,3,95.83333333333333,99.0,2294.0508160000004,2313.527296,86.0,86.0,4099.93216,4099.93216
few10__resnet18__seed42,resnet18,few10,42,complete,,runs/2026-09-12/few10__resnet18__seed42,evaluate_train,0.6473362810211256,0.6600000000000037,3,100.89999999999999,104.2,2339.487744,2346.237952,86.0,86.0,4099.93216,4099.93216
few10__resnet18__seed42,resnet18,few10,42,complete,,runs/2026-09-12/few10__resnet18__seed42,prepare_val_clean,0.005628800019621849,0.009999999999997122,0,,,,,,,,
few10__resnet18__seed42,resnet18,few10,42,complete,,runs/2026-09-12/few10__resnet18__seed42,evaluate_val_clean,0.6893384760478511,0.6900000000000039,4,99.2,104.2,2366.555136,2366.906368,71.0,86.0,4099.93216,4099.93216
few10__resnet18__seed42,resnet18,few10,42,complete,,runs/2026-09-12/few10__resnet18__seed42,prepare_test_clean,0.005175651051104069,-3.552713678800501e-15,0,,,,,,,,
few10__resnet18__seed42,resnet18,few10,42,complete,,runs/2026-09-12/few10__resnet18__seed42,evaluate_test_clean,0.46397541800979525,0.4499999999999993,3,98.66666666666667,102.5,2391.289856,2405.82656,66.0,66.0,4099.93216,4099.93216
few10__resnet18__seed42,resnet18,few10,42,complete,,runs/2026-09-12/few10__resnet18__seed42,inference_batch1,0.2052933620288968,0.22000000000000153,1,98.9,98.9,2410.663936,2410.663936,66.0,66.0,4099.93216,4099.93216
few10__resnet18__seed42,resnet18,few10,42,complete,,runs/2026-09-12/few10__resnet18__seed42,explanations,0.1581563949584961,0.14999999999999902,1,107.0,107.0,2414.260224,2414.260224,66.0,66.0,4099.93216,4099.93216
few10__resnet18__seed43,resnet18,few10,43,complete,,runs/2026-09-12/few10__resnet18__seed43,read_data,0.005989067023620009,-1.1102230246251565e-16,0,,,,,,,,
few10__resnet18__seed43,resnet18,few10,43,complete,,runs/2026-09-12/few10__resnet18__seed43,build_model,3.263136574998498,3.3499999999999996,14,102.8357142857143,139.0,790.2415725714285,1084.268544,69.5,72.0,38.797312,140.509184
few10__resnet18__seed43,resnet18,few10,43,complete,,runs/2026-09-12/few10__resnet18__seed43,prepare_pipeline,1.1060032870154828,1.2000000000000002,5,109.17999999999999,123.7,1106.4442880000001,1112.354816,68.0,69.0,266.338304,266.338304
few10__resnet18__seed43,resnet18,few10,43,complete,,runs/2026-09-12/few10__resnet18__seed43,fit,33.861108077922836,37.379999999999995,167,110.42874251497005,823.5,2021.1555272814371,2362.65472,71.91616766467065,98.0,3192.1416155209577,4120.90368
few10__resnet18__seed43,resnet18,few10,43,complete,,runs/2026-09-12/few10__resnet18__seed43,save_model,0.2261035250267014,0.2400000000000011,1,102.3,102.3,2299.932672,2299.932672,80.0,80.0,4120.90368,4120.90368
few10__resnet18__seed43,resnet18,few10,43,complete,,runs/2026-09-12/few10__resnet18__seed43,warmup,0.6967495719436556,0.690000000000003,3,97.13333333333333,103.1,2291.335168,2319.331328,80.0,80.0,4120.90368,4120.90368
few10__resnet18__seed43,resnet18,few10,43,complete,,runs/2026-09-12/few10__resnet18__seed43,evaluate_train,0.6676463090116158,0.6599999999999993,4,100.625,104.4,2345.407488,2351.890432,90.0,90.0,4120.90368,4120.90368
few10__resnet18__seed43,resnet18,few10,43,complete,,runs/2026-09-12/few10__resnet18__seed43,prepare_val_clean,0.005070215906016529,0.010000000000006892,0,,,,,,,,
few10__resnet18__seed43,resnet18,few10,43,complete,,runs/2026-09-12/few10__resnet18__seed43,evaluate_val_clean,0.8156909249955788,0.7999999999999989,4,95.275,98.8,2372.196352,2372.825088,57.0,57.0,4120.90368,4120.90368
few10__resnet18__seed43,resnet18,few10,43,complete,,runs/2026-09-12/few10__resnet18__seed43,prepare_test_clean,0.006150511093437672,0.009999999999998899,1,99.0,99.0,2378.07616,2378.07616,60.0,60.0,4120.90368,4120.90368
few10__resnet18__seed43,resnet18,few10,43,complete,,runs/2026-09-12/few10__resnet18__seed43,evaluate_test_clean,0.4846610559616238,0.46999999999999975,2,96.45,98.7,2399.6334079999997,2406.612992,60.0,60.0,4120.90368,4120.90368
few10__resnet18__seed43,resnet18,few10,43,complete,,runs/2026-09-12/few10__resnet18__seed43,inference_batch1,0.207756728050299,0.20999999999999908,1,104.4,104.4,2416.627712,2416.627712,60.0,60.0,4120.90368,4120.90368
few10__resnet18__seed43,resnet18,few10,43,complete,,runs/2026-09-12/few10__resnet18__seed43,explanations,0.17387022799812257,0.19000000000000306,1,97.6,97.6,2417.238016,2417.238016,79.0,79.0,4120.90368,4120.90368
few10__resnet18_imagenet__seed42,resnet18_imagenet,few10,42,complete,,runs/2026-09-12/few10__resnet18_imagenet__seed42,read_data,0.005123350070789456,0.00999999999999962,0,,,,,,,,
few10__resnet18_imagenet__seed42,resnet18_imagenet,few10,42,complete,,runs/2026-09-12/few10__resnet18_imagenet__seed42,build_model,4.574669669033028,4.75,20,104.155,148.8,1053.8121216000002,1548.816384,30.8,34.0,140.29946879999997,266.338304
few10__resnet18_imagenet__seed42,resnet18_imagenet,few10,42,complete,,runs/2026-09-12/few10__resnet18_imagenet__seed42,prepare_pipeline,0.7454836500110105,0.8299999999999996,3,114.16666666666667,124.1,1523.7474986666666,1524.072448,36.0,36.0,266.338304,266.338304
few10__resnet18_imagenet__seed42,resnet18_imagenet,few10,42,complete,,runs/2026-09-12/few10__resnet18_imagenet__seed42,fit,35.163005021982826,39.32,175,111.79485714285715,904.7,2483.450534765714,2722.852864,55.8,95.0,3352.8786826971427,4003.463168
few10__resnet18_imagenet__seed42,resnet18_imagenet,few10,42,complete,,runs/2026-09-12/few10__resnet18_imagenet__seed42,save_model,0.15724851796403527,0.1699999999999986,1,104.4,104.4,2679.484416,2679.484416,42.0,42.0,4003.463168,4003.463168
few10__resnet18_imagenet__seed42,resnet18_imagenet,few10,42,complete,,runs/2026-09-12/few10__resnet18_imagenet__seed42,warmup,0.530872032046318,0.5099999999999962,2,98.05,101.8,2650.1632,2673.467392,42.0,42.0,4003.463168,4003.463168
few10__resnet18_imagenet__seed42,resnet18_imagenet,few10,42,complete,,runs/2026-09-12/few10__resnet18_imagenet__seed42,evaluate_train,0.635128405992873,0.6400000000000019,3,99.36666666666667,104.3,2702.9490346666666,2711.707648,57.333333333333336,88.0,4003.463168,4003.463168
few10__resnet18_imagenet__seed42,resnet18_imagenet,few10,42,complete,,runs/2026-09-12/few10__resnet18_imagenet__seed42,prepare_val_clean,0.004688191926106811,2.220446049250313e-15,0,,,,,,,,
few10__resnet18_imagenet__seed42,resnet18_imagenet,few10,42,complete,,runs/2026-09-12/few10__resnet18_imagenet__seed42,evaluate_val_clean,0.6880224429769441,0.6599999999999988,3,92.73333333333335,94.4,2731.7029546666668,2732.507136,78.0,88.0,4003.463168,4003.463168
few10__resnet18_imagenet__seed42,resnet18_imagenet,few10,42,complete,,runs/2026-09-12/few10__resnet18_imagenet__seed42,prepare_test_clean,0.004540043068118393,0.010000000000001563,0,,,,,,,,
few10__resnet18_imagenet__seed42,resnet18_imagenet,few10,42,complete,,runs/2026-09-12/few10__resnet18_imagenet__seed42,evaluate_test_clean,0.4101615690160543,0.379999999999999,2,95.30000000000001,99.4,2743.197696,2751.619072,58.0,58.0,4003.463168,4003.463168
few10__resnet18_imagenet__seed42,resnet18_imagenet,few10,42,complete,,runs/2026-09-12/few10__resnet18_imagenet__seed42,inference_batch1,0.1698514160234481,0.15999999999999925,0,,,,,,,,
few10__resnet18_imagenet__seed42,resnet18_imagenet,few10,42,complete,,runs/2026-09-12/few10__resnet18_imagenet__seed42,explanations,0.13290326891001314,0.140000000000001,1,91.1,91.1,2771.689472,2771.689472,54.0,54.0,4003.463168,4003.463168
few10__resnet18_imagenet__seed43,resnet18_imagenet,few10,43,complete,,runs/2026-09-12/few10__resnet18_imagenet__seed43,read_data,0.004541142960079014,0.02000000000000013,0,,,,,,,,
few10__resnet18_imagenet__seed43,resnet18_imagenet,few10,43,complete,,runs/2026-09-12/few10__resnet18_imagenet__seed43,build_model,4.635773490997963,4.79,20,103.85500000000002,138.9,1053.7934848,1548.775424,30.8,34.0,140.29946879999997,266.338304
few10__resnet18_imagenet__seed43,resnet18_imagenet,few10,43,complete,,runs/2026-09-12/few10__resnet18_imagenet__seed43,prepare_pipeline,0.7535146080190316,0.830000000000001,3,110.96666666666665,119.2,1523.5795626666666,1524.092928,32.0,32.0,266.338304,266.338304
few10__resnet18_imagenet__seed43,resnet18_imagenet,few10,43,complete,,runs/2026-09-12/few10__resnet18_imagenet__seed43,fit,22.200201846077107,25.4,110,114.26363636363634,879.9,2345.091816727273,2720.628736,46.59090909090909,98.0,2968.3852008727267,4003.463168
few10__resnet18_imagenet__seed43,resnet18_imagenet,few10,43,complete,,runs/2026-09-12/few10__resnet18_imagenet__seed43,save_model,0.16529345198068768,0.15999999999999437,1,129.3,129.3,2662.801408,2662.801408,68.0,68.0,4003.463168,4003.463168
few10__resnet18_imagenet__seed43,resnet18_imagenet,few10,43,complete,,runs/2026-09-12/few10__resnet18_imagenet__seed43,warmup,0.5225319039309397,0.5200000000000005,3,97.10000000000001,103.2,2686.324736,2710.970368,68.0,68.0,4003.463168,4003.463168
few10__resnet18_imagenet__seed43,resnet18_imagenet,few10,43,complete,,runs/2026-09-12/few10__resnet18_imagenet__seed43,evaluate_train,0.6293084350181744,0.6299999999999919,3,101.0,104.3,2737.793706666667,2742.263808,68.0,68.0,4003.463168,4003.463168
few10__resnet18_imagenet__seed43,resnet18_imagenet,few10,43,complete,,runs/2026-09-12/few10__resnet18_imagenet__seed43,prepare_val_clean,0.004559989087283611,-4.440892098500626e-16,0,,,,,,,,
few10__resnet18_imagenet__seed43,resnet18_imagenet,few10,43,complete,,runs/2026-09-12/few10__resnet18_imagenet__seed43,evaluate_val_clean,0.6789815810043365,0.6499999999999981,4,95.625,99.5,2752.2641919999996,2752.851968,53.75,68.0,4003.463168,4003.463168
few10__resnet18_imagenet__seed43,resnet18_imagenet,few10,43,complete,,runs/2026-09-12/few10__resnet18_imagenet__seed43,prepare_test_clean,0.0045233049895614386,-2.6645352591003757e-15,0,,,,,,,,
few10__resnet18_imagenet__seed43,resnet18_imagenet,few10,43,complete,,runs/2026-09-12/few10__resnet18_imagenet__seed43,evaluate_test_clean,0.4175514599774033,0.390000000000005,2,91.65,94.4,2775.894016,2784.48128,49.5,50.0,4003.463168,4003.463168
few10__resnet18_imagenet__seed43,resnet18_imagenet,few10,43,complete,,runs/2026-09-12/few10__resnet18_imagenet__seed43,inference_batch1,0.18236318102572113,0.16000000000000236,1,99.5,99.5,2793.394176,2793.394176,50.0,50.0,4003.463168,4003.463168
few10__resnet18_imagenet__seed43,resnet18_imagenet,few10,43,complete,,runs/2026-09-12/few10__resnet18_imagenet__seed43,explanations,0.41525620804168284,0.4299999999999984,1,102.5,102.5,2793.517056,2793.517056,50.0,50.0,4003.463168,4003.463168
few10__yolo11n__seed42,yolo11n,few10,42,complete,,runs/2026-09-12/few10__yolo11n__seed42,read_data,0.005102247931063175,0.01000000000000012,0,,,,,,,,
few10__yolo11n__seed42,yolo11n,few10,42,complete,,runs/2026-09-12/few10__yolo11n__seed42,prepare_pipeline,2.2821717109763995,2.42,12,105.58333333333336,158.7,669.4847146666667,687.869952,54.75,70.0,0.0,0.0
few10__yolo11n__seed42,yolo11n,few10,42,complete,,runs/2026-09-12/few10__yolo11n__seed42,build_model,1.0433908700942993,1.0500000000000003,5,99.94,103.7,775.5964416,828.588032,57.0,57.0,0.0,0.0
few10__yolo11n__seed42,yolo11n,few10,42,complete,,runs/2026-09-12/few10__yolo11n__seed42,fit,28.207493192050606,91.75000000000001,138,327.56449275362314,455.8,2308.3843821449277,2667.606016,57.8768115942029,72.0,569.7566868405796,710.934528
few10__yolo11n__seed42,yolo11n,few10,42,complete,,runs/2026-09-12/few10__yolo11n__seed42,save_model,0.039226872962899506,0.14000000000000323,0,,,,,,,,
few10__yolo11n__seed42,yolo11n,few10,42,complete,,runs/2026-09-12/few10__yolo11n__seed42,warmup,0.06700564699713141,0.15999999999999925,0,,,,,,,,
few10__yolo11n__seed42,yolo11n,few10,42,complete,,runs/2026-09-12/few10__yolo11n__seed42,evaluate_train,0.0880879529286176,0.09999999999999698,1,212.9,212.9,2570.125312,2570.125312,52.0,52.0,408.94464,408.94464
few10__yolo11n__seed42,yolo11n,few10,42,complete,,runs/2026-09-12/few10__yolo11n__seed42,prepare_val_clean,0.005034756031818688,0.010000000000012221,0,,,,,,,,
few10__yolo11n__seed42,yolo11n,few10,42,complete,,runs/2026-09-12/few10__yolo11n__seed42,evaluate_val_clean,0.269429738051258,0.2699999999999889,2,98.6,99.2,2570.674176,2570.674176,52.0,52.0,408.94464,408.94464
few10__yolo11n__seed42,yolo11n,few10,42,complete,,runs/2026-09-12/few10__yolo11n__seed42,prepare_test_clean,0.005109713994897902,0.009999999999989129,0,,,,,,,,
few10__yolo11n__seed42,yolo11n,few10,42,complete,,runs/2026-09-12/few10__yolo11n__seed42,evaluate_test_clean,0.24138489901088178,0.24000000000000732,1,98.9,98.9,2590.138368,2590.138368,57.0,57.0,408.94464,408.94464
few10__yolo11n__seed42,yolo11n,few10,42,complete,,runs/2026-09-12/few10__yolo11n__seed42,inference_batch1,0.24083745991811156,0.23999999999999844,2,101.3,103.5,2604.425216,2604.425216,57.0,57.0,408.94464,408.94464
few10__yolo11n__seed42,yolo11n,few10,42,complete,,runs/2026-09-12/few10__yolo11n__seed42,explanations,0.0006841319845989347,3.552713678800501e-15,0,,,,,,,,
few10__yolo11n__seed43,yolo11n,few10,43,complete,,runs/2026-09-12/few10__yolo11n__seed43,read_data,0.006225070916116238,0.01000000000000012,0,,,,,,,,
few10__yolo11n__seed43,yolo11n,few10,43,complete,,runs/2026-09-12/few10__yolo11n__seed43,prepare_pipeline,2.3634598499629647,2.4899999999999993,12,104.33333333333333,148.1,668.2897066666666,686.477312,57.666666666666664,67.0,0.0,0.0
few10__yolo11n__seed43,yolo11n,few10,43,complete,,runs/2026-09-12/few10__yolo11n__seed43,build_model,1.0000104709761217,1.0100000000000002,5,101.82000000000001,104.1,773.4607871999999,831.045632,62.0,70.0,0.0,0.0
few10__yolo11n__seed43,yolo11n,few10,43,complete,,runs/2026-09-12/few10__yolo11n__seed43,fit,36.84699399396777,122.51,181,334.17237569060774,495.2,2321.162918895028,2611.544064,61.91160220994475,74.0,623.3755353812154,811.597824
few10__yolo11n__seed43,yolo11n,few10,43,complete,,runs/2026-09-12/few10__yolo11n__seed43,save_model,0.045743246912024915,0.13999999999999435,0,,,,,,,,
few10__yolo11n__seed43,yolo11n,few10,43,complete,,runs/2026-09-12/few10__yolo11n__seed43,warmup,0.09263440000358969,0.21999999999999265,1,235.0,235.0,2552.225792,2552.225792,75.0,75.0,383.778816,383.778816
few10__yolo11n__seed43,yolo11n,few10,43,complete,,runs/2026-09-12/few10__yolo11n__seed43,evaluate_train,0.10037106706295162,0.0999999999999881,0,,,,,,,,
few10__yolo11n__seed43,yolo11n,few10,43,complete,,runs/2026-09-12/few10__yolo11n__seed43,prepare_val_clean,0.0060826020780950785,0.010000000000004228,0,,,,,,,,
few10__yolo11n__seed43,yolo11n,few10,43,complete,,runs/2026-09-12/few10__yolo11n__seed43,evaluate_val_clean,0.3006848699878901,0.3100000000000014,1,104.0,104.0,2552.930304,2552.930304,75.0,75.0,411.041792,411.041792
few10__yolo11n__seed43,yolo11n,few10,43,complete,,runs/2026-09-12/few10__yolo11n__seed43,prepare_test_clean,0.005559550947509706,0.009999999999999787,0,,,,,,,,
few10__yolo11n__seed43,yolo11n,few10,43,complete,,runs/2026-09-12/few10__yolo11n__seed43,evaluate_test_clean,0.27653731405735016,0.2799999999999958,1,99.0,99.0,2572.394496,2572.394496,59.0,59.0,411.041792,411.041792
few10__yolo11n__seed43,yolo11n,few10,43,complete,,runs/2026-09-12/few10__yolo11n__seed43,inference_batch1,0.24597148492466658,0.25,1,98.9,98.9,2586.681344,2586.681344,59.0,59.0,411.041792,411.041792
few10__yolo11n__seed43,yolo11n,few10,43,complete,,runs/2026-09-12/few10__yolo11n__seed43,explanations,0.0004594989586621523,0.0,0,,,,,,,,
few10__yolo11n_random__seed42,yolo11n_random,few10,42,complete,,runs/2026-09-12/few10__yolo11n_random__seed42,read_data,0.004159333999268711,0.019999999999999685,0,,,,,,,,
few10__yolo11n_random__seed42,yolo11n_random,few10,42,complete,,runs/2026-09-12/few10__yolo11n_random__seed42,prepare_pipeline,1.8947421920020133,2.03,10,104.99000000000001,144.5,671.6706816,689.979392,34.4,35.0,0.0,0.0
few10__yolo11n_random__seed42,yolo11n_random,few10,42,complete,,runs/2026-09-12/few10__yolo11n_random__seed42,build_model,0.07661298790480942,0.22000000000000097,0,,,,,,,,
few10__yolo11n_random__seed42,yolo11n_random,few10,42,complete,,runs/2026-09-12/few10__yolo11n_random__seed42,fit,12.707084794063121,37.029999999999994,63,292.23492063492057,497.4,2155.492043174603,2609.291264,37.07936507936508,44.0,449.55615492063487,570.425344
few10__yolo11n_random__seed42,yolo11n_random,few10,42,complete,,runs/2026-09-12/few10__yolo11n_random__seed42,save_model,0.029316047090105712,0.10999999999999766,0,,,,,,,,
few10__yolo11n_random__seed42,yolo11n_random,few10,42,complete,,runs/2026-09-12/few10__yolo11n_random__seed42,warmup,0.05685713607817888,0.1399999999999988,0,,,,,,,,
few10__yolo11n_random__seed42,yolo11n_random,few10,42,complete,,runs/2026-09-12/few10__yolo11n_random__seed42,evaluate_train,0.06929200899321586,0.06999999999999851,0,,,,,,,,
few10__yolo11n_random__seed42,yolo11n_random,few10,42,complete,,runs/2026-09-12/few10__yolo11n_random__seed42,prepare_val_clean,0.00442614802159369,0.010000000000001563,0,,,,,,,,
few10__yolo11n_random__seed42,yolo11n_random,few10,42,complete,,runs/2026-09-12/few10__yolo11n_random__seed42,evaluate_val_clean,0.21929964900482446,0.2199999999999953,1,99.3,99.3,2551.189504,2551.189504,31.0,31.0,411.041792,411.041792
few10__yolo11n_random__seed42,yolo11n_random,few10,42,complete,,runs/2026-09-12/few10__yolo11n_random__seed42,prepare_test_clean,0.0044302219757810235,0.009999999999994458,0,,,,,,,,
few10__yolo11n_random__seed42,yolo11n_random,few10,42,complete,,runs/2026-09-12/few10__yolo11n_random__seed42,evaluate_test_clean,0.19490408105775714,0.1999999999999993,1,99.1,99.1,2577.14176,2577.14176,41.0,41.0,411.041792,411.041792
few10__yolo11n_random__seed42,yolo11n_random,few10,42,complete,,runs/2026-09-12/few10__yolo11n_random__seed42,inference_batch1,0.15006914106197655,0.15000000000000702,1,99.0,99.0,2584.94464,2584.94464,41.0,41.0,411.041792,411.041792
few10__yolo11n_random__seed42,yolo11n_random,few10,42,complete,,runs/2026-09-12/few10__yolo11n_random__seed42,explanations,0.00036921200808137655,1.3322676295501878e-15,0,,,,,,,,
few10__yolo11n_random__seed43,yolo11n_random,few10,43,complete,,runs/2026-09-12/few10__yolo11n_random__seed43,read_data,0.004509889055043459,-1.1102230246251565e-16,0,,,,,,,,
few10__yolo11n_random__seed43,yolo11n_random,few10,43,complete,,runs/2026-09-12/few10__yolo11n_random__seed43,prepare_pipeline,1.9053201889619231,2.0199999999999996,10,105.53999999999999,154.3,672.0749568,690.307072,31.0,32.0,0.0,0.0
few10__yolo11n_random__seed43,yolo11n_random,few10,43,complete,,runs/2026-09-12/few10__yolo11n_random__seed43,build_model,0.07015346398111433,0.18999999999999995,0,,,,,,,,
few10__yolo11n_random__seed43,yolo11n_random,few10,43,complete,,runs/2026-09-12/few10__yolo11n_random__seed43,fit,28.146031314972788,93.14999999999999,138,333.6123188405797,496.7,2277.4467302028984,2601.906176,35.1231884057971,44.0,585.2117852753623,771.751936
few10__yolo11n_random__seed43,yolo11n_random,few10,43,complete,,runs/2026-09-12/few10__yolo11n_random__seed43,save_model,0.030355058959685266,0.10999999999999766,0,,,,,,,,
few10__yolo11n_random__seed43,yolo11n_random,few10,43,complete,,runs/2026-09-12/few10__yolo11n_random__seed43,warmup,0.05144538194872439,0.12999999999999368,0,,,,,,,,
few10__yolo11n_random__seed43,yolo11n_random,few10,43,complete,,runs/2026-09-12/few10__yolo11n_random__seed43,evaluate_train,0.06730631995014846,0.0699999999999914,1,191.5,191.5,2514.231296,2514.231296,29.0,29.0,408.94464,408.94464
few10__yolo11n_random__seed43,yolo11n_random,few10,43,complete,,runs/2026-09-12/few10__yolo11n_random__seed43,prepare_val_clean,0.006596399936825037,0.009999999999985576,0,,,,,,,,
few10__yolo11n_random__seed43,yolo11n_random,few10,43,complete,,runs/2026-09-12/few10__yolo11n_random__seed43,evaluate_val_clean,0.21997873100917786,0.21999999999999353,1,103.8,103.8,2539.896832,2539.896832,29.0,29.0,408.94464,408.94464
few10__yolo11n_random__seed43,yolo11n_random,few10,43,complete,,runs/2026-09-12/few10__yolo11n_random__seed43,prepare_test_clean,0.004739994998089969,0.010000000000004228,0,,,,,,,,
few10__yolo11n_random__seed43,yolo11n_random,few10,43,complete,,runs/2026-09-12/few10__yolo11n_random__seed43,evaluate_test_clean,0.2171548119513318,0.20999999999999286,1,99.0,99.0,2559.295488,2559.295488,33.0,33.0,408.94464,408.94464
few10__yolo11n_random__seed43,yolo11n_random,few10,43,complete,,runs/2026-09-12/few10__yolo11n_random__seed43,inference_batch1,0.14595324196852744,0.15000000000001013,1,104.3,104.3,2582.683648,2582.683648,33.0,33.0,408.94464,408.94464
few10__yolo11n_random__seed43,yolo11n_random,few10,43,complete,,runs/2026-09-12/few10__yolo11n_random__seed43,explanations,0.00032934907358139753,4.440892098500626e-15,0,,,,,,,,
few1__polygarbor_aug__seed42,polygarbor_aug,few1,42,complete,,runs/2026-09-12/few1__polygarbor_aug__seed42,read_data,0.004488180973567069,0.009999999999999898,0,,,,,,,,
few1__polygarbor_aug__seed42,polygarbor_aug,few1,42,complete,,runs/2026-09-12/few1__polygarbor_aug__seed42,build_model,0.00023745093494653702,1.1102230246251565e-16,0,,,,,,,,
few1__polygarbor_aug__seed42,polygarbor_aug,few1,42,complete,,runs/2026-09-12/few1__polygarbor_aug__seed42,extract_features,0.2175194409210235,0.21000000000000008,1,103.1,103.1,248.6272,248.6272,41.0,41.0,0.0,0.0
few1__polygarbor_aug__seed42,polygarbor_aug,few1,42,complete,,runs/2026-09-12/few1__polygarbor_aug__seed42,fit,0.009281493024900556,0.009999999999999898,0,,,,,,,,
few1__polygarbor_aug__seed42,polygarbor_aug,few1,42,complete,,runs/2026-09-12/few1__polygarbor_aug__seed42,save_model,0.0012511659879237413,-5.551115123125783e-17,0,,,,,,,,
few1__polygarbor_aug__seed42,polygarbor_aug,few1,42,complete,,runs/2026-09-12/few1__polygarbor_aug__seed42,warmup,0.014830540982075036,0.019999999999999962,0,,,,,,,,
few1__polygarbor_aug__seed42,polygarbor_aug,few1,42,complete,,runs/2026-09-12/few1__polygarbor_aug__seed42,evaluate_train,0.03819890902377665,0.02999999999999997,0,,,,,,,,
few1__polygarbor_aug__seed42,polygarbor_aug,few1,42,complete,,runs/2026-09-12/few1__polygarbor_aug__seed42,prepare_val_clean,0.004429835011251271,0.010000000000000397,0,,,,,,,,
few1__polygarbor_aug__seed42,polygarbor_aug,few1,42,complete,,runs/2026-09-12/few1__polygarbor_aug__seed42,evaluate_val_clean,2.4489919160259888,2.4499999999999993,13,100.28461538461539,104.5,310.8552073846154,327.749632,31.846153846153847,43.0,0.0,0.0
few1__polygarbor_aug__seed42,polygarbor_aug,few1,42,complete,,runs/2026-09-12/few1__polygarbor_aug__seed42,prepare_test_clean,0.004187632002867758,4.440892098500626e-16,0,,,,,,,,
few1__polygarbor_aug__seed42,polygarbor_aug,few1,42,complete,,runs/2026-09-12/few1__polygarbor_aug__seed42,evaluate_test_clean,2.3810378529597074,2.3799999999999994,12,100.35833333333333,104.6,356.4270933333333,372.256768,38.25,46.0,0.0,0.0
few1__polygarbor_aug__seed42,polygarbor_aug,few1,42,complete,,runs/2026-09-12/few1__polygarbor_aug__seed42,inference_batch1,0.23571310902480036,0.2400000000000002,1,104.5,104.5,377.131008,377.131008,46.0,46.0,0.0,0.0
few1__polygarbor_aug__seed42,polygarbor_aug,few1,42,complete,,runs/2026-09-12/few1__polygarbor_aug__seed42,explanations,0.0003050989471375942,0.0,0,,,,,,,,
few1__polygarbor_aug__seed43,polygarbor_aug,few1,43,complete,,runs/2026-09-12/few1__polygarbor_aug__seed43,read_data,0.0027725129621103406,-5.551115123125783e-17,0,,,,,,,,
few1__polygarbor_aug__seed43,polygarbor_aug,few1,43,complete,,runs/2026-09-12/few1__polygarbor_aug__seed43,build_model,0.00023313809651881456,-5.551115123125783e-17,0,,,,,,,,
few1__polygarbor_aug__seed43,polygarbor_aug,few1,43,complete,,runs/2026-09-12/few1__polygarbor_aug__seed43,extract_features,0.20832310197874904,0.1999999999999999,1,98.5,98.5,248.582144,248.582144,37.0,37.0,0.0,0.0
few1__polygarbor_aug__seed43,polygarbor_aug,few1,43,complete,,runs/2026-09-12/few1__polygarbor_aug__seed43,fit,0.008992965915240347,0.009999999999999953,0,,,,,,,,
few1__polygarbor_aug__seed43,polygarbor_aug,few1,43,complete,,runs/2026-09-12/few1__polygarbor_aug__seed43,save_model,0.0012133370619267225,-5.551115123125783e-17,0,,,,,,,,
few1__polygarbor_aug__seed43,polygarbor_aug,few1,43,complete,,runs/2026-09-12/few1__polygarbor_aug__seed43,warmup,0.013736285967752337,0.009999999999999953,0,,,,,,,,
few1__polygarbor_aug__seed43,polygarbor_aug,few1,43,complete,,runs/2026-09-12/few1__polygarbor_aug__seed43,evaluate_train,0.036466930992901325,0.03999999999999998,0,,,,,,,,
few1__polygarbor_aug__seed43,polygarbor_aug,few1,43,complete,,runs/2026-09-12/few1__polygarbor_aug__seed43,prepare_val_clean,0.004573540994897485,0.009999999999999731,0,,,,,,,,
few1__polygarbor_aug__seed43,polygarbor_aug,few1,43,complete,,runs/2026-09-12/few1__polygarbor_aug__seed43,evaluate_val_clean,2.4241753749083728,2.4400000000000004,12,99.93333333333334,104.5,309.3681493333333,325.419008,35.916666666666664,37.0,0.0,0.0
few1__polygarbor_aug__seed43,polygarbor_aug,few1,43,complete,,runs/2026-09-12/few1__polygarbor_aug__seed43,prepare_test_clean,0.004429680062457919,0.010000000000000675,0,,,,,,,,
few1__polygarbor_aug__seed43,polygarbor_aug,few1,43,complete,,runs/2026-09-12/few1__polygarbor_aug__seed43,evaluate_test_clean,2.4043982359580696,2.4099999999999993,12,100.80833333333332,104.6,355.8324906666666,371.355648,33.916666666666664,35.0,0.0,0.0
few1__polygarbor_aug__seed43,polygarbor_aug,few1,43,complete,,runs/2026-09-12/few1__polygarbor_aug__seed43,inference_batch1,0.2401123329764232,0.23999999999999977,1,99.1,99.1,380.321792,380.321792,35.0,35.0,0.0,0.0
few1__polygarbor_aug__seed43,polygarbor_aug,few1,43,complete,,runs/2026-09-12/few1__polygarbor_aug__seed43,explanations,0.0003066400531679392,-4.440892098500626e-16,0,,,,,,,,
few1__polygarbor_p3__seed42,polygarbor_p3,few1,42,complete,,runs/2026-09-12/few1__polygarbor_p3__seed42,read_data,0.002266421914100647,0.009999999999999898,0,,,,,,,,
few1__polygarbor_p3__seed42,polygarbor_p3,few1,42,complete,,runs/2026-09-12/few1__polygarbor_p3__seed42,build_model,0.0002425340935587883,-1.1102230246251565e-16,0,,,,,,,,
few1__polygarbor_p3__seed42,polygarbor_p3,few1,42,complete,,runs/2026-09-12/few1__polygarbor_p3__seed42,extract_features,0.10907257499638945,0.10999999999999976,0,,,,,,,,
few1__polygarbor_p3__seed42,polygarbor_p3,few1,42,complete,,runs/2026-09-12/few1__polygarbor_p3__seed42,fit,0.012020347989164293,0.01000000000000012,0,,,,,,,,
few1__polygarbor_p3__seed42,polygarbor_p3,few1,42,complete,,runs/2026-09-12/few1__polygarbor_p3__seed42,save_model,0.001452324097044766,1.1102230246251565e-16,0,,,,,,,,
few1__polygarbor_p3__seed42,polygarbor_p3,few1,42,complete,,runs/2026-09-12/few1__polygarbor_p3__seed42,warmup,0.02142498700413853,0.02000000000000013,0,,,,,,,,
few1__polygarbor_p3__seed42,polygarbor_p3,few1,42,complete,,runs/2026-09-12/few1__polygarbor_p3__seed42,evaluate_train,0.06423662102315575,0.06999999999999995,1,103.4,103.4,249.409536,249.409536,15.0,15.0,0.0,0.0
few1__polygarbor_p3__seed42,polygarbor_p3,few1,42,complete,,runs/2026-09-12/few1__polygarbor_p3__seed42,prepare_val_clean,0.0043950899271294475,-5.551115123125783e-17,0,,,,,,,,
few1__polygarbor_p3__seed42,polygarbor_p3,few1,42,complete,,runs/2026-09-12/few1__polygarbor_p3__seed42,evaluate_val_clean,3.292821806971915,3.2899999999999996,16,100.63125,108.1,310.232064,326.008832,26.6875,34.0,0.0,0.0
few1__polygarbor_p3__seed42,polygarbor_p3,few1,42,complete,,runs/2026-09-12/few1__polygarbor_p3__seed42,prepare_test_clean,0.0050062090158462524,4.440892098500626e-16,0,,,,,,,,
few1__polygarbor_p3__seed42,polygarbor_p3,few1,42,complete,,runs/2026-09-12/few1__polygarbor_p3__seed42,evaluate_test_clean,3.3537521549733356,3.3699999999999997,16,100.33125,104.4,354.830592,370.036736,38.75,47.0,0.0,0.0
few1__polygarbor_p3__seed42,polygarbor_p3,few1,42,complete,,runs/2026-09-12/few1__polygarbor_p3__seed42,inference_batch1,0.3667376509401947,0.37000000000000055,2,99.5,99.5,380.239872,380.239872,5.0,5.0,0.0,0.0
few1__polygarbor_p3__seed42,polygarbor_p3,few1,42,complete,,runs/2026-09-12/few1__polygarbor_p3__seed42,explanations,0.0003366810269653797,-4.440892098500626e-16,0,,,,,,,,
few1__polygarbor_p3__seed43,polygarbor_p3,few1,43,complete,,runs/2026-09-12/few1__polygarbor_p3__seed43,read_data,0.0027946620248258114,-5.551115123125783e-17,0,,,,,,,,
few1__polygarbor_p3__seed43,polygarbor_p3,few1,43,complete,,runs/2026-09-12/few1__polygarbor_p3__seed43,build_model,0.000246681971475482,-5.551115123125783e-17,0,,,,,,,,
few1__polygarbor_p3__seed43,polygarbor_p3,few1,43,complete,,runs/2026-09-12/few1__polygarbor_p3__seed43,extract_features,0.10823682299815118,0.10999999999999982,0,,,,,,,,
few1__polygarbor_p3__seed43,polygarbor_p3,few1,43,complete,,runs/2026-09-12/few1__polygarbor_p3__seed43,fit,0.011630609980784357,0.009999999999999953,0,,,,,,,,
few1__polygarbor_p3__seed43,polygarbor_p3,few1,43,complete,,runs/2026-09-12/few1__polygarbor_p3__seed43,save_model,0.0014361400390043855,-5.551115123125783e-17,0,,,,,,,,
few1__polygarbor_p3__seed43,polygarbor_p3,few1,43,complete,,runs/2026-09-12/few1__polygarbor_p3__seed43,warmup,0.02120053395628929,0.02999999999999997,0,,,,,,,,
few1__polygarbor_p3__seed43,polygarbor_p3,few1,43,complete,,runs/2026-09-12/few1__polygarbor_p3__seed43,evaluate_train,0.058306986931711435,0.06,1,98.6,98.6,247.558144,247.558144,32.0,32.0,0.0,0.0
few1__polygarbor_p3__seed43,polygarbor_p3,few1,43,complete,,runs/2026-09-12/few1__polygarbor_p3__seed43,prepare_val_clean,0.004322141990996897,0.009999999999999953,0,,,,,,,,
few1__polygarbor_p3__seed43,polygarbor_p3,few1,43,complete,,runs/2026-09-12/few1__polygarbor_p3__seed43,evaluate_val_clean,3.284623790998012,3.29,16,100.025,104.6,311.011584,326.709248,25.125,34.0,0.0,0.0
few1__polygarbor_p3__seed43,polygarbor_p3,few1,43,complete,,runs/2026-09-12/few1__polygarbor_p3__seed43,prepare_test_clean,0.004310174961574376,2.220446049250313e-16,0,,,,,,,,
few1__polygarbor_p3__seed43,polygarbor_p3,few1,43,complete,,runs/2026-09-12/few1__polygarbor_p3__seed43,evaluate_test_clean,3.3319471849827096,3.34,17,100.06470588235294,104.6,354.5671077647059,370.966528,37.411764705882355,43.0,0.0,0.0
few1__polygarbor_p3__seed43,polygarbor_p3,few1,43,complete,,runs/2026-09-12/few1__polygarbor_p3__seed43,inference_batch1,0.3309525999939069,0.32999999999999785,2,101.35,103.1,380.342272,380.342272,40.0,40.0,0.0,0.0
few1__polygarbor_p3__seed43,polygarbor_p3,few1,43,complete,,runs/2026-09-12/few1__polygarbor_p3__seed43,explanations,0.00032316299621015787,-4.440892098500626e-16,0,,,,,,,,
few1__polygarbor_p3_aug__seed42,polygarbor_p3_aug,few1,42,complete,,runs/2026-09-12/few1__polygarbor_p3_aug__seed42,read_data,0.003689881064929068,0.009999999999999898,0,,,,,,,,
few1__polygarbor_p3_aug__seed42,polygarbor_p3_aug,few1,42,complete,,runs/2026-09-12/few1__polygarbor_p3_aug__seed42,build_model,0.0003897090209648013,1.1102230246251565e-16,0,,,,,,,,
few1__polygarbor_p3_aug__seed42,polygarbor_p3_aug,few1,42,complete,,runs/2026-09-12/few1__polygarbor_p3_aug__seed42,extract_features,0.24761037901043892,0.23999999999999988,1,103.1,103.1,248.385536,248.385536,36.0,36.0,0.0,0.0
few1__polygarbor_p3_aug__seed42,polygarbor_p3_aug,few1,42,complete,,runs/2026-09-12/few1__polygarbor_p3_aug__seed42,fit,0.028185367002151906,0.06999999999999973,0,,,,,,,,
few1__polygarbor_p3_aug__seed42,polygarbor_p3_aug,few1,42,complete,,runs/2026-09-12/few1__polygarbor_p3_aug__seed42,save_model,0.002420168020762503,0.01000000000000012,0,,,,,,,,
few1__polygarbor_p3_aug__seed42,polygarbor_p3_aug,few1,42,complete,,runs/2026-09-12/few1__polygarbor_p3_aug__seed42,warmup,0.0303342470433563,0.08999999999999997,0,,,,,,,,
few1__polygarbor_p3_aug__seed42,polygarbor_p3_aug,few1,42,complete,,runs/2026-09-12/few1__polygarbor_p3_aug__seed42,evaluate_train,0.08019888994749635,0.18000000000000005,0,,,,,,,,
few1__polygarbor_p3_aug__seed42,polygarbor_p3_aug,few1,42,complete,,runs/2026-09-12/few1__polygarbor_p3_aug__seed42,prepare_val_clean,0.004469065112061799,1.6653345369377348e-16,0,,,,,,,,
few1__polygarbor_p3_aug__seed42,polygarbor_p3_aug,few1,42,complete,,runs/2026-09-12/few1__polygarbor_p3_aug__seed42,evaluate_val_clean,4.80684214096982,4.83,24,100.45416666666667,104.5,311.93224533333336,328.429568,31.666666666666668,37.0,0.0,0.0
few1__polygarbor_p3_aug__seed42,polygarbor_p3_aug,few1,42,complete,,runs/2026-09-12/few1__polygarbor_p3_aug__seed42,prepare_test_clean,0.004395017982460558,-2.220446049250313e-16,0,,,,,,,,
few1__polygarbor_p3_aug__seed42,polygarbor_p3_aug,few1,42,complete,,runs/2026-09-12/few1__polygarbor_p3_aug__seed42,evaluate_test_clean,4.753215455915779,4.7700000000000005,23,100.3608695652174,104.5,355.0110052173913,371.040256,31.043478260869566,35.0,0.0,0.0
few1__polygarbor_p3_aug__seed42,polygarbor_p3_aug,few1,42,complete,,runs/2026-09-12/few1__polygarbor_p3_aug__seed42,inference_batch1,0.47445418999996036,0.4800000000000002,2,99.6,99.6,381.087744,381.087744,34.5,36.0,0.0,0.0
few1__polygarbor_p3_aug__seed42,polygarbor_p3_aug,few1,42,complete,,runs/2026-09-12/few1__polygarbor_p3_aug__seed42,explanations,0.00031145394314080477,-2.220446049250313e-16,0,,,,,,,,
few1__polygarbor_p3_aug__seed43,polygarbor_p3_aug,few1,43,complete,,runs/2026-09-12/few1__polygarbor_p3_aug__seed43,read_data,0.002314776065759361,1.1102230246251565e-16,0,,,,,,,,
few1__polygarbor_p3_aug__seed43,polygarbor_p3_aug,few1,43,complete,,runs/2026-09-12/few1__polygarbor_p3_aug__seed43,build_model,0.0002605660120025277,1.1102230246251565e-16,0,,,,,,,,
few1__polygarbor_p3_aug__seed43,polygarbor_p3_aug,few1,43,complete,,runs/2026-09-12/few1__polygarbor_p3_aug__seed43,extract_features,0.2493726380635053,0.2500000000000001,1,98.5,98.5,248.500224,248.500224,34.0,34.0,0.0,0.0
few1__polygarbor_p3_aug__seed43,polygarbor_p3_aug,few1,43,complete,,runs/2026-09-12/few1__polygarbor_p3_aug__seed43,fit,0.031552294036373496,0.08999999999999997,0,,,,,,,,
few1__polygarbor_p3_aug__seed43,polygarbor_p3_aug,few1,43,complete,,runs/2026-09-12/few1__polygarbor_p3_aug__seed43,save_model,0.0026358800241723657,0.009999999999999953,0,,,,,,,,
few1__polygarbor_p3_aug__seed43,polygarbor_p3_aug,few1,43,complete,,runs/2026-09-12/few1__polygarbor_p3_aug__seed43,warmup,0.03523265605326742,0.11000000000000026,0,,,,,,,,
few1__polygarbor_p3_aug__seed43,polygarbor_p3_aug,few1,43,complete,,runs/2026-09-12/few1__polygarbor_p3_aug__seed43,evaluate_train,0.09026597603224218,0.1700000000000001,1,208.8,208.8,250.568704,250.568704,34.0,34.0,0.0,0.0
few1__polygarbor_p3_aug__seed43,polygarbor_p3_aug,few1,43,complete,,runs/2026-09-12/few1__polygarbor_p3_aug__seed43,prepare_val_clean,0.004435195936821401,1.6653345369377348e-16,0,,,,,,,,
few1__polygarbor_p3_aug__seed43,polygarbor_p3_aug,few1,43,complete,,runs/2026-09-12/few1__polygarbor_p3_aug__seed43,evaluate_val_clean,5.016740573919378,5.04,25,100.088,104.6,311.53651712,328.081408,29.56,44.0,0.0,0.0
few1__polygarbor_p3_aug__seed43,polygarbor_p3_aug,few1,43,complete,,runs/2026-09-12/few1__polygarbor_p3_aug__seed43,prepare_test_clean,0.004328866954892874,-6.661338147750939e-16,0,,,,,,,,
few1__polygarbor_p3_aug__seed43,polygarbor_p3_aug,few1,43,complete,,runs/2026-09-12/few1__polygarbor_p3_aug__seed43,evaluate_test_clean,4.887148451991379,4.909999999999999,24,100.03333333333335,104.5,355.0411093333333,371.376128,33.958333333333336,38.0,0.0,0.0
few1__polygarbor_p3_aug__seed43,polygarbor_p3_aug,few1,43,complete,,runs/2026-09-12/few1__polygarbor_p3_aug__seed43,inference_batch1,0.4847084969514981,0.48999999999999977,2,99.05,99.5,381.321216,381.321216,6.0,6.0,0.0,0.0
few1__polygarbor_p3_aug__seed43,polygarbor_p3_aug,few1,43,complete,,runs/2026-09-12/few1__polygarbor_p3_aug__seed43,explanations,0.0003151620039716363,-4.440892098500626e-16,0,,,,,,,,
few1__polygarbor_p5__seed42,polygarbor_p5,few1,42,complete,,runs/2026-09-12/few1__polygarbor_p5__seed42,read_data,0.002640419057570398,0.009999999999999898,0,,,,,,,,
few1__polygarbor_p5__seed42,polygarbor_p5,few1,42,complete,,runs/2026-09-12/few1__polygarbor_p5__seed42,build_model,0.0002327000256627798,-5.551115123125783e-17,0,,,,,,,,
few1__polygarbor_p5__seed42,polygarbor_p5,few1,42,complete,,runs/2026-09-12/few1__polygarbor_p5__seed42,extract_features,0.13690369797404855,0.13999999999999985,0,,,,,,,,
few1__polygarbor_p5__seed42,polygarbor_p5,few1,42,complete,,runs/2026-09-12/few1__polygarbor_p5__seed42,fit,0.0265903000254184,0.019999999999999962,0,,,,,,,,
few1__polygarbor_p5__seed42,polygarbor_p5,few1,42,complete,,runs/2026-09-12/few1__polygarbor_p5__seed42,save_model,0.0021389899775385857,-5.551115123125783e-17,0,,,,,,,,
few1__polygarbor_p5__seed42,polygarbor_p5,few1,42,complete,,runs/2026-09-12/few1__polygarbor_p5__seed42,warmup,0.04166472400538623,0.04999999999999999,1,103.6,103.6,250.130432,250.130432,36.0,36.0,0.0,0.0
few1__polygarbor_p5__seed42,polygarbor_p5,few1,42,complete,,runs/2026-09-12/few1__polygarbor_p5__seed42,evaluate_train,0.10746070998720825,0.10000000000000003,0,,,,,,,,
few1__polygarbor_p5__seed42,polygarbor_p5,few1,42,complete,,runs/2026-09-12/few1__polygarbor_p5__seed42,prepare_val_clean,0.00469805602915585,1.6653345369377348e-16,0,,,,,,,,
few1__polygarbor_p5__seed42,polygarbor_p5,few1,42,complete,,runs/2026-09-12/few1__polygarbor_p5__seed42,evaluate_val_clean,6.1199586930451915,6.1400000000000015,31,100.31290322580645,109.5,311.0787798709677,328.351744,38.903225806451616,45.0,0.0,0.0
few1__polygarbor_p5__seed42,polygarbor_p5,few1,42,complete,,runs/2026-09-12/few1__polygarbor_p5__seed42,prepare_test_clean,0.004188226070255041,0.0,0,,,,,,,,
few1__polygarbor_p5__seed42,polygarbor_p5,few1,42,complete,,runs/2026-09-12/few1__polygarbor_p5__seed42,evaluate_test_clean,6.015285172034055,6.029999999999999,30,100.21,109.1,355.24580693333337,371.838976,25.833333333333332,45.0,0.0,0.0
few1__polygarbor_p5__seed42,polygarbor_p5,few1,42,complete,,runs/2026-09-12/few1__polygarbor_p5__seed42,inference_batch1,0.5967036410002038,0.5999999999999988,3,99.13333333333333,99.5,377.15694933333333,377.15968,17.666666666666668,19.0,0.0,0.0
few1__polygarbor_p5__seed42,polygarbor_p5,few1,42,complete,,runs/2026-09-12/few1__polygarbor_p5__seed42,explanations,0.0003258449723944068,-8.881784197001252e-16,0,,,,,,,,
few1__polygarbor_p5__seed43,polygarbor_p5,few1,43,complete,,runs/2026-09-12/few1__polygarbor_p5__seed43,read_data,0.0023130299523472786,1.1102230246251565e-16,0,,,,,,,,
few1__polygarbor_p5__seed43,polygarbor_p5,few1,43,complete,,runs/2026-09-12/few1__polygarbor_p5__seed43,build_model,0.0002327919937670231,1.1102230246251565e-16,0,,,,,,,,
few1__polygarbor_p5__seed43,polygarbor_p5,few1,43,complete,,runs/2026-09-12/few1__polygarbor_p5__seed43,extract_features,0.12831403804011643,0.13,0,,,,,,,,
few1__polygarbor_p5__seed43,polygarbor_p5,few1,43,complete,,runs/2026-09-12/few1__polygarbor_p5__seed43,fit,0.024741707951761782,0.029999999999999916,0,,,,,,,,
few1__polygarbor_p5__seed43,polygarbor_p5,few1,43,complete,,runs/2026-09-12/few1__polygarbor_p5__seed43,save_model,0.0020061449613422155,-5.551115123125783e-17,0,,,,,,,,
few1__polygarbor_p5__seed43,polygarbor_p5,few1,43,complete,,runs/2026-09-12/few1__polygarbor_p5__seed43,warmup,0.036445006961002946,0.03999999999999998,0,,,,,,,,
few1__polygarbor_p5__seed43,polygarbor_p5,few1,43,complete,,runs/2026-09-12/few1__polygarbor_p5__seed43,evaluate_train,0.097099176957272,0.10000000000000003,1,103.6,103.6,249.991168,249.991168,43.0,43.0,0.0,0.0
few1__polygarbor_p5__seed43,polygarbor_p5,few1,43,complete,,runs/2026-09-12/few1__polygarbor_p5__seed43,prepare_val_clean,0.004908000933937728,1.6653345369377348e-16,0,,,,,,,,
few1__polygarbor_p5__seed43,polygarbor_p5,few1,43,complete,,runs/2026-09-12/few1__polygarbor_p5__seed43,evaluate_val_clean,5.995702538988553,6.0200000000000005,30,100.37333333333332,104.5,311.2393386666667,328.278016,29.833333333333332,40.0,0.0,0.0
few1__polygarbor_p5__seed43,polygarbor_p5,few1,43,complete,,runs/2026-09-12/few1__polygarbor_p5__seed43,prepare_test_clean,0.004418252035975456,0.010000000000000231,0,,,,,,,,
few1__polygarbor_p5__seed43,polygarbor_p5,few1,43,complete,,runs/2026-09-12/few1__polygarbor_p5__seed43,evaluate_test_clean,5.960675921989605,5.979999999999999,30,100.36333333333333,104.6,355.34861653333337,372.174848,35.06666666666667,39.0,0.0,0.0
few1__polygarbor_p5__seed43,polygarbor_p5,few1,43,complete,,runs/2026-09-12/few1__polygarbor_p5__seed43,inference_batch1,0.601420426974073,0.609999999999999,3,101.0,104.5,377.56654933333334,377.56928,5.0,5.0,0.0,0.0
few1__polygarbor_p5__seed43,polygarbor_p5,few1,43,complete,,runs/2026-09-12/few1__polygarbor_p5__seed43,explanations,0.00038306601345539093,-6.661338147750939e-16,0,,,,,,,,
few1__resnet18__seed42,resnet18,few1,42,complete,,runs/2026-09-12/few1__resnet18__seed42,read_data,0.0026833779411390424,1.1102230246251565e-16,0,,,,,,,,
few1__resnet18__seed42,resnet18,few1,42,complete,,runs/2026-09-12/few1__resnet18__seed42,build_model,2.833532858057879,2.9200000000000004,13,103.61538461538461,138.9,777.7560418461537,1071.28832,32.69230769230769,37.0,51.46088369230769,266.338304
few1__resnet18__seed42,resnet18,few1,42,complete,,runs/2026-09-12/few1__resnet18__seed42,prepare_pipeline,0.9238341610180214,0.9899999999999994,4,107.975,124.2,1081.949184,1084.809216,23.5,25.0,266.338304,266.338304
few1__resnet18__seed42,resnet18,few1,42,complete,,runs/2026-09-12/few1__resnet18__seed42,fit,19.467536206007935,22.599999999999998,96,116.15104166666667,571.2,1820.0249173333334,2292.965376,47.729166666666664,97.0,1776.222208,4349.493248
few1__resnet18__seed42,resnet18,few1,42,complete,,runs/2026-09-12/few1__resnet18__seed42,save_model,0.2246424329932779,0.24000000000000044,1,102.6,102.6,2245.38624,2245.38624,52.0,52.0,4349.493248,4349.493248
few1__resnet18__seed42,resnet18,few1,42,complete,,runs/2026-09-12/few1__resnet18__seed42,warmup,0.7185468880925328,0.7099999999999969,3,98.93333333333334,103.9,2231.1253333333334,2261.663744,42.0,42.0,4349.493248,4349.493248
few1__resnet18__seed42,resnet18,few1,42,complete,,runs/2026-09-12/few1__resnet18__seed42,evaluate_train,0.33679399196989834,0.3399999999999985,2,101.69999999999999,104.3,2286.10048,2286.10048,42.0,42.0,4349.493248,4349.493248
few1__resnet18__seed42,resnet18,few1,42,complete,,runs/2026-09-12/few1__resnet18__seed42,prepare_val_clean,0.0060744850197806954,0.010000000000001563,0,,,,,,,,
few1__resnet18__seed42,resnet18,few1,42,complete,,runs/2026-09-12/few1__resnet18__seed42,evaluate_val_clean,1.257239683996886,1.2300000000000004,6,98.35000000000001,104.1,2318.559914666667,2319.212544,67.0,91.0,4349.493248,4349.493248
few1__resnet18__seed42,resnet18,few1,42,complete,,runs/2026-09-12/few1__resnet18__seed42,prepare_test_clean,0.006621969980187714,0.0,0,,,,,,,,
few1__resnet18__seed42,resnet18,few1,42,complete,,runs/2026-09-12/few1__resnet18__seed42,evaluate_test_clean,0.542486705002375,0.5100000000000016,3,99.2,104.0,2338.194773333333,2350.911488,35.0,43.0,4349.493248,4349.493248
few1__resnet18__seed42,resnet18,few1,42,complete,,runs/2026-09-12/few1__resnet18__seed42,inference_batch1,0.24288469995371997,0.2500000000000009,1,94.1,94.1,2362.994688,2362.994688,71.0,71.0,4349.493248,4349.493248
few1__resnet18__seed42,resnet18,few1,42,complete,,runs/2026-09-12/few1__resnet18__seed42,explanations,0.17472663696389645,0.17000000000000037,1,109.1,109.1,2366.799872,2366.799872,71.0,71.0,4349.493248,4349.493248
few1__resnet18__seed43,resnet18,few1,43,complete,,runs/2026-09-12/few1__resnet18__seed43,read_data,0.002763008000329137,0.009999999999999898,0,,,,,,,,
few1__resnet18__seed43,resnet18,few1,43,complete,,runs/2026-09-12/few1__resnet18__seed43,build_model,3.056414238992147,3.1500000000000004,13,102.80000000000001,128.8,758.5628159999999,1071.058944,37.07692307692308,45.0,51.46088369230769,266.338304
few1__resnet18__seed43,resnet18,few1,43,complete,,runs/2026-09-12/few1__resnet18__seed43,prepare_pipeline,0.9010027990443632,0.9700000000000001,4,109.725,119.3,1081.426944,1084.563456,35.5,41.0,266.338304,266.338304
few1__resnet18__seed43,resnet18,few1,43,complete,,runs/2026-09-12/few1__resnet18__seed43,fit,17.96013939601835,20.990000000000002,88,116.89545454545454,566.5,1803.4549760000002,2299.318272,49.03409090909091,95.0,1655.4631912727273,3995.07456
few1__resnet18__seed43,resnet18,few1,43,complete,,runs/2026-09-12/few1__resnet18__seed43,save_model,0.15593769494444132,0.16999999999999793,1,114.4,114.4,2219.548672,2219.548672,65.0,65.0,3995.07456,3995.07456
few1__resnet18__seed43,resnet18,few1,43,complete,,runs/2026-09-12/few1__resnet18__seed43,warmup,0.5553180279675871,0.540000000000002,3,98.96666666666665,104.1,2231.8639786666668,2258.325504,65.0,65.0,3995.0745599999996,3995.07456
few1__resnet18__seed43,resnet18,few1,43,complete,,runs/2026-09-12/few1__resnet18__seed43,evaluate_train,0.22101266495883465,0.2199999999999993,1,99.5,99.5,2280.022016,2280.022016,65.0,65.0,3995.07456,3995.07456
few1__resnet18__seed43,resnet18,few1,43,complete,,runs/2026-09-12/few1__resnet18__seed43,prepare_val_clean,0.0055767870508134365,0.0,0,,,,,,,,
few1__resnet18__seed43,resnet18,few1,43,complete,,runs/2026-09-12/few1__resnet18__seed43,evaluate_val_clean,1.0993983660591766,1.0899999999999999,6,98.88333333333334,104.1,2313.576448,2314.604544,77.0,88.0,3995.0745600000005,3995.07456
few1__resnet18__seed43,resnet18,few1,43,complete,,runs/2026-09-12/few1__resnet18__seed43,prepare_test_clean,0.005301348981447518,0.010000000000000231,0,,,,,,,,
few1__resnet18__seed43,resnet18,few1,43,complete,,runs/2026-09-12/few1__resnet18__seed43,evaluate_test_clean,0.4494161659386009,0.4099999999999988,2,93.7,98.0,2331.568128,2338.97984,55.0,55.0,3995.07456,3995.07456
few1__resnet18__seed43,resnet18,few1,43,complete,,runs/2026-09-12/few1__resnet18__seed43,inference_batch1,0.15917064691893756,0.16999999999999948,0,,,,,,,,
few1__resnet18__seed43,resnet18,few1,43,complete,,runs/2026-09-12/few1__resnet18__seed43,explanations,0.13143976696301252,0.12000000000000055,1,101.9,101.9,2358.919168,2358.919168,53.0,53.0,3995.07456,3995.07456
few1__resnet18_imagenet__seed42,resnet18_imagenet,few1,42,complete,,runs/2026-09-12/few1__resnet18_imagenet__seed42,read_data,0.002330924035049975,-1.1102230246251565e-16,0,,,,,,,,
few1__resnet18_imagenet__seed42,resnet18_imagenet,few1,42,complete,,runs/2026-09-12/few1__resnet18_imagenet__seed42,build_model,4.613238053978421,4.78,20,103.905,143.8,1034.7180032,1536.507904,30.55,32.0,140.08975359999997,266.338304
few1__resnet18_imagenet__seed42,resnet18_imagenet,few1,42,complete,,runs/2026-09-12/few1__resnet18_imagenet__seed42,prepare_pipeline,0.7518524769693613,0.8200000000000007,3,110.93333333333334,114.2,1509.8279253333333,1510.350848,32.0,32.0,266.338304,266.338304
few1__resnet18_imagenet__seed42,resnet18_imagenet,few1,42,complete,,runs/2026-09-12/few1__resnet18_imagenet__seed42,fit,27.39909757208079,33.07,136,120.51838235294117,611.1,2387.5363840000005,2662.694912,51.5514705882353,92.0,2698.7416395294117,4051.697664
few1__resnet18_imagenet__seed42,resnet18_imagenet,few1,42,complete,,runs/2026-09-12/few1__resnet18_imagenet__seed42,save_model,0.16104373591952026,0.15999999999999792,1,124.4,124.4,2568.372224,2568.372224,73.0,73.0,4051.697664,4051.697664
few1__resnet18_imagenet__seed42,resnet18_imagenet,few1,42,complete,,runs/2026-09-12/few1__resnet18_imagenet__seed42,warmup,0.5319101420463994,0.5199999999999934,3,98.83333333333333,103.4,2594.603008,2621.27616,73.0,73.0,4051.697664,4051.697664
few1__resnet18_imagenet__seed42,resnet18_imagenet,few1,42,complete,,runs/2026-09-12/few1__resnet18_imagenet__seed42,evaluate_train,0.20908967300783843,0.20999999999999908,1,99.3,99.3,2642.870272,2642.870272,73.0,73.0,4051.697664,4051.697664
few1__resnet18_imagenet__seed42,resnet18_imagenet,few1,42,complete,,runs/2026-09-12/few1__resnet18_imagenet__seed42,prepare_val_clean,0.0047770930686965585,1.3322676295501878e-15,0,,,,,,,,
few1__resnet18_imagenet__seed42,resnet18_imagenet,few1,42,complete,,runs/2026-09-12/few1__resnet18_imagenet__seed42,evaluate_val_clean,0.9942200940568,0.9699999999999931,5,95.9,99.3,2675.1410176,2675.208192,69.8,73.0,4051.6976640000003,4051.697664
few1__resnet18_imagenet__seed42,resnet18_imagenet,few1,42,complete,,runs/2026-09-12/few1__resnet18_imagenet__seed42,prepare_test_clean,0.004506692057475448,4.440892098500626e-16,0,,,,,,,,
few1__resnet18_imagenet__seed42,resnet18_imagenet,few1,42,complete,,runs/2026-09-12/few1__resnet18_imagenet__seed42,evaluate_test_clean,0.40423792391084135,0.360000000000007,2,95.0,100.6,2685.40928,2693.636096,73.0,73.0,4051.697664,4051.697664
few1__resnet18_imagenet__seed42,resnet18_imagenet,few1,42,complete,,runs/2026-09-12/few1__resnet18_imagenet__seed42,inference_batch1,0.18164912902284414,0.17999999999999927,1,99.1,99.1,2713.33376,2713.33376,51.0,51.0,4051.697664,4051.697664
few1__resnet18_imagenet__seed42,resnet18_imagenet,few1,42,complete,,runs/2026-09-12/few1__resnet18_imagenet__seed42,explanations,0.1265456830151379,0.12999999999999323,0,,,,,,,,
few1__resnet18_imagenet__seed43,resnet18_imagenet,few1,43,complete,,runs/2026-09-12/few1__resnet18_imagenet__seed43,read_data,0.002662968006916344,-1.1102230246251565e-16,0,,,,,,,,
few1__resnet18_imagenet__seed43,resnet18_imagenet,few1,43,complete,,runs/2026-09-12/few1__resnet18_imagenet__seed43,build_model,4.61440688604489,4.77,19,103.96315789473684,170.4,1040.3708496842103,1524.465664,30.210526315789473,36.0,147.4628985263158,266.338304
few1__resnet18_imagenet__seed43,resnet18_imagenet,few1,43,complete,,runs/2026-09-12/few1__resnet18_imagenet__seed43,prepare_pipeline,0.7273304921109229,0.7999999999999998,3,113.83333333333333,124.1,1499.250688,1500.000256,28.0,28.0,266.338304,266.338304
few1__resnet18_imagenet__seed43,resnet18_imagenet,few1,43,complete,,runs/2026-09-12/few1__resnet18_imagenet__seed43,fit,15.79250315297395,18.82,78,118.92179487179484,551.4,2199.0165267692305,2665.529344,48.85897435897436,97.0,1723.993376820513,4051.697664
few1__resnet18_imagenet__seed43,resnet18_imagenet,few1,43,complete,,runs/2026-09-12/few1__resnet18_imagenet__seed43,save_model,0.1512878609355539,0.1499999999999999,1,129.3,129.3,2585.141248,2585.141248,50.0,50.0,4051.697664,4051.697664
few1__resnet18_imagenet__seed43,resnet18_imagenet,few1,43,complete,,runs/2026-09-12/few1__resnet18_imagenet__seed43,warmup,0.5205674619646743,0.5199999999999987,3,97.2,103.3,2599.6301653333335,2620.407808,37.0,37.0,4051.697664,4051.697664
few1__resnet18_imagenet__seed43,resnet18_imagenet,few1,43,complete,,runs/2026-09-12/few1__resnet18_imagenet__seed43,evaluate_train,0.21004154707770795,0.19999999999999973,1,104.3,104.3,2639.425536,2639.425536,37.0,37.0,4051.697664,4051.697664
few1__resnet18_imagenet__seed43,resnet18_imagenet,few1,43,complete,,runs/2026-09-12/few1__resnet18_imagenet__seed43,prepare_val_clean,0.005336618050932884,0.0,0,,,,,,,,
few1__resnet18_imagenet__seed43,resnet18_imagenet,few1,43,complete,,runs/2026-09-12/few1__resnet18_imagenet__seed43,evaluate_val_clean,0.9814189380267635,0.9499999999999993,5,96.4,104.3,2670.6952192,2671.132672,26.0,26.0,4051.6976640000003,4051.697664
few1__resnet18_imagenet__seed43,resnet18_imagenet,few1,43,complete,,runs/2026-09-12/few1__resnet18_imagenet__seed43,prepare_test_clean,0.00461953692138195,0.009999999999998455,0,,,,,,,,
few1__resnet18_imagenet__seed43,resnet18_imagenet,few1,43,complete,,runs/2026-09-12/few1__resnet18_imagenet__seed43,evaluate_test_clean,0.3944424409419298,0.35000000000000187,2,89.80000000000001,90.4,2693.7630719999997,2702.516224,66.0,66.0,4051.697664,4051.697664
few1__resnet18_imagenet__seed43,resnet18_imagenet,few1,43,complete,,runs/2026-09-12/few1__resnet18_imagenet__seed43,inference_batch1,0.17848533089272678,0.17999999999999794,1,92.7,92.7,2706.579456,2706.579456,30.0,30.0,4051.697664,4051.697664
few1__resnet18_imagenet__seed43,resnet18_imagenet,few1,43,complete,,runs/2026-09-12/few1__resnet18_imagenet__seed43,explanations,0.12943541898857802,0.12000000000000055,1,99.0,99.0,2706.661376,2706.661376,30.0,30.0,4051.697664,4051.697664
few1__yolo11n__seed42,yolo11n,few1,42,complete,,runs/2026-09-12/few1__yolo11n__seed42,read_data,0.002565520931966603,0.01000000000000012,0,,,,,,,,
few1__yolo11n__seed42,yolo11n,few1,42,complete,,runs/2026-09-12/few1__yolo11n__seed42,prepare_pipeline,2.037858766037971,2.1500000000000004,10,106.0,158.9,651.7280767999999,667.353088,37.2,39.0,0.0,0.0
few1__yolo11n__seed42,yolo11n,few1,42,complete,,runs/2026-09-12/few1__yolo11n__seed42,build_model,1.0841928450390697,1.0999999999999996,6,99.96666666666665,106.4,748.1268906666666,813.379584,31.0,39.0,0.0,0.0
few1__yolo11n__seed42,yolo11n,few1,42,complete,,runs/2026-09-12/few1__yolo11n__seed42,fit,44.56126414099708,149.72,219,337.3840182648402,482.0,2292.0995115251144,2595.196928,39.602739726027394,65.0,669.3170732420092,947.912704
few1__yolo11n__seed42,yolo11n,few1,42,complete,,runs/2026-09-12/few1__yolo11n__seed42,save_model,0.041867229039780796,0.13000000000000345,0,,,,,,,,
few1__yolo11n__seed42,yolo11n,few1,42,complete,,runs/2026-09-12/few1__yolo11n__seed42,warmup,0.08858961705118418,0.19000000000000572,1,218.6,218.6,2541.89568,2541.89568,20.0,20.0,358.612992,358.612992
few1__yolo11n__seed42,yolo11n,few1,42,complete,,runs/2026-09-12/few1__yolo11n__seed42,evaluate_train,0.03760711301583797,0.03000000000000913,0,,,,,,,,
few1__yolo11n__seed42,yolo11n,few1,42,complete,,runs/2026-09-12/few1__yolo11n__seed42,prepare_val_clean,0.0047631519846618176,-1.0658141036401503e-14,0,,,,,,,,
few1__yolo11n__seed42,yolo11n,few1,42,complete,,runs/2026-09-12/few1__yolo11n__seed42,evaluate_val_clean,0.2849055859260261,0.2900000000000098,2,99.25,99.3,2542.452736,2542.460928,28.5,37.0,406.847488,406.847488
few1__yolo11n__seed42,yolo11n,few1,42,complete,,runs/2026-09-12/few1__yolo11n__seed42,prepare_test_clean,0.004856587969698012,8.881784197001252e-15,0,,,,,,,,
few1__yolo11n__seed42,yolo11n,few1,42,complete,,runs/2026-09-12/few1__yolo11n__seed42,evaluate_test_clean,0.23422523098997772,0.24000000000001798,1,93.7,93.7,2556.854272,2556.854272,37.0,37.0,406.847488,406.847488
few1__yolo11n__seed42,yolo11n,few1,42,complete,,runs/2026-09-12/few1__yolo11n__seed42,inference_batch1,0.20831985597033054,0.21000000000000796,1,104.3,104.3,2576.269312,2576.269312,32.0,32.0,406.847488,406.847488
few1__yolo11n__seed42,yolo11n,few1,42,complete,,runs/2026-09-12/few1__yolo11n__seed42,explanations,0.00037254695780575275,0.0,0,,,,,,,,
few1__yolo11n__seed43,yolo11n,few1,43,complete,,runs/2026-09-12/few1__yolo11n__seed43,read_data,0.0023508050944656134,-1.1102230246251565e-16,0,,,,,,,,
few1__yolo11n__seed43,yolo11n,few1,43,complete,,runs/2026-09-12/few1__yolo11n__seed43,prepare_pipeline,1.909940966987051,2.0200000000000005,9,105.47777777777779,148.9,651.0405404444444,665.812992,25.333333333333332,28.0,0.0,0.0
few1__yolo11n__seed43,yolo11n,few1,43,complete,,runs/2026-09-12/few1__yolo11n__seed43,build_model,0.8666031761094928,0.8899999999999997,5,100.96000000000001,104.6,750.9901312,812.896256,33.6,42.0,0.0,0.0
few1__yolo11n__seed43,yolo11n,few1,43,complete,,runs/2026-09-12/few1__yolo11n__seed43,fit,28.616619251901284,95.08999999999999,141,333.80567375886517,504.7,2285.096727602837,2613.424128,32.177304964539005,49.0,597.792433929078,792.723456
few1__yolo11n__seed43,yolo11n,few1,43,complete,,runs/2026-09-12/few1__yolo11n__seed43,save_model,0.03495147393550724,0.11999999999999922,0,,,,,,,,
few1__yolo11n__seed43,yolo11n,few1,43,complete,,runs/2026-09-12/few1__yolo11n__seed43,warmup,0.05797880899626762,0.15000000000000036,0,,,,,,,,
few1__yolo11n__seed43,yolo11n,few1,43,complete,,runs/2026-09-12/few1__yolo11n__seed43,evaluate_train,0.025344519992358983,0.019999999999990692,0,,,,,,,,
few1__yolo11n__seed43,yolo11n,few1,43,complete,,runs/2026-09-12/few1__yolo11n__seed43,prepare_val_clean,0.005283931968733668,-5.329070518200751e-15,0,,,,,,,,
few1__yolo11n__seed43,yolo11n,few1,43,complete,,runs/2026-09-12/few1__yolo11n__seed43,evaluate_val_clean,0.2611119889188558,0.2600000000000042,1,103.7,103.7,2560.14336,2560.14336,30.0,30.0,406.847488,406.847488
few1__yolo11n__seed43,yolo11n,few1,43,complete,,runs/2026-09-12/few1__yolo11n__seed43,prepare_test_clean,0.005004118080250919,4.440892098500626e-15,0,,,,,,,,
few1__yolo11n__seed43,yolo11n,few1,43,complete,,runs/2026-09-12/few1__yolo11n__seed43,evaluate_test_clean,0.22153032093774527,0.2299999999999942,1,98.8,98.8,2566.631424,2566.631424,30.0,30.0,406.847488,406.847488
few1__yolo11n__seed43,yolo11n,few1,43,complete,,runs/2026-09-12/few1__yolo11n__seed43,inference_batch1,0.16758385905995965,0.17000000000000615,0,,,,,,,,
few1__yolo11n__seed43,yolo11n,few1,43,complete,,runs/2026-09-12/few1__yolo11n__seed43,explanations,0.0003282839898020029,4.440892098500626e-15,0,,,,,,,,
few1__yolo11n_random__seed42,yolo11n_random,few1,42,complete,,runs/2026-09-12/few1__yolo11n_random__seed42,read_data,0.002186557976529002,-1.1102230246251565e-16,0,,,,,,,,
few1__yolo11n_random__seed42,yolo11n_random,few1,42,complete,,runs/2026-09-12/few1__yolo11n_random__seed42,prepare_pipeline,1.6621596090262756,1.8,8,108.725,163.0,653.539328,668.164096,34.0,35.0,0.0,0.0
few1__yolo11n_random__seed42,yolo11n_random,few1,42,complete,,runs/2026-09-12/few1__yolo11n_random__seed42,build_model,0.06343917502090335,0.16000000000000014,1,119.5,119.5,735.227904,735.227904,29.0,29.0,0.0,0.0
few1__yolo11n_random__seed42,yolo11n_random,few1,42,complete,,runs/2026-09-12/few1__yolo11n_random__seed42,fit,11.830957614001818,34.47,57,296.68596491228067,495.4,2138.4446383157897,2584.522752,34.771929824561404,39.0,420.055866385965,517.996544
few1__yolo11n_random__seed42,yolo11n_random,few1,42,complete,,runs/2026-09-12/few1__yolo11n_random__seed42,save_model,0.030143294017761946,0.11000000000000165,0,,,,,,,,
few1__yolo11n_random__seed42,yolo11n_random,few1,42,complete,,runs/2026-09-12/few1__yolo11n_random__seed42,warmup,0.04985028493683785,0.11999999999999966,0,,,,,,,,
few1__yolo11n_random__seed42,yolo11n_random,few1,42,complete,,runs/2026-09-12/few1__yolo11n_random__seed42,evaluate_train,0.021808180958032608,0.030000000000003357,0,,,,,,,,
few1__yolo11n_random__seed42,yolo11n_random,few1,42,complete,,runs/2026-09-12/few1__yolo11n_random__seed42,prepare_val_clean,0.004553935024887323,4.440892098500626e-16,0,,,,,,,,
few1__yolo11n_random__seed42,yolo11n_random,few1,42,complete,,runs/2026-09-12/few1__yolo11n_random__seed42,evaluate_val_clean,0.23515988897997886,0.23999999999999533,2,101.4,103.4,2531.637248,2531.639296,33.0,33.0,434.110464,434.110464
few1__yolo11n_random__seed42,yolo11n_random,few1,42,complete,,runs/2026-09-12/few1__yolo11n_random__seed42,prepare_test_clean,0.004385405918583274,-1.7763568394002505e-15,0,,,,,,,,
few1__yolo11n_random__seed42,yolo11n_random,few1,42,complete,,runs/2026-09-12/few1__yolo11n_random__seed42,evaluate_test_clean,0.2166484489571303,0.2199999999999971,1,99.2,99.2,2559.75424,2559.75424,29.0,29.0,434.110464,434.110464
few1__yolo11n_random__seed42,yolo11n_random,few1,42,complete,,runs/2026-09-12/few1__yolo11n_random__seed42,inference_batch1,0.14929459802806377,0.15000000000000213,1,99.4,99.4,2565.390336,2565.390336,29.0,29.0,434.110464,434.110464
few1__yolo11n_random__seed42,yolo11n_random,few1,42,complete,,runs/2026-09-12/few1__yolo11n_random__seed42,explanations,0.0003333559725433588,3.552713678800501e-15,0,,,,,,,,
few1__yolo11n_random__seed43,yolo11n_random,few1,43,complete,,runs/2026-09-12/few1__yolo11n_random__seed43,read_data,0.0021395549410954118,1.1102230246251565e-16,0,,,,,,,,
few1__yolo11n_random__seed43,yolo11n_random,few1,43,complete,,runs/2026-09-12/few1__yolo11n_random__seed43,prepare_pipeline,1.6549330350244418,1.7699999999999994,8,106.8125,157.5,653.495808,668.13952,30.0,33.0,0.0,0.0
few1__yolo11n_random__seed43,yolo11n_random,few1,43,complete,,runs/2026-09-12/few1__yolo11n_random__seed43,build_model,0.07018134999088943,0.19999999999999996,1,144.4,144.4,714.723328,714.723328,33.0,33.0,0.0,0.0
few1__yolo11n_random__seed43,yolo11n_random,few1,43,complete,,runs/2026-09-12/few1__yolo11n_random__seed43,fit,15.083019134006463,46.28,74,308.81351351351356,457.2,2190.5057625945938,2587.877376,35.189189189189186,43.0,461.1467208648649,585.105408
few1__yolo11n_random__seed43,yolo11n_random,few1,43,complete,,runs/2026-09-12/few1__yolo11n_random__seed43,save_model,0.028638980933465064,0.11000000000000165,0,,,,,,,,
few1__yolo11n_random__seed43,yolo11n_random,few1,43,complete,,runs/2026-09-12/few1__yolo11n_random__seed43,warmup,0.051840089028701186,0.13000000000000478,0,,,,,,,,
few1__yolo11n_random__seed43,yolo11n_random,few1,43,complete,,runs/2026-09-12/few1__yolo11n_random__seed43,evaluate_train,0.02223635499831289,0.01999999999999824,0,,,,,,,,
few1__yolo11n_random__seed43,yolo11n_random,few1,43,complete,,runs/2026-09-12/few1__yolo11n_random__seed43,prepare_val_clean,0.004388650064356625,2.220446049250313e-15,0,,,,,,,,
few1__yolo11n_random__seed43,yolo11n_random,few1,43,complete,,runs/2026-09-12/few1__yolo11n_random__seed43,evaluate_val_clean,0.23447688098531216,0.24999999999999512,2,102.2,104.4,2534.8362239999997,2534.838272,32.0,32.0,408.94464,408.94464
few1__yolo11n_random__seed43,yolo11n_random,few1,43,complete,,runs/2026-09-12/few1__yolo11n_random__seed43,prepare_test_clean,0.0044208429753780365,0.009999999999998455,0,,,,,,,,
few1__yolo11n_random__seed43,yolo11n_random,few1,43,complete,,runs/2026-09-12/few1__yolo11n_random__seed43,evaluate_test_clean,0.20194579404778779,0.2100000000000013,1,104.4,104.4,2565.967872,2565.967872,34.0,34.0,408.94464,408.94464
few1__yolo11n_random__seed43,yolo11n_random,few1,43,complete,,runs/2026-09-12/few1__yolo11n_random__seed43,inference_batch1,0.1468638110673055,0.1499999999999968,0,,,,,,,,
few1__yolo11n_random__seed43,yolo11n_random,few1,43,complete,,runs/2026-09-12/few1__yolo11n_random__seed43,explanations,0.0003189040580764413,-1.7763568394002505e-15,0,,,,,,,,
few20__polygarbor__seed42,polygarbor,few20,42,complete,,runs/2026-09-12/few20__polygarbor__seed42,read_data,0.007298568030819297,0.009999999999999898,0,,,,,,,,
few20__polygarbor__seed42,polygarbor,few20,42,complete,,runs/2026-09-12/few20__polygarbor__seed42,build_model,0.0003513479605317116,-1.1102230246251565e-16,0,,,,,,,,
few20__polygarbor__seed42,polygarbor,few20,42,complete,,runs/2026-09-12/few20__polygarbor__seed42,extract_features,1.07586716406513,1.0800000000000005,5,100.32000000000001,104.5,275.8172672,275.82464,70.8,71.0,0.0,0.0
few20__polygarbor__seed42,polygarbor,few20,42,complete,,runs/2026-09-12/few20__polygarbor__seed42,fit,0.03128589200787246,0.029999999999999916,0,,,,,,,,
few20__polygarbor__seed42,polygarbor,few20,42,complete,,runs/2026-09-12/few20__polygarbor__seed42,save_model,0.002878751023672521,1.1102230246251565e-16,0,,,,,,,,
few20__polygarbor__seed42,polygarbor,few20,42,complete,,runs/2026-09-12/few20__polygarbor__seed42,warmup,0.02972322900313884,0.029999999999999916,0,,,,,,,,
few20__polygarbor__seed42,polygarbor,few20,42,complete,,runs/2026-09-12/few20__polygarbor__seed42,evaluate_train,1.5352731930324808,1.5300000000000002,8,99.73749999999998,104.4,277.812224,277.958656,56.125,71.0,0.0,0.0
few20__polygarbor__seed42,polygarbor,few20,42,complete,,runs/2026-09-12/few20__polygarbor__seed42,prepare_val_clean,0.006926101981662214,-5.551115123125783e-17,0,,,,,,,,
few20__polygarbor__seed42,polygarbor,few20,42,complete,,runs/2026-09-12/few20__polygarbor__seed42,evaluate_val_clean,4.33164847898297,4.359999999999999,22,100.38181818181819,109.1,339.3651432727273,356.22912,58.86363636363637,69.0,0.0,0.0
few20__polygarbor__seed42,polygarbor,few20,42,complete,,runs/2026-09-12/few20__polygarbor__seed42,prepare_test_clean,0.00532937201205641,0.010000000000000231,0,,,,,,,,
few20__polygarbor__seed42,polygarbor,few20,42,complete,,runs/2026-09-12/few20__polygarbor__seed42,evaluate_test_clean,4.519572449033149,4.529999999999999,22,100.20454545454544,104.5,382.4625105454545,398.856192,61.81818181818182,68.0,0.0,0.0
few20__polygarbor__seed42,polygarbor,few20,42,complete,,runs/2026-09-12/few20__polygarbor__seed42,inference_batch1,0.46577530005015433,0.45999999999999863,3,99.8,102.4,401.424384,401.424384,55.333333333333336,68.0,0.0,0.0
few20__polygarbor__seed42,polygarbor,few20,42,complete,,runs/2026-09-12/few20__polygarbor__seed42,explanations,0.00045592698734253645,-4.440892098500626e-16,0,,,,,,,,
few20__polygarbor__seed43,polygarbor,few20,43,complete,,runs/2026-09-12/few20__polygarbor__seed43,read_data,0.00678620208054781,1.1102230246251565e-16,0,,,,,,,,
few20__polygarbor__seed43,polygarbor,few20,43,complete,,runs/2026-09-12/few20__polygarbor__seed43,build_model,0.0003413599915802479,1.1102230246251565e-16,0,,,,,,,,
few20__polygarbor__seed43,polygarbor,few20,43,complete,,runs/2026-09-12/few20__polygarbor__seed43,extract_features,1.0418474620673805,1.0500000000000003,5,100.2,104.3,275.4691072,275.47648,62.6,65.0,0.0,0.0
few20__polygarbor__seed43,polygarbor,few20,43,complete,,runs/2026-09-12/few20__polygarbor__seed43,fit,0.027503133052960038,0.02999999999999997,0,,,,,,,,
few20__polygarbor__seed43,polygarbor,few20,43,complete,,runs/2026-09-12/few20__polygarbor__seed43,save_model,0.0024146600626409054,0.009999999999999953,0,,,,,,,,
few20__polygarbor__seed43,polygarbor,few20,43,complete,,runs/2026-09-12/few20__polygarbor__seed43,warmup,0.028846265049651265,0.02999999999999975,0,,,,,,,,
few20__polygarbor__seed43,polygarbor,few20,43,complete,,runs/2026-09-12/few20__polygarbor__seed43,evaluate_train,1.5049611210124567,1.5099999999999998,7,99.77142857142857,104.3,277.45250742857144,277.594112,53.57142857142857,65.0,0.0,0.0
few20__polygarbor__seed43,polygarbor,few20,43,complete,,runs/2026-09-12/few20__polygarbor__seed43,prepare_val_clean,0.004940139944665134,0.009999999999999565,0,,,,,,,,
few20__polygarbor__seed43,polygarbor,few20,43,complete,,runs/2026-09-12/few20__polygarbor__seed43,evaluate_val_clean,4.560849376022816,4.570000000000001,22,100.28636363636362,104.4,338.28938472727276,354.541568,55.13636363636363,64.0,0.0,0.0
few20__polygarbor__seed43,polygarbor,few20,43,complete,,runs/2026-09-12/few20__polygarbor__seed43,prepare_test_clean,0.0051006730645895,-4.440892098500626e-16,0,,,,,,,,
few20__polygarbor__seed43,polygarbor,few20,43,complete,,runs/2026-09-12/few20__polygarbor__seed43,evaluate_test_clean,4.275977915036492,4.290000000000001,21,100.47619047619045,104.4,382.96527238095234,399.048704,53.666666666666664,59.0,0.0,0.0
few20__polygarbor__seed43,polygarbor,few20,43,complete,,runs/2026-09-12/few20__polygarbor__seed43,inference_batch1,0.4278703340096399,0.43000000000000016,2,100.85,102.3,401.055744,401.055744,61.0,61.0,0.0,0.0
few20__polygarbor__seed43,polygarbor,few20,43,complete,,runs/2026-09-12/few20__polygarbor__seed43,explanations,0.00045906403101980686,4.440892098500626e-16,0,,,,,,,,
few20__polygarbor_aug__seed42,polygarbor_aug,few20,42,complete,,runs/2026-09-12/few20__polygarbor_aug__seed42,read_data,0.005454596015624702,0.009999999999999953,0,,,,,,,,
few20__polygarbor_aug__seed42,polygarbor_aug,few20,42,complete,,runs/2026-09-12/few20__polygarbor_aug__seed42,build_model,0.0002495950320735574,-5.551115123125783e-17,0,,,,,,,,
few20__polygarbor_aug__seed42,polygarbor_aug,few20,42,complete,,runs/2026-09-12/few20__polygarbor_aug__seed42,extract_features,2.814776389976032,2.82,14,100.19285714285711,104.6,278.9677348571429,279.007232,33.5,34.0,0.0,0.0
few20__polygarbor_aug__seed42,polygarbor_aug,few20,42,complete,,runs/2026-09-12/few20__polygarbor_aug__seed42,fit,0.05864669207949191,0.22000000000000014,0,,,,,,,,
few20__polygarbor_aug__seed42,polygarbor_aug,few20,42,complete,,runs/2026-09-12/few20__polygarbor_aug__seed42,save_model,0.004049860057421029,0.02000000000000085,0,,,,,,,,
few20__polygarbor_aug__seed42,polygarbor_aug,few20,42,complete,,runs/2026-09-12/few20__polygarbor_aug__seed42,warmup,0.03491723199840635,0.14000000000000007,0,,,,,,,,
few20__polygarbor_aug__seed42,polygarbor_aug,few20,42,complete,,runs/2026-09-12/few20__polygarbor_aug__seed42,evaluate_train,1.8126682149013504,1.9600000000000004,9,123.93333333333332,313.8,283.05590044444443,283.111424,33.77777777777778,35.0,0.0,0.0
few20__polygarbor_aug__seed42,polygarbor_aug,few20,42,complete,,runs/2026-09-12/few20__polygarbor_aug__seed42,prepare_val_clean,0.004512934014201164,0.010000000000000897,0,,,,,,,,
few20__polygarbor_aug__seed42,polygarbor_aug,few20,42,complete,,runs/2026-09-12/few20__polygarbor_aug__seed42,evaluate_val_clean,5.382518447004259,5.399999999999999,27,100.37407407407407,108.4,343.11281777777776,360.132608,36.44444444444444,42.0,0.0,0.0
few20__polygarbor_aug__seed42,polygarbor_aug,few20,42,complete,,runs/2026-09-12/few20__polygarbor_aug__seed42,prepare_test_clean,0.004282757989130914,-6.661338147750939e-16,0,,,,,,,,
few20__polygarbor_aug__seed42,polygarbor_aug,few20,42,complete,,runs/2026-09-12/few20__polygarbor_aug__seed42,evaluate_test_clean,5.415160019067116,5.420000000000001,27,100.37777777777777,109.1,387.7041493333333,404.082688,35.77777777777778,41.0,0.0,0.0
few20__polygarbor_aug__seed42,polygarbor_aug,few20,42,complete,,runs/2026-09-12/few20__polygarbor_aug__seed42,inference_batch1,0.5564942529890686,0.5600000000000009,3,99.66666666666667,100.3,412.99148799999995,412.991488,38.0,38.0,0.0,0.0
few20__polygarbor_aug__seed42,polygarbor_aug,few20,42,complete,,runs/2026-09-12/few20__polygarbor_aug__seed42,explanations,0.0003332759952172637,-1.3322676295501878e-15,0,,,,,,,,
few20__polygarbor_aug__seed43,polygarbor_aug,few20,43,complete,,runs/2026-09-12/few20__polygarbor_aug__seed43,read_data,0.00489967199973762,1.1102230246251565e-16,0,,,,,,,,
few20__polygarbor_aug__seed43,polygarbor_aug,few20,43,complete,,runs/2026-09-12/few20__polygarbor_aug__seed43,build_model,0.0002685809740796685,1.1102230246251565e-16,0,,,,,,,,
few20__polygarbor_aug__seed43,polygarbor_aug,few20,43,complete,,runs/2026-09-12/few20__polygarbor_aug__seed43,extract_features,2.79971046699211,2.81,13,100.24615384615383,104.6,278.3534473846154,278.392832,40.53846153846154,43.0,0.0,0.0
few20__polygarbor_aug__seed43,polygarbor_aug,few20,43,complete,,runs/2026-09-12/few20__polygarbor_aug__seed43,fit,0.06300763902254403,0.25000000000000017,1,109.1,109.1,280.018944,280.018944,42.0,42.0,0.0,0.0
few20__polygarbor_aug__seed43,polygarbor_aug,few20,43,complete,,runs/2026-09-12/few20__polygarbor_aug__seed43,save_model,0.005060477997176349,0.02000000000000063,0,,,,,,,,
few20__polygarbor_aug__seed43,polygarbor_aug,few20,43,complete,,runs/2026-09-12/few20__polygarbor_aug__seed43,warmup,0.044329270953312516,0.17999999999999988,0,,,,,,,,
few20__polygarbor_aug__seed43,polygarbor_aug,few20,43,complete,,runs/2026-09-12/few20__polygarbor_aug__seed43,evaluate_train,1.8086219619726762,1.9200000000000002,9,123.74444444444445,305.8,282.54890666666665,282.660864,40.55555555555556,43.0,0.0,0.0
few20__polygarbor_aug__seed43,polygarbor_aug,few20,43,complete,,runs/2026-09-12/few20__polygarbor_aug__seed43,prepare_val_clean,0.004789929953403771,-5.551115123125783e-17,0,,,,,,,,
few20__polygarbor_aug__seed43,polygarbor_aug,few20,43,complete,,runs/2026-09-12/few20__polygarbor_aug__seed43,evaluate_val_clean,5.570995504967868,5.59,28,100.27142857142856,105.1,342.97344000000004,360.034304,33.392857142857146,51.0,0.0,0.0
few20__polygarbor_aug__seed43,polygarbor_aug,few20,43,complete,,runs/2026-09-12/few20__polygarbor_aug__seed43,prepare_test_clean,0.004285047994926572,0.0,0,,,,,,,,
few20__polygarbor_aug__seed43,polygarbor_aug,few20,43,complete,,runs/2026-09-12/few20__polygarbor_aug__seed43,evaluate_test_clean,5.670934027992189,5.700000000000001,28,100.42857142857143,107.1,387.1151542857143,403.705856,37.67857142857143,42.0,0.0,0.0
few20__polygarbor_aug__seed43,polygarbor_aug,few20,43,complete,,runs/2026-09-12/few20__polygarbor_aug__seed43,inference_batch1,0.5770132589386776,0.570000000000001,3,99.73333333333335,101.4,408.469504,408.469504,34.0,34.0,0.0,0.0
few20__polygarbor_aug__seed43,polygarbor_aug,few20,43,complete,,runs/2026-09-12/few20__polygarbor_aug__seed43,explanations,0.00030997302383184433,6.661338147750939e-16,0,,,,,,,,
few20__polygarbor_p3__seed42,polygarbor_p3,few20,42,complete,,runs/2026-09-12/few20__polygarbor_p3__seed42,read_data,0.00516417995095253,1.1102230246251565e-16,0,,,,,,,,
few20__polygarbor_p3__seed42,polygarbor_p3,few20,42,complete,,runs/2026-09-12/few20__polygarbor_p3__seed42,build_model,0.00025662395637482405,-5.551115123125783e-17,0,,,,,,,,
few20__polygarbor_p3__seed42,polygarbor_p3,few20,42,complete,,runs/2026-09-12/few20__polygarbor_p3__seed42,extract_features,1.0074042759370059,1.0,5,100.38,103.6,278.2855168,278.515712,33.4,34.0,0.0,0.0
few20__polygarbor_p3__seed42,polygarbor_p3,few20,42,complete,,runs/2026-09-12/few20__polygarbor_p3__seed42,fit,0.22725219407584518,0.9000000000000001,1,383.6,383.6,296.501248,296.501248,33.0,33.0,0.0,0.0
few20__polygarbor_p3__seed42,polygarbor_p3,few20,42,complete,,runs/2026-09-12/few20__polygarbor_p3__seed42,save_model,0.007832093047909439,0.03999999999999998,0,,,,,,,,
few20__polygarbor_p3__seed42,polygarbor_p3,few20,42,complete,,runs/2026-09-12/few20__polygarbor_p3__seed42,warmup,0.0873515319544822,0.35000000000000003,0,,,,,,,,
few20__polygarbor_p3__seed42,polygarbor_p3,few20,42,complete,,runs/2026-09-12/few20__polygarbor_p3__seed42,evaluate_train,4.338902999064885,17.35,22,399.68636363636364,403.0,303.12019781818185,303.128576,33.95454545454545,35.0,0.0,0.0
few20__polygarbor_p3__seed42,polygarbor_p3,few20,42,complete,,runs/2026-09-12/few20__polygarbor_p3__seed42,prepare_val_clean,0.00511282600928098,0.010000000000003118,0,,,,,,,,
few20__polygarbor_p3__seed42,polygarbor_p3,few20,42,complete,,runs/2026-09-12/few20__polygarbor_p3__seed42,evaluate_val_clean,13.620249710977077,54.41,67,397.65223880597017,407.1,352.76127522388055,369.856512,33.71641791044776,39.0,0.0,0.0
few20__polygarbor_p3__seed42,polygarbor_p3,few20,42,complete,,runs/2026-09-12/few20__polygarbor_p3__seed42,prepare_test_clean,0.004522162023931742,0.009999999999998344,0,,,,,,,,
few20__polygarbor_p3__seed42,polygarbor_p3,few20,42,complete,,runs/2026-09-12/few20__polygarbor_p3__seed42,evaluate_test_clean,13.681615262990817,54.700000000000024,67,396.99999999999994,405.8,392.0411816119403,408.768512,36.6865671641791,44.0,0.0,0.0
few20__polygarbor_p3__seed42,polygarbor_p3,few20,42,complete,,runs/2026-09-12/few20__polygarbor_p3__seed42,inference_batch1,1.284156336914748,5.109999999999981,6,378.76666666666665,401.1,411.76268799999997,411.762688,33.0,33.0,0.0,0.0
few20__polygarbor_p3__seed42,polygarbor_p3,few20,42,complete,,runs/2026-09-12/few20__polygarbor_p3__seed42,explanations,0.0003448799252510071,-4.551914400963142e-15,0,,,,,,,,
few20__polygarbor_p3__seed43,polygarbor_p3,few20,43,complete,,runs/2026-09-12/few20__polygarbor_p3__seed43,read_data,0.005856506992131472,0.009999999999999953,0,,,,,,,,
few20__polygarbor_p3__seed43,polygarbor_p3,few20,43,complete,,runs/2026-09-12/few20__polygarbor_p3__seed43,build_model,0.0002564089372754097,-5.551115123125783e-17,0,,,,,,,,
few20__polygarbor_p3__seed43,polygarbor_p3,few20,43,complete,,runs/2026-09-12/few20__polygarbor_p3__seed43,extract_features,1.0261232251068577,1.02,5,100.4,103.7,278.03975679999996,278.114304,12.6,21.0,0.0,0.0
few20__polygarbor_p3__seed43,polygarbor_p3,few20,43,complete,,runs/2026-09-12/few20__polygarbor_p3__seed43,fit,0.2595013800309971,1.0300000000000002,1,359.4,359.4,303.5136,303.5136,0.0,0.0,0.0,0.0
few20__polygarbor_p3__seed43,polygarbor_p3,few20,43,complete,,runs/2026-09-12/few20__polygarbor_p3__seed43,save_model,0.009741179994307458,0.0400000000000002,0,,,,,,,,
few20__polygarbor_p3__seed43,polygarbor_p3,few20,43,complete,,runs/2026-09-12/few20__polygarbor_p3__seed43,warmup,0.10590009693987668,0.42999999999999944,0,,,,,,,,
few20__polygarbor_p3__seed43,polygarbor_p3,few20,43,complete,,runs/2026-09-12/few20__polygarbor_p3__seed43,evaluate_train,4.510927153984085,18.06,23,400.2739130434782,407.9,298.3560236521739,298.364928,21.956521739130434,38.0,0.0,0.0
few20__polygarbor_p3__seed43,polygarbor_p3,few20,43,complete,,runs/2026-09-12/few20__polygarbor_p3__seed43,prepare_val_clean,0.005017444957047701,-1.5543122344752192e-15,0,,,,,,,,
few20__polygarbor_p3__seed43,polygarbor_p3,few20,43,complete,,runs/2026-09-12/few20__polygarbor_p3__seed43,evaluate_val_clean,13.30020442593377,53.19999999999999,65,397.7353846153846,410.8,352.7096477538461,369.250304,23.153846153846153,65.0,0.0,0.0
few20__polygarbor_p3__seed43,polygarbor_p3,few20,43,complete,,runs/2026-09-12/few20__polygarbor_p3__seed43,prepare_test_clean,0.004665349959395826,0.009999999999984133,0,,,,,,,,
few20__polygarbor_p3__seed43,polygarbor_p3,few20,43,complete,,runs/2026-09-12/few20__polygarbor_p3__seed43,evaluate_test_clean,13.36488966003526,53.43999999999999,66,396.18939393939394,408.1,391.83930957575757,408.645632,29.863636363636363,50.0,0.0,0.0
few20__polygarbor_p3__seed43,polygarbor_p3,few20,43,complete,,runs/2026-09-12/few20__polygarbor_p3__seed43,inference_batch1,1.3122105289949104,5.230000000000005,7,359.5142857142857,403.1,411.52921599999996,411.529216,34.57142857142857,37.0,0.0,0.0
few20__polygarbor_p3__seed43,polygarbor_p3,few20,43,complete,,runs/2026-09-12/few20__polygarbor_p3__seed43,explanations,0.00035072199534624815,5.662137425588298e-15,0,,,,,,,,
few20__polygarbor_p3_aug__seed42,polygarbor_p3_aug,few20,42,complete,,runs/2026-09-12/few20__polygarbor_p3_aug__seed42,read_data,0.006153973983600736,0.01000000000000012,0,,,,,,,,
few20__polygarbor_p3_aug__seed42,polygarbor_p3_aug,few20,42,complete,,runs/2026-09-12/few20__polygarbor_p3_aug__seed42,build_model,0.0002501150593161583,1.1102230246251565e-16,0,,,,,,,,
few20__polygarbor_p3_aug__seed42,polygarbor_p3_aug,few20,42,complete,,runs/2026-09-12/few20__polygarbor_p3_aug__seed42,extract_features,3.900674124015495,3.91,19,100.29473684210525,104.6,279.08462484210526,279.494656,36.0,41.0,0.0,0.0
few20__polygarbor_p3_aug__seed42,polygarbor_p3_aug,few20,42,complete,,runs/2026-09-12/few20__polygarbor_p3_aug__seed42,fit,0.4506535989930853,1.8000000000000005,2,329.15,399.3,329.3696,333.234176,42.0,42.0,0.0,0.0
few20__polygarbor_p3_aug__seed42,polygarbor_p3_aug,few20,42,complete,,runs/2026-09-12/few20__polygarbor_p3_aug__seed42,save_model,0.016865408048033714,0.06999999999999962,0,,,,,,,,
few20__polygarbor_p3_aug__seed42,polygarbor_p3_aug,few20,42,complete,,runs/2026-09-12/few20__polygarbor_p3_aug__seed42,warmup,0.10127094096969813,0.41000000000000036,1,403.8,403.8,330.067968,330.067968,42.0,42.0,0.0,0.0
few20__polygarbor_p3_aug__seed42,polygarbor_p3_aug,few20,42,complete,,runs/2026-09-12/few20__polygarbor_p3_aug__seed42,evaluate_train,4.690937129082158,18.77,23,400.19565217391306,408.5,330.0717078260869,330.080256,36.608695652173914,43.0,0.0,0.0
few20__polygarbor_p3_aug__seed42,polygarbor_p3_aug,few20,42,complete,,runs/2026-09-12/few20__polygarbor_p3_aug__seed42,prepare_val_clean,0.004929376998916268,1.1102230246251565e-15,0,,,,,,,,
few20__polygarbor_p3_aug__seed42,polygarbor_p3_aug,few20,42,complete,,runs/2026-09-12/few20__polygarbor_p3_aug__seed42,evaluate_val_clean,13.969920936971903,55.87,68,397.0338235294117,411.2,376.51992094117645,393.392128,30.073529411764707,43.0,0.0,0.0
few20__polygarbor_p3_aug__seed42,polygarbor_p3_aug,few20,42,complete,,runs/2026-09-12/few20__polygarbor_p3_aug__seed42,prepare_test_clean,0.004595623933710158,0.00999999999998924,0,,,,,,,,
few20__polygarbor_p3_aug__seed42,polygarbor_p3_aug,few20,42,complete,,runs/2026-09-12/few20__polygarbor_p3_aug__seed42,evaluate_test_clean,14.429498395998962,57.71000000000001,71,396.9352112676056,414.3,415.6657721690141,432.746496,23.08450704225352,48.0,0.0,0.0
few20__polygarbor_p3_aug__seed42,polygarbor_p3_aug,few20,42,complete,,runs/2026-09-12/few20__polygarbor_p3_aug__seed42,inference_batch1,1.4533699670573696,5.769999999999997,7,373.8,403.4,435.79392,435.79392,12.142857142857142,17.0,0.0,0.0
few20__polygarbor_p3_aug__seed42,polygarbor_p3_aug,few20,42,complete,,runs/2026-09-12/few20__polygarbor_p3_aug__seed42,explanations,0.0004628309980034828,-1.3655743202889425e-14,0,,,,,,,,
few20__polygarbor_p3_aug__seed43,polygarbor_p3_aug,few20,43,complete,,runs/2026-09-12/few20__polygarbor_p3_aug__seed43,read_data,0.0051211799727752805,0.009999999999999898,0,,,,,,,,
few20__polygarbor_p3_aug__seed43,polygarbor_p3_aug,few20,43,complete,,runs/2026-09-12/few20__polygarbor_p3_aug__seed43,build_model,0.00025857193395495415,-1.1102230246251565e-16,0,,,,,,,,
few20__polygarbor_p3_aug__seed43,polygarbor_p3_aug,few20,43,complete,,runs/2026-09-12/few20__polygarbor_p3_aug__seed43,extract_features,3.800264765974134,3.809999999999999,18,100.58333333333333,104.6,278.97833244444445,279.351296,34.44444444444444,39.0,0.0,0.0
few20__polygarbor_p3_aug__seed43,polygarbor_p3_aug,few20,43,complete,,runs/2026-09-12/few20__polygarbor_p3_aug__seed43,fit,0.4111424679867923,1.63,2,253.70000000000002,398.6,305.87904000000003,322.371584,37.5,39.0,0.0,0.0
few20__polygarbor_p3_aug__seed43,polygarbor_p3_aug,few20,43,complete,,runs/2026-09-12/few20__polygarbor_p3_aug__seed43,save_model,0.013982617063447833,0.0499999999999996,1,403.3,403.3,320.04096,320.04096,36.0,36.0,0.0,0.0
few20__polygarbor_p3_aug__seed43,polygarbor_p3_aug,few20,43,complete,,runs/2026-09-12/few20__polygarbor_p3_aug__seed43,warmup,0.08180059306323528,0.32999999999999985,0,,,,,,,,
few20__polygarbor_p3_aug__seed43,polygarbor_p3_aug,few20,43,complete,,runs/2026-09-12/few20__polygarbor_p3_aug__seed43,evaluate_train,5.538377959979698,22.169999999999998,27,400.2888888888888,408.7,320.4381202962963,320.544768,38.96296296296296,43.0,0.0,0.0
few20__polygarbor_p3_aug__seed43,polygarbor_p3_aug,few20,43,complete,,runs/2026-09-12/few20__polygarbor_p3_aug__seed43,prepare_val_clean,0.00445804710034281,6.661338147750939e-16,0,,,,,,,,
few20__polygarbor_p3_aug__seed43,polygarbor_p3_aug,few20,43,complete,,runs/2026-09-12/few20__polygarbor_p3_aug__seed43,evaluate_val_clean,13.53612751304172,54.14000000000001,66,396.8712121212121,407.4,377.9529386666666,394.743808,36.484848484848484,44.0,0.0,0.0
few20__polygarbor_p3_aug__seed43,polygarbor_p3_aug,few20,43,complete,,runs/2026-09-12/few20__polygarbor_p3_aug__seed43,prepare_test_clean,0.00438853504601866,0.01000000000000456,0,,,,,,,,
few20__polygarbor_p3_aug__seed43,polygarbor_p3_aug,few20,43,complete,,runs/2026-09-12/few20__polygarbor_p3_aug__seed43,evaluate_test_clean,14.333831503987312,57.33999999999999,70,399.9114285714286,409.5,417.4560109714285,433.967104,35.3,42.0,0.0,0.0
few20__polygarbor_p3_aug__seed43,polygarbor_p3_aug,few20,43,complete,,runs/2026-09-12/few20__polygarbor_p3_aug__seed43,inference_batch1,1.672006907989271,6.659999999999993,8,382.90000000000003,403.1,438.734848,438.734848,38.25,40.0,0.0,0.0
few20__polygarbor_p3_aug__seed43,polygarbor_p3_aug,few20,43,complete,,runs/2026-09-12/few20__polygarbor_p3_aug__seed43,explanations,0.0005070880288258195,0.00999999999997836,0,,,,,,,,
few20__polygarbor_p5__seed42,polygarbor_p5,few20,42,complete,,runs/2026-09-12/few20__polygarbor_p5__seed42,read_data,0.005863548023626208,0.019999999999999907,0,,,,,,,,
few20__polygarbor_p5__seed42,polygarbor_p5,few20,42,complete,,runs/2026-09-12/few20__polygarbor_p5__seed42,build_model,0.00025533605366945267,-1.1102230246251565e-16,0,,,,,,,,
few20__polygarbor_p5__seed42,polygarbor_p5,few20,42,complete,,runs/2026-09-12/few20__polygarbor_p5__seed42,extract_features,1.4541120199719444,1.4500000000000002,7,100.67142857142858,104.3,278.45017599999994,278.618112,41.42857142857143,44.0,0.0,0.0
few20__polygarbor_p5__seed42,polygarbor_p5,few20,42,complete,,runs/2026-09-12/few20__polygarbor_p5__seed42,fit,0.5275725780520588,2.099999999999999,2,358.35,398.0,338.870272,360.493056,35.0,35.0,0.0,0.0
few20__polygarbor_p5__seed42,polygarbor_p5,few20,42,complete,,runs/2026-09-12/few20__polygarbor_p5__seed42,save_model,0.014498853939585388,0.0499999999999996,0,,,,,,,,
few20__polygarbor_p5__seed42,polygarbor_p5,few20,42,complete,,runs/2026-09-12/few20__polygarbor_p5__seed42,warmup,0.1238462800392881,0.4999999999999998,1,403.1,403.1,336.580608,336.580608,35.0,35.0,0.0,0.0
few20__polygarbor_p5__seed42,polygarbor_p5,few20,42,complete,,runs/2026-09-12/few20__polygarbor_p5__seed42,evaluate_train,6.207519131014124,24.830000000000002,31,399.9806451612903,409.8,336.72581780645163,336.809984,38.096774193548384,45.0,0.0,0.0
few20__polygarbor_p5__seed42,polygarbor_p5,few20,42,complete,,runs/2026-09-12/few20__polygarbor_p5__seed42,prepare_val_clean,0.004535410087555647,0.009999999999997122,0,,,,,,,,
few20__polygarbor_p5__seed42,polygarbor_p5,few20,42,complete,,runs/2026-09-12/few20__polygarbor_p5__seed42,evaluate_val_clean,21.763838100945577,87.05,106,398.8801886792453,412.2,384.1697907924529,401.63328,35.556603773584904,42.0,0.0,0.0
few20__polygarbor_p5__seed42,polygarbor_p5,few20,42,complete,,runs/2026-09-12/few20__polygarbor_p5__seed42,prepare_test_clean,0.004780689021572471,0.009999999999995457,0,,,,,,,,
few20__polygarbor_p5__seed42,polygarbor_p5,few20,42,complete,,runs/2026-09-12/few20__polygarbor_p5__seed42,evaluate_test_clean,20.687070627929643,82.72,101,399.55148514851487,413.4,422.1109278415841,439.001088,35.24752475247525,40.0,0.0,0.0
few20__polygarbor_p5__seed42,polygarbor_p5,few20,42,complete,,runs/2026-09-12/few20__polygarbor_p5__seed42,inference_batch1,1.908231356064789,7.599999999999973,10,371.64,405.9,439.77441280000005,439.775232,32.0,32.0,0.0,0.0
few20__polygarbor_p5__seed42,polygarbor_p5,few20,42,complete,,runs/2026-09-12/few20__polygarbor_p5__seed42,explanations,0.0003335189539939165,-2.220446049250313e-15,0,,,,,,,,
few20__polygarbor_p5__seed43,polygarbor_p5,few20,43,complete,,runs/2026-09-12/few20__polygarbor_p5__seed43,read_data,0.004901867010630667,0.009999999999999953,0,,,,,,,,
few20__polygarbor_p5__seed43,polygarbor_p5,few20,43,complete,,runs/2026-09-12/few20__polygarbor_p5__seed43,build_model,0.0002425479469820857,-5.551115123125783e-17,0,,,,,,,,
few20__polygarbor_p5__seed43,polygarbor_p5,few20,43,complete,,runs/2026-09-12/few20__polygarbor_p5__seed43,extract_features,1.4084108469542116,1.4000000000000001,7,100.72857142857143,104.6,278.19680914285715,278.417408,40.857142857142854,42.0,0.0,0.0
few20__polygarbor_p5__seed43,polygarbor_p5,few20,43,complete,,runs/2026-09-12/few20__polygarbor_p5__seed43,fit,0.4885480650700629,1.9400000000000004,2,404.35,425.9,323.282944,338.681856,37.0,37.0,0.0,0.0
few20__polygarbor_p5__seed43,polygarbor_p5,few20,43,complete,,runs/2026-09-12/few20__polygarbor_p5__seed43,save_model,0.013815507991239429,0.050000000000001155,0,,,,,,,,
few20__polygarbor_p5__seed43,polygarbor_p5,few20,43,complete,,runs/2026-09-12/few20__polygarbor_p5__seed43,warmup,0.11342462210450321,0.4599999999999995,1,377.8,377.8,335.183872,335.183872,37.0,37.0,0.0,0.0
few20__polygarbor_p5__seed43,polygarbor_p5,few20,43,complete,,runs/2026-09-12/few20__polygarbor_p5__seed43,evaluate_train,5.8118449710309505,23.26,28,400.17500000000007,407.2,335.1875291428572,335.19616,41.107142857142854,42.0,0.0,0.0
few20__polygarbor_p5__seed43,polygarbor_p5,few20,43,complete,,runs/2026-09-12/few20__polygarbor_p5__seed43,prepare_val_clean,0.004625523928552866,-1.3322676295501878e-15,0,,,,,,,,
few20__polygarbor_p5__seed43,polygarbor_p5,few20,43,complete,,runs/2026-09-12/few20__polygarbor_p5__seed43,evaluate_val_clean,19.37837378901895,77.52,95,397.4673684210526,406.7,382.7201940210527,400.060416,35.76842105263158,44.0,0.0,0.0
few20__polygarbor_p5__seed43,polygarbor_p5,few20,43,complete,,runs/2026-09-12/few20__polygarbor_p5__seed43,prepare_test_clean,0.004663890926167369,0.010000000000010778,0,,,,,,,,
few20__polygarbor_p5__seed43,polygarbor_p5,few20,43,complete,,runs/2026-09-12/few20__polygarbor_p5__seed43,evaluate_test_clean,18.735614057048224,74.93999999999998,92,398.1217391304348,411.9,421.13121947826085,437.764096,37.84782608695652,44.0,0.0,0.0
few20__polygarbor_p5__seed43,polygarbor_p5,few20,43,complete,,runs/2026-09-12/few20__polygarbor_p5__seed43,inference_batch1,1.8330292510800064,7.309999999999992,9,379.88888888888886,404.9,438.505472,438.505472,34.77777777777778,35.0,0.0,0.0
few20__polygarbor_p5__seed43,polygarbor_p5,few20,43,complete,,runs/2026-09-12/few20__polygarbor_p5__seed43,explanations,0.00038464099634438753,0.01000000000002843,0,,,,,,,,
few20__resnet18__seed42,resnet18,few20,42,complete,,runs/2026-09-12/few20__resnet18__seed42,read_data,0.006850670906715095,0.02000000000000013,0,,,,,,,,
few20__resnet18__seed42,resnet18,few20,42,complete,,runs/2026-09-12/few20__resnet18__seed42,build_model,3.3442630949430168,3.440000000000001,15,103.29333333333332,139.1,801.1145216,1106.24768,65.8,74.0,36.77006506666667,148.897792
few20__resnet18__seed42,resnet18,few20,42,complete,,runs/2026-09-12/few20__resnet18__seed42,prepare_pipeline,1.1102049499750137,1.2099999999999995,5,109.24000000000001,129.2,1133.7785344,1139.625984,51.0,51.0,266.338304,266.338304
few20__resnet18__seed42,resnet18,few20,42,complete,,runs/2026-09-12/few20__resnet18__seed42,fit,24.518234791001305,26.73,120,109.13666666666668,903.0,1949.3889706666666,2335.080448,73.30833333333334,98.0,2562.195456,3649.04448
few20__resnet18__seed42,resnet18,few20,42,complete,,runs/2026-09-12/few20__resnet18__seed42,save_model,0.24974750296678394,0.24999999999999778,2,104.0,104.3,2310.467584,2342.416384,82.0,82.0,3649.04448,3649.04448
few20__resnet18__seed42,resnet18,few20,42,complete,,runs/2026-09-12/few20__resnet18__seed42,warmup,0.6761140489252284,0.6699999999999986,3,96.93333333333334,102.4,2327.3335466666667,2347.024384,56.0,56.0,3649.04448,3649.04448
few20__resnet18__seed42,resnet18,few20,42,complete,,runs/2026-09-12/few20__resnet18__seed42,evaluate_train,0.4636300349375233,0.4600000000000004,2,101.95,104.4,2368.792576,2368.978944,56.0,56.0,3649.04448,3649.04448
few20__resnet18__seed42,resnet18,few20,42,complete,,runs/2026-09-12/few20__resnet18__seed42,prepare_val_clean,0.005777828977443278,4.440892098500626e-16,0,,,,,,,,
few20__resnet18__seed42,resnet18,few20,42,complete,,runs/2026-09-12/few20__resnet18__seed42,evaluate_val_clean,0.7809894439997151,0.7699999999999965,4,97.77499999999999,99.2,2391.836672,2391.87968,76.0,94.0,3649.04448,3649.04448
few20__resnet18__seed42,resnet18,few20,42,complete,,runs/2026-09-12/few20__resnet18__seed42,prepare_test_clean,0.005066566984169185,-4.440892098500626e-16,0,,,,,,,,
few20__resnet18__seed42,resnet18,few20,42,complete,,runs/2026-09-12/few20__resnet18__seed42,evaluate_test_clean,0.4808468580013141,0.4699999999999984,3,98.90000000000002,99.4,2411.223722666667,2425.663488,94.0,94.0,3649.04448,3649.04448
few20__resnet18__seed42,resnet18,few20,42,complete,,runs/2026-09-12/few20__resnet18__seed42,inference_batch1,0.21124334901105613,0.21999999999999753,1,98.9,98.9,2428.239872,2428.239872,59.0,59.0,3649.04448,3649.04448
few20__resnet18__seed42,resnet18,few20,42,complete,,runs/2026-09-12/few20__resnet18__seed42,explanations,0.18614690599497408,0.19000000000000172,1,103.7,103.7,2429.136896,2429.136896,59.0,59.0,3649.04448,3649.04448
few20__resnet18__seed43,resnet18,few20,43,complete,,runs/2026-09-12/few20__resnet18__seed43,read_data,0.006234423955902457,0.009999999999999898,0,,,,,,,,
few20__resnet18__seed43,resnet18,few20,43,complete,,runs/2026-09-12/few20__resnet18__seed43,build_model,3.2772601390024647,3.37,13,102.53076923076925,126.6,791.5570412307692,1105.502208,56.76923076923077,59.0,31.134641230769226,136.31488
few20__resnet18__seed43,resnet18,few20,43,complete,,runs/2026-09-12/few20__resnet18__seed43,prepare_pipeline,1.0698004139121622,1.1599999999999997,5,108.16,119.0,1132.7373312,1138.864128,52.8,60.0,266.338304,266.338304
few20__resnet18__seed43,resnet18,few20,43,complete,,runs/2026-09-12/few20__resnet18__seed43,fit,27.526308586006053,29.700000000000003,136,107.93161764705881,1074.6,1991.8758851764705,2338.615296,70.02941176470588,98.0,2781.147376941177,3802.136576
few20__resnet18__seed43,resnet18,few20,43,complete,,runs/2026-09-12/few20__resnet18__seed43,save_model,0.2140850410796702,0.20999999999999863,1,103.5,103.5,2274.254848,2274.254848,70.0,70.0,3802.136576,3802.136576
few20__resnet18__seed43,resnet18,few20,43,complete,,runs/2026-09-12/few20__resnet18__seed43,warmup,0.7099218020448461,0.7000000000000037,3,96.86666666666667,103.3,2260.2738346666665,2296.045568,70.0,70.0,3802.1365759999994,3802.136576
few20__resnet18__seed43,resnet18,few20,43,complete,,runs/2026-09-12/few20__resnet18__seed43,evaluate_train,0.4614722130354494,0.4599999999999991,3,100.60000000000001,103.7,2325.8371413333334,2334.978048,80.0,85.0,3802.1365759999994,3802.136576
few20__resnet18__seed43,resnet18,few20,43,complete,,runs/2026-09-12/few20__resnet18__seed43,prepare_val_clean,0.005670276004821062,0.009999999999997122,0,,,,,,,,
few20__resnet18__seed43,resnet18,few20,43,complete,,runs/2026-09-12/few20__resnet18__seed43,evaluate_val_clean,0.733872406068258,0.700000000000002,4,95.55000000000001,99.4,2374.895616,2375.913472,76.5,85.0,3802.136576,3802.136576
few20__resnet18__seed43,resnet18,few20,43,complete,,runs/2026-09-12/few20__resnet18__seed43,prepare_test_clean,0.006037797080352902,0.010000000000001563,0,,,,,,,,
few20__resnet18__seed43,resnet18,few20,43,complete,,runs/2026-09-12/few20__resnet18__seed43,evaluate_test_clean,0.4823433948913589,0.4600000000000044,2,97.65,101.1,2401.96608,2409.443328,69.0,69.0,3802.136576,3802.136576
few20__resnet18__seed43,resnet18,few20,43,complete,,runs/2026-09-12/few20__resnet18__seed43,inference_batch1,0.21033895504660904,0.2099999999999982,1,99.2,99.2,2419.716096,2419.716096,69.0,69.0,3802.136576,3802.136576
few20__resnet18__seed43,resnet18,few20,43,complete,,runs/2026-09-12/few20__resnet18__seed43,explanations,0.17812548694200814,0.1900000000000004,1,107.1,107.1,2420.215808,2420.215808,69.0,69.0,3802.136576,3802.136576
few20__resnet18_imagenet__seed42,resnet18_imagenet,few20,42,complete,,runs/2026-09-12/few20__resnet18_imagenet__seed42,read_data,0.005352049949578941,0.010000000000000342,0,,,,,,,,
few20__resnet18_imagenet__seed42,resnet18_imagenet,few20,42,complete,,runs/2026-09-12/few20__resnet18_imagenet__seed42,build_model,4.572095861076377,4.6899999999999995,19,102.29473684210525,124.4,1075.851910736842,1577.127936,30.736842105263158,36.0,140.2884311578947,266.338304
few20__resnet18_imagenet__seed42,resnet18_imagenet,few20,42,complete,,runs/2026-09-12/few20__resnet18_imagenet__seed42,prepare_pipeline,0.7548273019492626,0.8299999999999998,3,112.3,124.1,1552.187392,1552.932864,33.0,33.0,266.338304,266.338304
few20__resnet18_imagenet__seed42,resnet18_imagenet,few20,42,complete,,runs/2026-09-12/few20__resnet18_imagenet__seed42,fit,40.94663836492691,42.53,204,103.8485294117647,894.2,2538.0050421960786,2720.858112,65.1470588235294,97.0,3439.3909609411767,3997.171712
few20__resnet18_imagenet__seed42,resnet18_imagenet,few20,42,complete,,runs/2026-09-12/few20__resnet18_imagenet__seed42,save_model,0.16685981606133282,0.17000000000000304,1,103.2,103.2,2605.30176,2605.30176,71.0,71.0,3997.171712,3997.171712
few20__resnet18_imagenet__seed42,resnet18_imagenet,few20,42,complete,,runs/2026-09-12/few20__resnet18_imagenet__seed42,warmup,0.5475380040006712,0.5400000000000018,2,94.25,99.0,2635.5138559999996,2658.799616,29.0,29.0,3997.171712,3997.171712
few20__resnet18_imagenet__seed42,resnet18_imagenet,few20,42,complete,,runs/2026-09-12/few20__resnet18_imagenet__seed42,evaluate_train,0.45995334605686367,0.4599999999999955,3,99.40000000000002,104.4,2686.618282666667,2693.873664,29.0,29.0,3997.171712,3997.171712
few20__resnet18_imagenet__seed42,resnet18_imagenet,few20,42,complete,,runs/2026-09-12/few20__resnet18_imagenet__seed42,prepare_val_clean,0.004744655103422701,2.6645352591003757e-15,0,,,,,,,,
few20__resnet18_imagenet__seed42,resnet18_imagenet,few20,42,complete,,runs/2026-09-12/few20__resnet18_imagenet__seed42,evaluate_val_clean,0.6634243490407243,0.6299999999999981,3,94.33333333333333,99.3,2733.441024,2734.252032,47.0,47.0,3997.171712,3997.171712
few20__resnet18_imagenet__seed42,resnet18_imagenet,few20,42,complete,,runs/2026-09-12/few20__resnet18_imagenet__seed42,prepare_test_clean,0.004747131024487317,0.009999999999999787,0,,,,,,,,
few20__resnet18_imagenet__seed42,resnet18_imagenet,few20,42,complete,,runs/2026-09-12/few20__resnet18_imagenet__seed42,evaluate_test_clean,0.39902165508829057,0.3599999999999941,2,96.55,98.6,2750.593024,2759.016448,72.0,72.0,3997.171712,3997.171712
few20__resnet18_imagenet__seed42,resnet18_imagenet,few20,42,complete,,runs/2026-09-12/few20__resnet18_imagenet__seed42,inference_batch1,0.1715913019143045,0.16999999999999593,1,95.7,95.7,2769.670144,2769.670144,25.0,25.0,3997.171712,3997.171712
few20__resnet18_imagenet__seed42,resnet18_imagenet,few20,42,complete,,runs/2026-09-12/few20__resnet18_imagenet__seed42,explanations,0.13325077597983181,0.13000000000000167,1,103.6,103.6,2769.739776,2769.739776,25.0,25.0,3997.171712,3997.171712
few20__resnet18_imagenet__seed43,resnet18_imagenet,few20,43,complete,,runs/2026-09-12/few20__resnet18_imagenet__seed43,read_data,0.005251444992609322,0.01000000000000012,0,,,,,,,,
few20__resnet18_imagenet__seed43,resnet18_imagenet,few20,43,complete,,runs/2026-09-12/few20__resnet18_imagenet__seed43,build_model,4.61284556100145,4.750000000000001,20,103.25500000000002,144.0,1074.3810047999998,1569.804288,34.25,39.0,140.29946879999997,266.338304
few20__resnet18_imagenet__seed43,resnet18_imagenet,few20,43,complete,,runs/2026-09-12/few20__resnet18_imagenet__seed43,prepare_pipeline,0.7794660680228844,0.8699999999999997,3,114.26666666666667,124.2,1545.3484373333333,1545.744384,18.666666666666668,34.0,266.338304,266.338304
few20__resnet18_imagenet__seed43,resnet18_imagenet,few20,43,complete,,runs/2026-09-12/few20__resnet18_imagenet__seed43,fit,17.183541471953504,19.38,86,112.7697674418605,849.2,2301.328026790698,2691.95264,46.13953488372093,98.0,2673.8931854883726,3997.171712
few20__resnet18_imagenet__seed43,resnet18_imagenet,few20,43,complete,,runs/2026-09-12/few20__resnet18_imagenet__seed43,save_model,0.15960249898489565,0.16999999999999948,0,,,,,,,,
few20__resnet18_imagenet__seed43,resnet18_imagenet,few20,43,complete,,runs/2026-09-12/few20__resnet18_imagenet__seed43,warmup,0.5328224269906059,0.5199999999999987,3,98.60000000000001,105.1,2620.325888,2649.903104,47.0,85.0,3997.171712,3997.171712
few20__resnet18_imagenet__seed43,resnet18_imagenet,few20,43,complete,,runs/2026-09-12/few20__resnet18_imagenet__seed43,evaluate_train,0.45758329099044204,0.4600000000000031,2,101.69999999999999,104.1,2669.8752,2670.067712,28.0,28.0,3997.171712,3997.171712
few20__resnet18_imagenet__seed43,resnet18_imagenet,few20,43,complete,,runs/2026-09-12/few20__resnet18_imagenet__seed43,prepare_val_clean,0.0049004280008375645,0.010000000000002895,0,,,,,,,,
few20__resnet18_imagenet__seed43,resnet18_imagenet,few20,43,complete,,runs/2026-09-12/few20__resnet18_imagenet__seed43,evaluate_val_clean,0.6793701619608328,0.6499999999999999,4,95.1,99.1,2722.439168,2723.495936,34.0,34.0,3997.171712,3997.171712
few20__resnet18_imagenet__seed43,resnet18_imagenet,few20,43,complete,,runs/2026-09-12/few20__resnet18_imagenet__seed43,prepare_test_clean,0.0046229519648477435,4.440892098500626e-16,0,,,,,,,,
few20__resnet18_imagenet__seed43,resnet18_imagenet,few20,43,complete,,runs/2026-09-12/few20__resnet18_imagenet__seed43,evaluate_test_clean,0.4092346510151401,0.37000000000000144,2,94.65,99.9,2733.9653120000003,2741.993472,28.0,28.0,3997.171712,3997.171712
few20__resnet18_imagenet__seed43,resnet18_imagenet,few20,43,complete,,runs/2026-09-12/few20__resnet18_imagenet__seed43,inference_batch1,0.18255907692946494,0.17999999999999794,1,98.3,98.3,2762.027008,2762.027008,41.0,41.0,3997.171712,3997.171712
few20__resnet18_imagenet__seed43,resnet18_imagenet,few20,43,complete,,runs/2026-09-12/few20__resnet18_imagenet__seed43,explanations,0.13039459101855755,0.12999999999999856,0,,,,,,,,
few20__yolo11n__seed42,yolo11n,few20,42,complete,,runs/2026-09-12/few20__yolo11n__seed42,read_data,0.007324242033064365,0.01000000000000012,0,,,,,,,,
few20__yolo11n__seed42,yolo11n,few20,42,complete,,runs/2026-09-12/few20__yolo11n__seed42,prepare_pipeline,2.4651187469717115,2.55,12,104.05,143.8,687.4999466666667,706.187264,50.333333333333336,62.0,0.0,0.0
few20__yolo11n__seed42,yolo11n,few20,42,complete,,runs/2026-09-12/few20__yolo11n__seed42,build_model,0.935648872051388,0.9699999999999999,5,99.8,103.8,792.6939648,851.64032,57.6,62.0,0.0,0.0
few20__yolo11n__seed42,yolo11n,few20,42,complete,,runs/2026-09-12/few20__yolo11n__seed42,fit,25.360858479049057,82.05999999999999,124,326.15080645161294,461.1,2316.358755096774,2637.651968,57.46774193548387,65.0,539.3063143225808,660.60288
few20__yolo11n__seed42,yolo11n,few20,42,complete,,runs/2026-09-12/few20__yolo11n__seed42,save_model,0.04488901898730546,0.1500000000000128,0,,,,,,,,
few20__yolo11n__seed42,yolo11n,few20,42,complete,,runs/2026-09-12/few20__yolo11n__seed42,warmup,0.07738546805921942,0.19000000000000483,0,,,,,,,,
few20__yolo11n__seed42,yolo11n,few20,42,complete,,runs/2026-09-12/few20__yolo11n__seed42,evaluate_train,0.10627675498835742,0.11000000000000654,1,225.6,225.6,2573.295616,2573.295616,58.0,58.0,402.653184,402.653184
few20__yolo11n__seed42,yolo11n,few20,42,complete,,runs/2026-09-12/few20__yolo11n__seed42,prepare_val_clean,0.005337761016562581,3.552713678800501e-15,1,103.0,103.0,2573.78304,2573.78304,56.0,56.0,402.653184,402.653184
few20__yolo11n__seed42,yolo11n,few20,42,complete,,runs/2026-09-12/few20__yolo11n__seed42,evaluate_val_clean,0.27444551209919155,0.2800000000000047,1,99.1,99.1,2573.78304,2573.78304,56.0,56.0,402.653184,402.653184
few20__yolo11n__seed42,yolo11n,few20,42,complete,,runs/2026-09-12/few20__yolo11n__seed42,prepare_test_clean,0.00563695898745209,-5.329070518200751e-15,0,,,,,,,,
few20__yolo11n__seed42,yolo11n,few20,42,complete,,runs/2026-09-12/few20__yolo11n__seed42,evaluate_test_clean,0.2888986589387059,0.29999999999999183,2,99.25,99.3,2588.921856,2599.735296,52.0,56.0,402.653184,402.653184
few20__yolo11n__seed42,yolo11n,few20,42,complete,,runs/2026-09-12/few20__yolo11n__seed42,inference_batch1,0.2068059879820794,0.20999999999999286,1,98.6,98.6,2607.525888,2607.525888,48.0,48.0,402.653184,402.653184
few20__yolo11n__seed42,yolo11n,few20,42,complete,,runs/2026-09-12/few20__yolo11n__seed42,explanations,0.0003868710482493043,-8.881784197001252e-16,0,,,,,,,,
few20__yolo11n__seed43,yolo11n,few20,43,complete,,runs/2026-09-12/few20__yolo11n__seed43,read_data,0.006950169918127358,0.009999999999999898,0,,,,,,,,
few20__yolo11n__seed43,yolo11n,few20,43,complete,,runs/2026-09-12/few20__yolo11n__seed43,prepare_pipeline,2.566676779068075,2.68,13,104.48461538461538,148.9,687.4282141538462,707.334144,49.46153846153846,59.0,0.0,0.0
few20__yolo11n__seed43,yolo11n,few20,43,complete,,runs/2026-09-12/few20__yolo11n__seed43,build_model,0.9153623169986531,0.9299999999999994,5,100.55999999999999,103.4,797.4887424000001,853.798912,48.2,61.0,0.0,0.0
few20__yolo11n__seed43,yolo11n,few20,43,complete,,runs/2026-09-12/few20__yolo11n__seed43,fit,40.50989641598426,136.28,199,338.3597989949749,495.5,2338.741860341708,2640.031744,55.5929648241206,64.0,620.7148381909548,801.112064
few20__yolo11n__seed43,yolo11n,few20,43,complete,,runs/2026-09-12/few20__yolo11n__seed43,save_model,0.0373313840245828,0.1299999999999848,0,,,,,,,,
few20__yolo11n__seed43,yolo11n,few20,43,complete,,runs/2026-09-12/few20__yolo11n__seed43,warmup,0.07458818308077753,0.17999999999999616,0,,,,,,,,
few20__yolo11n__seed43,yolo11n,few20,43,complete,,runs/2026-09-12/few20__yolo11n__seed43,evaluate_train,0.10100299899931997,0.09999999999998366,1,195.0,195.0,2575.671296,2575.671296,52.0,52.0,404.750336,404.750336
few20__yolo11n__seed43,yolo11n,few20,43,complete,,runs/2026-09-12/few20__yolo11n__seed43,prepare_val_clean,0.004565806011669338,0.009999999999999787,0,,,,,,,,
few20__yolo11n__seed43,yolo11n,few20,43,complete,,runs/2026-09-12/few20__yolo11n__seed43,evaluate_val_clean,0.3063091649673879,0.32000000000000206,2,99.19999999999999,104.1,2576.15872,2576.15872,56.0,56.0,404.750336,404.750336
few20__yolo11n__seed43,yolo11n,few20,43,complete,,runs/2026-09-12/few20__yolo11n__seed43,prepare_test_clean,0.005120165063999593,0.009999999999990905,0,,,,,,,,
few20__yolo11n__seed43,yolo11n,few20,43,complete,,runs/2026-09-12/few20__yolo11n__seed43,evaluate_test_clean,0.23629400599747896,0.23999999999998067,2,99.4,99.4,2595.1641600000003,2609.90976,56.0,56.0,404.750336,404.750336
few20__yolo11n__seed43,yolo11n,few20,43,complete,,runs/2026-09-12/few20__yolo11n__seed43,inference_batch1,0.2122584889875725,0.21999999999998998,1,103.8,103.8,2609.905664,2609.905664,63.0,63.0,404.750336,404.750336
few20__yolo11n__seed43,yolo11n,few20,43,complete,,runs/2026-09-12/few20__yolo11n__seed43,explanations,0.0004088260466232896,-8.881784197001252e-15,0,,,,,,,,
few20__yolo11n_random__seed42,yolo11n_random,few20,42,complete,,runs/2026-09-12/few20__yolo11n_random__seed42,read_data,0.005298395059071481,0.01999999999999974,0,,,,,,,,
few20__yolo11n_random__seed42,yolo11n_random,few20,42,complete,,runs/2026-09-12/few20__yolo11n_random__seed42,prepare_pipeline,2.220582291018218,2.36,11,106.32727272727271,164.3,690.504797090909,709.373952,30.09090909090909,34.0,0.0,0.0
few20__yolo11n_random__seed42,yolo11n_random,few20,42,complete,,runs/2026-09-12/few20__yolo11n_random__seed42,build_model,0.07366490794811398,0.2000000000000003,0,,,,,,,,
few20__yolo11n_random__seed42,yolo11n_random,few20,42,complete,,runs/2026-09-12/few20__yolo11n_random__seed42,fit,71.98619450000115,253.17,357,351.63193277310927,502.0,2344.1414539831935,2634.973184,35.36134453781513,43.0,829.0799650420167,1235.222528
few20__yolo11n_random__seed42,yolo11n_random,few20,42,complete,,runs/2026-09-12/few20__yolo11n_random__seed42,save_model,0.031595594016835093,0.1099999999999941,0,,,,,,,,
few20__yolo11n_random__seed42,yolo11n_random,few20,42,complete,,runs/2026-09-12/few20__yolo11n_random__seed42,warmup,0.0545150269754231,0.1299999999999759,0,,,,,,,,
few20__yolo11n_random__seed42,yolo11n_random,few20,42,complete,,runs/2026-09-12/few20__yolo11n_random__seed42,evaluate_train,0.08374856295995414,0.08000000000002139,1,198.7,198.7,2558.025728,2558.025728,28.0,28.0,448.790528,448.790528
few20__yolo11n_random__seed42,yolo11n_random,few20,42,complete,,runs/2026-09-12/few20__yolo11n_random__seed42,prepare_val_clean,0.004258067929185927,1.9539925233402755e-14,0,,,,,,,,
few20__yolo11n_random__seed42,yolo11n_random,few20,42,complete,,runs/2026-09-12/few20__yolo11n_random__seed42,evaluate_val_clean,0.22109231201466173,0.21999999999998998,1,104.3,104.3,2585.341952,2585.341952,26.0,26.0,448.790528,448.790528
few20__yolo11n_random__seed42,yolo11n_random,few20,42,complete,,runs/2026-09-12/few20__yolo11n_random__seed42,prepare_test_clean,0.004451127024367452,-1.7763568394002505e-14,0,,,,,,,,
few20__yolo11n_random__seed42,yolo11n_random,few20,42,complete,,runs/2026-09-12/few20__yolo11n_random__seed42,evaluate_test_clean,0.20238425105344504,0.19999999999997087,1,99.4,99.4,2604.085248,2604.085248,26.0,26.0,448.790528,448.790528
few20__yolo11n_random__seed42,yolo11n_random,few20,42,complete,,runs/2026-09-12/few20__yolo11n_random__seed42,inference_batch1,0.14332766400184482,0.1399999999999686,1,99.3,99.3,2630.746112,2630.746112,31.0,31.0,448.790528,448.790528
few20__yolo11n_random__seed42,yolo11n_random,few20,42,complete,,runs/2026-09-12/few20__yolo11n_random__seed42,explanations,0.0003322879783809185,-1.7763568394002505e-14,0,,,,,,,,
few20__yolo11n_random__seed43,yolo11n_random,few20,43,complete,,runs/2026-09-12/few20__yolo11n_random__seed43,read_data,0.00541836500633508,0.01000000000000012,0,,,,,,,,
few20__yolo11n_random__seed43,yolo11n_random,few20,43,complete,,runs/2026-09-12/few20__yolo11n_random__seed43,prepare_pipeline,2.1884812279604375,2.33,11,106.38181818181819,164.4,690.4373992727272,709.656576,29.09090909090909,33.0,0.0,0.0
few20__yolo11n_random__seed43,yolo11n_random,few20,43,complete,,runs/2026-09-12/few20__yolo11n_random__seed43,build_model,0.06941692694090307,0.17999999999999927,0,,,,,,,,
few20__yolo11n_random__seed43,yolo11n_random,few20,43,complete,,runs/2026-09-12/few20__yolo11n_random__seed43,fit,42.35836781898979,144.60999999999999,210,341.5961904761905,506.9,2306.2025362285713,2643.94752,34.05714285714286,47.0,646.7217310476191,882.900992
few20__yolo11n_random__seed43,yolo11n_random,few20,43,complete,,runs/2026-09-12/few20__yolo11n_random__seed43,save_model,0.031008730991743505,0.1099999999999941,0,,,,,,,,
few20__yolo11n_random__seed43,yolo11n_random,few20,43,complete,,runs/2026-09-12/few20__yolo11n_random__seed43,warmup,0.05153800896368921,0.14000000000002366,0,,,,,,,,
few20__yolo11n_random__seed43,yolo11n_random,few20,43,complete,,runs/2026-09-12/few20__yolo11n_random__seed43,evaluate_train,0.08535808708984405,0.08999999999998387,1,199.9,199.9,2580.516864,2580.516864,20.0,20.0,404.750336,404.750336
few20__yolo11n_random__seed43,yolo11n_random,few20,43,complete,,runs/2026-09-12/few20__yolo11n_random__seed43,prepare_val_clean,0.004325727000832558,0.009999999999990905,0,,,,,,,,
few20__yolo11n_random__seed43,yolo11n_random,few20,43,complete,,runs/2026-09-12/few20__yolo11n_random__seed43,evaluate_val_clean,0.2268642010167241,0.2400000000000091,1,98.2,98.2,2581.045248,2581.045248,20.0,20.0,404.750336,404.750336
few20__yolo11n_random__seed43,yolo11n_random,few20,43,complete,,runs/2026-09-12/few20__yolo11n_random__seed43,prepare_test_clean,0.004716417985036969,-8.881784197001252e-15,0,,,,,,,,
few20__yolo11n_random__seed43,yolo11n_random,few20,43,complete,,runs/2026-09-12/few20__yolo11n_random__seed43,evaluate_test_clean,0.21829484310001135,0.21999999999998998,1,99.2,99.2,2594.021376,2594.021376,20.0,20.0,404.750336,404.750336
few20__yolo11n_random__seed43,yolo11n_random,few20,43,complete,,runs/2026-09-12/few20__yolo11n_random__seed43,inference_batch1,0.14882424008101225,0.15000000000001634,1,103.9,103.9,2614.796288,2614.796288,40.0,40.0,404.750336,404.750336
few20__yolo11n_random__seed43,yolo11n_random,few20,43,complete,,runs/2026-09-12/few20__yolo11n_random__seed43,explanations,0.0003229980356991291,1.0658141036401503e-14,0,,,,,,,,
few2__polygarbor__seed42,polygarbor,few2,42,complete,,runs/2026-09-12/few2__polygarbor__seed42,read_data,0.0029574070358648896,0.010000000000000064,0,,,,,,,,
few2__polygarbor__seed42,polygarbor,few2,42,complete,,runs/2026-09-12/few2__polygarbor__seed42,build_model,0.0002399330260232091,1.1102230246251565e-16,0,,,,,,,,
few2__polygarbor__seed42,polygarbor,few2,42,complete,,runs/2026-09-12/few2__polygarbor__seed42,extract_features,0.14661958499345928,0.15000000000000002,0,,,,,,,,
few2__polygarbor__seed42,polygarbor,few2,42,complete,,runs/2026-09-12/few2__polygarbor__seed42,fit,0.00603990803938359,-1.1102230246251565e-16,0,,,,,,,,
few2__polygarbor__seed42,polygarbor,few2,42,complete,,runs/2026-09-12/few2__polygarbor__seed42,save_model,0.001263948972336948,-1.1102230246251565e-16,0,,,,,,,,
few2__polygarbor__seed42,polygarbor,few2,42,complete,,runs/2026-09-12/few2__polygarbor__seed42,warmup,0.014542355900630355,0.019999999999999907,0,,,,,,,,
few2__polygarbor__seed42,polygarbor,few2,42,complete,,runs/2026-09-12/few2__polygarbor__seed42,evaluate_train,0.08104501303751022,0.07999999999999996,1,103.5,103.5,248.295424,248.295424,25.0,25.0,0.0,0.0
few2__polygarbor__seed42,polygarbor,few2,42,complete,,runs/2026-09-12/few2__polygarbor__seed42,prepare_val_clean,0.005482114036567509,0.009999999999999676,0,,,,,,,,
few2__polygarbor__seed42,polygarbor,few2,42,complete,,runs/2026-09-12/few2__polygarbor__seed42,evaluate_val_clean,2.6458459809655324,2.6500000000000004,13,99.96923076923076,104.6,310.17621661538465,325.87776,27.76923076923077,31.0,0.0,0.0
few2__polygarbor__seed42,polygarbor,few2,42,complete,,runs/2026-09-12/few2__polygarbor__seed42,prepare_test_clean,0.004655872005969286,-2.7755575615628914e-16,0,,,,,,,,
few2__polygarbor__seed42,polygarbor,few2,42,complete,,runs/2026-09-12/few2__polygarbor__seed42,evaluate_test_clean,2.3827848070068285,2.3899999999999992,12,100.05,104.6,353.37352533333336,369.373184,31.083333333333332,39.0,0.0,0.0
few2__polygarbor__seed42,polygarbor,few2,42,complete,,runs/2026-09-12/few2__polygarbor__seed42,inference_batch1,0.2324729929678142,0.2299999999999997,1,99.5,99.5,379.20768,379.20768,26.0,26.0,0.0,0.0
few2__polygarbor__seed42,polygarbor,few2,42,complete,,runs/2026-09-12/few2__polygarbor__seed42,explanations,0.00033086794428527355,1.6653345369377348e-16,0,,,,,,,,
few2__polygarbor__seed43,polygarbor,few2,43,complete,,runs/2026-09-12/few2__polygarbor__seed43,read_data,0.0045327089028432965,0.019999999999999907,0,,,,,,,,
few2__polygarbor__seed43,polygarbor,few2,43,complete,,runs/2026-09-12/few2__polygarbor__seed43,build_model,0.00033688603434711695,-1.1102230246251565e-16,0,,,,,,,,
few2__polygarbor__seed43,polygarbor,few2,43,complete,,runs/2026-09-12/few2__polygarbor__seed43,extract_features,0.1992932689609006,0.19000000000000028,1,103.1,103.1,246.984704,246.984704,59.0,59.0,0.0,0.0
few2__polygarbor__seed43,polygarbor,few2,43,complete,,runs/2026-09-12/few2__polygarbor__seed43,fit,0.008154134033247828,0.009999999999999898,0,,,,,,,,
few2__polygarbor__seed43,polygarbor,few2,43,complete,,runs/2026-09-12/few2__polygarbor__seed43,save_model,0.0018548440421000123,-1.1102230246251565e-16,0,,,,,,,,
few2__polygarbor__seed43,polygarbor,few2,43,complete,,runs/2026-09-12/few2__polygarbor__seed43,warmup,0.019520719069987535,0.019999999999999907,0,,,,,,,,
few2__polygarbor__seed43,polygarbor,few2,43,complete,,runs/2026-09-12/few2__polygarbor__seed43,evaluate_train,0.11847852298524231,0.12000000000000022,0,,,,,,,,
few2__polygarbor__seed43,polygarbor,few2,43,complete,,runs/2026-09-12/few2__polygarbor__seed43,prepare_val_clean,0.005529843969270587,1.6653345369377348e-16,0,,,,,,,,
few2__polygarbor__seed43,polygarbor,few2,43,complete,,runs/2026-09-12/few2__polygarbor__seed43,evaluate_val_clean,2.7686190619133413,2.78,14,100.59285714285713,104.6,309.47532800000005,325.697536,54.785714285714285,60.0,0.0,0.0
few2__polygarbor__seed43,polygarbor,few2,43,complete,,runs/2026-09-12/few2__polygarbor__seed43,prepare_test_clean,0.004885708913207054,0.01000000000000062,0,,,,,,,,
few2__polygarbor__seed43,polygarbor,few2,43,complete,,runs/2026-09-12/few2__polygarbor__seed43,evaluate_test_clean,2.684839265071787,2.6899999999999995,14,100.12857142857142,104.5,353.75074742857134,370.233344,57.214285714285715,60.0,0.0,0.0
few2__polygarbor__seed43,polygarbor,few2,43,complete,,runs/2026-09-12/few2__polygarbor__seed43,inference_batch1,0.25102841504849494,0.25,1,104.2,104.2,379.199488,379.199488,59.0,59.0,0.0,0.0
few2__polygarbor__seed43,polygarbor,few2,43,complete,,runs/2026-09-12/few2__polygarbor__seed43,explanations,0.000364125007763505,0.0,0,,,,,,,,
few2__polygarbor_aug__seed42,polygarbor_aug,few2,42,complete,,runs/2026-09-12/few2__polygarbor_aug__seed42,read_data,0.002640404971316457,-1.1102230246251565e-16,0,,,,,,,,
few2__polygarbor_aug__seed42,polygarbor_aug,few2,42,complete,,runs/2026-09-12/few2__polygarbor_aug__seed42,build_model,0.0002749690320342779,-1.1102230246251565e-16,0,,,,,,,,
few2__polygarbor_aug__seed42,polygarbor_aug,few2,42,complete,,runs/2026-09-12/few2__polygarbor_aug__seed42,extract_features,0.34203998604789376,0.35,1,103.3,103.3,250.331136,250.331136,40.0,40.0,0.0,0.0
few2__polygarbor_aug__seed42,polygarbor_aug,few2,42,complete,,runs/2026-09-12/few2__polygarbor_aug__seed42,fit,0.010360945016145706,0.009999999999999953,0,,,,,,,,
few2__polygarbor_aug__seed42,polygarbor_aug,few2,42,complete,,runs/2026-09-12/few2__polygarbor_aug__seed42,save_model,0.0013731230283156037,-5.551115123125783e-17,0,,,,,,,,
few2__polygarbor_aug__seed42,polygarbor_aug,few2,42,complete,,runs/2026-09-12/few2__polygarbor_aug__seed42,warmup,0.015097003895789385,0.010000000000000175,0,,,,,,,,
few2__polygarbor_aug__seed42,polygarbor_aug,few2,42,complete,,runs/2026-09-12/few2__polygarbor_aug__seed42,evaluate_train,0.08048237697221339,0.08000000000000024,1,94.6,94.6,251.785216,251.785216,40.0,40.0,0.0,0.0
few2__polygarbor_aug__seed42,polygarbor_aug,few2,42,complete,,runs/2026-09-12/few2__polygarbor_aug__seed42,prepare_val_clean,0.005276683019474149,1.6653345369377348e-16,0,,,,,,,,
few2__polygarbor_aug__seed42,polygarbor_aug,few2,42,complete,,runs/2026-09-12/few2__polygarbor_aug__seed42,evaluate_val_clean,2.4324839579639956,2.44,12,100.26666666666665,104.5,311.67522133333335,327.397376,38.25,41.0,0.0,0.0
few2__polygarbor_aug__seed42,polygarbor_aug,few2,42,complete,,runs/2026-09-12/few2__polygarbor_aug__seed42,prepare_test_clean,0.004259401001036167,4.440892098500626e-16,0,,,,,,,,
few2__polygarbor_aug__seed42,polygarbor_aug,few2,42,complete,,runs/2026-09-12/few2__polygarbor_aug__seed42,evaluate_test_clean,2.450944414944388,2.4499999999999997,13,100.30000000000001,104.6,356.5063876923077,373.190656,26.692307692307693,44.0,0.0,0.0
few2__polygarbor_aug__seed42,polygarbor_aug,few2,42,complete,,runs/2026-09-12/few2__polygarbor_aug__seed42,inference_batch1,0.2477801030036062,0.25,1,99.5,99.5,382.144512,382.144512,34.0,34.0,0.0,0.0
few2__polygarbor_aug__seed42,polygarbor_aug,few2,42,complete,,runs/2026-09-12/few2__polygarbor_aug__seed42,explanations,0.000371814938262105,0.0,0,,,,,,,,
few2__polygarbor_aug__seed43,polygarbor_aug,few2,43,complete,,runs/2026-09-12/few2__polygarbor_aug__seed43,read_data,0.0030997010180726647,0.009999999999999898,0,,,,,,,,
few2__polygarbor_aug__seed43,polygarbor_aug,few2,43,complete,,runs/2026-09-12/few2__polygarbor_aug__seed43,build_model,0.00024434400256723166,-5.551115123125783e-17,0,,,,,,,,
few2__polygarbor_aug__seed43,polygarbor_aug,few2,43,complete,,runs/2026-09-12/few2__polygarbor_aug__seed43,extract_features,0.35448995896149427,0.3499999999999998,1,103.2,103.2,250.150912,250.150912,39.0,39.0,0.0,0.0
few2__polygarbor_aug__seed43,polygarbor_aug,few2,43,complete,,runs/2026-09-12/few2__polygarbor_aug__seed43,fit,0.01110443496145308,0.009999999999999953,0,,,,,,,,
few2__polygarbor_aug__seed43,polygarbor_aug,few2,43,complete,,runs/2026-09-12/few2__polygarbor_aug__seed43,save_model,0.001397059066221118,-5.551115123125783e-17,0,,,,,,,,
few2__polygarbor_aug__seed43,polygarbor_aug,few2,43,complete,,runs/2026-09-12/few2__polygarbor_aug__seed43,warmup,0.01562900107819587,0.010000000000000175,0,,,,,,,,
few2__polygarbor_aug__seed43,polygarbor_aug,few2,43,complete,,runs/2026-09-12/few2__polygarbor_aug__seed43,evaluate_train,0.08129560202360153,0.09000000000000002,1,99.6,99.6,251.609088,251.609088,39.0,39.0,0.0,0.0
few2__polygarbor_aug__seed43,polygarbor_aug,few2,43,complete,,runs/2026-09-12/few2__polygarbor_aug__seed43,prepare_val_clean,0.004376993980258703,1.6653345369377348e-16,0,,,,,,,,
few2__polygarbor_aug__seed43,polygarbor_aug,few2,43,complete,,runs/2026-09-12/few2__polygarbor_aug__seed43,evaluate_val_clean,2.5453550569945946,2.56,13,100.29230769230769,104.6,311.7493956923077,327.991296,18.923076923076923,35.0,0.0,0.0
few2__polygarbor_aug__seed43,polygarbor_aug,few2,43,complete,,runs/2026-09-12/few2__polygarbor_aug__seed43,prepare_test_clean,0.004189491970464587,-4.440892098500626e-16,0,,,,,,,,
few2__polygarbor_aug__seed43,polygarbor_aug,few2,43,complete,,runs/2026-09-12/few2__polygarbor_aug__seed43,evaluate_test_clean,2.4834333669859916,2.48,13,99.98461538461537,104.6,356.4632221538462,373.116928,24.384615384615383,34.0,0.0,0.0
few2__polygarbor_aug__seed43,polygarbor_aug,few2,43,complete,,runs/2026-09-12/few2__polygarbor_aug__seed43,inference_batch1,0.25336416997015476,0.2600000000000007,1,99.6,99.6,381.927424,381.927424,34.0,34.0,0.0,0.0
few2__polygarbor_aug__seed43,polygarbor_aug,few2,43,complete,,runs/2026-09-12/few2__polygarbor_aug__seed43,explanations,0.00032919610384851694,0.0,0,,,,,,,,
few2__polygarbor_p3__seed42,polygarbor_p3,few2,42,complete,,runs/2026-09-12/few2__polygarbor_p3__seed42,read_data,0.0028565700631588697,1.1102230246251565e-16,0,,,,,,,,
few2__polygarbor_p3__seed42,polygarbor_p3,few2,42,complete,,runs/2026-09-12/few2__polygarbor_p3__seed42,build_model,0.00024633691646158695,1.1102230246251565e-16,0,,,,,,,,
few2__polygarbor_p3__seed42,polygarbor_p3,few2,42,complete,,runs/2026-09-12/few2__polygarbor_p3__seed42,extract_features,0.15480623592156917,0.1599999999999998,0,,,,,,,,
few2__polygarbor_p3__seed42,polygarbor_p3,few2,42,complete,,runs/2026-09-12/few2__polygarbor_p3__seed42,fit,0.01916037406772375,0.019999999999999907,0,,,,,,,,
few2__polygarbor_p3__seed42,polygarbor_p3,few2,42,complete,,runs/2026-09-12/few2__polygarbor_p3__seed42,save_model,0.0017589629860594869,-1.1102230246251565e-16,0,,,,,,,,
few2__polygarbor_p3__seed42,polygarbor_p3,few2,42,complete,,runs/2026-09-12/few2__polygarbor_p3__seed42,warmup,0.026193548925220966,0.030000000000000138,1,98.3,98.3,251.318272,251.318272,37.0,37.0,0.0,0.0
few2__polygarbor_p3__seed42,polygarbor_p3,few2,42,complete,,runs/2026-09-12/few2__polygarbor_p3__seed42,evaluate_train,0.1384498350089416,0.13,0,,,,,,,,
few2__polygarbor_p3__seed42,polygarbor_p3,few2,42,complete,,runs/2026-09-12/few2__polygarbor_p3__seed42,prepare_val_clean,0.004459765972569585,0.009999999999999731,0,,,,,,,,
few2__polygarbor_p3__seed42,polygarbor_p3,few2,42,complete,,runs/2026-09-12/few2__polygarbor_p3__seed42,evaluate_val_clean,4.11364986107219,4.13,20,100.38,104.6,312.76564479999996,328.82688,35.95,46.0,0.0,0.0
few2__polygarbor_p3__seed42,polygarbor_p3,few2,42,complete,,runs/2026-09-12/few2__polygarbor_p3__seed42,prepare_test_clean,0.004388878005556762,-2.220446049250313e-16,0,,,,,,,,
few2__polygarbor_p3__seed42,polygarbor_p3,few2,42,complete,,runs/2026-09-12/few2__polygarbor_p3__seed42,evaluate_test_clean,4.032821748056449,4.060000000000001,20,100.25999999999999,104.6,356.12405759999996,372.240384,36.7,46.0,0.0,0.0
few2__polygarbor_p3__seed42,polygarbor_p3,few2,42,complete,,runs/2026-09-12/few2__polygarbor_p3__seed42,inference_batch1,0.41117255797144026,0.41000000000000014,2,97.65,99.4,382.181376,382.181376,33.0,33.0,0.0,0.0
few2__polygarbor_p3__seed42,polygarbor_p3,few2,42,complete,,runs/2026-09-12/few2__polygarbor_p3__seed42,explanations,0.000300863990560174,0.0,0,,,,,,,,
few2__polygarbor_p3__seed43,polygarbor_p3,few2,43,complete,,runs/2026-09-12/few2__polygarbor_p3__seed43,read_data,0.0028593839379027486,1.1102230246251565e-16,0,,,,,,,,
few2__polygarbor_p3__seed43,polygarbor_p3,few2,43,complete,,runs/2026-09-12/few2__polygarbor_p3__seed43,build_model,0.0002553289523348212,1.1102230246251565e-16,0,,,,,,,,
few2__polygarbor_p3__seed43,polygarbor_p3,few2,43,complete,,runs/2026-09-12/few2__polygarbor_p3__seed43,extract_features,0.15300052298698574,0.1599999999999998,0,,,,,,,,
few2__polygarbor_p3__seed43,polygarbor_p3,few2,43,complete,,runs/2026-09-12/few2__polygarbor_p3__seed43,fit,0.019514682004228234,0.009999999999999898,0,,,,,,,,
few2__polygarbor_p3__seed43,polygarbor_p3,few2,43,complete,,runs/2026-09-12/few2__polygarbor_p3__seed43,save_model,0.0018155650468543172,1.1102230246251565e-16,0,,,,,,,,
few2__polygarbor_p3__seed43,polygarbor_p3,few2,43,complete,,runs/2026-09-12/few2__polygarbor_p3__seed43,warmup,0.024714297032915056,0.02000000000000013,1,103.3,103.3,251.35104,251.35104,21.0,21.0,0.0,0.0
few2__polygarbor_p3__seed43,polygarbor_p3,few2,43,complete,,runs/2026-09-12/few2__polygarbor_p3__seed43,evaluate_train,0.12782940897159278,0.13,0,,,,,,,,
few2__polygarbor_p3__seed43,polygarbor_p3,few2,43,complete,,runs/2026-09-12/few2__polygarbor_p3__seed43,prepare_val_clean,0.004374203039333224,-5.551115123125783e-17,0,,,,,,,,
few2__polygarbor_p3__seed43,polygarbor_p3,few2,43,complete,,runs/2026-09-12/few2__polygarbor_p3__seed43,evaluate_val_clean,4.044658544007689,4.06,20,100.14,104.6,313.38352640000005,329.601024,33.75,36.0,0.0,0.0
few2__polygarbor_p3__seed43,polygarbor_p3,few2,43,complete,,runs/2026-09-12/few2__polygarbor_p3__seed43,prepare_test_clean,0.004421513993293047,0.010000000000000842,0,,,,,,,,
few2__polygarbor_p3__seed43,polygarbor_p3,few2,43,complete,,runs/2026-09-12/few2__polygarbor_p3__seed43,evaluate_test_clean,4.071495806914754,4.08,20,100.14999999999999,104.6,356.6682112,372.649984,34.0,36.0,0.0,0.0
few2__polygarbor_p3__seed43,polygarbor_p3,few2,43,complete,,runs/2026-09-12/few2__polygarbor_p3__seed43,inference_batch1,0.4098755770828575,0.4100000000000006,2,98.65,99.2,382.291968,382.291968,44.0,44.0,0.0,0.0
few2__polygarbor_p3__seed43,polygarbor_p3,few2,43,complete,,runs/2026-09-12/few2__polygarbor_p3__seed43,explanations,0.0003463460598140955,4.440892098500626e-16,0,,,,,,,,
few2__polygarbor_p3_aug__seed42,polygarbor_p3_aug,few2,42,complete,,runs/2026-09-12/few2__polygarbor_p3_aug__seed42,read_data,0.002871492994017899,1.1102230246251565e-16,0,,,,,,,,
few2__polygarbor_p3_aug__seed42,polygarbor_p3_aug,few2,42,complete,,runs/2026-09-12/few2__polygarbor_p3_aug__seed42,build_model,0.00023693300317972898,1.1102230246251565e-16,0,,,,,,,,
few2__polygarbor_p3_aug__seed42,polygarbor_p3_aug,few2,42,complete,,runs/2026-09-12/few2__polygarbor_p3_aug__seed42,extract_features,0.43708144105039537,0.44000000000000006,2,99.0,99.4,250.138624,250.159104,37.5,42.0,0.0,0.0
few2__polygarbor_p3_aug__seed42,polygarbor_p3_aug,few2,42,complete,,runs/2026-09-12/few2__polygarbor_p3_aug__seed42,fit,0.05226686701644212,0.19999999999999984,0,,,,,,,,
few2__polygarbor_p3_aug__seed42,polygarbor_p3_aug,few2,42,complete,,runs/2026-09-12/few2__polygarbor_p3_aug__seed42,save_model,0.0037998079787939787,0.01000000000000012,0,,,,,,,,
few2__polygarbor_p3_aug__seed42,polygarbor_p3_aug,few2,42,complete,,runs/2026-09-12/few2__polygarbor_p3_aug__seed42,warmup,0.0387252070941031,0.17000000000000004,0,,,,,,,,
few2__polygarbor_p3_aug__seed42,polygarbor_p3_aug,few2,42,complete,,runs/2026-09-12/few2__polygarbor_p3_aug__seed42,evaluate_train,0.2068482650211081,0.5000000000000002,1,318.4,318.4,254.210048,254.210048,33.0,33.0,0.0,0.0
few2__polygarbor_p3_aug__seed42,polygarbor_p3_aug,few2,42,complete,,runs/2026-09-12/few2__polygarbor_p3_aug__seed42,prepare_val_clean,0.005989909986965358,0.009999999999999731,0,,,,,,,,
few2__polygarbor_p3_aug__seed42,polygarbor_p3_aug,few2,42,complete,,runs/2026-09-12/few2__polygarbor_p3_aug__seed42,evaluate_val_clean,6.541755220037885,13.080000000000002,32,199.70625,204.0,314.493568,331.350016,33.03125,36.0,0.0,0.0
few2__polygarbor_p3_aug__seed42,polygarbor_p3_aug,few2,42,complete,,runs/2026-09-12/few2__polygarbor_p3_aug__seed42,prepare_test_clean,0.00445659295655787,0.010000000000002007,0,,,,,,,,
few2__polygarbor_p3_aug__seed42,polygarbor_p3_aug,few2,42,complete,,runs/2026-09-12/few2__polygarbor_p3_aug__seed42,evaluate_test_clean,6.251698973937891,12.5,31,197.71935483870968,206.9,358.4796738064517,374.902784,35.774193548387096,37.0,0.0,0.0
few2__polygarbor_p3_aug__seed42,polygarbor_p3_aug,few2,42,complete,,runs/2026-09-12/few2__polygarbor_p3_aug__seed42,inference_batch1,0.6374318239977583,1.2600000000000011,3,173.66666666666666,202.5,384.282624,384.282624,34.0,34.0,0.0,0.0
few2__polygarbor_p3_aug__seed42,polygarbor_p3_aug,few2,42,complete,,runs/2026-09-12/few2__polygarbor_p3_aug__seed42,explanations,0.000333974021486938,-4.440892098500626e-16,0,,,,,,,,
few2__polygarbor_p3_aug__seed43,polygarbor_p3_aug,few2,43,complete,,runs/2026-09-12/few2__polygarbor_p3_aug__seed43,read_data,0.002813318045809865,0.01000000000000012,0,,,,,,,,
few2__polygarbor_p3_aug__seed43,polygarbor_p3_aug,few2,43,complete,,runs/2026-09-12/few2__polygarbor_p3_aug__seed43,build_model,0.0002518750261515379,1.1102230246251565e-16,0,,,,,,,,
few2__polygarbor_p3_aug__seed43,polygarbor_p3_aug,few2,43,complete,,runs/2026-09-12/few2__polygarbor_p3_aug__seed43,extract_features,0.44090229098219424,0.44000000000000006,2,101.1,102.6,249.83961599999998,249.860096,33.0,33.0,0.0,0.0
few2__polygarbor_p3_aug__seed43,polygarbor_p3_aug,few2,43,complete,,runs/2026-09-12/few2__polygarbor_p3_aug__seed43,fit,0.06106662005186081,0.23999999999999988,0,,,,,,,,
few2__polygarbor_p3_aug__seed43,polygarbor_p3_aug,few2,43,complete,,runs/2026-09-12/few2__polygarbor_p3_aug__seed43,save_model,0.00418880907818675,0.019999999999999962,0,,,,,,,,
few2__polygarbor_p3_aug__seed43,polygarbor_p3_aug,few2,43,complete,,runs/2026-09-12/few2__polygarbor_p3_aug__seed43,warmup,0.042917363927699625,0.17000000000000032,0,,,,,,,,
few2__polygarbor_p3_aug__seed43,polygarbor_p3_aug,few2,43,complete,,runs/2026-09-12/few2__polygarbor_p3_aug__seed43,evaluate_train,0.2171974889934063,0.51,1,325.9,325.9,253.935616,253.935616,33.0,33.0,0.0,0.0
few2__polygarbor_p3_aug__seed43,polygarbor_p3_aug,few2,43,complete,,runs/2026-09-12/few2__polygarbor_p3_aug__seed43,prepare_val_clean,0.004473306005820632,-5.551115123125783e-17,0,,,,,,,,
few2__polygarbor_p3_aug__seed43,polygarbor_p3_aug,few2,43,complete,,runs/2026-09-12/few2__polygarbor_p3_aug__seed43,evaluate_val_clean,6.847016268060543,13.709999999999999,33,200.0272727272727,204.1,313.9230254545455,330.551296,20.848484848484848,45.0,0.0,0.0
few2__polygarbor_p3_aug__seed43,polygarbor_p3_aug,few2,43,complete,,runs/2026-09-12/few2__polygarbor_p3_aug__seed43,prepare_test_clean,0.004496941925026476,0.010000000000002007,0,,,,,,,,
few2__polygarbor_p3_aug__seed43,polygarbor_p3_aug,few2,43,complete,,runs/2026-09-12/few2__polygarbor_p3_aug__seed43,evaluate_test_clean,6.579491886077449,13.16,32,199.68125,206.0,358.24934399999995,374.571008,23.46875,56.0,0.0,0.0
few2__polygarbor_p3_aug__seed43,polygarbor_p3_aug,few2,43,complete,,runs/2026-09-12/few2__polygarbor_p3_aug__seed43,inference_batch1,0.6454851729795337,1.2800000000000042,4,181.025,203.5,383.954944,383.963136,17.75,20.0,0.0,0.0
few2__polygarbor_p3_aug__seed43,polygarbor_p3_aug,few2,43,complete,,runs/2026-09-12/few2__polygarbor_p3_aug__seed43,explanations,0.00030964799225330353,3.1086244689504383e-15,0,,,,,,,,
few2__polygarbor_p5__seed42,polygarbor_p5,few2,42,complete,,runs/2026-09-12/few2__polygarbor_p5__seed42,read_data,0.002723851939663291,0.01000000000000012,0,,,,,,,,
few2__polygarbor_p5__seed42,polygarbor_p5,few2,42,complete,,runs/2026-09-12/few2__polygarbor_p5__seed42,build_model,0.00029940297827124596,-1.1102230246251565e-16,0,,,,,,,,
few2__polygarbor_p5__seed42,polygarbor_p5,few2,42,complete,,runs/2026-09-12/few2__polygarbor_p5__seed42,extract_features,0.19308571598958224,0.18999999999999984,0,,,,,,,,
few2__polygarbor_p5__seed42,polygarbor_p5,few2,42,complete,,runs/2026-09-12/few2__polygarbor_p5__seed42,fit,0.05283462500665337,0.20000000000000007,1,112.9,112.9,251.715584,251.715584,32.0,32.0,0.0,0.0
few2__polygarbor_p5__seed42,polygarbor_p5,few2,42,complete,,runs/2026-09-12/few2__polygarbor_p5__seed42,save_model,0.00305033300537616,0.009999999999999898,0,,,,,,,,
few2__polygarbor_p5__seed42,polygarbor_p5,few2,42,complete,,runs/2026-09-12/few2__polygarbor_p5__seed42,warmup,0.0559035720070824,0.22999999999999987,0,,,,,,,,
few2__polygarbor_p5__seed42,polygarbor_p5,few2,42,complete,,runs/2026-09-12/few2__polygarbor_p5__seed42,evaluate_train,0.4182291979668662,1.67,2,397.8,400.8,253.894656,253.898752,32.0,32.0,0.0,0.0
few2__polygarbor_p5__seed42,polygarbor_p5,few2,42,complete,,runs/2026-09-12/few2__polygarbor_p5__seed42,prepare_val_clean,0.0048977399710565805,1.6653345369377348e-16,0,,,,,,,,
few2__polygarbor_p5__seed42,polygarbor_p5,few2,42,complete,,runs/2026-09-12/few2__polygarbor_p5__seed42,evaluate_val_clean,9.121347291045822,36.47,45,399.37333333333333,407.8,315.28841671111115,332.382208,34.8,45.0,0.0,0.0
few2__polygarbor_p5__seed42,polygarbor_p5,few2,42,complete,,runs/2026-09-12/few2__polygarbor_p5__seed42,prepare_test_clean,0.004411439993418753,0.0,0,,,,,,,,
few2__polygarbor_p5__seed42,polygarbor_p5,few2,42,complete,,runs/2026-09-12/few2__polygarbor_p5__seed42,evaluate_test_clean,9.759691244922578,39.02,48,396.79791666666665,407.0,359.27808000000005,375.640064,32.375,40.0,0.0,0.0
few2__polygarbor_p5__seed42,polygarbor_p5,few2,42,complete,,runs/2026-09-12/few2__polygarbor_p5__seed42,inference_batch1,0.8333216679748148,3.2900000000000036,5,351.34,402.4,381.11641599999996,381.120512,34.2,35.0,0.0,0.0
few2__polygarbor_p5__seed42,polygarbor_p5,few2,42,complete,,runs/2026-09-12/few2__polygarbor_p5__seed42,explanations,0.00032362097408622503,-2.886579864025407e-15,0,,,,,,,,
few2__polygarbor_p5__seed43,polygarbor_p5,few2,43,complete,,runs/2026-09-12/few2__polygarbor_p5__seed43,read_data,0.0027286660624668,0.01000000000000012,0,,,,,,,,
few2__polygarbor_p5__seed43,polygarbor_p5,few2,43,complete,,runs/2026-09-12/few2__polygarbor_p5__seed43,build_model,0.00023971498012542725,1.1102230246251565e-16,0,,,,,,,,
few2__polygarbor_p5__seed43,polygarbor_p5,few2,43,complete,,runs/2026-09-12/few2__polygarbor_p5__seed43,extract_features,0.19693639897741377,0.19000000000000006,0,,,,,,,,
few2__polygarbor_p5__seed43,polygarbor_p5,few2,43,complete,,runs/2026-09-12/few2__polygarbor_p5__seed43,fit,0.051558453938923776,0.21000000000000008,1,103.4,103.4,250.994688,250.994688,45.0,45.0,0.0,0.0
few2__polygarbor_p5__seed43,polygarbor_p5,few2,43,complete,,runs/2026-09-12/few2__polygarbor_p5__seed43,save_model,0.002922853920608759,0.009999999999999898,0,,,,,,,,
few2__polygarbor_p5__seed43,polygarbor_p5,few2,43,complete,,runs/2026-09-12/few2__polygarbor_p5__seed43,warmup,0.05262581899296492,0.20999999999999985,0,,,,,,,,
few2__polygarbor_p5__seed43,polygarbor_p5,few2,43,complete,,runs/2026-09-12/few2__polygarbor_p5__seed43,evaluate_train,0.2907323440304026,1.17,1,401.3,401.3,253.595648,253.595648,45.0,45.0,0.0,0.0
few2__polygarbor_p5__seed43,polygarbor_p5,few2,43,complete,,runs/2026-09-12/few2__polygarbor_p5__seed43,prepare_val_clean,0.0045452810591086745,0.009999999999999953,0,,,,,,,,
few2__polygarbor_p5__seed43,polygarbor_p5,few2,43,complete,,runs/2026-09-12/few2__polygarbor_p5__seed43,evaluate_val_clean,10.519025900051929,42.06,52,397.4038461538461,407.8,315.5212603076923,332.169216,32.23076923076923,42.0,0.0,0.0
few2__polygarbor_p5__seed43,polygarbor_p5,few2,43,complete,,runs/2026-09-12/few2__polygarbor_p5__seed43,prepare_test_clean,0.004824146046303213,-1.9984014443252818e-15,0,,,,,,,,
few2__polygarbor_p5__seed43,polygarbor_p5,few2,43,complete,,runs/2026-09-12/few2__polygarbor_p5__seed43,evaluate_test_clean,10.006379871047102,40.01,50,394.86999999999995,407.8,358.46864896,375.742464,35.18,46.0,0.0,0.0
few2__polygarbor_p5__seed43,polygarbor_p5,few2,43,complete,,runs/2026-09-12/few2__polygarbor_p5__seed43,inference_batch1,0.9253648620797321,3.669999999999995,5,358.96,402.9,384.729088,384.729088,15.2,20.0,0.0,0.0
few2__polygarbor_p5__seed43,polygarbor_p5,few2,43,complete,,runs/2026-09-12/few2__polygarbor_p5__seed43,explanations,0.000351042952388525,-1.6653345369377348e-15,0,,,,,,,,
few2__resnet18__seed42,resnet18,few2,42,complete,,runs/2026-09-12/few2__resnet18__seed42,read_data,0.0032206359319388866,1.1102230246251565e-16,0,,,,,,,,
few2__resnet18__seed42,resnet18,few2,42,complete,,runs/2026-09-12/few2__resnet18__seed42,build_model,2.7852447029436007,2.8800000000000003,12,102.30833333333334,122.4,771.2406186666667,1073.47968,35.75,41.0,55.74929066666667,266.338304
few2__resnet18__seed42,resnet18,few2,42,complete,,runs/2026-09-12/few2__resnet18__seed42,prepare_pipeline,0.9063516389578581,0.9899999999999997,4,108.625,119.2,1084.29824,1087.291392,26.0,26.0,266.338304,266.338304
few2__resnet18__seed42,resnet18,few2,42,complete,,runs/2026-09-12/few2__resnet18__seed42,fit,17.55233680398669,20.5,86,117.11279069767441,541.1,1826.2205559069762,2288.459776,54.08139534883721,96.0,2607.6621990697668,4007.657472
few2__resnet18__seed42,resnet18,few2,42,complete,,runs/2026-09-12/few2__resnet18__seed42,save_model,0.27347374497912824,0.29000000000000004,1,98.9,98.9,2202.714112,2202.714112,84.0,84.0,4007.657472,4007.657472
few2__resnet18__seed42,resnet18,few2,42,complete,,runs/2026-09-12/few2__resnet18__seed42,warmup,0.6873801549663767,0.6800000000000033,4,99.25,103.6,2230.311936,2259.357696,69.75,84.0,4007.657472,4007.657472
few2__resnet18__seed42,resnet18,few2,42,complete,,runs/2026-09-12/few2__resnet18__seed42,evaluate_train,0.28781864105258137,0.2899999999999965,1,99.1,99.1,2280.26368,2280.26368,65.0,65.0,4007.657472,4007.657472
few2__resnet18__seed42,resnet18,few2,42,complete,,runs/2026-09-12/few2__resnet18__seed42,prepare_val_clean,0.0057896149810403585,0.010000000000001563,0,,,,,,,,
few2__resnet18__seed42,resnet18,few2,42,complete,,runs/2026-09-12/few2__resnet18__seed42,evaluate_val_clean,1.0511432699859142,1.0399999999999991,5,99.86,104.2,2314.010624,2315.07968,56.2,81.0,4007.657472,4007.657472
few2__resnet18__seed42,resnet18,few2,42,complete,,runs/2026-09-12/few2__resnet18__seed42,prepare_test_clean,0.00590451096650213,0.010000000000000675,0,,,,,,,,
few2__resnet18__seed42,resnet18,few2,42,complete,,runs/2026-09-12/few2__resnet18__seed42,evaluate_test_clean,0.49693610798567533,0.47999999999999954,3,98.10000000000001,101.2,2338.029568,2351.84128,81.0,81.0,4007.6574720000003,4007.657472
few2__resnet18__seed42,resnet18,few2,42,complete,,runs/2026-09-12/few2__resnet18__seed42,inference_batch1,0.21020784601569176,0.22000000000000064,1,105.9,105.9,2358.853632,2358.853632,71.0,71.0,4007.657472,4007.657472
few2__resnet18__seed42,resnet18,few2,42,complete,,runs/2026-09-12/few2__resnet18__seed42,explanations,0.1761468700133264,0.19000000000000083,1,101.5,101.5,2362.585088,2362.585088,71.0,71.0,4007.657472,4007.657472
few2__resnet18__seed43,resnet18,few2,43,complete,,runs/2026-09-12/few2__resnet18__seed43,read_data,0.0031807260820642114,1.1102230246251565e-16,0,,,,,,,,
few2__resnet18__seed43,resnet18,few2,43,complete,,runs/2026-09-12/few2__resnet18__seed43,build_model,3.156235789996572,3.2499999999999996,14,103.35714285714286,143.7,773.756342857143,1073.262592,55.92857142857143,61.0,47.93490285714285,266.338304
few2__resnet18__seed43,resnet18,few2,43,complete,,runs/2026-09-12/few2__resnet18__seed43,prepare_pipeline,1.0552790730725974,1.1499999999999995,4,110.75,119.2,1084.53888,1088.479232,52.0,55.0,266.338304,266.338304
few2__resnet18__seed43,resnet18,few2,43,complete,,runs/2026-09-12/few2__resnet18__seed43,fit,20.506716394098476,24.05,101,117.36831683168316,782.4,1828.8500898217824,2304.290816,64.38613861386139,96.0,2612.4907672079207,4041.211904
few2__resnet18__seed43,resnet18,few2,43,complete,,runs/2026-09-12/few2__resnet18__seed43,save_model,0.2133506810059771,0.21999999999999886,1,103.4,103.4,2210.582528,2210.582528,78.0,78.0,4041.211904,4041.211904
few2__resnet18__seed43,resnet18,few2,43,complete,,runs/2026-09-12/few2__resnet18__seed43,warmup,0.6213612479623407,0.6100000000000039,3,98.43333333333334,107.5,2229.415936,2262.929408,66.66666666666667,78.0,4041.211904,4041.211904
few2__resnet18__seed43,resnet18,few2,43,complete,,runs/2026-09-12/few2__resnet18__seed43,evaluate_train,0.29703949205577374,0.30999999999999694,2,101.9,104.4,2287.828992,2287.828992,61.0,61.0,4041.211904,4041.211904
few2__resnet18__seed43,resnet18,few2,43,complete,,runs/2026-09-12/few2__resnet18__seed43,prepare_val_clean,0.006459529045969248,0.009999999999997122,0,,,,,,,,
few2__resnet18__seed43,resnet18,few2,43,complete,,runs/2026-09-12/few2__resnet18__seed43,evaluate_val_clean,1.0089393600355834,1.0199999999999987,5,101.2,104.3,2320.6010880000003,2321.14176,53.2,66.0,4041.211904,4041.211904
few2__resnet18__seed43,resnet18,few2,43,complete,,runs/2026-09-12/few2__resnet18__seed43,prepare_test_clean,0.005406982963904738,0.0,0,,,,,,,,
few2__resnet18__seed43,resnet18,few2,43,complete,,runs/2026-09-12/few2__resnet18__seed43,evaluate_test_clean,0.44175178394652903,0.45000000000000284,2,101.5,103.6,2340.384768,2347.925504,66.0,66.0,4041.211904,4041.211904
few2__resnet18__seed43,resnet18,few2,43,complete,,runs/2026-09-12/few2__resnet18__seed43,inference_batch1,0.19530493195634335,0.20999999999999996,1,104.0,104.0,2364.821504,2364.821504,68.0,68.0,4041.211904,4041.211904
few2__resnet18__seed43,resnet18,few2,43,complete,,runs/2026-09-12/few2__resnet18__seed43,explanations,0.17783777799922973,0.1800000000000006,1,98.9,98.9,2368.610304,2368.610304,68.0,68.0,4041.211904,4041.211904
few2__resnet18_imagenet__seed42,resnet18_imagenet,few2,42,complete,,runs/2026-09-12/few2__resnet18_imagenet__seed42,read_data,0.002547868061810732,-1.1102230246251565e-16,0,,,,,,,,
few2__resnet18_imagenet__seed42,resnet18_imagenet,few2,42,complete,,runs/2026-09-12/few2__resnet18_imagenet__seed42,build_model,4.597998162033036,4.760000000000001,19,103.15263157894738,131.0,1036.425539368421,1522.335744,31.473684210526315,35.0,147.4628985263158,266.338304
few2__resnet18_imagenet__seed42,resnet18_imagenet,few2,42,complete,,runs/2026-09-12/few2__resnet18_imagenet__seed42,prepare_pipeline,0.7317894119769335,0.7999999999999994,3,112.39999999999999,119.0,1509.711872,1510.264832,29.0,29.0,266.338304,266.338304
few2__resnet18_imagenet__seed42,resnet18_imagenet,few2,42,complete,,runs/2026-09-12/few2__resnet18_imagenet__seed42,fit,15.83610408497043,18.51,79,116.73164556962027,516.1,2232.261878278481,2659.422208,50.063291139240505,95.0,2628.7667588860763,3992.977408
few2__resnet18_imagenet__seed42,resnet18_imagenet,few2,42,complete,,runs/2026-09-12/few2__resnet18_imagenet__seed42,save_model,0.1556593490531668,0.16000000000000014,0,,,,,,,,
few2__resnet18_imagenet__seed42,resnet18_imagenet,few2,42,complete,,runs/2026-09-12/few2__resnet18_imagenet__seed42,warmup,0.5276671489700675,0.5099999999999976,3,97.76666666666667,103.9,2597.1998719999997,2626.617344,52.0,62.0,3992.977408,3992.977408
few2__resnet18_imagenet__seed42,resnet18_imagenet,few2,42,complete,,runs/2026-09-12/few2__resnet18_imagenet__seed42,evaluate_train,0.26413917902391404,0.27000000000000046,1,104.4,104.4,2650.701824,2650.701824,32.0,32.0,3992.977408,3992.977408
few2__resnet18_imagenet__seed42,resnet18_imagenet,few2,42,complete,,runs/2026-09-12/few2__resnet18_imagenet__seed42,prepare_val_clean,0.004522664938122034,-1.7763568394002505e-15,0,,,,,,,,
few2__resnet18_imagenet__seed42,resnet18_imagenet,few2,42,complete,,runs/2026-09-12/few2__resnet18_imagenet__seed42,evaluate_val_clean,0.999470746028237,0.9700000000000042,5,96.38000000000001,99.4,2682.0993024000004,2682.748928,73.0,73.0,3992.977408,3992.977408
few2__resnet18_imagenet__seed42,resnet18_imagenet,few2,42,complete,,runs/2026-09-12/few2__resnet18_imagenet__seed42,prepare_test_clean,0.004574498045258224,0.009999999999998899,0,,,,,,,,
few2__resnet18_imagenet__seed42,resnet18_imagenet,few2,42,complete,,runs/2026-09-12/few2__resnet18_imagenet__seed42,evaluate_test_clean,0.4120834550121799,0.39000000000000146,2,94.35,99.2,2709.127168,2717.45024,30.0,30.0,3992.977408,3992.977408
few2__resnet18_imagenet__seed42,resnet18_imagenet,few2,42,complete,,runs/2026-09-12/few2__resnet18_imagenet__seed42,inference_batch1,0.17379649600479752,0.1599999999999988,1,89.4,89.4,2726.37952,2726.37952,30.0,30.0,3992.977408,3992.977408
few2__resnet18_imagenet__seed42,resnet18_imagenet,few2,42,complete,,runs/2026-09-12/few2__resnet18_imagenet__seed42,explanations,0.40847419295459986,0.41999999999999815,1,102.6,102.6,2726.453248,2726.453248,57.0,57.0,3992.977408,3992.977408
few2__resnet18_imagenet__seed43,resnet18_imagenet,few2,43,complete,,runs/2026-09-12/few2__resnet18_imagenet__seed43,read_data,0.0028159170178696513,-1.1102230246251565e-16,0,,,,,,,,
few2__resnet18_imagenet__seed43,resnet18_imagenet,few2,43,complete,,runs/2026-09-12/few2__resnet18_imagenet__seed43,build_model,4.570724618039094,4.750000000000001,19,104.65789473684212,162.1,1043.0222551578947,1536.262144,31.105263157894736,35.0,147.4628985263158,266.338304
few2__resnet18_imagenet__seed43,resnet18_imagenet,few2,43,complete,,runs/2026-09-12/few2__resnet18_imagenet__seed43,prepare_pipeline,0.7176079319324344,0.7999999999999994,3,113.76666666666667,119.2,1511.1236266666667,1512.01792,26.0,26.0,266.338304,266.338304
few2__resnet18_imagenet__seed43,resnet18_imagenet,few2,43,complete,,runs/2026-09-12/few2__resnet18_imagenet__seed43,fit,18.78822703100741,22.18,93,117.87096774193546,506.7,2301.387236473118,2673.754112,52.45161290322581,95.0,2834.1318028387095,3992.977408
few2__resnet18_imagenet__seed43,resnet18_imagenet,few2,43,complete,,runs/2026-09-12/few2__resnet18_imagenet__seed43,save_model,0.14889966102782637,0.17000000000000082,1,128.8,128.8,2592.227328,2592.227328,61.0,61.0,3992.977408,3992.977408
few2__resnet18_imagenet__seed43,resnet18_imagenet,few2,43,complete,,runs/2026-09-12/few2__resnet18_imagenet__seed43,warmup,0.5342571649234742,0.52,3,96.96666666666665,98.9,2609.238016,2629.77536,32.0,32.0,3992.977408,3992.977408
few2__resnet18_imagenet__seed43,resnet18_imagenet,few2,43,complete,,runs/2026-09-12/few2__resnet18_imagenet__seed43,evaluate_train,0.2619613539427519,0.2599999999999998,1,104.3,104.3,2649.960448,2649.960448,32.0,32.0,3992.977408,3992.977408
few2__resnet18_imagenet__seed43,resnet18_imagenet,few2,43,complete,,runs/2026-09-12/few2__resnet18_imagenet__seed43,prepare_val_clean,0.005540815996937454,0.020000000000002682,0,,,,,,,,
few2__resnet18_imagenet__seed43,resnet18_imagenet,few2,43,complete,,runs/2026-09-12/few2__resnet18_imagenet__seed43,evaluate_val_clean,0.999720053980127,0.9599999999999951,5,97.33999999999999,104.3,2681.3808639999997,2681.769984,29.0,29.0,3992.977408,3992.977408
few2__resnet18_imagenet__seed43,resnet18_imagenet,few2,43,complete,,runs/2026-09-12/few2__resnet18_imagenet__seed43,prepare_test_clean,0.004560008994303644,-1.3322676295501878e-15,0,,,,,,,,
few2__resnet18_imagenet__seed43,resnet18_imagenet,few2,43,complete,,runs/2026-09-12/few2__resnet18_imagenet__seed43,evaluate_test_clean,0.4077137529384345,0.3800000000000012,2,94.35,99.2,2697.897984,2706.55488,91.0,91.0,3992.977408,3992.977408
few2__resnet18_imagenet__seed43,resnet18_imagenet,few2,43,complete,,runs/2026-09-12/few2__resnet18_imagenet__seed43,inference_batch1,0.1727236700244248,0.17000000000000304,1,97.8,97.8,2717.433856,2717.433856,30.0,30.0,3992.977408,3992.977408
few2__resnet18_imagenet__seed43,resnet18_imagenet,few2,43,complete,,runs/2026-09-12/few2__resnet18_imagenet__seed43,explanations,0.13535380200482905,0.1400000000000019,1,94.2,94.2,2717.638656,2717.638656,30.0,30.0,3992.977408,3992.977408
few2__yolo11n__seed42,yolo11n,few2,42,complete,,runs/2026-09-12/few2__yolo11n__seed42,read_data,0.003197423997335136,1.1102230246251565e-16,0,,,,,,,,
few2__yolo11n__seed42,yolo11n,few2,42,complete,,runs/2026-09-12/few2__yolo11n__seed42,prepare_pipeline,2.006820218055509,2.1099999999999994,10,104.88,149.0,653.340672,668.844032,55.7,58.0,0.0,0.0
few2__yolo11n__seed42,yolo11n,few2,42,complete,,runs/2026-09-12/few2__yolo11n__seed42,build_model,0.9645065970253199,0.9800000000000001,5,100.7,104.2,754.5020416,814.034944,53.2,55.0,0.0,0.0
few2__yolo11n__seed42,yolo11n,few2,42,complete,,runs/2026-09-12/few2__yolo11n__seed42,fit,34.57699380500708,114.59,169,333.989349112426,475.9,2301.9979527573964,2618.052608,55.680473372781066,69.0,616.9473726863905,817.88928
few2__yolo11n__seed42,yolo11n,few2,42,complete,,runs/2026-09-12/few2__yolo11n__seed42,save_model,0.037227305001579225,0.12999999999998657,0,,,,,,,,
few2__yolo11n__seed42,yolo11n,few2,42,complete,,runs/2026-09-12/few2__yolo11n__seed42,warmup,0.06976546498481184,0.16999999999999815,0,,,,,,,,
few2__yolo11n__seed42,yolo11n,few2,42,complete,,runs/2026-09-12/few2__yolo11n__seed42,evaluate_train,0.02636563591659069,0.02000000000000668,1,221.2,221.2,2563.190784,2563.190784,52.0,52.0,381.681664,381.681664
few2__yolo11n__seed42,yolo11n,few2,42,complete,,runs/2026-09-12/few2__yolo11n__seed42,prepare_val_clean,0.00580054905731231,8.881784197001252e-16,0,,,,,,,,
few2__yolo11n__seed42,yolo11n,few2,42,complete,,runs/2026-09-12/few2__yolo11n__seed42,evaluate_val_clean,0.29613735992461443,0.28999999999999293,2,100.80000000000001,102.2,2563.805184,2563.805184,55.0,55.0,408.94464,408.94464
few2__yolo11n__seed42,yolo11n,few2,42,complete,,runs/2026-09-12/few2__yolo11n__seed42,prepare_test_clean,0.0060504620196297765,0.010000000000011333,0,,,,,,,,
few2__yolo11n__seed42,yolo11n,few2,42,complete,,runs/2026-09-12/few2__yolo11n__seed42,evaluate_test_clean,0.2673379989573732,0.27000000000000224,1,103.6,103.6,2574.618624,2574.618624,55.0,55.0,408.94464,408.94464
few2__yolo11n__seed42,yolo11n,few2,42,complete,,runs/2026-09-12/few2__yolo11n__seed42,inference_batch1,0.20987559796776623,0.20999999999999108,1,99.0,99.0,2597.548032,2597.548032,71.0,71.0,408.94464,408.94464
few2__yolo11n__seed42,yolo11n,few2,42,complete,,runs/2026-09-12/few2__yolo11n__seed42,explanations,0.0003616990288719535,-2.6645352591003757e-15,0,,,,,,,,
few2__yolo11n__seed43,yolo11n,few2,43,complete,,runs/2026-09-12/few2__yolo11n__seed43,read_data,0.0036072490038350224,-1.1102230246251565e-16,0,,,,,,,,
few2__yolo11n__seed43,yolo11n,few2,43,complete,,runs/2026-09-12/few2__yolo11n__seed43,prepare_pipeline,2.041716938954778,2.1399999999999997,10,104.80999999999999,148.5,652.8176128,668.573696,52.0,55.0,0.0,0.0
few2__yolo11n__seed43,yolo11n,few2,43,complete,,runs/2026-09-12/few2__yolo11n__seed43,build_model,0.9501565550453961,0.9699999999999999,5,100.38000000000001,104.9,754.3111680000001,813.850624,54.4,55.0,0.0,0.0
few2__yolo11n__seed43,yolo11n,few2,43,complete,,runs/2026-09-12/few2__yolo11n__seed43,fit,65.36527660593856,222.77,321,342.63333333333327,499.7,2311.9498383551404,2608.656384,61.11526479750779,75.0,824.9516516884735,1220.542464
few2__yolo11n__seed43,yolo11n,few2,43,complete,,runs/2026-09-12/few2__yolo11n__seed43,save_model,0.04104052996262908,0.12999999999999723,0,,,,,,,,
few2__yolo11n__seed43,yolo11n,few2,43,complete,,runs/2026-09-12/few2__yolo11n__seed43,warmup,0.07900683197658509,0.1899999999999995,1,214.8,214.8,2554.904576,2554.904576,66.0,66.0,379.584512,379.584512
few2__yolo11n__seed43,yolo11n,few2,43,complete,,runs/2026-09-12/few2__yolo11n__seed43,evaluate_train,0.032155364053323865,0.030000000000002913,0,,,,,,,,
few2__yolo11n__seed43,yolo11n,few2,43,complete,,runs/2026-09-12/few2__yolo11n__seed43,prepare_val_clean,0.005642476957291365,0.0099999999999838,0,,,,,,,,
few2__yolo11n__seed43,yolo11n,few2,43,complete,,runs/2026-09-12/few2__yolo11n__seed43,evaluate_val_clean,0.3783458820544183,0.3900000000000077,2,99.2,104.2,2555.645952,2555.645952,65.0,65.0,406.847488,406.847488
few2__yolo11n__seed43,yolo11n,few2,43,complete,,runs/2026-09-12/few2__yolo11n__seed43,prepare_test_clean,0.005763647961430252,1.7763568394002505e-15,0,,,,,,,,
few2__yolo11n__seed43,yolo11n,few2,43,complete,,runs/2026-09-12/few2__yolo11n__seed43,evaluate_test_clean,0.2866342560155317,0.30000000000001315,2,100.75,104.0,2576.65024,2589.003776,66.0,67.0,406.847488,406.847488
few2__yolo11n__seed43,yolo11n,few2,43,complete,,runs/2026-09-12/few2__yolo11n__seed43,inference_batch1,0.22253288503270596,0.21999999999999176,1,97.4,97.4,2589.396992,2589.396992,67.0,67.0,406.847488,406.847488
few2__yolo11n__seed43,yolo11n,few2,43,complete,,runs/2026-09-12/few2__yolo11n__seed43,explanations,0.00041239208076149225,-7.105427357601002e-15,0,,,,,,,,
few2__yolo11n_random__seed42,yolo11n_random,few2,42,complete,,runs/2026-09-12/few2__yolo11n_random__seed42,read_data,0.0027534059481695294,-1.1102230246251565e-16,0,,,,,,,,
few2__yolo11n_random__seed42,yolo11n_random,few2,42,complete,,runs/2026-09-12/few2__yolo11n_random__seed42,prepare_pipeline,1.6912364679155871,1.8099999999999994,8,106.8375,153.3,654.915072,669.646848,32.0,33.0,0.0,0.0
few2__yolo11n_random__seed42,yolo11n_random,few2,42,complete,,runs/2026-09-12/few2__yolo11n_random__seed42,build_model,0.07908935204613954,0.2300000000000002,1,99.3,99.3,674.840576,674.840576,31.0,31.0,0.0,0.0
few2__yolo11n_random__seed42,yolo11n_random,few2,42,complete,,runs/2026-09-12/few2__yolo11n_random__seed42,fit,11.412566852988675,32.7,56,288.9732142857143,492.5,2131.903049142857,2565.59104,35.892857142857146,42.0,421.3403062857143,522.190848
few2__yolo11n_random__seed42,yolo11n_random,few2,42,complete,,runs/2026-09-12/few2__yolo11n_random__seed42,save_model,0.030479713925160468,0.10999999999999943,0,,,,,,,,
few2__yolo11n_random__seed42,yolo11n_random,few2,42,complete,,runs/2026-09-12/few2__yolo11n_random__seed42,warmup,0.05479812796693295,0.14000000000000057,0,,,,,,,,
few2__yolo11n_random__seed42,yolo11n_random,few2,42,complete,,runs/2026-09-12/few2__yolo11n_random__seed42,evaluate_train,0.027576107997447252,0.01999999999999602,0,,,,,,,,
few2__yolo11n_random__seed42,yolo11n_random,few2,42,complete,,runs/2026-09-12/few2__yolo11n_random__seed42,prepare_val_clean,0.004559676977805793,0.009999999999996234,0,,,,,,,,
few2__yolo11n_random__seed42,yolo11n_random,few2,42,complete,,runs/2026-09-12/few2__yolo11n_random__seed42,evaluate_val_clean,0.23655643698293716,0.2400000000000002,2,101.8,104.3,2511.5648,2511.5648,33.0,33.0,434.110464,434.110464
few2__yolo11n_random__seed42,yolo11n_random,few2,42,complete,,runs/2026-09-12/few2__yolo11n_random__seed42,prepare_test_clean,0.0044150990433990955,3.1086244689504383e-15,0,,,,,,,,
few2__yolo11n_random__seed42,yolo11n_random,few2,42,complete,,runs/2026-09-12/few2__yolo11n_random__seed42,evaluate_test_clean,0.2019956629956141,0.20000000000000595,1,99.3,99.3,2540.924928,2540.924928,39.0,39.0,434.110464,434.110464
few2__yolo11n_random__seed42,yolo11n_random,few2,42,complete,,runs/2026-09-12/few2__yolo11n_random__seed42,inference_batch1,0.15136548201553524,0.1500000000000017,1,99.3,99.3,2545.31584,2545.31584,39.0,39.0,434.110464,434.110464
few2__yolo11n_random__seed42,yolo11n_random,few2,42,complete,,runs/2026-09-12/few2__yolo11n_random__seed42,explanations,0.00034605409018695354,1.3322676295501878e-15,0,,,,,,,,
few2__yolo11n_random__seed43,yolo11n_random,few2,43,complete,,runs/2026-09-12/few2__yolo11n_random__seed43,read_data,0.002796993008814752,1.6653345369377348e-16,0,,,,,,,,
few2__yolo11n_random__seed43,yolo11n_random,few2,43,complete,,runs/2026-09-12/few2__yolo11n_random__seed43,prepare_pipeline,1.6963545479811728,1.8500000000000005,8,109.4625,173.8,654.928896,669.540352,33.875,35.0,0.0,0.0
few2__yolo11n_random__seed43,yolo11n_random,few2,43,complete,,runs/2026-09-12/few2__yolo11n_random__seed43,build_model,0.07853408099617809,0.22000000000000008,1,99.6,99.6,673.480704,673.480704,31.0,31.0,0.0,0.0
few2__yolo11n_random__seed43,yolo11n_random,few2,43,complete,,runs/2026-09-12/few2__yolo11n_random__seed43,fit,16.908714530058205,52.870000000000005,83,314.70481927710847,525.3,2191.2397848674705,2583.810048,36.48192771084337,41.0,486.4634633253012,616.562688
few2__yolo11n_random__seed43,yolo11n_random,few2,43,complete,,runs/2026-09-12/few2__yolo11n_random__seed43,save_model,0.030848879017867148,0.11999999999999789,0,,,,,,,,
few2__yolo11n_random__seed43,yolo11n_random,few2,43,complete,,runs/2026-09-12/few2__yolo11n_random__seed43,warmup,0.05492595606483519,0.13999999999999924,0,,,,,,,,
few2__yolo11n_random__seed43,yolo11n_random,few2,43,complete,,runs/2026-09-12/few2__yolo11n_random__seed43,evaluate_train,0.023974924930371344,0.020000000000001794,0,,,,,,,,
few2__yolo11n_random__seed43,yolo11n_random,few2,43,complete,,runs/2026-09-12/few2__yolo11n_random__seed43,prepare_val_clean,0.004406520049087703,0.009999999999994458,0,,,,,,,,
few2__yolo11n_random__seed43,yolo11n_random,few2,43,complete,,runs/2026-09-12/few2__yolo11n_random__seed43,evaluate_val_clean,0.23916837491560727,0.24000000000000554,2,102.45,105.5,2529.763328,2529.763328,29.0,29.0,406.847488,406.847488
few2__yolo11n_random__seed43,yolo11n_random,few2,43,complete,,runs/2026-09-12/few2__yolo11n_random__seed43,prepare_test_clean,0.004266288015060127,1.7763568394002505e-15,0,,,,,,,,
few2__yolo11n_random__seed43,yolo11n_random,few2,43,complete,,runs/2026-09-12/few2__yolo11n_random__seed43,evaluate_test_clean,0.1969703349750489,0.20000000000000462,1,99.0,99.0,2560.04096,2560.04096,40.0,40.0,406.847488,406.847488
few2__yolo11n_random__seed43,yolo11n_random,few2,43,complete,,runs/2026-09-12/few2__yolo11n_random__seed43,inference_batch1,0.1473754479084164,0.15000000000000036,0,,,,,,,,
few2__yolo11n_random__seed43,yolo11n_random,few2,43,complete,,runs/2026-09-12/few2__yolo11n_random__seed43,explanations,0.00033532094676047564,-4.440892098500626e-16,0,,,,,,,,
few50__polygarbor__seed42,polygarbor,few50,42,complete,,runs/2026-09-12/few50__polygarbor__seed42,read_data,0.010773788089863956,0.009999999999999898,0,,,,,,,,
few50__polygarbor__seed42,polygarbor,few50,42,complete,,runs/2026-09-12/few50__polygarbor__seed42,build_model,0.0002981700235977769,-1.1102230246251565e-16,0,,,,,,,,
few50__polygarbor__seed42,polygarbor,few50,42,complete,,runs/2026-09-12/few50__polygarbor__seed42,extract_features,2.251855529961176,2.2600000000000002,11,100.33636363636364,104.5,320.96926254545457,320.978944,53.36363636363637,57.0,0.0,0.0
few50__polygarbor__seed42,polygarbor,few50,42,complete,,runs/2026-09-12/few50__polygarbor__seed42,fit,0.07520755007863045,0.2900000000000002,0,,,,,,,,
few50__polygarbor__seed42,polygarbor,few50,42,complete,,runs/2026-09-12/few50__polygarbor__seed42,save_model,0.003965163021348417,0.01999999999999974,0,,,,,,,,
few50__polygarbor__seed42,polygarbor,few50,42,complete,,runs/2026-09-12/few50__polygarbor__seed42,warmup,0.07367407297715545,0.29,1,317.8,317.8,322.752512,322.752512,47.0,47.0,0.0,0.0
few50__polygarbor__seed42,polygarbor,few50,42,complete,,runs/2026-09-12/few50__polygarbor__seed42,evaluate_train,6.62750069599133,6.67,32,100.8375,119.0,323.60358399999996,324.952064,50.9375,63.0,0.0,0.0
few50__polygarbor__seed42,polygarbor,few50,42,complete,,runs/2026-09-12/few50__polygarbor__seed42,prepare_val_clean,0.006477034999988973,4.440892098500626e-16,0,,,,,,,,
few50__polygarbor__seed42,polygarbor,few50,42,complete,,runs/2026-09-12/few50__polygarbor__seed42,evaluate_val_clean,8.095533517072909,8.120000000000001,40,100.325,104.9,385.6908288,402.956288,52.85,63.0,0.0,0.0
few50__polygarbor__seed42,polygarbor,few50,42,complete,,runs/2026-09-12/few50__polygarbor__seed42,prepare_test_clean,0.005933854961767793,0.00999999999999901,0,,,,,,,,
few50__polygarbor__seed42,polygarbor,few50,42,complete,,runs/2026-09-12/few50__polygarbor__seed42,evaluate_test_clean,7.795434587053023,7.820000000000001,38,100.31842105263158,106.8,429.6337515789474,446.078976,53.68421052631579,61.0,0.0,0.0
few50__polygarbor__seed42,polygarbor,few50,42,complete,,runs/2026-09-12/few50__polygarbor__seed42,inference_batch1,0.8112168340012431,0.8099999999999984,4,101.2,104.2,447.635456,447.635456,54.25,58.0,0.0,0.0
few50__polygarbor__seed42,polygarbor,few50,42,complete,,runs/2026-09-12/few50__polygarbor__seed42,explanations,0.0004991149762645364,-3.3306690738754696e-16,0,,,,,,,,
few50__polygarbor__seed43,polygarbor,few50,43,complete,,runs/2026-09-12/few50__polygarbor__seed43,read_data,0.012790068052709103,0.019999999999999907,0,,,,,,,,
few50__polygarbor__seed43,polygarbor,few50,43,complete,,runs/2026-09-12/few50__polygarbor__seed43,build_model,0.00030047399923205376,-1.1102230246251565e-16,0,,,,,,,,
few50__polygarbor__seed43,polygarbor,few50,43,complete,,runs/2026-09-12/few50__polygarbor__seed43,extract_features,2.3288078570039943,2.3299999999999996,11,100.37272727272726,104.4,321.2600785454546,321.26976,49.81818181818182,55.0,0.0,0.0
few50__polygarbor__seed43,polygarbor,few50,43,complete,,runs/2026-09-12/few50__polygarbor__seed43,fit,0.08225693495478481,0.32,1,197.9,197.9,324.190208,324.190208,49.0,49.0,0.0,0.0
few50__polygarbor__seed43,polygarbor,few50,43,complete,,runs/2026-09-12/few50__polygarbor__seed43,save_model,0.004197282018139958,0.02000000000000063,0,,,,,,,,
few50__polygarbor__seed43,polygarbor,few50,43,complete,,runs/2026-09-12/few50__polygarbor__seed43,warmup,0.06231836695224047,0.25000000000000017,0,,,,,,,,
few50__polygarbor__seed43,polygarbor,few50,43,complete,,runs/2026-09-12/few50__polygarbor__seed43,evaluate_train,6.888053914997727,6.96,34,104.33529411764707,242.1,325.4375604705882,325.750784,60.73529411764706,70.0,0.0,0.0
few50__polygarbor__seed43,polygarbor,few50,43,complete,,runs/2026-09-12/few50__polygarbor__seed43,prepare_val_clean,0.005554920993745327,0.009999999999999787,0,,,,,,,,
few50__polygarbor__seed43,polygarbor,few50,43,complete,,runs/2026-09-12/few50__polygarbor__seed43,evaluate_val_clean,7.639504841063172,7.65,38,100.2578947368421,104.5,386.19319242105263,403.472384,35.39473684210526,71.0,0.0,0.0
few50__polygarbor__seed43,polygarbor,few50,43,complete,,runs/2026-09-12/few50__polygarbor__seed43,prepare_test_clean,0.005464665009640157,0.01000000000000223,0,,,,,,,,
few50__polygarbor__seed43,polygarbor,few50,43,complete,,runs/2026-09-12/few50__polygarbor__seed43,evaluate_test_clean,7.296499115996994,7.319999999999998,36,100.19722222222222,106.8,430.53056000000004,447.13984,27.0,37.0,0.0,0.0
few50__polygarbor__seed43,polygarbor,few50,43,complete,,runs/2026-09-12/few50__polygarbor__seed43,inference_batch1,0.7598841770086437,0.7499999999999999,4,100.2,103.2,448.131072,448.131072,27.0,27.0,0.0,0.0
few50__polygarbor__seed43,polygarbor,few50,43,complete,,runs/2026-09-12/few50__polygarbor__seed43,explanations,0.0003383220173418522,-1.1102230246251565e-16,0,,,,,,,,
few50__polygarbor_aug__seed42,polygarbor_aug,few50,42,complete,,runs/2026-09-12/few50__polygarbor_aug__seed42,read_data,0.009828493930399418,0.009999999999999898,0,,,,,,,,
few50__polygarbor_aug__seed42,polygarbor_aug,few50,42,complete,,runs/2026-09-12/few50__polygarbor_aug__seed42,build_model,0.0002613880205899477,-5.551115123125783e-17,0,,,,,,,,
few50__polygarbor_aug__seed42,polygarbor_aug,few50,42,complete,,runs/2026-09-12/few50__polygarbor_aug__seed42,extract_features,7.118442444945686,7.14,35,100.38000000000001,104.6,324.06252982857137,324.214784,37.885714285714286,45.0,0.0,0.0
few50__polygarbor_aug__seed42,polygarbor_aug,few50,42,complete,,runs/2026-09-12/few50__polygarbor_aug__seed42,fit,0.18416842096485198,0.73,1,247.7,247.7,332.92288,332.92288,45.0,45.0,0.0,0.0
few50__polygarbor_aug__seed42,polygarbor_aug,few50,42,complete,,runs/2026-09-12/few50__polygarbor_aug__seed42,save_model,0.009963892051018775,0.04000000000000137,0,,,,,,,,
few50__polygarbor_aug__seed42,polygarbor_aug,few50,42,complete,,runs/2026-09-12/few50__polygarbor_aug__seed42,warmup,0.057217472000047565,0.2299999999999991,0,,,,,,,,
few50__polygarbor_aug__seed42,polygarbor_aug,few50,42,complete,,runs/2026-09-12/few50__polygarbor_aug__seed42,evaluate_train,6.159265922033228,6.229999999999999,30,108.51666666666667,348.0,339.69506986666676,339.812352,40.0,45.0,0.0,0.0
few50__polygarbor_aug__seed42,polygarbor_aug,few50,42,complete,,runs/2026-09-12/few50__polygarbor_aug__seed42,prepare_val_clean,0.004368136986158788,1.1102230246251565e-15,0,,,,,,,,
few50__polygarbor_aug__seed42,polygarbor_aug,few50,42,complete,,runs/2026-09-12/few50__polygarbor_aug__seed42,evaluate_val_clean,7.693531712051481,7.72,37,100.36216216216215,107.5,391.35885145945946,407.957504,35.351351351351354,38.0,0.0,0.0
few50__polygarbor_aug__seed42,polygarbor_aug,few50,42,complete,,runs/2026-09-12/few50__polygarbor_aug__seed42,prepare_test_clean,0.005815037060528994,0.009999999999999898,0,,,,,,,,
few50__polygarbor_aug__seed42,polygarbor_aug,few50,42,complete,,runs/2026-09-12/few50__polygarbor_aug__seed42,evaluate_test_clean,7.532536079059355,7.539999999999997,37,100.23513513513512,108.8,436.4078771891892,453.12,37.648648648648646,41.0,0.0,0.0
few50__polygarbor_aug__seed42,polygarbor_aug,few50,42,complete,,runs/2026-09-12/few50__polygarbor_aug__seed42,inference_batch1,0.8035028260201216,0.7999999999999982,4,100.825,103.1,450.461696,450.461696,34.0,34.0,0.0,0.0
few50__polygarbor_aug__seed42,polygarbor_aug,few50,42,complete,,runs/2026-09-12/few50__polygarbor_aug__seed42,explanations,0.00032230105716735125,-2.55351295663786e-15,0,,,,,,,,
few50__polygarbor_aug__seed43,polygarbor_aug,few50,43,complete,,runs/2026-09-12/few50__polygarbor_aug__seed43,read_data,0.010429547051899135,0.019999999999999962,0,,,,,,,,
few50__polygarbor_aug__seed43,polygarbor_aug,few50,43,complete,,runs/2026-09-12/few50__polygarbor_aug__seed43,build_model,0.00027369195595383644,-5.551115123125783e-17,0,,,,,,,,
few50__polygarbor_aug__seed43,polygarbor_aug,few50,43,complete,,runs/2026-09-12/few50__polygarbor_aug__seed43,extract_features,7.077796929050237,7.100000000000001,35,100.3742857142857,104.6,324.5616566857143,324.7104,34.142857142857146,37.0,0.0,0.0
few50__polygarbor_aug__seed43,polygarbor_aug,few50,43,complete,,runs/2026-09-12/few50__polygarbor_aug__seed43,fit,0.1925904150120914,0.7499999999999991,1,309.0,309.0,336.797696,336.797696,36.0,36.0,0.0,0.0
few50__polygarbor_aug__seed43,polygarbor_aug,few50,43,complete,,runs/2026-09-12/few50__polygarbor_aug__seed43,save_model,0.008861543028615415,0.050000000000001155,0,,,,,,,,
few50__polygarbor_aug__seed43,polygarbor_aug,few50,43,complete,,runs/2026-09-12/few50__polygarbor_aug__seed43,warmup,0.057786709046922624,0.23000000000000065,0,,,,,,,,
few50__polygarbor_aug__seed43,polygarbor_aug,few50,43,complete,,runs/2026-09-12/few50__polygarbor_aug__seed43,evaluate_train,6.706243057036772,6.780000000000001,33,106.2030303030303,296.0,344.26395927272733,344.2688,32.60606060606061,40.0,0.0,0.0
few50__polygarbor_aug__seed43,polygarbor_aug,few50,43,complete,,runs/2026-09-12/few50__polygarbor_aug__seed43,prepare_val_clean,0.004348051035776734,-8.881784197001252e-16,0,,,,,,,,
few50__polygarbor_aug__seed43,polygarbor_aug,few50,43,complete,,runs/2026-09-12/few50__polygarbor_aug__seed43,evaluate_val_clean,8.174323452985846,8.2,40,100.30499999999999,106.1,396.4186624,413.257728,39.2,42.0,0.0,0.0
few50__polygarbor_aug__seed43,polygarbor_aug,few50,43,complete,,runs/2026-09-12/few50__polygarbor_aug__seed43,prepare_test_clean,0.004800456925295293,-1.1102230246251565e-16,0,,,,,,,,
few50__polygarbor_aug__seed43,polygarbor_aug,few50,43,complete,,runs/2026-09-12/few50__polygarbor_aug__seed43,evaluate_test_clean,8.08903952606488,8.119999999999997,39,100.34358974358977,108.8,435.7533801025641,452.304896,40.76923076923077,43.0,0.0,0.0
few50__polygarbor_aug__seed43,polygarbor_aug,few50,43,complete,,runs/2026-09-12/few50__polygarbor_aug__seed43,inference_batch1,0.8081784369423985,0.8100000000000028,4,101.725,105.1,445.865984,445.865984,42.0,42.0,0.0,0.0
few50__polygarbor_aug__seed43,polygarbor_aug,few50,43,complete,,runs/2026-09-12/few50__polygarbor_aug__seed43,explanations,0.0003588439431041479,5.551115123125783e-16,0,,,,,,,,
few50__polygarbor_p3__seed42,polygarbor_p3,few50,42,complete,,runs/2026-09-12/few50__polygarbor_p3__seed42,read_data,0.00971104798372835,0.02000000000000013,0,,,,,,,,
few50__polygarbor_p3__seed42,polygarbor_p3,few50,42,complete,,runs/2026-09-12/few50__polygarbor_p3__seed42,build_model,0.00026327394880354404,1.1102230246251565e-16,0,,,,,,,,
few50__polygarbor_p3__seed42,polygarbor_p3,few50,42,complete,,runs/2026-09-12/few50__polygarbor_p3__seed42,extract_features,2.435517144971527,2.44,12,101.04166666666667,108.4,323.48125866666663,324.030464,37.25,39.0,0.0,0.0
few50__polygarbor_p3__seed42,polygarbor_p3,few50,42,complete,,runs/2026-09-12/few50__polygarbor_p3__seed42,fit,0.4625100860139355,1.8400000000000005,2,371.0,403.4,391.31136000000004,408.662016,39.0,39.0,0.0,0.0
few50__polygarbor_p3__seed42,polygarbor_p3,few50,42,complete,,runs/2026-09-12/few50__polygarbor_p3__seed42,save_model,0.014522581011988223,0.06000000000000094,0,,,,,,,,
few50__polygarbor_p3__seed42,polygarbor_p3,few50,42,complete,,runs/2026-09-12/few50__polygarbor_p3__seed42,warmup,0.09367124596610665,0.37999999999999945,1,398.2,398.2,374.042624,374.042624,39.0,39.0,0.0,0.0
few50__polygarbor_p3__seed42,polygarbor_p3,few50,42,complete,,runs/2026-09-12/few50__polygarbor_p3__seed42,evaluate_train,11.972106619970873,47.919999999999995,58,400.30689655172415,408.3,374.2577346206897,374.480896,38.56896551724138,41.0,0.0,0.0
few50__polygarbor_p3__seed42,polygarbor_p3,few50,42,complete,,runs/2026-09-12/few50__polygarbor_p3__seed42,prepare_val_clean,0.004911423078738153,2.55351295663786e-15,0,,,,,,,,
few50__polygarbor_p3__seed42,polygarbor_p3,few50,42,complete,,runs/2026-09-12/few50__polygarbor_p3__seed42,evaluate_val_clean,14.97298729897011,59.87999999999999,74,396.2986486486487,407.6,426.586112,443.625472,37.810810810810814,43.0,0.0,0.0
few50__polygarbor_p3__seed42,polygarbor_p3,few50,42,complete,,runs/2026-09-12/few50__polygarbor_p3__seed42,prepare_test_clean,0.004420628072693944,-2.220446049250313e-15,0,,,,,,,,
few50__polygarbor_p3__seed42,polygarbor_p3,few50,42,complete,,runs/2026-09-12/few50__polygarbor_p3__seed42,evaluate_test_clean,14.978889624006115,59.920000000000016,73,398.6616438356164,409.9,466.5114511780822,483.135488,36.67123287671233,44.0,0.0,0.0
few50__polygarbor_p3__seed42,polygarbor_p3,few50,42,complete,,runs/2026-09-12/few50__polygarbor_p3__seed42,inference_batch1,1.5247597959823906,6.059999999999993,7,396.5142857142857,402.2,483.58604800000006,483.586048,39.0,39.0,0.0,0.0
few50__polygarbor_p3__seed42,polygarbor_p3,few50,42,complete,,runs/2026-09-12/few50__polygarbor_p3__seed42,explanations,0.0005665250355377793,-9.103828801926284e-15,0,,,,,,,,
few50__polygarbor_p3__seed43,polygarbor_p3,few50,43,complete,,runs/2026-09-12/few50__polygarbor_p3__seed43,read_data,0.009138203924521804,0.009999999999999953,0,,,,,,,,
few50__polygarbor_p3__seed43,polygarbor_p3,few50,43,complete,,runs/2026-09-12/few50__polygarbor_p3__seed43,build_model,0.0002706610830500722,-5.551115123125783e-17,0,,,,,,,,
few50__polygarbor_p3__seed43,polygarbor_p3,few50,43,complete,,runs/2026-09-12/few50__polygarbor_p3__seed43,extract_features,2.4783969710115343,2.4800000000000004,12,99.875,104.5,323.8587733333333,324.141056,39.833333333333336,44.0,0.0,0.0
few50__polygarbor_p3__seed43,polygarbor_p3,few50,43,complete,,runs/2026-09-12/few50__polygarbor_p3__seed43,fit,0.49797997099813074,1.98,2,341.15,398.4,400.187392,413.028352,36.0,36.0,0.0,0.0
few50__polygarbor_p3__seed43,polygarbor_p3,few50,43,complete,,runs/2026-09-12/few50__polygarbor_p3__seed43,save_model,0.016880303039215505,0.07000000000000006,0,,,,,,,,
few50__polygarbor_p3__seed43,polygarbor_p3,few50,43,complete,,runs/2026-09-12/few50__polygarbor_p3__seed43,warmup,0.11802231706678867,0.46999999999999953,1,398.0,398.0,413.057024,413.057024,36.0,36.0,0.0,0.0
few50__polygarbor_p3__seed43,polygarbor_p3,few50,43,complete,,runs/2026-09-12/few50__polygarbor_p3__seed43,evaluate_train,12.723175712977536,50.93,62,400.33709677419347,414.0,413.11912464516126,413.12256,35.70967741935484,40.0,0.0,0.0
few50__polygarbor_p3__seed43,polygarbor_p3,few50,43,complete,,runs/2026-09-12/few50__polygarbor_p3__seed43,prepare_val_clean,0.005076018045656383,0.01000000000000456,0,,,,,,,,
few50__polygarbor_p3__seed43,polygarbor_p3,few50,43,complete,,runs/2026-09-12/few50__polygarbor_p3__seed43,evaluate_val_clean,16.49309049290605,65.97,81,396.4012345679012,410.0,460.2627160493827,477.10208,38.358024691358025,43.0,0.0,0.0
few50__polygarbor_p3__seed43,polygarbor_p3,few50,43,complete,,runs/2026-09-12/few50__polygarbor_p3__seed43,prepare_test_clean,0.004585715942084789,-2.220446049250313e-15,0,,,,,,,,
few50__polygarbor_p3__seed43,polygarbor_p3,few50,43,complete,,runs/2026-09-12/few50__polygarbor_p3__seed43,evaluate_test_clean,15.523849181015976,62.10000000000001,76,397.19736842105266,413.0,495.66283452631586,512.417792,38.75,44.0,0.0,0.0
few50__polygarbor_p3__seed43,polygarbor_p3,few50,43,complete,,runs/2026-09-12/few50__polygarbor_p3__seed43,inference_batch1,1.627649173955433,6.480000000000018,7,396.8857142857143,400.9,512.724992,512.724992,37.42857142857143,38.0,0.0,0.0
few50__polygarbor_p3__seed43,polygarbor_p3,few50,43,complete,,runs/2026-09-12/few50__polygarbor_p3__seed43,explanations,0.0003355249064043164,0.0,0,,,,,,,,
few50__polygarbor_p3_aug__seed42,polygarbor_p3_aug,few50,42,complete,,runs/2026-09-12/few50__polygarbor_p3_aug__seed42,read_data,0.009193295962177217,-1.1102230246251565e-16,0,,,,,,,,
few50__polygarbor_p3_aug__seed42,polygarbor_p3_aug,few50,42,complete,,runs/2026-09-12/few50__polygarbor_p3_aug__seed42,build_model,0.00025529193226248026,-1.1102230246251565e-16,0,,,,,,,,
few50__polygarbor_p3_aug__seed42,polygarbor_p3_aug,few50,42,complete,,runs/2026-09-12/few50__polygarbor_p3_aug__seed42,extract_features,9.467337999958545,9.49,47,100.15957446808514,104.6,324.7464796595745,325.771264,34.42553191489362,45.0,0.0,0.0
few50__polygarbor_p3_aug__seed42,polygarbor_p3_aug,few50,42,complete,,runs/2026-09-12/few50__polygarbor_p3_aug__seed42,fit,0.4474959650542587,1.7799999999999994,2,373.9,399.4,373.098496,379.973632,38.5,44.0,0.0,0.0
few50__polygarbor_p3_aug__seed42,polygarbor_p3_aug,few50,42,complete,,runs/2026-09-12/few50__polygarbor_p3_aug__seed42,save_model,0.013466072967275977,0.05000000000000138,0,,,,,,,,
few50__polygarbor_p3_aug__seed42,polygarbor_p3_aug,few50,42,complete,,runs/2026-09-12/few50__polygarbor_p3_aug__seed42,warmup,0.08205615496262908,0.33000000000000074,0,,,,,,,,
few50__polygarbor_p3_aug__seed42,polygarbor_p3_aug,few50,42,complete,,runs/2026-09-12/few50__polygarbor_p3_aug__seed42,evaluate_train,11.957538509974256,47.86000000000001,59,400.2,408.3,369.16491281355934,369.168384,37.76271186440678,44.0,0.0,0.0
few50__polygarbor_p3_aug__seed42,polygarbor_p3_aug,few50,42,complete,,runs/2026-09-12/few50__polygarbor_p3_aug__seed42,prepare_val_clean,0.005035663954913616,1.1102230246251565e-15,0,,,,,,,,
few50__polygarbor_p3_aug__seed42,polygarbor_p3_aug,few50,42,complete,,runs/2026-09-12/few50__polygarbor_p3_aug__seed42,evaluate_val_clean,15.724010861944407,62.92,77,396.3922077922077,410.4,422.59219283116886,439.586816,36.81818181818182,42.0,0.0,0.0
few50__polygarbor_p3_aug__seed42,polygarbor_p3_aug,few50,42,complete,,runs/2026-09-12/few50__polygarbor_p3_aug__seed42,prepare_test_clean,0.004707550979219377,0.010000000000009668,0,,,,,,,,
few50__polygarbor_p3_aug__seed42,polygarbor_p3_aug,few50,42,complete,,runs/2026-09-12/few50__polygarbor_p3_aug__seed42,evaluate_test_clean,14.05966830800753,56.23,69,397.2579710144927,406.9,462.8024691014494,479.944704,35.42028985507246,68.0,0.0,0.0
few50__polygarbor_p3_aug__seed42,polygarbor_p3_aug,few50,42,complete,,runs/2026-09-12/few50__polygarbor_p3_aug__seed42,inference_batch1,1.3741101389750838,5.469999999999969,7,367.3857142857143,407.2,480.182272,480.182272,41.0,41.0,0.0,0.0
few50__polygarbor_p3_aug__seed42,polygarbor_p3_aug,few50,42,complete,,runs/2026-09-12/few50__polygarbor_p3_aug__seed42,explanations,0.0003556450828909874,-1.1324274851176597e-14,0,,,,,,,,
few50__polygarbor_p3_aug__seed43,polygarbor_p3_aug,few50,43,complete,,runs/2026-09-12/few50__polygarbor_p3_aug__seed43,read_data,0.009564613923430443,0.02000000000000013,0,,,,,,,,
few50__polygarbor_p3_aug__seed43,polygarbor_p3_aug,few50,43,complete,,runs/2026-09-12/few50__polygarbor_p3_aug__seed43,build_model,0.00026275403797626495,1.1102230246251565e-16,0,,,,,,,,
few50__polygarbor_p3_aug__seed43,polygarbor_p3_aug,few50,43,complete,,runs/2026-09-12/few50__polygarbor_p3_aug__seed43,extract_features,9.425434940960258,9.450000000000001,46,100.38913043478261,104.6,325.0052229565217,325.984256,35.08695652173913,39.0,0.0,0.0
few50__polygarbor_p3_aug__seed43,polygarbor_p3_aug,few50,43,complete,,runs/2026-09-12/few50__polygarbor_p3_aug__seed43,fit,0.49830820003990084,1.9799999999999995,3,301.3666666666666,403.2,362.91652266666665,390.590464,39.0,39.0,0.0,0.0
few50__polygarbor_p3_aug__seed43,polygarbor_p3_aug,few50,43,complete,,runs/2026-09-12/few50__polygarbor_p3_aug__seed43,save_model,0.015102589968591928,0.06000000000000005,0,,,,,,,,
few50__polygarbor_p3_aug__seed43,polygarbor_p3_aug,few50,43,complete,,runs/2026-09-12/few50__polygarbor_p3_aug__seed43,warmup,0.09627807198558003,0.37999999999999856,0,,,,,,,,
few50__polygarbor_p3_aug__seed43,polygarbor_p3_aug,few50,43,complete,,runs/2026-09-12/few50__polygarbor_p3_aug__seed43,evaluate_train,11.61628393502906,46.50000000000001,57,400.2578947368421,415.2,376.9020631578948,376.905728,39.14035087719298,42.0,0.0,0.0
few50__polygarbor_p3_aug__seed43,polygarbor_p3_aug,few50,43,complete,,runs/2026-09-12/few50__polygarbor_p3_aug__seed43,prepare_val_clean,0.004869490046985447,-1.9984014443252818e-15,0,,,,,,,,
few50__polygarbor_p3_aug__seed43,polygarbor_p3_aug,few50,43,complete,,runs/2026-09-12/few50__polygarbor_p3_aug__seed43,evaluate_val_clean,14.21180186001584,56.85999999999999,69,399.54347826086956,407.1,427.27637704347836,443.96544,36.15942028985507,52.0,0.0,0.0
few50__polygarbor_p3_aug__seed43,polygarbor_p3_aug,few50,43,complete,,runs/2026-09-12/few50__polygarbor_p3_aug__seed43,prepare_test_clean,0.004361858009360731,-6.772360450213455e-15,0,,,,,,,,
few50__polygarbor_p3_aug__seed43,polygarbor_p3_aug,few50,43,complete,,runs/2026-09-12/few50__polygarbor_p3_aug__seed43,evaluate_test_clean,15.557595615973696,62.24,76,397.1065789473684,409.3,464.13382063157894,480.84992,36.93421052631579,46.0,0.0,0.0
few50__polygarbor_p3_aug__seed43,polygarbor_p3_aug,few50,43,complete,,runs/2026-09-12/few50__polygarbor_p3_aug__seed43,inference_batch1,1.4871428929036483,5.929999999999983,8,370.3,405.1,481.087488,481.087488,40.0,45.0,0.0,0.0
few50__polygarbor_p3_aug__seed43,polygarbor_p3_aug,few50,43,complete,,runs/2026-09-12/few50__polygarbor_p3_aug__seed43,explanations,0.00031510600820183754,-4.551914400963142e-15,0,,,,,,,,
few50__polygarbor_p5__seed42,polygarbor_p5,few50,42,complete,,runs/2026-09-12/few50__polygarbor_p5__seed42,read_data,0.009604892111383379,0.019999999999999907,0,,,,,,,,
few50__polygarbor_p5__seed42,polygarbor_p5,few50,42,complete,,runs/2026-09-12/few50__polygarbor_p5__seed42,build_model,0.00026615604292601347,-1.1102230246251565e-16,0,,,,,,,,
few50__polygarbor_p5__seed42,polygarbor_p5,few50,42,complete,,runs/2026-09-12/few50__polygarbor_p5__seed42,extract_features,3.4822061919840053,3.49,17,100.5529411764706,104.4,323.879393882353,324.550656,42.76470588235294,46.0,0.0,0.0
few50__polygarbor_p5__seed42,polygarbor_p5,few50,42,complete,,runs/2026-09-12/few50__polygarbor_p5__seed42,fit,0.5068920040503144,2.0200000000000005,2,346.5,401.8,381.591552,390.324224,45.0,46.0,0.0,0.0
few50__polygarbor_p5__seed42,polygarbor_p5,few50,42,complete,,runs/2026-09-12/few50__polygarbor_p5__seed42,save_model,0.0145693130325526,0.059999999999999165,0,,,,,,,,
few50__polygarbor_p5__seed42,polygarbor_p5,few50,42,complete,,runs/2026-09-12/few50__polygarbor_p5__seed42,warmup,0.11059174896217883,0.44000000000000083,1,398.6,398.6,402.694144,402.694144,44.0,44.0,0.0,0.0
few50__polygarbor_p5__seed42,polygarbor_p5,few50,42,complete,,runs/2026-09-12/few50__polygarbor_p5__seed42,evaluate_train,16.78975781193003,67.21,82,400.2512195121952,407.1,402.75638321951226,402.75968,38.426829268292686,45.0,0.0,0.0
few50__polygarbor_p5__seed42,polygarbor_p5,few50,42,complete,,runs/2026-09-12/few50__polygarbor_p5__seed42,prepare_val_clean,0.004566543968394399,5.662137425588298e-15,0,,,,,,,,
few50__polygarbor_p5__seed42,polygarbor_p5,few50,42,complete,,runs/2026-09-12/few50__polygarbor_p5__seed42,evaluate_val_clean,20.1945434960071,80.78999999999998,99,399.86464646464646,412.2,449.7592113131313,466.90304,36.90909090909091,66.0,0.0,0.0
few50__polygarbor_p5__seed42,polygarbor_p5,few50,42,complete,,runs/2026-09-12/few50__polygarbor_p5__seed42,prepare_test_clean,0.004423389094881713,9.103828801926284e-15,0,,,,,,,,
few50__polygarbor_p5__seed42,polygarbor_p5,few50,42,complete,,runs/2026-09-12/few50__polygarbor_p5__seed42,evaluate_test_clean,18.986819313955493,75.96000000000002,93,399.0225806451612,408.0,485.55780954838724,502.050816,38.01075268817204,44.0,0.0,0.0
few50__polygarbor_p5__seed42,polygarbor_p5,few50,42,complete,,runs/2026-09-12/few50__polygarbor_p5__seed42,inference_batch1,1.9009396710898727,7.5700000000000145,9,380.1333333333334,403.2,502.165504,502.165504,38.0,38.0,0.0,0.0
few50__polygarbor_p5__seed42,polygarbor_p5,few50,42,complete,,runs/2026-09-12/few50__polygarbor_p5__seed42,explanations,0.0004205809673294425,0.009999999999984133,0,,,,,,,,
few50__polygarbor_p5__seed43,polygarbor_p5,few50,43,complete,,runs/2026-09-12/few50__polygarbor_p5__seed43,read_data,0.012078720959834754,0.02000000000000013,0,,,,,,,,
few50__polygarbor_p5__seed43,polygarbor_p5,few50,43,complete,,runs/2026-09-12/few50__polygarbor_p5__seed43,build_model,0.00027203105855733156,1.1102230246251565e-16,0,,,,,,,,
few50__polygarbor_p5__seed43,polygarbor_p5,few50,43,complete,,runs/2026-09-12/few50__polygarbor_p5__seed43,extract_features,3.468820429057814,3.47,17,100.32352941176471,104.6,324.16177694117647,324.886528,36.470588235294116,38.0,0.0,0.0
few50__polygarbor_p5__seed43,polygarbor_p5,few50,43,complete,,runs/2026-09-12/few50__polygarbor_p5__seed43,fit,0.5245067299110815,2.08,2,348.5,398.3,391.733248,398.159872,34.5,35.0,0.0,0.0
few50__polygarbor_p5__seed43,polygarbor_p5,few50,43,complete,,runs/2026-09-12/few50__polygarbor_p5__seed43,save_model,0.016571964020840824,0.06000000000000072,1,403.2,403.2,386.564096,386.564096,34.0,34.0,0.0,0.0
few50__polygarbor_p5__seed43,polygarbor_p5,few50,43,complete,,runs/2026-09-12/few50__polygarbor_p5__seed43,warmup,0.14708270702976733,0.5900000000000001,0,,,,,,,,
few50__polygarbor_p5__seed43,polygarbor_p5,few50,43,complete,,runs/2026-09-12/few50__polygarbor_p5__seed43,evaluate_train,16.511044465005398,66.08,81,400.2358024691358,407.6,386.6443978271605,386.74432,37.41975308641975,43.0,0.0,0.0
few50__polygarbor_p5__seed43,polygarbor_p5,few50,43,complete,,runs/2026-09-12/few50__polygarbor_p5__seed43,prepare_val_clean,0.005073772044852376,0.009999999999999454,0,,,,,,,,
few50__polygarbor_p5__seed43,polygarbor_p5,few50,43,complete,,runs/2026-09-12/few50__polygarbor_p5__seed43,evaluate_val_clean,19.476474573952146,77.89999999999998,95,399.83052631578954,408.3,434.4969539368421,451.33824,37.915789473684214,42.0,0.0,0.0
few50__polygarbor_p5__seed43,polygarbor_p5,few50,43,complete,,runs/2026-09-12/few50__polygarbor_p5__seed43,prepare_test_clean,0.004515836015343666,6.772360450213455e-15,0,,,,,,,,
few50__polygarbor_p5__seed43,polygarbor_p5,few50,43,complete,,runs/2026-09-12/few50__polygarbor_p5__seed43,evaluate_test_clean,19.8807518100366,79.52999999999997,98,397.76020408163265,407.4,470.2144888163266,486.95296,38.255102040816325,54.0,0.0,0.0
few50__polygarbor_p5__seed43,polygarbor_p5,few50,43,complete,,runs/2026-09-12/few50__polygarbor_p5__seed43,inference_batch1,1.9906232409412041,7.939999999999998,10,379.84000000000003,408.2,487.0721536000001,487.07584,34.2,43.0,0.0,0.0
few50__polygarbor_p5__seed43,polygarbor_p5,few50,43,complete,,runs/2026-09-12/few50__polygarbor_p5__seed43,explanations,0.000346221961081028,-9.103828801926284e-15,0,,,,,,,,
few50__resnet18__seed42,resnet18,few50,42,complete,,runs/2026-09-12/few50__resnet18__seed42,read_data,0.012812570901587605,0.02000000000000013,0,,,,,,,,
few50__resnet18__seed42,resnet18,few50,42,complete,,runs/2026-09-12/few50__resnet18__seed42,build_model,3.1697618429316208,3.2599999999999993,14,103.80714285714285,143.6,873.955328,1167.785984,56.5,64.0,38.797312,140.509184
few50__resnet18__seed42,resnet18,few50,42,complete,,runs/2026-09-12/few50__resnet18__seed42,prepare_pipeline,1.1890583869535476,1.2900000000000005,5,108.72,128.9,1211.3870848,1217.937408,59.4,62.0,266.338304,266.338304
few50__resnet18__seed42,resnet18,few50,42,complete,,runs/2026-09-12/few50__resnet18__seed42,fit,32.1953457929194,34.32000000000001,160,106.47312500000001,963.1,2151.9806208,2519.764992,69.00625,97.0,2994.208768,3860.856832
few50__resnet18__seed42,resnet18,few50,42,complete,,runs/2026-09-12/few50__resnet18__seed42,save_model,0.2515454809181392,0.2600000000000007,1,105.9,105.9,2442.784768,2442.784768,94.0,94.0,3860.856832,3860.856832
few50__resnet18__seed42,resnet18,few50,42,complete,,runs/2026-09-12/few50__resnet18__seed42,warmup,0.6994402059353888,0.6899999999999955,3,98.0,101.8,2423.962282666667,2451.013632,85.0,94.0,3860.856832,3860.856832
few50__resnet18__seed42,resnet18,few50,42,complete,,runs/2026-09-12/few50__resnet18__seed42,evaluate_train,0.9684057710692286,0.9599999999999977,5,99.14,99.3,2478.2798847999998,2483.879936,68.0,72.0,3860.856832,3860.856832
few50__resnet18__seed42,resnet18,few50,42,complete,,runs/2026-09-12/few50__resnet18__seed42,prepare_val_clean,0.005671991966664791,-8.881784197001252e-16,0,,,,,,,,
few50__resnet18__seed42,resnet18,few50,42,complete,,runs/2026-09-12/few50__resnet18__seed42,evaluate_val_clean,0.7422480860259384,0.7400000000000011,3,98.8,103.6,2523.6985173333337,2523.840512,70.33333333333333,72.0,3860.856832,3860.856832
few50__resnet18__seed42,resnet18,few50,42,complete,,runs/2026-09-12/few50__resnet18__seed42,prepare_test_clean,0.005634273984469473,0.010000000000008669,0,,,,,,,,
few50__resnet18__seed42,resnet18,few50,42,complete,,runs/2026-09-12/few50__resnet18__seed42,evaluate_test_clean,0.4702189069939777,0.4400000000000013,2,98.94999999999999,99.1,2544.627712,2552.201216,67.0,67.0,3860.856832,3860.856832
few50__resnet18__seed42,resnet18,few50,42,complete,,runs/2026-09-12/few50__resnet18__seed42,inference_batch1,0.21563632402103394,0.2200000000000033,1,103.8,103.8,2567.786496,2567.786496,63.0,63.0,3860.856832,3860.856832
few50__resnet18__seed42,resnet18,few50,42,complete,,runs/2026-09-12/few50__resnet18__seed42,explanations,0.20729965099599212,0.2099999999999982,1,104.2,104.2,2568.720384,2568.720384,63.0,63.0,3860.856832,3860.856832
few50__resnet18__seed43,resnet18,few50,43,complete,,runs/2026-09-12/few50__resnet18__seed43,read_data,0.009552081930451095,0.019999999999999907,0,,,,,,,,
few50__resnet18__seed43,resnet18,few50,43,complete,,runs/2026-09-12/few50__resnet18__seed43,build_model,2.7350635930197313,2.8100000000000005,12,103.45833333333331,139.1,861.8021546666668,1167.572992,24.0,32.0,33.729194666666665,136.31488
few50__resnet18__seed43,resnet18,few50,43,complete,,runs/2026-09-12/few50__resnet18__seed43,prepare_pipeline,0.9223224520683289,1.0100000000000002,5,107.93999999999998,119.4,1217.5417344000002,1229.938688,17.4,19.0,266.338304,266.338304
few50__resnet18__seed43,resnet18,few50,43,complete,,runs/2026-09-12/few50__resnet18__seed43,fit,61.409125723992474,52.67,305,85.76295081967213,888.5,2355.3060931147543,2527.465472,70.04262295081968,96.0,3592.4557555409833,3997.171712
few50__resnet18__seed43,resnet18,few50,43,complete,,runs/2026-09-12/few50__resnet18__seed43,save_model,0.2044809190556407,0.21999999999999797,1,108.4,108.4,2463.715328,2463.715328,37.0,37.0,3997.171712,3997.171712
few50__resnet18__seed43,resnet18,few50,43,complete,,runs/2026-09-12/few50__resnet18__seed43,warmup,0.6012450479902327,0.5900000000000016,2,93.95,94.4,2429.753344,2451.521536,37.0,37.0,3997.171712,3997.171712
few50__resnet18__seed43,resnet18,few50,43,complete,,runs/2026-09-12/few50__resnet18__seed43,evaluate_train,0.9606994760688394,0.9499999999999953,5,100.22,104.1,2489.1850752,2495.63136,71.2,94.0,3997.1717120000003,3997.171712
few50__resnet18__seed43,resnet18,few50,43,complete,,runs/2026-09-12/few50__resnet18__seed43,prepare_val_clean,0.006668885005638003,0.010000000000001563,0,,,,,,,,
few50__resnet18__seed43,resnet18,few50,43,complete,,runs/2026-09-12/few50__resnet18__seed43,evaluate_val_clean,0.711490867077373,0.7100000000000044,4,100.39999999999999,103.8,2535.4752000000003,2535.837696,21.0,21.0,3997.171712,3997.171712
few50__resnet18__seed43,resnet18,few50,43,complete,,runs/2026-09-12/few50__resnet18__seed43,prepare_test_clean,0.006643068045377731,0.010000000000004672,0,,,,,,,,
few50__resnet18__seed43,resnet18,few50,43,complete,,runs/2026-09-12/few50__resnet18__seed43,evaluate_test_clean,0.4565340360859409,0.4499999999999953,3,97.26666666666667,99.5,2558.3875413333335,2573.451264,23.0,23.0,3997.171712,3997.171712
few50__resnet18__seed43,resnet18,few50,43,complete,,runs/2026-09-12/few50__resnet18__seed43,inference_batch1,0.17367634898982942,0.17000000000000037,1,104.3,104.3,2579.451904,2579.451904,56.0,56.0,3997.171712,3997.171712
few50__resnet18__seed43,resnet18,few50,43,complete,,runs/2026-09-12/few50__resnet18__seed43,explanations,0.1589633310213685,0.16999999999999327,1,103.8,103.8,2580.369408,2580.369408,56.0,56.0,3997.171712,3997.171712
few50__resnet18_imagenet__seed42,resnet18_imagenet,few50,42,complete,,runs/2026-09-12/few50__resnet18_imagenet__seed42,read_data,0.01000081398524344,0.019999999999999685,0,,,,,,,,
few50__resnet18_imagenet__seed42,resnet18_imagenet,few50,42,complete,,runs/2026-09-12/few50__resnet18_imagenet__seed42,build_model,4.6302511940011755,4.78,20,103.675,139.0,1136.3624960000002,1631.657984,31.1,35.0,140.29946879999997,266.338304
few50__resnet18_imagenet__seed42,resnet18_imagenet,few50,42,complete,,runs/2026-09-12/few50__resnet18_imagenet__seed42,prepare_pipeline,0.7919108479982242,0.8699999999999992,4,110.525,119.2,1666.9030400000001,1769.508864,35.0,35.0,299.892736,400.556032
few50__resnet18_imagenet__seed42,resnet18_imagenet,few50,42,complete,,runs/2026-09-12/few50__resnet18_imagenet__seed42,fit,46.32040546799544,44.33,230,95.6508695652174,834.4,2712.045372104348,2900.414464,64.1608695652174,98.0,3574.6138201043477,4053.794816
few50__resnet18_imagenet__seed42,resnet18_imagenet,few50,42,complete,,runs/2026-09-12/few50__resnet18_imagenet__seed42,save_model,0.16349661105778068,0.16000000000000325,0,,,,,,,,
few50__resnet18_imagenet__seed42,resnet18_imagenet,few50,42,complete,,runs/2026-09-12/few50__resnet18_imagenet__seed42,warmup,0.5495392649900168,0.54,3,99.63333333333334,106.7,2799.2418986666667,2831.040512,73.0,73.0,4053.794816,4053.794816
few50__resnet18_imagenet__seed42,resnet18_imagenet,few50,42,complete,,runs/2026-09-12/few50__resnet18_imagenet__seed42,evaluate_train,0.9060817610006779,0.8900000000000006,5,98.3,99.3,2857.7587200000003,2863.046656,89.8,94.0,4053.794816,4053.794816
few50__resnet18_imagenet__seed42,resnet18_imagenet,few50,42,complete,,runs/2026-09-12/few50__resnet18_imagenet__seed42,prepare_val_clean,0.004616650054231286,-8.881784197001252e-16,0,,,,,,,,
few50__resnet18_imagenet__seed42,resnet18_imagenet,few50,42,complete,,runs/2026-09-12/few50__resnet18_imagenet__seed42,evaluate_val_clean,0.6856581419706345,0.6600000000000028,3,96.0,99.3,2902.598997333333,2903.441408,37.0,37.0,4053.794816,4053.794816
few50__resnet18_imagenet__seed42,resnet18_imagenet,few50,42,complete,,runs/2026-09-12/few50__resnet18_imagenet__seed42,prepare_test_clean,0.004821048933081329,0.009999999999998455,0,,,,,,,,
few50__resnet18_imagenet__seed42,resnet18_imagenet,few50,42,complete,,runs/2026-09-12/few50__resnet18_imagenet__seed42,evaluate_test_clean,0.40370594104751945,0.380000000000003,2,98.25,102.1,2919.593984,2928.214016,42.5,48.0,4053.794816,4053.794816
few50__resnet18_imagenet__seed42,resnet18_imagenet,few50,42,complete,,runs/2026-09-12/few50__resnet18_imagenet__seed42,inference_batch1,0.1699675009585917,0.16999999999999282,1,97.2,97.2,2942.517248,2942.517248,48.0,48.0,4053.794816,4053.794816
few50__resnet18_imagenet__seed42,resnet18_imagenet,few50,42,complete,,runs/2026-09-12/few50__resnet18_imagenet__seed42,explanations,0.15127815993037075,0.15000000000000213,1,99.0,99.0,2942.595072,2942.595072,48.0,48.0,4053.794816,4053.794816
few50__resnet18_imagenet__seed43,resnet18_imagenet,few50,43,complete,,runs/2026-09-12/few50__resnet18_imagenet__seed43,read_data,0.009626573999412358,0.009999999999999898,0,,,,,,,,
few50__resnet18_imagenet__seed43,resnet18_imagenet,few50,43,complete,,runs/2026-09-12/few50__resnet18_imagenet__seed43,build_model,4.641019167029299,4.79,20,103.13,143.9,1136.0223231999998,1631.485952,25.0,32.0,140.29946879999997,266.338304
few50__resnet18_imagenet__seed43,resnet18_imagenet,few50,43,complete,,runs/2026-09-12/few50__resnet18_imagenet__seed43,prepare_pipeline,0.7754895789548755,0.8499999999999994,3,111.06666666666666,119.3,1633.4670506666669,1634.136064,27.666666666666668,35.0,266.338304,266.338304
few50__resnet18_imagenet__seed43,resnet18_imagenet,few50,43,complete,,runs/2026-09-12/few50__resnet18_imagenet__seed43,fit,49.70666026498657,47.6,247,95.72550607287451,833.5,2714.723945716599,2898.141184,66.25506072874494,97.0,3592.794957732793,4053.794816
few50__resnet18_imagenet__seed43,resnet18_imagenet,few50,43,complete,,runs/2026-09-12/few50__resnet18_imagenet__seed43,save_model,0.17088672798126936,0.18000000000000327,1,114.4,114.4,2808.836096,2808.836096,71.0,71.0,4053.794816,4053.794816
few50__resnet18_imagenet__seed43,resnet18_imagenet,few50,43,complete,,runs/2026-09-12/few50__resnet18_imagenet__seed43,warmup,0.5384016599273309,0.5300000000000038,3,99.06666666666666,104.2,2853.7951573333335,2876.186624,71.0,71.0,4053.794816,4053.794816
few50__resnet18_imagenet__seed43,resnet18_imagenet,few50,43,complete,,runs/2026-09-12/few50__resnet18_imagenet__seed43,evaluate_train,0.9078298719832674,0.8799999999999972,4,96.825,99.3,2907.5302400000005,2911.117312,86.75,92.0,4053.794816,4053.794816
few50__resnet18_imagenet__seed43,resnet18_imagenet,few50,43,complete,,runs/2026-09-12/few50__resnet18_imagenet__seed43,prepare_val_clean,0.004864032962359488,0.00999999999999801,0,,,,,,,,
few50__resnet18_imagenet__seed43,resnet18_imagenet,few50,43,complete,,runs/2026-09-12/few50__resnet18_imagenet__seed43,evaluate_val_clean,0.6657719269860536,0.6400000000000077,4,96.94999999999999,100.3,2921.273344,2922.123264,49.25,92.0,4053.794816,4053.794816
few50__resnet18_imagenet__seed43,resnet18_imagenet,few50,43,complete,,runs/2026-09-12/few50__resnet18_imagenet__seed43,prepare_test_clean,0.004675235948525369,0.009999999999999343,0,,,,,,,,
few50__resnet18_imagenet__seed43,resnet18_imagenet,few50,43,complete,,runs/2026-09-12/few50__resnet18_imagenet__seed43,evaluate_test_clean,0.4123835329664871,0.3799999999999968,2,94.8,99.3,2932.301824,2940.329984,30.0,30.0,4053.794816,4053.794816
few50__resnet18_imagenet__seed43,resnet18_imagenet,few50,43,complete,,runs/2026-09-12/few50__resnet18_imagenet__seed43,inference_batch1,0.17020512907765806,0.17999999999999705,0,,,,,,,,
few50__resnet18_imagenet__seed43,resnet18_imagenet,few50,43,complete,,runs/2026-09-12/few50__resnet18_imagenet__seed43,explanations,0.1269823929760605,0.12000000000000677,1,98.2,98.2,2957.381632,2957.381632,30.0,30.0,4053.794816,4053.794816
few50__yolo11n__seed42,yolo11n,few50,42,complete,,runs/2026-09-12/few50__yolo11n__seed42,read_data,0.01400129811372608,0.02000000000000013,0,,,,,,,,
few50__yolo11n__seed42,yolo11n,few50,42,complete,,runs/2026-09-12/few50__yolo11n__seed42,prepare_pipeline,3.52215942600742,3.6200000000000006,18,102.84444444444445,149.3,746.594304,770.039808,54.94444444444444,58.0,0.0,0.0
few50__yolo11n__seed42,yolo11n,few50,42,complete,,runs/2026-09-12/few50__yolo11n__seed42,build_model,0.9866713481023908,0.9999999999999994,5,100.62,104.0,859.2269312000001,913.932288,52.4,54.0,0.0,0.0
few50__yolo11n__seed42,yolo11n,few50,42,complete,,runs/2026-09-12/few50__yolo11n__seed42,fit,39.56291913194582,133.17000000000002,194,339.0438144329897,446.7,2416.1093357525774,2722.861056,55.07216494845361,68.0,556.6857553814432,681.5744
few50__yolo11n__seed42,yolo11n,few50,42,complete,,runs/2026-09-12/few50__yolo11n__seed42,save_model,0.04638588801026344,0.1399999999999828,0,,,,,,,,
few50__yolo11n__seed42,yolo11n,few50,42,complete,,runs/2026-09-12/few50__yolo11n__seed42,warmup,0.07294624205678701,0.18000000000000327,0,,,,,,,,
few50__yolo11n__seed42,yolo11n,few50,42,complete,,runs/2026-09-12/few50__yolo11n__seed42,evaluate_train,0.25269623997155577,0.25999999999998735,2,159.5,220.1,2642.55488,2642.55488,55.0,63.0,397.410304,411.041792
few50__yolo11n__seed42,yolo11n,few50,42,complete,,runs/2026-09-12/few50__yolo11n__seed42,prepare_val_clean,0.005302652018144727,0.00999999999997847,0,,,,,,,,
few50__yolo11n__seed42,yolo11n,few50,42,complete,,runs/2026-09-12/few50__yolo11n__seed42,evaluate_val_clean,0.27241258998401463,0.2699999999999978,2,99.3,99.3,2643.103744,2643.103744,63.0,63.0,411.041792,411.041792
few50__yolo11n__seed42,yolo11n,few50,42,complete,,runs/2026-09-12/few50__yolo11n__seed42,prepare_test_clean,0.0068235479993745685,0.010000000000016662,0,,,,,,,,
few50__yolo11n__seed42,yolo11n,few50,42,complete,,runs/2026-09-12/few50__yolo11n__seed42,evaluate_test_clean,0.2575993509963155,0.25999999999998824,1,104.4,104.4,2653.917184,2653.917184,55.0,55.0,411.041792,411.041792
few50__yolo11n__seed42,yolo11n,few50,42,complete,,runs/2026-09-12/few50__yolo11n__seed42,inference_batch1,0.20761476701591164,0.2099999999999964,1,98.9,98.9,2676.854784,2676.854784,55.0,55.0,411.041792,411.041792
few50__yolo11n__seed42,yolo11n,few50,42,complete,,runs/2026-09-12/few50__yolo11n__seed42,explanations,0.00044453598093241453,-1.1546319456101628e-14,0,,,,,,,,
few50__yolo11n__seed43,yolo11n,few50,43,complete,,runs/2026-09-12/few50__yolo11n__seed43,read_data,0.010489079053513706,0.02000000000000013,0,,,,,,,,
few50__yolo11n__seed43,yolo11n,few50,43,complete,,runs/2026-09-12/few50__yolo11n__seed43,prepare_pipeline,3.399738820968196,3.5200000000000005,17,103.38235294117646,154.0,747.471329882353,769.80224,34.64705882352941,53.0,0.0,0.0
few50__yolo11n__seed43,yolo11n,few50,43,complete,,runs/2026-09-12/few50__yolo11n__seed43,build_model,0.8813487299485132,0.8900000000000009,4,100.65,104.5,846.998528,898.752512,39.0,53.0,0.0,0.0
few50__yolo11n__seed43,yolo11n,few50,43,complete,,runs/2026-09-12/few50__yolo11n__seed43,fit,35.84132791694719,123.46,178,344.0713483146067,472.4,2397.400374651685,2689.37216,39.07865168539326,70.0,554.8380850337078,681.5744
few50__yolo11n__seed43,yolo11n,few50,43,complete,,runs/2026-09-12/few50__yolo11n__seed43,save_model,0.04777934995945543,0.14999999999998792,0,,,,,,,,
few50__yolo11n__seed43,yolo11n,few50,43,complete,,runs/2026-09-12/few50__yolo11n__seed43,warmup,0.06121910398360342,0.15000000000000213,0,,,,,,,,
few50__yolo11n__seed43,yolo11n,few50,43,complete,,runs/2026-09-12/few50__yolo11n__seed43,evaluate_train,0.22019646991975605,0.23000000000001464,1,231.5,231.5,2609.700864,2609.700864,34.0,34.0,411.041792,411.041792
few50__yolo11n__seed43,yolo11n,few50,43,complete,,runs/2026-09-12/few50__yolo11n__seed43,prepare_val_clean,0.004762758035212755,7.105427357601002e-15,0,,,,,,,,
few50__yolo11n__seed43,yolo11n,few50,43,complete,,runs/2026-09-12/few50__yolo11n__seed43,evaluate_val_clean,0.2364288680255413,0.2400000000000162,1,99.3,99.3,2610.315264,2610.315264,51.0,51.0,411.041792,411.041792
few50__yolo11n__seed43,yolo11n,few50,43,complete,,runs/2026-09-12/few50__yolo11n__seed43,prepare_test_clean,0.004946134053170681,0.00999999999999801,0,,,,,,,,
few50__yolo11n__seed43,yolo11n,few50,43,complete,,runs/2026-09-12/few50__yolo11n__seed43,evaluate_test_clean,0.21369833499193192,0.21000000000001506,1,99.4,99.4,2616.803328,2616.803328,51.0,51.0,411.041792,411.041792
few50__yolo11n__seed43,yolo11n,few50,43,complete,,runs/2026-09-12/few50__yolo11n__seed43,inference_batch1,0.16086258098948747,0.1699999999999946,0,,,,,,,,
few50__yolo11n__seed43,yolo11n,few50,43,complete,,runs/2026-09-12/few50__yolo11n__seed43,explanations,0.0003382139839231968,-2.6645352591003757e-15,0,,,,,,,,
few50__yolo11n_random__seed42,yolo11n_random,few50,42,complete,,runs/2026-09-12/few50__yolo11n_random__seed42,read_data,0.009817685931921005,0.009999999999999898,0,,,,,,,,
few50__yolo11n_random__seed42,yolo11n_random,few50,42,complete,,runs/2026-09-12/few50__yolo11n_random__seed42,prepare_pipeline,3.0485818840097636,3.1999999999999997,15,104.16,153.5,748.1556992000001,769.65888,30.0,31.0,0.0,0.0
few50__yolo11n_random__seed42,yolo11n_random,few50,42,complete,,runs/2026-09-12/few50__yolo11n_random__seed42,build_model,0.0700113569619134,0.19000000000000017,1,94.5,94.5,777.40032,777.40032,31.0,31.0,0.0,0.0
few50__yolo11n_random__seed42,yolo11n_random,few50,42,complete,,runs/2026-09-12/few50__yolo11n_random__seed42,fit,58.10525686503388,202.40999999999997,287,349.48222996515676,456.2,2402.6089307874563,2731.70432,35.822299651567945,46.0,636.8619502160277,840.957952
few50__yolo11n_random__seed42,yolo11n_random,few50,42,complete,,runs/2026-09-12/few50__yolo11n_random__seed42,save_model,0.02797578601166606,0.1100000000000021,0,,,,,,,,
few50__yolo11n_random__seed42,yolo11n_random,few50,42,complete,,runs/2026-09-12/few50__yolo11n_random__seed42,warmup,0.052046775934286416,0.1299999999999839,0,,,,,,,,
few50__yolo11n_random__seed42,yolo11n_random,few50,42,complete,,runs/2026-09-12/few50__yolo11n_random__seed42,evaluate_train,0.20665236504282802,0.19999999999997708,1,204.9,204.9,2651.471872,2651.471872,32.0,32.0,411.041792,411.041792
few50__yolo11n_random__seed42,yolo11n_random,few50,42,complete,,runs/2026-09-12/few50__yolo11n_random__seed42,prepare_val_clean,0.004324104986153543,-1.1546319456101628e-14,0,,,,,,,,
few50__yolo11n_random__seed42,yolo11n_random,few50,42,complete,,runs/2026-09-12/few50__yolo11n_random__seed42,evaluate_val_clean,0.22011820506304502,0.24000000000002597,1,100.8,100.8,2652.008448,2652.008448,32.0,32.0,411.041792,411.041792
few50__yolo11n_random__seed42,yolo11n_random,few50,42,complete,,runs/2026-09-12/few50__yolo11n_random__seed42,prepare_test_clean,0.0044205490266904235,7.993605777301127e-15,0,,,,,,,,
few50__yolo11n_random__seed42,yolo11n_random,few50,42,complete,,runs/2026-09-12/few50__yolo11n_random__seed42,evaluate_test_clean,0.19654627097770572,0.20000000000002505,1,99.4,99.4,2684.440576,2684.440576,32.0,32.0,411.041792,411.041792
few50__yolo11n_random__seed42,yolo11n_random,few50,42,complete,,runs/2026-09-12/few50__yolo11n_random__seed42,inference_batch1,0.14883338392246515,0.15000000000001368,0,,,,,,,,
few50__yolo11n_random__seed42,yolo11n_random,few50,42,complete,,runs/2026-09-12/few50__yolo11n_random__seed42,explanations,0.0003350520273670554,7.993605777301127e-15,1,99.2,99.2,2685.816832,2685.816832,37.0,37.0,411.041792,411.041792
few50__yolo11n_random__seed43,yolo11n_random,few50,43,complete,,runs/2026-09-12/few50__yolo11n_random__seed43,read_data,0.009736292995512486,0.019999999999999962,0,,,,,,,,
few50__yolo11n_random__seed43,yolo11n_random,few50,43,complete,,runs/2026-09-12/few50__yolo11n_random__seed43,prepare_pipeline,3.077087944955565,3.2099999999999995,16,103.44375,156.1,749.8524160000001,773.578752,31.1875,37.0,0.0,0.0
few50__yolo11n_random__seed43,yolo11n_random,few50,43,complete,,runs/2026-09-12/few50__yolo11n_random__seed43,build_model,0.07358720595948398,0.20000000000000007,0,,,,,,,,
few50__yolo11n_random__seed43,yolo11n_random,few50,43,complete,,runs/2026-09-12/few50__yolo11n_random__seed43,fit,61.47106111701578,215.06,304,350.6065789473684,505.9,2409.8722762105263,2721.660928,36.21052631578947,50.0,648.4545751578947,882.900992
few50__yolo11n_random__seed43,yolo11n_random,few50,43,complete,,runs/2026-09-12/few50__yolo11n_random__seed43,save_model,0.03298286802601069,0.12000000000001343,0,,,,,,,,
few50__yolo11n_random__seed43,yolo11n_random,few50,43,complete,,runs/2026-09-12/few50__yolo11n_random__seed43,warmup,0.05427698604762554,0.15000000000001457,0,,,,,,,,
few50__yolo11n_random__seed43,yolo11n_random,few50,43,complete,,runs/2026-09-12/few50__yolo11n_random__seed43,evaluate_train,0.19658969389274716,0.1900000000000066,1,212.9,212.9,2642.087936,2642.087936,35.0,35.0,408.94464,408.94464
few50__yolo11n_random__seed43,yolo11n_random,few50,43,complete,,runs/2026-09-12/few50__yolo11n_random__seed43,prepare_val_clean,0.004397029988467693,0.009999999999990905,0,,,,,,,,
few50__yolo11n_random__seed43,yolo11n_random,few50,43,complete,,runs/2026-09-12/few50__yolo11n_random__seed43,evaluate_val_clean,0.21371594700030982,0.21000000000000796,1,100.5,100.5,2642.706432,2642.706432,25.0,25.0,408.94464,408.94464
few50__yolo11n_random__seed43,yolo11n_random,few50,43,complete,,runs/2026-09-12/few50__yolo11n_random__seed43,prepare_test_clean,0.004339369013905525,0.009999999999982023,0,,,,,,,,
few50__yolo11n_random__seed43,yolo11n_random,few50,43,complete,,runs/2026-09-12/few50__yolo11n_random__seed43,evaluate_test_clean,0.20058684307150543,0.20000000000000817,1,104.4,104.4,2675.146752,2675.146752,25.0,25.0,408.94464,408.94464
few50__yolo11n_random__seed43,yolo11n_random,few50,43,complete,,runs/2026-09-12/few50__yolo11n_random__seed43,inference_batch1,0.1516067209886387,0.15000000000001634,1,99.2,99.2,2676.457472,2676.457472,45.0,45.0,408.94464,408.94464
few50__yolo11n_random__seed43,yolo11n_random,few50,43,complete,,runs/2026-09-12/few50__yolo11n_random__seed43,explanations,0.00032300292514264584,1.0658141036401503e-14,0,,,,,,,,
few5__polygarbor__seed42,polygarbor,few5,42,complete,,runs/2026-09-12/few5__polygarbor__seed42,read_data,0.00523526594042778,0.02000000000000013,0,,,,,,,,
few5__polygarbor__seed42,polygarbor,few5,42,complete,,runs/2026-09-12/few5__polygarbor__seed42,build_model,0.0002989700296893716,1.1102230246251565e-16,0,,,,,,,,
few5__polygarbor__seed42,polygarbor,few5,42,complete,,runs/2026-09-12/few5__polygarbor__seed42,extract_features,0.29213039902970195,0.29000000000000015,1,103.4,103.4,251.887616,251.887616,61.0,61.0,0.0,0.0
few5__polygarbor__seed42,polygarbor,few5,42,complete,,runs/2026-09-12/few5__polygarbor__seed42,fit,0.01206963905133307,0.009999999999999898,0,,,,,,,,
few5__polygarbor__seed42,polygarbor,few5,42,complete,,runs/2026-09-12/few5__polygarbor__seed42,save_model,0.0016162770334631205,-1.1102230246251565e-16,0,,,,,,,,
few5__polygarbor__seed42,polygarbor,few5,42,complete,,runs/2026-09-12/few5__polygarbor__seed42,warmup,0.0174748080316931,0.019999999999999907,0,,,,,,,,
few5__polygarbor__seed42,polygarbor,few5,42,complete,,runs/2026-09-12/few5__polygarbor__seed42,evaluate_train,0.23575109406374395,0.2400000000000001,1,99.4,99.4,253.300736,253.300736,61.0,61.0,0.0,0.0
few5__polygarbor__seed42,polygarbor,few5,42,complete,,runs/2026-09-12/few5__polygarbor__seed42,prepare_val_clean,0.005061416071839631,0.009999999999999731,0,,,,,,,,
few5__polygarbor__seed42,polygarbor,few5,42,complete,,runs/2026-09-12/few5__polygarbor__seed42,evaluate_val_clean,2.9778729459503666,2.9799999999999995,15,100.52666666666667,105.7,314.2052522666666,330.38336,59.8,65.0,0.0,0.0
few5__polygarbor__seed42,polygarbor,few5,42,complete,,runs/2026-09-12/few5__polygarbor__seed42,prepare_test_clean,0.00521851796656847,0.010000000000000897,0,,,,,,,,
few5__polygarbor__seed42,polygarbor,few5,42,complete,,runs/2026-09-12/few5__polygarbor__seed42,evaluate_test_clean,3.0114802949829027,3.0199999999999996,15,100.42666666666668,104.4,357.3243904,373.600256,57.8,64.0,0.0,0.0
few5__polygarbor__seed42,polygarbor,few5,42,complete,,runs/2026-09-12/few5__polygarbor__seed42,inference_batch1,0.3193226739531383,0.3199999999999996,1,99.4,99.4,384.147456,384.147456,63.0,63.0,0.0,0.0
few5__polygarbor__seed42,polygarbor,few5,42,complete,,runs/2026-09-12/few5__polygarbor__seed42,explanations,0.00040300190448760986,-6.661338147750939e-16,0,,,,,,,,
few5__polygarbor__seed43,polygarbor,few5,43,complete,,runs/2026-09-12/few5__polygarbor__seed43,read_data,0.00579822389408946,-1.1102230246251565e-16,0,,,,,,,,
few5__polygarbor__seed43,polygarbor,few5,43,complete,,runs/2026-09-12/few5__polygarbor__seed43,build_model,0.00033105595503002405,-1.1102230246251565e-16,0,,,,,,,,
few5__polygarbor__seed43,polygarbor,few5,43,complete,,runs/2026-09-12/few5__polygarbor__seed43,extract_features,0.29869475204031914,0.30000000000000016,1,93.5,93.5,251.609088,251.609088,59.0,59.0,0.0,0.0
few5__polygarbor__seed43,polygarbor,few5,43,complete,,runs/2026-09-12/few5__polygarbor__seed43,fit,0.012110449955798686,0.009999999999999898,0,,,,,,,,
few5__polygarbor__seed43,polygarbor,few5,43,complete,,runs/2026-09-12/few5__polygarbor__seed43,save_model,0.0015626340173184872,-1.1102230246251565e-16,0,,,,,,,,
few5__polygarbor__seed43,polygarbor,few5,43,complete,,runs/2026-09-12/few5__polygarbor__seed43,warmup,0.019887116039171815,0.019999999999999907,0,,,,,,,,
few5__polygarbor__seed43,polygarbor,few5,43,complete,,runs/2026-09-12/few5__polygarbor__seed43,evaluate_train,0.28322289988864213,0.28000000000000014,2,102.0,104.4,252.239872,252.821504,59.0,59.0,0.0,0.0
few5__polygarbor__seed43,polygarbor,few5,43,complete,,runs/2026-09-12/few5__polygarbor__seed43,prepare_val_clean,0.0058885469334200025,-2.220446049250313e-16,0,,,,,,,,
few5__polygarbor__seed43,polygarbor,few5,43,complete,,runs/2026-09-12/few5__polygarbor__seed43,evaluate_val_clean,3.0733553289901465,3.080000000000001,15,100.43333333333334,104.6,313.9660458666666,329.445376,51.266666666666666,58.0,0.0,0.0
few5__polygarbor__seed43,polygarbor,few5,43,complete,,runs/2026-09-12/few5__polygarbor__seed43,prepare_test_clean,0.005171532044187188,-2.220446049250313e-16,0,,,,,,,,
few5__polygarbor__seed43,polygarbor,few5,43,complete,,runs/2026-09-12/few5__polygarbor__seed43,evaluate_test_clean,2.917687584995292,2.9300000000000006,14,100.50714285714285,104.6,357.71538285714286,373.41184,56.07142857142857,64.0,0.0,0.0
few5__polygarbor__seed43,polygarbor,few5,43,complete,,runs/2026-09-12/few5__polygarbor__seed43,inference_batch1,0.2845524239819497,0.2799999999999985,1,99.4,99.4,383.901696,383.901696,58.0,58.0,0.0,0.0
few5__polygarbor__seed43,polygarbor,few5,43,complete,,runs/2026-09-12/few5__polygarbor__seed43,explanations,0.00034905201755464077,-8.881784197001252e-16,0,,,,,,,,
few5__polygarbor_aug__seed42,polygarbor_aug,few5,42,complete,,runs/2026-09-12/few5__polygarbor_aug__seed42,read_data,0.0038415839662775397,0.009999999999999898,0,,,,,,,,
few5__polygarbor_aug__seed42,polygarbor_aug,few5,42,complete,,runs/2026-09-12/few5__polygarbor_aug__seed42,build_model,0.000244591967202723,-5.551115123125783e-17,0,,,,,,,,
few5__polygarbor_aug__seed42,polygarbor_aug,few5,42,complete,,runs/2026-09-12/few5__polygarbor_aug__seed42,extract_features,0.7545199519954622,0.7500000000000002,3,101.03333333333335,103.8,255.04563199999998,255.062016,32.0,32.0,0.0,0.0
few5__polygarbor_aug__seed42,polygarbor_aug,few5,42,complete,,runs/2026-09-12/few5__polygarbor_aug__seed42,fit,0.016801433986984193,0.020000000000000184,0,,,,,,,,
few5__polygarbor_aug__seed42,polygarbor_aug,few5,42,complete,,runs/2026-09-12/few5__polygarbor_aug__seed42,save_model,0.00187985401134938,1.6653345369377348e-16,0,,,,,,,,
few5__polygarbor_aug__seed42,polygarbor_aug,few5,42,complete,,runs/2026-09-12/few5__polygarbor_aug__seed42,warmup,0.019478720030747354,0.02999999999999997,0,,,,,,,,
few5__polygarbor_aug__seed42,polygarbor_aug,few5,42,complete,,runs/2026-09-12/few5__polygarbor_aug__seed42,evaluate_train,0.275816204957664,0.26999999999999996,2,101.9,104.6,255.827968,256.647168,32.0,32.0,0.0,0.0
few5__polygarbor_aug__seed42,polygarbor_aug,few5,42,complete,,runs/2026-09-12/few5__polygarbor_aug__seed42,prepare_val_clean,0.0052824519807472825,0.009999999999999731,0,,,,,,,,
few5__polygarbor_aug__seed42,polygarbor_aug,few5,42,complete,,runs/2026-09-12/few5__polygarbor_aug__seed42,evaluate_val_clean,2.944946701056324,2.96,15,100.42,104.6,316.72729599999997,333.29152,27.133333333333333,35.0,0.0,0.0
few5__polygarbor_aug__seed42,polygarbor_aug,few5,42,complete,,runs/2026-09-12/few5__polygarbor_aug__seed42,prepare_test_clean,0.004306846996769309,2.220446049250313e-16,0,,,,,,,,
few5__polygarbor_aug__seed42,polygarbor_aug,few5,42,complete,,runs/2026-09-12/few5__polygarbor_aug__seed42,evaluate_test_clean,2.9680953279603273,2.9800000000000004,15,100.32666666666664,104.6,361.3417472,377.32352,33.333333333333336,34.0,0.0,0.0
few5__polygarbor_aug__seed42,polygarbor_aug,few5,42,complete,,runs/2026-09-12/few5__polygarbor_aug__seed42,inference_batch1,0.30429733206983656,0.3100000000000003,2,99.5,104.6,387.039232,387.039232,37.5,41.0,0.0,0.0
few5__polygarbor_aug__seed42,polygarbor_aug,few5,42,complete,,runs/2026-09-12/few5__polygarbor_aug__seed42,explanations,0.0003156240563839674,-2.220446049250313e-16,0,,,,,,,,
few5__polygarbor_aug__seed43,polygarbor_aug,few5,43,complete,,runs/2026-09-12/few5__polygarbor_aug__seed43,read_data,0.005734912003390491,0.01000000000000012,0,,,,,,,,
few5__polygarbor_aug__seed43,polygarbor_aug,few5,43,complete,,runs/2026-09-12/few5__polygarbor_aug__seed43,build_model,0.00028234696947038174,1.1102230246251565e-16,0,,,,,,,,
few5__polygarbor_aug__seed43,polygarbor_aug,few5,43,complete,,runs/2026-09-12/few5__polygarbor_aug__seed43,extract_features,0.7982064760290086,0.7999999999999999,4,100.6,103.6,254.983168,255.000576,34.5,35.0,0.0,0.0
few5__polygarbor_aug__seed43,polygarbor_aug,few5,43,complete,,runs/2026-09-12/few5__polygarbor_aug__seed43,fit,0.01686765905469656,0.02000000000000013,0,,,,,,,,
few5__polygarbor_aug__seed43,polygarbor_aug,few5,43,complete,,runs/2026-09-12/few5__polygarbor_aug__seed43,save_model,0.001838788972236216,1.1102230246251565e-16,0,,,,,,,,
few5__polygarbor_aug__seed43,polygarbor_aug,few5,43,complete,,runs/2026-09-12/few5__polygarbor_aug__seed43,warmup,0.019612284959293902,0.029999999999999916,0,,,,,,,,
few5__polygarbor_aug__seed43,polygarbor_aug,few5,43,complete,,runs/2026-09-12/few5__polygarbor_aug__seed43,evaluate_train,0.25906519999261945,0.25000000000000033,1,99.4,99.4,256.22528,256.22528,34.0,34.0,0.0,0.0
few5__polygarbor_aug__seed43,polygarbor_aug,few5,43,complete,,runs/2026-09-12/few5__polygarbor_aug__seed43,prepare_val_clean,0.004427389008924365,-5.551115123125783e-17,0,,,,,,,,
few5__polygarbor_aug__seed43,polygarbor_aug,few5,43,complete,,runs/2026-09-12/few5__polygarbor_aug__seed43,evaluate_val_clean,2.914795755990781,2.9300000000000006,15,100.09333333333332,104.6,317.05006080000004,333.651968,36.0,36.0,0.0,0.0
few5__polygarbor_aug__seed43,polygarbor_aug,few5,43,complete,,runs/2026-09-12/few5__polygarbor_aug__seed43,prepare_test_clean,0.0043296810472384095,-2.220446049250313e-16,0,,,,,,,,
few5__polygarbor_aug__seed43,polygarbor_aug,few5,43,complete,,runs/2026-09-12/few5__polygarbor_aug__seed43,evaluate_test_clean,2.999857796006836,3.0100000000000007,15,100.23333333333332,103.8,361.2751189333333,377.352192,34.733333333333334,36.0,0.0,0.0
few5__polygarbor_aug__seed43,polygarbor_aug,few5,43,complete,,runs/2026-09-12/few5__polygarbor_aug__seed43,inference_batch1,0.2986184009350836,0.3000000000000007,2,99.15,99.5,386.994176,386.994176,34.0,34.0,0.0,0.0
few5__polygarbor_aug__seed43,polygarbor_aug,few5,43,complete,,runs/2026-09-12/few5__polygarbor_aug__seed43,explanations,0.00031030294485390186,0.0,0,,,,,,,,
few5__polygarbor_p3__seed42,polygarbor_p3,few5,42,complete,,runs/2026-09-12/few5__polygarbor_p3__seed42,read_data,0.0037853450048714876,1.1102230246251565e-16,0,,,,,,,,
few5__polygarbor_p3__seed42,polygarbor_p3,few5,42,complete,,runs/2026-09-12/few5__polygarbor_p3__seed42,build_model,0.00025683396961539984,1.1102230246251565e-16,0,,,,,,,,
few5__polygarbor_p3__seed42,polygarbor_p3,few5,42,complete,,runs/2026-09-12/few5__polygarbor_p3__seed42,extract_features,0.28528004395775497,0.2799999999999999,1,93.8,93.8,254.500864,254.500864,20.0,20.0,0.0,0.0
few5__polygarbor_p3__seed42,polygarbor_p3,few5,42,complete,,runs/2026-09-12/few5__polygarbor_p3__seed42,fit,0.04678558395244181,0.18999999999999984,0,,,,,,,,
few5__polygarbor_p3__seed42,polygarbor_p3,few5,42,complete,,runs/2026-09-12/few5__polygarbor_p3__seed42,save_model,0.0027902310248464346,0.010000000000000175,0,,,,,,,,
few5__polygarbor_p3__seed42,polygarbor_p3,few5,42,complete,,runs/2026-09-12/few5__polygarbor_p3__seed42,warmup,0.04339952196460217,0.1700000000000001,0,,,,,,,,
few5__polygarbor_p3__seed42,polygarbor_p3,few5,42,complete,,runs/2026-09-12/few5__polygarbor_p3__seed42,evaluate_train,0.5600464890012518,0.6799999999999999,3,166.79999999999998,268.4,257.58242133333334,258.224128,21.333333333333332,24.0,0.0,0.0
few5__polygarbor_p3__seed42,polygarbor_p3,few5,42,complete,,runs/2026-09-12/few5__polygarbor_p3__seed42,prepare_val_clean,0.004303495981730521,-5.551115123125783e-17,0,,,,,,,,
few5__polygarbor_p3__seed42,polygarbor_p3,few5,42,complete,,runs/2026-09-12/few5__polygarbor_p3__seed42,evaluate_val_clean,6.639980313950218,6.66,33,100.08787878787878,104.5,318.6823292121212,335.62624,33.121212121212125,59.0,0.0,0.0
few5__polygarbor_p3__seed42,polygarbor_p3,few5,42,complete,,runs/2026-09-12/few5__polygarbor_p3__seed42,prepare_test_clean,0.004309249925427139,0.009999999999999787,0,,,,,,,,
few5__polygarbor_p3__seed42,polygarbor_p3,few5,42,complete,,runs/2026-09-12/few5__polygarbor_p3__seed42,evaluate_test_clean,6.691026852000505,6.720000000000001,33,100.39999999999999,104.6,362.53336048484846,379.162624,26.060606060606062,46.0,0.0,0.0
few5__polygarbor_p3__seed42,polygarbor_p3,few5,42,complete,,runs/2026-09-12/few5__polygarbor_p3__seed42,inference_batch1,0.6594269729685038,0.6600000000000008,3,99.33333333333333,99.5,388.81826133333334,388.829184,21.666666666666668,23.0,0.0,0.0
few5__polygarbor_p3__seed42,polygarbor_p3,few5,42,complete,,runs/2026-09-12/few5__polygarbor_p3__seed42,explanations,0.0003294639755040407,6.661338147750939e-16,0,,,,,,,,
few5__polygarbor_p3__seed43,polygarbor_p3,few5,43,complete,,runs/2026-09-12/few5__polygarbor_p3__seed43,read_data,0.003565651015378535,-1.1102230246251565e-16,0,,,,,,,,
few5__polygarbor_p3__seed43,polygarbor_p3,few5,43,complete,,runs/2026-09-12/few5__polygarbor_p3__seed43,build_model,0.00027711200527846813,-1.1102230246251565e-16,0,,,,,,,,
few5__polygarbor_p3__seed43,polygarbor_p3,few5,43,complete,,runs/2026-09-12/few5__polygarbor_p3__seed43,extract_features,0.28502937697339803,0.28000000000000014,1,97.9,97.9,254.304256,254.304256,36.0,36.0,0.0,0.0
few5__polygarbor_p3__seed43,polygarbor_p3,few5,43,complete,,runs/2026-09-12/few5__polygarbor_p3__seed43,fit,0.04735919495578855,0.17999999999999983,0,,,,,,,,
few5__polygarbor_p3__seed43,polygarbor_p3,few5,43,complete,,runs/2026-09-12/few5__polygarbor_p3__seed43,save_model,0.0028816909762099385,0.009999999999999898,0,,,,,,,,
few5__polygarbor_p3__seed43,polygarbor_p3,few5,43,complete,,runs/2026-09-12/few5__polygarbor_p3__seed43,warmup,0.04307226510718465,0.18000000000000005,0,,,,,,,,
few5__polygarbor_p3__seed43,polygarbor_p3,few5,43,complete,,runs/2026-09-12/few5__polygarbor_p3__seed43,evaluate_train,0.5402735919924453,0.6599999999999998,3,165.13333333333333,272.7,258.019328,258.043904,36.0,36.0,0.0,0.0
few5__polygarbor_p3__seed43,polygarbor_p3,few5,43,complete,,runs/2026-09-12/few5__polygarbor_p3__seed43,prepare_val_clean,0.00456122902687639,0.010000000000000175,0,,,,,,,,
few5__polygarbor_p3__seed43,polygarbor_p3,few5,43,complete,,runs/2026-09-12/few5__polygarbor_p3__seed43,evaluate_val_clean,6.588388717034832,6.6000000000000005,33,100.21515151515152,104.5,318.7667316363636,336.007168,34.90909090909091,36.0,0.0,0.0
few5__polygarbor_p3__seed43,polygarbor_p3,few5,43,complete,,runs/2026-09-12/few5__polygarbor_p3__seed43,prepare_test_clean,0.004338450962677598,0.010000000000000231,0,,,,,,,,
few5__polygarbor_p3__seed43,polygarbor_p3,few5,43,complete,,runs/2026-09-12/few5__polygarbor_p3__seed43,evaluate_test_clean,6.853221780038439,6.859999999999999,34,100.31764705882354,104.6,363.4065167058824,379.63776,34.588235294117645,46.0,0.0,0.0
few5__polygarbor_p3__seed43,polygarbor_p3,few5,43,complete,,runs/2026-09-12/few5__polygarbor_p3__seed43,inference_batch1,0.6866444250335917,0.6899999999999993,4,102.54999999999998,107.4,388.829184,388.829184,42.5,46.0,0.0,0.0
few5__polygarbor_p3__seed43,polygarbor_p3,few5,43,complete,,runs/2026-09-12/few5__polygarbor_p3__seed43,explanations,0.0003089559031650424,-4.440892098500626e-16,0,,,,,,,,
few5__polygarbor_p3_aug__seed42,polygarbor_p3_aug,few5,42,complete,,runs/2026-09-12/few5__polygarbor_p3_aug__seed42,read_data,0.0038152079796418548,0.009999999999999898,0,,,,,,,,
few5__polygarbor_p3_aug__seed42,polygarbor_p3_aug,few5,42,complete,,runs/2026-09-12/few5__polygarbor_p3_aug__seed42,build_model,0.00024940306320786476,-5.551115123125783e-17,0,,,,,,,,
few5__polygarbor_p3_aug__seed42,polygarbor_p3_aug,few5,42,complete,,runs/2026-09-12/few5__polygarbor_p3_aug__seed42,extract_features,1.037489078938961,1.04,5,100.32000000000001,103.7,255.03170559999998,255.090688,38.8,40.0,0.0,0.0
few5__polygarbor_p3_aug__seed42,polygarbor_p3_aug,few5,42,complete,,runs/2026-09-12/few5__polygarbor_p3_aug__seed42,fit,0.2092163689667359,0.8300000000000003,1,345.4,345.4,282.263552,282.263552,40.0,40.0,0.0,0.0
few5__polygarbor_p3_aug__seed42,polygarbor_p3_aug,few5,42,complete,,runs/2026-09-12/few5__polygarbor_p3_aug__seed42,save_model,0.00790207798127085,0.02999999999999975,0,,,,,,,,
few5__polygarbor_p3_aug__seed42,polygarbor_p3_aug,few5,42,complete,,runs/2026-09-12/few5__polygarbor_p3_aug__seed42,warmup,0.08043158508371562,0.32000000000000023,0,,,,,,,,
few5__polygarbor_p3_aug__seed42,polygarbor_p3_aug,few5,42,complete,,runs/2026-09-12/few5__polygarbor_p3_aug__seed42,evaluate_train,1.0828104759566486,4.340000000000001,5,399.96000000000004,401.9,282.370048,282.370048,34.4,40.0,0.0,0.0
few5__polygarbor_p3_aug__seed42,polygarbor_p3_aug,few5,42,complete,,runs/2026-09-12/few5__polygarbor_p3_aug__seed42,prepare_val_clean,0.004378458950668573,4.440892098500626e-16,0,,,,,,,,
few5__polygarbor_p3_aug__seed42,polygarbor_p3_aug,few5,42,complete,,runs/2026-09-12/few5__polygarbor_p3_aug__seed42,evaluate_val_clean,12.638419525930658,50.52,62,397.98225806451615,407.8,330.02046761290325,347.037696,31.741935483870968,49.0,0.0,0.0
few5__polygarbor_p3_aug__seed42,polygarbor_p3_aug,few5,42,complete,,runs/2026-09-12/few5__polygarbor_p3_aug__seed42,prepare_test_clean,0.0045654160203412175,0.009999999999995124,0,,,,,,,,
few5__polygarbor_p3_aug__seed42,polygarbor_p3_aug,few5,42,complete,,runs/2026-09-12/few5__polygarbor_p3_aug__seed42,evaluate_test_clean,11.410311347921379,45.61999999999999,57,395.7035087719299,405.2,370.05635368421053,386.514944,33.719298245614034,38.0,0.0,0.0
few5__polygarbor_p3_aug__seed42,polygarbor_p3_aug,few5,42,complete,,runs/2026-09-12/few5__polygarbor_p3_aug__seed42,inference_batch1,1.1349970940500498,4.499999999999999,5,383.78000000000003,402.9,393.568256,393.568256,36.8,37.0,0.0,0.0
few5__polygarbor_p3_aug__seed42,polygarbor_p3_aug,few5,42,complete,,runs/2026-09-12/few5__polygarbor_p3_aug__seed42,explanations,0.0003487400244921446,4.551914400963142e-15,0,,,,,,,,
few5__polygarbor_p3_aug__seed43,polygarbor_p3_aug,few5,43,complete,,runs/2026-09-12/few5__polygarbor_p3_aug__seed43,read_data,0.0037324329605326056,1.1102230246251565e-16,0,,,,,,,,
few5__polygarbor_p3_aug__seed43,polygarbor_p3_aug,few5,43,complete,,runs/2026-09-12/few5__polygarbor_p3_aug__seed43,build_model,0.00025256501976400614,1.1102230246251565e-16,0,,,,,,,,
few5__polygarbor_p3_aug__seed43,polygarbor_p3_aug,few5,43,complete,,runs/2026-09-12/few5__polygarbor_p3_aug__seed43,extract_features,1.0222513619810343,1.0299999999999998,5,100.35999999999999,104.6,254.72040959999998,255.03744,34.4,35.0,0.0,0.0
few5__polygarbor_p3_aug__seed43,polygarbor_p3_aug,few5,43,complete,,runs/2026-09-12/few5__polygarbor_p3_aug__seed43,fit,0.18169808306265622,0.7100000000000002,1,362.7,362.7,278.409216,278.409216,32.0,32.0,0.0,0.0
few5__polygarbor_p3_aug__seed43,polygarbor_p3_aug,few5,43,complete,,runs/2026-09-12/few5__polygarbor_p3_aug__seed43,save_model,0.007674538064748049,0.02999999999999975,0,,,,,,,,
few5__polygarbor_p3_aug__seed43,polygarbor_p3_aug,few5,43,complete,,runs/2026-09-12/few5__polygarbor_p3_aug__seed43,warmup,0.0671941910404712,0.26999999999999996,0,,,,,,,,
few5__polygarbor_p3_aug__seed43,polygarbor_p3_aug,few5,43,complete,,runs/2026-09-12/few5__polygarbor_p3_aug__seed43,evaluate_train,0.896951979957521,3.59,4,399.84999999999997,401.9,278.486016,278.495232,32.5,34.0,0.0,0.0
few5__polygarbor_p3_aug__seed43,polygarbor_p3_aug,few5,43,complete,,runs/2026-09-12/few5__polygarbor_p3_aug__seed43,prepare_val_clean,0.004468573024496436,0.0,0,,,,,,,,
few5__polygarbor_p3_aug__seed43,polygarbor_p3_aug,few5,43,complete,,runs/2026-09-12/few5__polygarbor_p3_aug__seed43,evaluate_val_clean,10.682884189998731,42.7,52,399.3326923076923,409.2,329.54265599999997,346.415104,34.82692307692308,44.0,0.0,0.0
few5__polygarbor_p3_aug__seed43,polygarbor_p3_aug,few5,43,complete,,runs/2026-09-12/few5__polygarbor_p3_aug__seed43,prepare_test_clean,0.004453981993719935,-2.886579864025407e-15,0,,,,,,,,
few5__polygarbor_p3_aug__seed43,polygarbor_p3_aug,few5,43,complete,,runs/2026-09-12/few5__polygarbor_p3_aug__seed43,evaluate_test_clean,11.642020869068801,46.550000000000004,58,395.60517241379307,406.6,368.30087944827585,385.503232,37.6551724137931,48.0,0.0,0.0
few5__polygarbor_p3_aug__seed43,polygarbor_p3_aug,few5,43,complete,,runs/2026-09-12/few5__polygarbor_p3_aug__seed43,inference_batch1,1.0625042240135372,4.209999999999993,5,369.56000000000006,401.3,390.57408,390.57408,34.6,35.0,0.0,0.0
few5__polygarbor_p3_aug__seed43,polygarbor_p3_aug,few5,43,complete,,runs/2026-09-12/few5__polygarbor_p3_aug__seed43,explanations,0.0004468810511752963,-5.551115123125783e-16,0,,,,,,,,
few5__polygarbor_p5__seed42,polygarbor_p5,few5,42,complete,,runs/2026-09-12/few5__polygarbor_p5__seed42,read_data,0.0033786779968068004,-1.1102230246251565e-16,0,,,,,,,,
few5__polygarbor_p5__seed42,polygarbor_p5,few5,42,complete,,runs/2026-09-12/few5__polygarbor_p5__seed42,build_model,0.00024815788492560387,0.01000000000000012,0,,,,,,,,
few5__polygarbor_p5__seed42,polygarbor_p5,few5,42,complete,,runs/2026-09-12/few5__polygarbor_p5__seed42,extract_features,0.39808951795566827,0.3899999999999998,1,103.5,103.5,254.513152,254.513152,50.0,50.0,0.0,0.0
few5__polygarbor_p5__seed42,polygarbor_p5,few5,42,complete,,runs/2026-09-12/few5__polygarbor_p5__seed42,fit,0.18913284898735583,0.7499999999999999,1,99.5,99.5,255.77472,255.77472,50.0,50.0,0.0,0.0
few5__polygarbor_p5__seed42,polygarbor_p5,few5,42,complete,,runs/2026-09-12/few5__polygarbor_p5__seed42,save_model,0.005651999963447452,0.019999999999999962,0,,,,,,,,
few5__polygarbor_p5__seed42,polygarbor_p5,few5,42,complete,,runs/2026-09-12/few5__polygarbor_p5__seed42,warmup,0.10345019400119781,0.4199999999999999,1,391.7,391.7,272.4864,272.4864,50.0,50.0,0.0,0.0
few5__polygarbor_p5__seed42,polygarbor_p5,few5,42,complete,,runs/2026-09-12/few5__polygarbor_p5__seed42,evaluate_train,1.3371308819623664,5.36,6,401.34999999999997,404.2,272.543744,272.543744,37.166666666666664,38.0,0.0,0.0
few5__polygarbor_p5__seed42,polygarbor_p5,few5,42,complete,,runs/2026-09-12/few5__polygarbor_p5__seed42,prepare_val_clean,0.004818544955924153,8.326672684688674e-16,0,,,,,,,,
few5__polygarbor_p5__seed42,polygarbor_p5,few5,42,complete,,runs/2026-09-12/few5__polygarbor_p5__seed42,evaluate_val_clean,17.052588223014027,68.21000000000001,84,398.2226190476191,406.9,328.60208761904767,345.796608,27.083333333333332,50.0,0.0,0.0
few5__polygarbor_p5__seed42,polygarbor_p5,few5,42,complete,,runs/2026-09-12/few5__polygarbor_p5__seed42,prepare_test_clean,0.004465473000891507,0.009999999999992015,0,,,,,,,,
few5__polygarbor_p5__seed42,polygarbor_p5,few5,42,complete,,runs/2026-09-12/few5__polygarbor_p5__seed42,evaluate_test_clean,16.664227850036696,66.65,82,398.05731707317074,405.4,371.74197073170734,388.681728,26.451219512195124,65.0,0.0,0.0
few5__polygarbor_p5__seed42,polygarbor_p5,few5,42,complete,,runs/2026-09-12/few5__polygarbor_p5__seed42,inference_batch1,1.7052376269130036,6.790000000000005,9,375.22222222222223,407.3,393.46176,393.46176,23.555555555555557,33.0,0.0,0.0
few5__polygarbor_p5__seed42,polygarbor_p5,few5,42,complete,,runs/2026-09-12/few5__polygarbor_p5__seed42,explanations,0.00040105904918164015,4.551914400963142e-15,0,,,,,,,,
few5__polygarbor_p5__seed43,polygarbor_p5,few5,43,complete,,runs/2026-09-12/few5__polygarbor_p5__seed43,read_data,0.0036941119469702244,1.1102230246251565e-16,0,,,,,,,,
few5__polygarbor_p5__seed43,polygarbor_p5,few5,43,complete,,runs/2026-09-12/few5__polygarbor_p5__seed43,build_model,0.0002528220647946,1.1102230246251565e-16,0,,,,,,,,
few5__polygarbor_p5__seed43,polygarbor_p5,few5,43,complete,,runs/2026-09-12/few5__polygarbor_p5__seed43,extract_features,0.41293694404885173,0.42000000000000004,2,101.35,103.4,254.296064,254.332928,30.0,30.0,0.0,0.0
few5__polygarbor_p5__seed43,polygarbor_p5,few5,43,complete,,runs/2026-09-12/few5__polygarbor_p5__seed43,fit,0.17643231293186545,0.6900000000000001,0,,,,,,,,
few5__polygarbor_p5__seed43,polygarbor_p5,few5,43,complete,,runs/2026-09-12/few5__polygarbor_p5__seed43,save_model,0.006033398094587028,0.020000000000000184,0,,,,,,,,
few5__polygarbor_p5__seed43,polygarbor_p5,few5,43,complete,,runs/2026-09-12/few5__polygarbor_p5__seed43,warmup,0.0956285580759868,0.38000000000000006,1,373.1,373.1,266.227712,266.227712,36.0,36.0,0.0,0.0
few5__polygarbor_p5__seed43,polygarbor_p5,few5,43,complete,,runs/2026-09-12/few5__polygarbor_p5__seed43,evaluate_train,1.3452882369747385,5.390000000000001,7,399.7,407.4,266.289152,266.289152,36.857142857142854,38.0,0.0,0.0
few5__polygarbor_p5__seed43,polygarbor_p5,few5,43,complete,,runs/2026-09-12/few5__polygarbor_p5__seed43,prepare_val_clean,0.004495006054639816,0.009999999999999065,0,,,,,,,,
few5__polygarbor_p5__seed43,polygarbor_p5,few5,43,complete,,runs/2026-09-12/few5__polygarbor_p5__seed43,evaluate_val_clean,15.374751670053229,61.46999999999999,76,397.7842105263158,408.3,324.353024,341.58592,34.9078947368421,41.0,0.0,0.0
few5__polygarbor_p5__seed43,polygarbor_p5,few5,43,complete,,runs/2026-09-12/few5__polygarbor_p5__seed43,prepare_test_clean,0.004485448938794434,0.010000000000006226,0,,,,,,,,
few5__polygarbor_p5__seed43,polygarbor_p5,few5,43,complete,,runs/2026-09-12/few5__polygarbor_p5__seed43,evaluate_test_clean,15.057063514948823,60.209999999999994,74,397.8175675675676,407.7,368.99159178378375,385.6384,35.445945945945944,39.0,0.0,0.0
few5__polygarbor_p5__seed43,polygarbor_p5,few5,43,complete,,runs/2026-09-12/few5__polygarbor_p5__seed43,inference_batch1,1.5166703240247443,6.030000000000005,8,371.26250000000005,401.0,390.975488,390.975488,34.625,36.0,0.0,0.0
few5__polygarbor_p5__seed43,polygarbor_p5,few5,43,complete,,runs/2026-09-12/few5__polygarbor_p5__seed43,explanations,0.0003355590160936117,-5.662137425588298e-15,0,,,,,,,,
few5__resnet18__seed42,resnet18,few5,42,complete,,runs/2026-09-12/few5__resnet18__seed42,read_data,0.0050946029368788,0.01000000000000012,0,,,,,,,,
few5__resnet18__seed42,resnet18,few5,42,complete,,runs/2026-09-12/few5__resnet18__seed42,build_model,3.20911298005376,3.3000000000000007,14,102.99285714285712,143.3,779.567104,1074.159616,58.42857142857143,70.0,39.39649828571429,148.897792
few5__resnet18__seed42,resnet18,few5,42,complete,,runs/2026-09-12/few5__resnet18__seed42,prepare_pipeline,1.085138202062808,1.1700000000000004,5,109.5,124.0,1093.5771135999998,1099.431936,51.8,56.0,266.338304,266.338304
few5__resnet18__seed42,resnet18,few5,42,complete,,runs/2026-09-12/few5__resnet18__seed42,fit,37.70829234505072,42.73000000000001,186,113.36612903225806,906.9,2045.18719311828,2348.191744,69.6989247311828,97.0,3402.1668445591395,4240.441344
few5__resnet18__seed42,resnet18,few5,42,complete,,runs/2026-09-12/few5__resnet18__seed42,save_model,0.22334443405270576,0.23999999999999755,1,99.3,99.3,2258.173952,2258.173952,80.0,80.0,4240.441344,4240.441344
few5__resnet18__seed42,resnet18,few5,42,complete,,runs/2026-09-12/few5__resnet18__seed42,warmup,0.7571923360228539,0.7300000000000058,4,99.82499999999999,108.1,2276.363264,2304.069632,76.0,80.0,4240.441344,4240.441344
few5__resnet18__seed42,resnet18,few5,42,complete,,runs/2026-09-12/few5__resnet18__seed42,evaluate_train,0.5858245929703116,0.599999999999997,3,100.93333333333332,104.1,2332.479488,2340.704256,64.0,64.0,4240.441344,4240.441344
few5__resnet18__seed42,resnet18,few5,42,complete,,runs/2026-09-12/few5__resnet18__seed42,prepare_val_clean,0.006123378989286721,0.009999999999999787,0,,,,,,,,
few5__resnet18__seed42,resnet18,few5,42,complete,,runs/2026-09-12/few5__resnet18__seed42,evaluate_val_clean,0.8011342460522428,0.7900000000000009,4,99.22500000000001,104.2,2360.926208,2361.188352,59.0,59.0,4240.441344,4240.441344
few5__resnet18__seed42,resnet18,few5,42,complete,,runs/2026-09-12/few5__resnet18__seed42,prepare_test_clean,0.005718166008591652,-8.881784197001252e-16,0,,,,,,,,
few5__resnet18__seed42,resnet18,few5,42,complete,,runs/2026-09-12/few5__resnet18__seed42,evaluate_test_clean,0.48989655496552587,0.4900000000000011,2,97.75,98.5,2382.333952,2389.450752,96.0,96.0,4240.441344,4240.441344
few5__resnet18__seed42,resnet18,few5,42,complete,,runs/2026-09-12/few5__resnet18__seed42,inference_batch1,0.21126650494989008,0.2200000000000042,1,103.4,103.4,2405.113856,2405.113856,59.0,59.0,4240.441344,4240.441344
few5__resnet18__seed42,resnet18,few5,42,complete,,runs/2026-09-12/few5__resnet18__seed42,explanations,0.14854421804193407,0.16000000000000014,1,98.4,98.4,2408.742912,2408.742912,59.0,59.0,4240.441344,4240.441344
few5__resnet18__seed43,resnet18,few5,43,complete,,runs/2026-09-12/few5__resnet18__seed43,read_data,0.0060927909798920155,0.019999999999999907,0,,,,,,,,
few5__resnet18__seed43,resnet18,few5,43,complete,,runs/2026-09-12/few5__resnet18__seed43,build_model,3.2652693239506334,3.3599999999999994,14,104.10714285714288,143.2,777.7932434285714,1074.036736,63.214285714285715,69.0,38.797312,140.509184
few5__resnet18__seed43,resnet18,few5,43,complete,,runs/2026-09-12/few5__resnet18__seed43,prepare_pipeline,1.0602251780219376,1.1400000000000008,5,107.72,119.3,1091.3177600000001,1095.479296,53.8,69.0,266.338304,266.338304
few5__resnet18__seed43,resnet18,few5,43,complete,,runs/2026-09-12/few5__resnet18__seed43,fit,25.617966728983447,29.450000000000003,126,114.92539682539682,1010.2,1910.0422989206343,2332.106752,62.62698412698413,98.0,2942.004662857143,4152.36096
few5__resnet18__seed43,resnet18,few5,43,complete,,runs/2026-09-12/few5__resnet18__seed43,save_model,0.24139368103351444,0.25000000000000266,2,106.25,109.3,2273.349632,2303.066112,80.0,80.0,4152.36096,4152.36096
few5__resnet18__seed43,resnet18,few5,43,complete,,runs/2026-09-12/few5__resnet18__seed43,warmup,0.7219831690890715,0.7000000000000024,3,98.76666666666667,108.3,2270.4018773333332,2296.56576,57.0,57.0,4152.36096,4152.36096
few5__resnet18__seed43,resnet18,few5,43,complete,,runs/2026-09-12/few5__resnet18__seed43,evaluate_train,0.6002820949070156,0.6100000000000003,3,99.3,104.3,2320.516437333333,2329.505792,67.0,87.0,4152.36096,4152.36096
few5__resnet18__seed43,resnet18,few5,43,complete,,runs/2026-09-12/few5__resnet18__seed43,prepare_val_clean,0.00607694499194622,0.0,0,,,,,,,,
few5__resnet18__seed43,resnet18,few5,43,complete,,runs/2026-09-12/few5__resnet18__seed43,evaluate_val_clean,0.776104266056791,0.759999999999998,4,97.775,99.2,2350.0892160000003,2350.477312,80.5,87.0,4152.36096,4152.36096
few5__resnet18__seed43,resnet18,few5,43,complete,,runs/2026-09-12/few5__resnet18__seed43,prepare_test_clean,0.007692596060223877,0.009999999999997122,0,,,,,,,,
few5__resnet18__seed43,resnet18,few5,43,complete,,runs/2026-09-12/few5__resnet18__seed43,evaluate_test_clean,0.49747668602503836,0.4900000000000011,3,99.13333333333333,99.3,2374.3337813333333,2388.017152,70.33333333333333,74.0,4152.36096,4152.36096
few5__resnet18__seed43,resnet18,few5,43,complete,,runs/2026-09-12/few5__resnet18__seed43,inference_batch1,0.22156415495555848,0.2199999999999971,1,96.1,96.1,2394.112,2394.112,63.0,63.0,4152.36096,4152.36096
few5__resnet18__seed43,resnet18,few5,43,complete,,runs/2026-09-12/few5__resnet18__seed43,explanations,0.18408888403791934,0.19000000000000306,1,103.0,103.0,2395.045888,2395.045888,63.0,63.0,4152.36096,4152.36096
few5__resnet18_imagenet__seed42,resnet18_imagenet,few5,42,complete,,runs/2026-09-12/few5__resnet18_imagenet__seed42,read_data,0.003860265016555786,-1.1102230246251565e-16,0,,,,,,,,
few5__resnet18_imagenet__seed42,resnet18_imagenet,few5,42,complete,,runs/2026-09-12/few5__resnet18_imagenet__seed42,build_model,4.624871421023272,4.77,20,103.51500000000001,139.0,1043.3964032,1542.79936,31.05,34.0,140.29946879999997,266.338304
few5__resnet18_imagenet__seed42,resnet18_imagenet,few5,42,complete,,runs/2026-09-12/few5__resnet18_imagenet__seed42,prepare_pipeline,0.7258019250584766,0.8100000000000003,3,112.53333333333335,118.8,1516.019712,1516.343296,32.0,32.0,266.338304,266.338304
few5__resnet18_imagenet__seed42,resnet18_imagenet,few5,42,complete,,runs/2026-09-12/few5__resnet18_imagenet__seed42,fit,21.655242409091443,24.96,108,115.22870370370372,635.8,2338.542629925926,2701.922304,44.583333333333336,98.0,2967.56717037037,4001.366016
few5__resnet18_imagenet__seed42,resnet18_imagenet,few5,42,complete,,runs/2026-09-12/few5__resnet18_imagenet__seed42,save_model,0.15173244196921587,0.17000000000000215,0,,,,,,,,
few5__resnet18_imagenet__seed42,resnet18_imagenet,few5,42,complete,,runs/2026-09-12/few5__resnet18_imagenet__seed42,warmup,0.5174378880765289,0.49999999999999467,3,100.16666666666667,104.1,2628.657152,2658.402304,58.666666666666664,71.0,4001.366016,4001.366016
few5__resnet18_imagenet__seed42,resnet18_imagenet,few5,42,complete,,runs/2026-09-12/few5__resnet18_imagenet__seed42,evaluate_train,0.5509000329766423,0.5600000000000014,3,99.39999999999999,104.3,2683.037013333333,2691.633152,34.0,34.0,4001.366016,4001.366016
few5__resnet18_imagenet__seed42,resnet18_imagenet,few5,42,complete,,runs/2026-09-12/few5__resnet18_imagenet__seed42,prepare_val_clean,0.0052225700346753,4.440892098500626e-16,0,,,,,,,,
few5__resnet18_imagenet__seed42,resnet18_imagenet,few5,42,complete,,runs/2026-09-12/few5__resnet18_imagenet__seed42,evaluate_val_clean,0.6769828399410471,0.649999999999999,3,95.76666666666667,98.7,2711.337642666667,2711.552,28.0,28.0,4001.366016,4001.366016
few5__resnet18_imagenet__seed42,resnet18_imagenet,few5,42,complete,,runs/2026-09-12/few5__resnet18_imagenet__seed42,prepare_test_clean,0.004659313941374421,0.009999999999994458,0,,,,,,,,
few5__resnet18_imagenet__seed42,resnet18_imagenet,few5,42,complete,,runs/2026-09-12/few5__resnet18_imagenet__seed42,evaluate_test_clean,0.42344068200327456,0.379999999999999,3,92.46666666666665,99.1,2733.2512426666667,2749.3376,44.0,52.0,4001.366016,4001.366016
few5__resnet18_imagenet__seed42,resnet18_imagenet,few5,42,complete,,runs/2026-09-12/few5__resnet18_imagenet__seed42,inference_batch1,0.16773909295443445,0.15999999999999925,1,104.1,104.1,2747.22816,2747.22816,52.0,52.0,4001.366016,4001.366016
few5__resnet18_imagenet__seed42,resnet18_imagenet,few5,42,complete,,runs/2026-09-12/few5__resnet18_imagenet__seed42,explanations,0.12424855399876833,0.13000000000000522,1,104.2,104.2,2750.03392,2750.03392,52.0,52.0,4001.366016,4001.366016
few5__resnet18_imagenet__seed43,resnet18_imagenet,few5,43,complete,,runs/2026-09-12/few5__resnet18_imagenet__seed43,read_data,0.003730820957571268,0.02000000000000013,0,,,,,,,,
few5__resnet18_imagenet__seed43,resnet18_imagenet,few5,43,complete,,runs/2026-09-12/few5__resnet18_imagenet__seed43,build_model,4.591582609922625,4.7299999999999995,19,102.87368421052632,122.2,1044.0619924210525,1542.918144,31.63157894736842,33.0,140.2884311578947,266.338304
few5__resnet18_imagenet__seed43,resnet18_imagenet,few5,43,complete,,runs/2026-09-12/few5__resnet18_imagenet__seed43,prepare_pipeline,0.7399841609876603,0.8099999999999996,3,112.33333333333333,124.1,1517.1706880000002,1517.981696,30.0,34.0,266.338304,266.338304
few5__resnet18_imagenet__seed43,resnet18_imagenet,few5,43,complete,,runs/2026-09-12/few5__resnet18_imagenet__seed43,fit,46.832161511993036,53.629999999999995,233,114.4862660944206,691.3,2530.1831416309014,2712.28928,57.48497854077253,98.0,3522.1802849785413,4001.366016
few5__resnet18_imagenet__seed43,resnet18_imagenet,few5,43,complete,,runs/2026-09-12/few5__resnet18_imagenet__seed43,save_model,0.16594650596380234,0.17000000000000037,1,99.5,99.5,2663.288832,2663.288832,69.0,69.0,4001.366016,4001.366016
few5__resnet18_imagenet__seed43,resnet18_imagenet,few5,43,complete,,runs/2026-09-12/few5__resnet18_imagenet__seed43,warmup,0.5391557200346142,0.5300000000000011,2,96.85,104.3,2635.3500160000003,2659.856384,69.0,69.0,4001.366016,4001.366016
few5__resnet18_imagenet__seed43,resnet18_imagenet,few5,43,complete,,runs/2026-09-12/few5__resnet18_imagenet__seed43,evaluate_train,0.5532895229989663,0.5599999999999961,3,102.63333333333333,104.3,2685.7458346666667,2694.545408,77.33333333333333,94.0,4001.366016,4001.366016
few5__resnet18_imagenet__seed43,resnet18_imagenet,few5,43,complete,,runs/2026-09-12/few5__resnet18_imagenet__seed43,prepare_val_clean,0.0047615739749744534,0.010000000000000675,0,,,,,,,,
few5__resnet18_imagenet__seed43,resnet18_imagenet,few5,43,complete,,runs/2026-09-12/few5__resnet18_imagenet__seed43,evaluate_val_clean,0.6763535370118916,0.6400000000000103,4,96.65,103.9,2714.8042240000004,2715.648,78.0,94.0,4001.366016,4001.366016
few5__resnet18_imagenet__seed43,resnet18_imagenet,few5,43,complete,,runs/2026-09-12/few5__resnet18_imagenet__seed43,prepare_test_clean,0.004423978039994836,0.009999999999994458,0,,,,,,,,
few5__resnet18_imagenet__seed43,resnet18_imagenet,few5,43,complete,,runs/2026-09-12/few5__resnet18_imagenet__seed43,evaluate_test_clean,0.4067031859885901,0.3800000000000061,2,93.85,94.1,2739.675136,2747.772928,62.0,62.0,4001.366016,4001.366016
few5__resnet18_imagenet__seed43,resnet18_imagenet,few5,43,complete,,runs/2026-09-12/few5__resnet18_imagenet__seed43,inference_batch1,0.17401319404598325,0.16999999999999726,1,101.2,101.2,2750.881792,2750.881792,32.0,32.0,4001.366016,4001.366016
few5__resnet18_imagenet__seed43,resnet18_imagenet,few5,43,complete,,runs/2026-09-12/few5__resnet18_imagenet__seed43,explanations,0.1330526820383966,0.12999999999998924,1,98.0,98.0,2750.951424,2750.951424,32.0,32.0,4001.366016,4001.366016
few5__yolo11n__seed42,yolo11n,few5,42,complete,,runs/2026-09-12/few5__yolo11n__seed42,read_data,0.005258555058389902,1.1102230246251565e-16,0,,,,,,,,
few5__yolo11n__seed42,yolo11n,few5,42,complete,,runs/2026-09-12/few5__yolo11n__seed42,prepare_pipeline,2.2748606640379876,2.4099999999999993,12,105.24166666666667,149.4,659.2768,676.82304,59.75,62.0,0.0,0.0
few5__yolo11n__seed42,yolo11n,few5,42,complete,,runs/2026-09-12/few5__yolo11n__seed42,build_model,0.9473073850385845,0.9600000000000005,4,99.975,103.9,756.284416,804.913152,60.75,61.0,0.0,0.0
few5__yolo11n__seed42,yolo11n,few5,42,complete,,runs/2026-09-12/few5__yolo11n__seed42,fit,38.189543004962616,127.08,188,334.081914893617,506.1,2325.208107574468,2603.790336,59.515957446808514,71.0,635.3143502978724,840.957952
few5__yolo11n__seed42,yolo11n,few5,42,complete,,runs/2026-09-12/few5__yolo11n__seed42,save_model,0.03868822904769331,0.12999999999998835,0,,,,,,,,
few5__yolo11n__seed42,yolo11n,few5,42,complete,,runs/2026-09-12/few5__yolo11n__seed42,warmup,0.07100215007085353,0.1700000000000088,0,,,,,,,,
few5__yolo11n__seed42,yolo11n,few5,42,complete,,runs/2026-09-12/few5__yolo11n__seed42,evaluate_train,0.06130455492530018,0.06000000000000938,1,219.1,219.1,2549.3504,2549.3504,55.0,55.0,486.539264,486.539264
few5__yolo11n__seed42,yolo11n,few5,42,complete,,runs/2026-09-12/few5__yolo11n__seed42,prepare_val_clean,0.005639582057483494,3.552713678800501e-15,0,,,,,,,,
few5__yolo11n__seed42,yolo11n,few5,42,complete,,runs/2026-09-12/few5__yolo11n__seed42,evaluate_val_clean,0.28271670592948794,0.2899999999999956,2,100.0,100.6,2576.1935359999998,2577.354752,46.0,46.0,486.539264,486.539264
few5__yolo11n__seed42,yolo11n,few5,42,complete,,runs/2026-09-12/few5__yolo11n__seed42,prepare_test_clean,0.005193871911615133,-5.329070518200751e-15,0,,,,,,,,
few5__yolo11n__seed42,yolo11n,few5,42,complete,,runs/2026-09-12/few5__yolo11n__seed42,evaluate_test_clean,0.23861234809737653,0.23999999999997534,1,99.2,99.2,2598.047744,2598.047744,46.0,46.0,486.539264,486.539264
few5__yolo11n__seed42,yolo11n,few5,42,complete,,runs/2026-09-12/few5__yolo11n__seed42,inference_batch1,0.21147095796186477,0.22000000000001219,1,98.2,98.2,2618.216448,2618.216448,60.0,60.0,486.539264,486.539264
few5__yolo11n__seed42,yolo11n,few5,42,complete,,runs/2026-09-12/few5__yolo11n__seed42,explanations,0.0004265260649845004,1.3322676295501878e-14,0,,,,,,,,
few5__yolo11n__seed43,yolo11n,few5,43,complete,,runs/2026-09-12/few5__yolo11n__seed43,read_data,0.005327189923264086,-1.1102230246251565e-16,0,,,,,,,,
few5__yolo11n__seed43,yolo11n,few5,43,complete,,runs/2026-09-12/few5__yolo11n__seed43,prepare_pipeline,2.176528376992792,2.259999999999999,11,104.54545454545455,144.3,658.8270778181819,675.209216,51.36363636363637,53.0,0.0,0.0
few5__yolo11n__seed43,yolo11n,few5,43,complete,,runs/2026-09-12/few5__yolo11n__seed43,build_model,0.9833354490110651,0.9999999999999997,5,100.41999999999999,104.2,762.8341247999999,819.945472,56.6,59.0,0.0,0.0
few5__yolo11n__seed43,yolo11n,few5,43,complete,,runs/2026-09-12/few5__yolo11n__seed43,fit,33.07546758209355,107.96000000000001,162,328.7679012345679,461.2,2306.5319348148146,2629.271552,63.27160493827161,74.0,614.5820444444444,801.112064
few5__yolo11n__seed43,yolo11n,few5,43,complete,,runs/2026-09-12/few5__yolo11n__seed43,save_model,0.04770797409582883,0.14999999999999503,0,,,,,,,,
few5__yolo11n__seed43,yolo11n,few5,43,complete,,runs/2026-09-12/few5__yolo11n__seed43,warmup,0.08320487604942173,0.19000000000000128,1,231.7,231.7,2573.099008,2573.099008,64.0,64.0,476.053504,476.053504
few5__yolo11n__seed43,yolo11n,few5,43,complete,,runs/2026-09-12/few5__yolo11n__seed43,evaluate_train,0.07105885806959122,0.06999999999998785,0,,,,,,,,
few5__yolo11n__seed43,yolo11n,few5,43,complete,,runs/2026-09-12/few5__yolo11n__seed43,prepare_val_clean,0.006994434981606901,0.009999999999990017,1,105.0,105.0,2573.647872,2573.647872,75.0,75.0,476.053504,476.053504
few5__yolo11n__seed43,yolo11n,few5,43,complete,,runs/2026-09-12/few5__yolo11n__seed43,evaluate_val_clean,0.29658495902549475,0.29000000000000536,1,98.7,98.7,2573.647872,2573.647872,75.0,75.0,476.053504,476.053504
few5__yolo11n__seed43,yolo11n,few5,43,complete,,runs/2026-09-12/few5__yolo11n__seed43,prepare_test_clean,0.004948869929648936,4.440892098500626e-15,0,,,,,,,,
few5__yolo11n__seed43,yolo11n,few5,43,complete,,runs/2026-09-12/few5__yolo11n__seed43,evaluate_test_clean,0.2563798089977354,0.26000000000000956,1,104.4,104.4,2599.596032,2599.596032,69.0,69.0,476.053504,476.053504
few5__yolo11n__seed43,yolo11n,few5,43,complete,,runs/2026-09-12/few5__yolo11n__seed43,inference_batch1,0.23754525103140622,0.24000000000000465,1,104.0,104.0,2607.394816,2607.394816,69.0,69.0,476.053504,476.053504
few5__yolo11n__seed43,yolo11n,few5,43,complete,,runs/2026-09-12/few5__yolo11n__seed43,explanations,0.0004059450002387166,-4.440892098500626e-15,0,,,,,,,,
few5__yolo11n_random__seed42,yolo11n_random,few5,42,complete,,runs/2026-09-12/few5__yolo11n_random__seed42,read_data,0.004221529001370072,1.1102230246251565e-16,0,,,,,,,,
few5__yolo11n_random__seed42,yolo11n_random,few5,42,complete,,runs/2026-09-12/few5__yolo11n_random__seed42,prepare_pipeline,1.7593801120528951,1.8899999999999997,9,106.61111111111111,158.1,662.2831502222223,678.99392,32.333333333333336,34.0,0.0,0.0
few5__yolo11n_random__seed42,yolo11n_random,few5,42,complete,,runs/2026-09-12/few5__yolo11n_random__seed42,build_model,0.06834793300367892,0.18000000000000038,0,,,,,,,,
few5__yolo11n_random__seed42,yolo11n_random,few5,42,complete,,runs/2026-09-12/few5__yolo11n_random__seed42,fit,11.784034391050227,33.95,57,293.4877192982457,506.3,2153.087838315789,2601.668608,35.40350877192982,41.0,442.49907200000007,549.453824
few5__yolo11n_random__seed42,yolo11n_random,few5,42,complete,,runs/2026-09-12/few5__yolo11n_random__seed42,save_model,0.031090469914488494,0.10999999999999854,0,,,,,,,,
few5__yolo11n_random__seed42,yolo11n_random,few5,42,complete,,runs/2026-09-12/few5__yolo11n_random__seed42,warmup,0.05754413304384798,0.13999999999999968,0,,,,,,,,
few5__yolo11n_random__seed42,yolo11n_random,few5,42,complete,,runs/2026-09-12/few5__yolo11n_random__seed42,evaluate_train,0.05428705189842731,0.060000000000001386,0,,,,,,,,
few5__yolo11n_random__seed42,yolo11n_random,few5,42,complete,,runs/2026-09-12/few5__yolo11n_random__seed42,prepare_val_clean,0.00473258993588388,0.010000000000002451,0,,,,,,,,
few5__yolo11n_random__seed42,yolo11n_random,few5,42,complete,,runs/2026-09-12/few5__yolo11n_random__seed42,evaluate_val_clean,0.2171398310456425,0.2199999999999962,1,100.1,100.1,2545.99168,2545.99168,28.0,28.0,461.37344,461.37344
few5__yolo11n_random__seed42,yolo11n_random,few5,42,complete,,runs/2026-09-12/few5__yolo11n_random__seed42,prepare_test_clean,0.0046282310504466295,0.010000000000000231,0,,,,,,,,
few5__yolo11n_random__seed42,yolo11n_random,few5,42,complete,,runs/2026-09-12/few5__yolo11n_random__seed42,evaluate_test_clean,0.1973075889982283,0.18999999999999995,1,99.3,99.3,2579.74272,2579.74272,28.0,28.0,461.37344,461.37344
few5__yolo11n_random__seed42,yolo11n_random,few5,42,complete,,runs/2026-09-12/few5__yolo11n_random__seed42,inference_batch1,0.1512305970536545,0.15000000000000613,0,,,,,,,,
few5__yolo11n_random__seed42,yolo11n_random,few5,42,complete,,runs/2026-09-12/few5__yolo11n_random__seed42,explanations,0.00032902101520448923,4.440892098500626e-16,0,,,,,,,,
few5__yolo11n_random__seed43,yolo11n_random,few5,43,complete,,runs/2026-09-12/few5__yolo11n_random__seed43,read_data,0.003975775092840195,0.009999999999999898,0,,,,,,,,
few5__yolo11n_random__seed43,yolo11n_random,few5,43,complete,,runs/2026-09-12/few5__yolo11n_random__seed43,prepare_pipeline,1.780559082981199,1.9399999999999995,9,108.8111111111111,179.1,661.6582826666668,678.096896,29.666666666666668,31.0,0.0,0.0
few5__yolo11n_random__seed43,yolo11n_random,few5,43,complete,,runs/2026-09-12/few5__yolo11n_random__seed43,build_model,0.07288265810348094,0.18999999999999928,0,,,,,,,,
few5__yolo11n_random__seed43,yolo11n_random,few5,43,complete,,runs/2026-09-12/few5__yolo11n_random__seed43,fit,40.4534779980313,136.92,200,339.48,472.8,2285.24015616,2566.69696,36.625,43.0,688.9354035200001,962.592768
few5__yolo11n_random__seed43,yolo11n_random,few5,43,complete,,runs/2026-09-12/few5__yolo11n_random__seed43,save_model,0.030918562086299062,0.11000000000000476,0,,,,,,,,
few5__yolo11n_random__seed43,yolo11n_random,few5,43,complete,,runs/2026-09-12/few5__yolo11n_random__seed43,warmup,0.05384874902665615,0.13999999999997748,0,,,,,,,,
few5__yolo11n_random__seed43,yolo11n_random,few5,43,complete,,runs/2026-09-12/few5__yolo11n_random__seed43,evaluate_train,0.052417022990994155,0.05000000000000249,0,,,,,,,,
few5__yolo11n_random__seed43,yolo11n_random,few5,43,complete,,runs/2026-09-12/few5__yolo11n_random__seed43,prepare_val_clean,0.004603386973030865,8.881784197001252e-16,0,,,,,,,,
few5__yolo11n_random__seed43,yolo11n_random,few5,43,complete,,runs/2026-09-12/few5__yolo11n_random__seed43,evaluate_val_clean,0.21700347203295678,0.21999999999999975,1,99.4,99.4,2539.257856,2539.257856,33.0,33.0,494.927872,494.927872
few5__yolo11n_random__seed43,yolo11n_random,few5,43,complete,,runs/2026-09-12/few5__yolo11n_random__seed43,prepare_test_clean,0.004589264979586005,0.009999999999982911,0,,,,,,,,
few5__yolo11n_random__seed43,yolo11n_random,few5,43,complete,,runs/2026-09-12/few5__yolo11n_random__seed43,evaluate_test_clean,0.21219113597180694,0.20999999999999996,1,103.7,103.7,2566.938624,2566.938624,43.0,43.0,494.927872,494.927872
few5__yolo11n_random__seed43,yolo11n_random,few5,43,complete,,runs/2026-09-12/few5__yolo11n_random__seed43,inference_batch1,0.15066197188571095,0.1499999999999888,1,98.0,98.0,2582.765568,2582.765568,43.0,43.0,494.927872,494.927872
few5__yolo11n_random__seed43,yolo11n_random,few5,43,complete,,runs/2026-09-12/few5__yolo11n_random__seed43,explanations,0.00033360300585627556,1.1546319456101628e-14,0,,,,,,,,
full__polygarbor__seed42,polygarbor,full,42,complete,,runs/2026-09-12/full__polygarbor__seed42,read_data,0.36376863601617515,0.26000000000000006,1,78.8,78.8,489.828352,489.828352,36.0,36.0,0.0,0.0
full__polygarbor__seed42,polygarbor,full,42,complete,,runs/2026-09-12/full__polygarbor__seed42,build_model,0.00027901597786694765,0.0,0,,,,,,,,
full__polygarbor__seed42,polygarbor,full,42,complete,,runs/2026-09-12/full__polygarbor__seed42,extract_features,20.718572418903932,20.76,103,99.87766990291263,109.5,784.5752792233012,784.904192,32.10679611650485,51.0,0.0,0.0
full__polygarbor__seed42,polygarbor,full,42,complete,,runs/2026-09-12/full__polygarbor__seed42,fit,0.4696929209167138,1.8600000000000003,3,304.76666666666665,401.3,816.3464533333334,843.497472,24.666666666666668,26.0,0.0,0.0
full__polygarbor__seed42,polygarbor,full,42,complete,,runs/2026-09-12/full__polygarbor__seed42,save_model,0.021170250955037773,0.08999999999999764,0,,,,,,,,
full__polygarbor__seed42,polygarbor,full,42,complete,,runs/2026-09-12/full__polygarbor__seed42,warmup,0.08540819201152772,0.28000000000000047,0,,,,,,,,
full__polygarbor__seed42,polygarbor,full,42,complete,,runs/2026-09-12/full__polygarbor__seed42,evaluate_train,89.14445971697569,89.35,429,100.72960372960372,298.7,823.6069236363635,824.950784,36.84382284382284,62.0,0.0,0.0
full__polygarbor__seed42,polygarbor,full,42,complete,,runs/2026-09-12/full__polygarbor__seed42,prepare_val_clean,0.004789985017850995,0.009999999999996012,0,,,,,,,,
full__polygarbor__seed42,polygarbor,full,42,complete,,runs/2026-09-12/full__polygarbor__seed42,evaluate_val_clean,10.771555982995778,10.810000000000008,52,100.33076923076922,109.1,854.2430129230769,871.432192,38.38461538461539,49.0,0.0,0.0
full__polygarbor__seed42,polygarbor,full,42,complete,,runs/2026-09-12/full__polygarbor__seed42,prepare_test_clean,0.008539620088413358,0.009999999999984022,0,,,,,,,,
full__polygarbor__seed42,polygarbor,full,42,complete,,runs/2026-09-12/full__polygarbor__seed42,evaluate_test_clean,10.942355888080783,10.97000000000002,53,100.37169811320754,106.9,918.0057213584906,935.1168,34.79245283018868,37.0,0.0,0.0
full__polygarbor__seed42,polygarbor,full,42,complete,,runs/2026-09-12/full__polygarbor__seed42,prepare_test_blur,0.02824894094374031,0.11000000000001808,0,,,,,,,,
full__polygarbor__seed42,polygarbor,full,42,complete,,runs/2026-09-12/full__polygarbor__seed42,evaluate_test_blur,11.04059251700528,11.07999999999999,54,101.14629629629628,146.0,940.9986560000003,940.998656,37.44444444444444,42.0,0.0,0.0
full__polygarbor__seed42,polygarbor,full,42,complete,,runs/2026-09-12/full__polygarbor__seed42,prepare_test_noise,0.36917105910833925,0.37000000000001254,2,99.3,99.6,972.240896,974.987264,37.0,38.0,0.0,0.0
full__polygarbor__seed42,polygarbor,full,42,complete,,runs/2026-09-12/full__polygarbor__seed42,evaluate_test_noise,11.033258215989918,11.050000000000018,53,100.18301886792455,106.0,978.2945907924527,978.3296,37.75471698113208,43.0,0.0,0.0
full__polygarbor__seed42,polygarbor,full,42,complete,,runs/2026-09-12/full__polygarbor__seed42,prepare_test_brightness,0.037004939978942275,0.030000000000001137,0,,,,,,,,
full__polygarbor__seed42,polygarbor,full,42,complete,,runs/2026-09-12/full__polygarbor__seed42,evaluate_test_brightness,10.724762681988068,10.75,52,100.31730769230771,113.0,982.9382301538461,983.064576,38.07692307692308,43.0,0.0,0.0
full__polygarbor__seed42,polygarbor,full,42,complete,,runs/2026-09-12/full__polygarbor__seed42,prepare_test_color,0.0824888419592753,0.08000000000002383,0,,,,,,,,
full__polygarbor__seed42,polygarbor,full,42,complete,,runs/2026-09-12/full__polygarbor__seed42,evaluate_test_color,10.974329601973295,11.00000000000001,53,100.26415094339625,109.5,988.3141023396225,988.413952,39.132075471698116,51.0,0.0,0.0
full__polygarbor__seed42,polygarbor,full,42,complete,,runs/2026-09-12/full__polygarbor__seed42,prepare_test_jpeg,0.10234222502913326,0.09999999999999765,0,,,,,,,,
full__polygarbor__seed42,polygarbor,full,42,complete,,runs/2026-09-12/full__polygarbor__seed42,evaluate_test_jpeg,10.856125716934912,10.880000000000027,53,100.18301886792453,109.4,994.2085554716982,994.328576,40.490566037735846,56.0,0.0,0.0
full__polygarbor__seed42,polygarbor,full,42,complete,,runs/2026-09-12/full__polygarbor__seed42,prepare_test_resolution,0.04493038391228765,0.05000000000001581,0,,,,,,,,
full__polygarbor__seed42,polygarbor,full,42,complete,,runs/2026-09-12/full__polygarbor__seed42,evaluate_test_resolution,10.682003444992006,10.709999999999976,51,100.32352941176468,108.7,1000.0896401568627,1000.235008,34.372549019607845,40.0,0.0,0.0
full__polygarbor__seed42,polygarbor,full,42,complete,,runs/2026-09-12/full__polygarbor__seed42,prepare_test_occlusion,0.012190239038318396,0.010000000000006892,0,,,,,,,,
full__polygarbor__seed42,polygarbor,full,42,complete,,runs/2026-09-12/full__polygarbor__seed42,evaluate_test_occlusion,10.74003372399602,10.76999999999997,52,100.27692307692305,106.0,1005.8124996923076,1005.969408,40.11538461538461,58.0,0.0,0.0
full__polygarbor__seed42,polygarbor,full,42,complete,,runs/2026-09-12/full__polygarbor__seed42,prepare_test_rotation,0.05744890996720642,0.06000000000001027,0,,,,,,,,
full__polygarbor__seed42,polygarbor,full,42,complete,,runs/2026-09-12/full__polygarbor__seed42,evaluate_test_rotation,10.747408344992436,10.79,52,100.39423076923077,107.1,1011.4597809230769,1011.638272,40.84615384615385,50.0,0.0,0.0
full__polygarbor__seed42,polygarbor,full,42,complete,,runs/2026-09-12/full__polygarbor__seed42,inference_batch1,1.0665147739928216,1.0600000000000023,5,100.0,104.3,1011.6792320000001,1011.679232,38.0,38.0,0.0,0.0
full__polygarbor__seed42,polygarbor,full,42,complete,,runs/2026-09-12/full__polygarbor__seed42,explanations,24.039622531970963,43.87000000000003,117,184.1769230769231,403.3,1074.2283727863248,1240.313856,35.05982905982906,56.0,0.0,0.0
full__polygarbor__seed43,polygarbor,full,43,complete,,runs/2026-09-12/full__polygarbor__seed43,read_data,0.061717325006611645,0.060000000000000164,0,,,,,,,,
full__polygarbor__seed43,polygarbor,full,43,complete,,runs/2026-09-12/full__polygarbor__seed43,build_model,0.0003416569670662284,1.1102230246251565e-16,0,,,,,,,,
full__polygarbor__seed43,polygarbor,full,43,complete,,runs/2026-09-12/full__polygarbor__seed43,extract_features,19.54287151596509,19.6,97,100.29072164948454,104.6,784.8826141030927,785.158144,40.855670103092784,56.0,0.0,0.0
full__polygarbor__seed43,polygarbor,full,43,complete,,runs/2026-09-12/full__polygarbor__seed43,fit,0.40888035006355494,1.6200000000000008,2,305.25,397.1,820.834304,833.601536,43.0,43.0,0.0,0.0
full__polygarbor__seed43,polygarbor,full,43,complete,,runs/2026-09-12/full__polygarbor__seed43,save_model,0.017118813004344702,0.07000000000000073,0,,,,,,,,
full__polygarbor__seed43,polygarbor,full,43,complete,,runs/2026-09-12/full__polygarbor__seed43,warmup,0.08131961501203477,0.2899999999999976,1,403.3,403.3,810.35264,810.35264,43.0,43.0,0.0,0.0
full__polygarbor__seed43,polygarbor,full,43,complete,,runs/2026-09-12/full__polygarbor__seed43,evaluate_train,95.04920290608425,95.28000000000002,456,100.3142543859649,114.1,808.1613967719298,812.023808,44.53508771929825,64.0,0.0,0.0
full__polygarbor__seed43,polygarbor,full,43,complete,,runs/2026-09-12/full__polygarbor__seed43,prepare_val_clean,0.0049717240035533905,0.009999999999984133,0,,,,,,,,
full__polygarbor__seed43,polygarbor,full,43,complete,,runs/2026-09-12/full__polygarbor__seed43,evaluate_val_clean,11.60737236996647,11.630000000000031,56,100.38214285714285,112.7,870.4941348571429,887.271424,44.75,48.0,0.0,0.0
full__polygarbor__seed43,polygarbor,full,43,complete,,runs/2026-09-12/full__polygarbor__seed43,prepare_test_clean,0.004790626000612974,1.3655743202889425e-14,0,,,,,,,,
full__polygarbor__seed43,polygarbor,full,43,complete,,runs/2026-09-12/full__polygarbor__seed43,evaluate_test_clean,11.399260953068733,11.440000000000012,56,100.26428571428572,107.7,909.9103085714286,926.666752,48.25,52.0,0.0,0.0
full__polygarbor__seed43,polygarbor,full,43,complete,,runs/2026-09-12/full__polygarbor__seed43,prepare_test_blur,0.02840185700915754,0.1100000000000102,1,119.8,119.8,927.55968,927.55968,47.0,47.0,0.0,0.0
full__polygarbor__seed43,polygarbor,full,43,complete,,runs/2026-09-12/full__polygarbor__seed43,evaluate_test_blur,11.84962658607401,11.880000000000003,56,100.70535714285714,121.0,932.5415131428571,932.552704,47.392857142857146,63.0,0.0,0.0
full__polygarbor__seed43,polygarbor,full,43,complete,,runs/2026-09-12/full__polygarbor__seed43,prepare_test_noise,0.4275427139364183,0.4299999999999773,3,101.23333333333333,104.6,963.8406826666666,969.486336,51.666666666666664,53.0,0.0,0.0
full__polygarbor__seed43,polygarbor,full,43,complete,,runs/2026-09-12/full__polygarbor__seed43,evaluate_test_noise,11.565175454015844,11.589999999999993,56,100.24107142857143,108.3,969.8419565714286,969.936896,46.607142857142854,54.0,0.0,0.0
full__polygarbor__seed43,polygarbor,full,43,complete,,runs/2026-09-12/full__polygarbor__seed43,prepare_test_brightness,0.03771412803325802,0.04000000000003068,0,,,,,,,,
full__polygarbor__seed43,polygarbor,full,43,complete,,runs/2026-09-12/full__polygarbor__seed43,evaluate_test_brightness,11.668652519932948,11.68999999999998,56,100.22321428571429,107.6,974.4703634285714,974.630912,45.17857142857143,51.0,0.0,0.0
full__polygarbor__seed43,polygarbor,full,43,complete,,runs/2026-09-12/full__polygarbor__seed43,prepare_test_color,0.08682951610535383,0.08999999999999653,1,99.2,99.2,974.9504,974.9504,46.0,46.0,0.0,0.0
full__polygarbor__seed43,polygarbor,full,43,complete,,runs/2026-09-12/full__polygarbor__seed43,evaluate_test_color,11.94335273699835,11.97000000000002,56,100.29107142857143,107.4,979.9127771428572,980.058112,39.642857142857146,50.0,0.0,0.0
full__polygarbor__seed43,polygarbor,full,43,complete,,runs/2026-09-12/full__polygarbor__seed43,prepare_test_jpeg,0.13019278005231172,0.1299999999999999,0,,,,,,,,
full__polygarbor__seed43,polygarbor,full,43,complete,,runs/2026-09-12/full__polygarbor__seed43,evaluate_test_jpeg,11.743985338020138,11.770000000000014,57,100.2438596491228,108.1,985.9537650526316,986.112,36.70175438596491,43.0,0.0,0.0
full__polygarbor__seed43,polygarbor,full,43,complete,,runs/2026-09-12/full__polygarbor__seed43,prepare_test_resolution,0.04704901808872819,0.03999999999997961,0,,,,,,,,
full__polygarbor__seed43,polygarbor,full,43,complete,,runs/2026-09-12/full__polygarbor__seed43,evaluate_test_resolution,11.55552220204845,11.59000000000002,56,100.31964285714285,108.4,991.8025874285713,991.956992,38.535714285714285,56.0,0.0,0.0
full__polygarbor__seed43,polygarbor,full,43,complete,,runs/2026-09-12/full__polygarbor__seed43,prepare_test_occlusion,0.012921025045216084,0.009999999999998899,0,,,,,,,,
full__polygarbor__seed43,polygarbor,full,43,complete,,runs/2026-09-12/full__polygarbor__seed43,evaluate_test_occlusion,11.398099693004042,11.429999999999986,55,100.27090909090911,109.9,997.4684951272726,997.638144,38.72727272727273,44.0,0.0,0.0
full__polygarbor__seed43,polygarbor,full,43,complete,,runs/2026-09-12/full__polygarbor__seed43,prepare_test_rotation,0.05713117006234825,0.05999999999999317,0,,,,,,,,
full__polygarbor__seed43,polygarbor,full,43,complete,,runs/2026-09-12/full__polygarbor__seed43,evaluate_test_rotation,11.736926259938627,11.76000000000001,57,100.23333333333332,109.6,1003.064769122807,1003.23328,36.49122807017544,41.0,0.0,0.0
full__polygarbor__seed43,polygarbor,full,43,complete,,runs/2026-09-12/full__polygarbor__seed43,inference_batch1,1.2476646850118414,1.2600000000000022,6,100.51666666666667,103.7,1003.393024,1003.393024,54.333333333333336,55.0,0.0,0.0
full__polygarbor__seed43,polygarbor,full,43,complete,,runs/2026-09-12/full__polygarbor__seed43,explanations,24.355134065030143,44.309999999999974,119,183.1554621848739,403.4,1089.2848360336136,1223.61856,41.983193277310924,65.0,0.0,0.0
full__polygarbor_aug__seed42,polygarbor_aug,full,42,complete,,runs/2026-09-12/full__polygarbor_aug__seed42,read_data,0.07300502003636211,0.07,0,,,,,,,,
full__polygarbor_aug__seed42,polygarbor_aug,full,42,complete,,runs/2026-09-12/full__polygarbor_aug__seed42,build_model,0.0002876940416172147,0.0,0,,,,,,,,
full__polygarbor_aug__seed42,polygarbor_aug,full,42,complete,,runs/2026-09-12/full__polygarbor_aug__seed42,extract_features,86.88217247405555,87.10000000000001,432,100.22962962962963,104.6,789.5030802962964,791.92064,58.9212962962963,91.0,0.0,0.0
full__polygarbor_aug__seed42,polygarbor_aug,full,42,complete,,runs/2026-09-12/full__polygarbor_aug__seed42,fit,0.4126570359803736,1.6199999999999948,2,305.3,403.3,817.301504,818.233344,46.0,46.0,0.0,0.0
full__polygarbor_aug__seed42,polygarbor_aug,full,42,complete,,runs/2026-09-12/full__polygarbor_aug__seed42,save_model,0.018152147997170687,0.06999999999998963,0,,,,,,,,
full__polygarbor_aug__seed42,polygarbor_aug,full,42,complete,,runs/2026-09-12/full__polygarbor_aug__seed42,warmup,0.07822407991625369,0.2900000000000027,1,395.9,395.9,820.38784,820.38784,46.0,46.0,0.0,0.0
full__polygarbor_aug__seed42,polygarbor_aug,full,42,complete,,runs/2026-09-12/full__polygarbor_aug__seed42,evaluate_train,91.42606416891795,91.59999999999998,439,100.27266514806381,128.3,821.4033027790433,822.747136,63.9749430523918,85.0,0.0,0.0
full__polygarbor_aug__seed42,polygarbor_aug,full,42,complete,,runs/2026-09-12/full__polygarbor_aug__seed42,prepare_val_clean,0.006700241006910801,1.2434497875801753e-14,0,,,,,,,,
full__polygarbor_aug__seed42,polygarbor_aug,full,42,complete,,runs/2026-09-12/full__polygarbor_aug__seed42,evaluate_val_clean,12.663754917914048,12.67999999999999,61,100.18688524590165,107.7,886.4907666885244,903.651328,57.32786885245902,65.0,0.0,0.0
full__polygarbor_aug__seed42,polygarbor_aug,full,42,complete,,runs/2026-09-12/full__polygarbor_aug__seed42,prepare_test_clean,0.005165081936866045,5.773159728050814e-15,0,,,,,,,,
full__polygarbor_aug__seed42,polygarbor_aug,full,42,complete,,runs/2026-09-12/full__polygarbor_aug__seed42,evaluate_test_clean,11.420190279954113,11.449999999999994,55,100.28000000000002,108.2,906.882550690909,923.701248,56.92727272727273,73.0,0.0,0.0
full__polygarbor_aug__seed42,polygarbor_aug,full,42,complete,,runs/2026-09-12/full__polygarbor_aug__seed42,prepare_test_blur,0.05245863599702716,0.21000000000000663,0,,,,,,,,
full__polygarbor_aug__seed42,polygarbor_aug,full,42,complete,,runs/2026-09-12/full__polygarbor_aug__seed42,evaluate_test_blur,11.08168092998676,11.100000000000005,53,101.71886792452831,178.4,949.41184,949.41184,64.64150943396227,71.0,0.0,0.0
full__polygarbor_aug__seed42,polygarbor_aug,full,42,complete,,runs/2026-09-12/full__polygarbor_aug__seed42,prepare_test_noise,0.4126111719524488,0.4100000000000099,2,99.1,99.5,974.7804160000001,983.085056,65.0,65.0,0.0,0.0
full__polygarbor_aug__seed42,polygarbor_aug,full,42,complete,,runs/2026-09-12/full__polygarbor_aug__seed42,evaluate_test_noise,10.882338693947531,10.91,52,100.32692307692308,108.7,986.6803987692306,986.738688,63.67307692307692,73.0,0.0,0.0
full__polygarbor_aug__seed42,polygarbor_aug,full,42,complete,,runs/2026-09-12/full__polygarbor_aug__seed42,prepare_test_brightness,0.038238174049183726,0.03999999999998849,1,99.1,99.1,987.070464,987.070464,68.0,68.0,0.0,0.0
full__polygarbor_aug__seed42,polygarbor_aug,full,42,complete,,runs/2026-09-12/full__polygarbor_aug__seed42,evaluate_test_brightness,10.858303554006852,10.889999999999983,52,100.35769230769232,108.3,991.2389316923078,991.391744,65.84615384615384,74.0,0.0,0.0
full__polygarbor_aug__seed42,polygarbor_aug,full,42,complete,,runs/2026-09-12/full__polygarbor_aug__seed42,prepare_test_color,0.0951950839953497,0.10000000000000231,1,102.0,102.0,991.830016,991.830016,64.0,64.0,0.0,0.0
full__polygarbor_aug__seed42,polygarbor_aug,full,42,complete,,runs/2026-09-12/full__polygarbor_aug__seed42,evaluate_test_color,11.103371315984987,11.120000000000012,54,100.10555555555555,108.0,996.8994986666671,997.056512,65.03703703703704,70.0,0.0,0.0
full__polygarbor_aug__seed42,polygarbor_aug,full,42,complete,,runs/2026-09-12/full__polygarbor_aug__seed42,prepare_test_jpeg,0.11093228892423213,0.10999999999997634,0,,,,,,,,
full__polygarbor_aug__seed42,polygarbor_aug,full,42,complete,,runs/2026-09-12/full__polygarbor_aug__seed42,evaluate_test_jpeg,10.95463411801029,10.980000000000038,53,100.3245283018868,107.5,1002.7814061886795,1002.954752,64.11320754716981,74.0,0.0,0.0
full__polygarbor_aug__seed42,polygarbor_aug,full,42,complete,,runs/2026-09-12/full__polygarbor_aug__seed42,prepare_test_resolution,0.04681598604656756,0.04000000000002313,0,,,,,,,,
full__polygarbor_aug__seed42,polygarbor_aug,full,42,complete,,runs/2026-09-12/full__polygarbor_aug__seed42,evaluate_test_resolution,10.834381511900574,10.860000000000017,52,100.29615384615384,109.1,1008.7799729230769,1008.943104,60.84615384615385,70.0,0.0,0.0
full__polygarbor_aug__seed42,polygarbor_aug,full,42,complete,,runs/2026-09-12/full__polygarbor_aug__seed42,prepare_test_occlusion,0.01173792197369039,0.019999999999995133,0,,,,,,,,
full__polygarbor_aug__seed42,polygarbor_aug,full,42,complete,,runs/2026-09-12/full__polygarbor_aug__seed42,evaluate_test_occlusion,10.721236650948413,10.760000000000005,52,100.32692307692308,108.3,1023.233339076923,1023.389696,65.8076923076923,74.0,0.0,0.0
full__polygarbor_aug__seed42,polygarbor_aug,full,42,complete,,runs/2026-09-12/full__polygarbor_aug__seed42,prepare_test_rotation,0.057201136951334774,0.05999999999997918,0,,,,,,,,
full__polygarbor_aug__seed42,polygarbor_aug,full,42,complete,,runs/2026-09-12/full__polygarbor_aug__seed42,evaluate_test_rotation,10.808494255994447,10.819999999999961,52,100.31923076923076,108.6,1024.506486153846,1024.684032,62.98076923076923,72.0,0.0,0.0
full__polygarbor_aug__seed42,polygarbor_aug,full,42,complete,,runs/2026-09-12/full__polygarbor_aug__seed42,inference_batch1,1.1906630069715902,1.1899999999999773,5,100.32000000000001,106.5,1024.847872,1024.847872,68.6,73.0,0.0,0.0
full__polygarbor_aug__seed42,polygarbor_aug,full,42,complete,,runs/2026-09-12/full__polygarbor_aug__seed42,explanations,25.604768141987734,46.22999999999994,123,183.12845528455287,403.3,1080.8626367479674,1263.095808,59.49593495934959,76.0,0.0,0.0
full__polygarbor_aug__seed43,polygarbor_aug,full,43,complete,,runs/2026-09-12/full__polygarbor_aug__seed43,read_data,0.06095824798103422,0.06999999999999995,0,,,,,,,,
full__polygarbor_aug__seed43,polygarbor_aug,full,43,complete,,runs/2026-09-12/full__polygarbor_aug__seed43,build_model,0.00030129600781947374,-5.551115123125783e-17,0,,,,,,,,
full__polygarbor_aug__seed43,polygarbor_aug,full,43,complete,,runs/2026-09-12/full__polygarbor_aug__seed43,extract_features,69.69361757906154,69.91000000000001,347,100.3063400576369,104.7,789.4149621671471,791.851008,0.5763688760806917,40.0,0.0,0.0
full__polygarbor_aug__seed43,polygarbor_aug,full,43,complete,,runs/2026-09-12/full__polygarbor_aug__seed43,fit,0.3313815169967711,1.310000000000005,1,333.5,333.5,826.003456,826.003456,0.0,0.0,0.0,0.0
full__polygarbor_aug__seed43,polygarbor_aug,full,43,complete,,runs/2026-09-12/full__polygarbor_aug__seed43,save_model,0.013255209079943597,0.05000000000000249,0,,,,,,,,
full__polygarbor_aug__seed43,polygarbor_aug,full,43,complete,,runs/2026-09-12/full__polygarbor_aug__seed43,warmup,0.05633452604524791,0.2300000000000093,1,398.8,398.8,813.068288,813.068288,0.0,0.0,0.0,0.0
full__polygarbor_aug__seed43,polygarbor_aug,full,43,complete,,runs/2026-09-12/full__polygarbor_aug__seed43,evaluate_train,73.65605298406444,73.94,363,100.535261707989,181.2,814.2837844628099,815.652864,0.0,0.0,0.0,0.0
full__polygarbor_aug__seed43,polygarbor_aug,full,43,complete,,runs/2026-09-12/full__polygarbor_aug__seed43,prepare_val_clean,0.00462618307210505,1.021405182655144e-14,0,,,,,,,,
full__polygarbor_aug__seed43,polygarbor_aug,full,43,complete,,runs/2026-09-12/full__polygarbor_aug__seed43,evaluate_val_clean,9.119103666045703,9.150000000000016,44,100.275,108.2,886.409309090909,903.069696,0.0,0.0,0.0,0.0
full__polygarbor_aug__seed43,polygarbor_aug,full,43,complete,,runs/2026-09-12/full__polygarbor_aug__seed43,prepare_test_clean,0.004237701999954879,-6.661338147750939e-15,0,,,,,,,,
full__polygarbor_aug__seed43,polygarbor_aug,full,43,complete,,runs/2026-09-12/full__polygarbor_aug__seed43,evaluate_test_clean,9.061266166972928,9.089999999999996,43,100.50465116279067,109.4,926.5710199069769,943.071232,0.0,0.0,0.0,0.0
full__polygarbor_aug__seed43,polygarbor_aug,full,43,complete,,runs/2026-09-12/full__polygarbor_aug__seed43,prepare_test_blur,0.031825269921682775,0.1299999999999999,0,,,,,,,,
full__polygarbor_aug__seed43,polygarbor_aug,full,43,complete,,runs/2026-09-12/full__polygarbor_aug__seed43,evaluate_test_blur,9.15868850494735,9.180000000000012,45,101.33555555555559,148.6,949.3170858666665,949.317632,0.0,0.0,0.0,0.0
full__polygarbor_aug__seed43,polygarbor_aug,full,43,complete,,runs/2026-09-12/full__polygarbor_aug__seed43,prepare_test_noise,0.3536388500360772,0.34999999999998277,2,101.9,104.2,979.419136,981.049344,0.0,0.0,0.0,0.0
full__polygarbor_aug__seed43,polygarbor_aug,full,43,complete,,runs/2026-09-12/full__polygarbor_aug__seed43,evaluate_test_noise,9.136647779960185,9.169999999999977,45,100.26444444444448,109.5,986.6422044444446,986.673152,0.0,0.0,0.0,0.0
full__polygarbor_aug__seed43,polygarbor_aug,full,43,complete,,runs/2026-09-12/full__polygarbor_aug__seed43,prepare_test_brightness,0.03625203901901841,0.03000000000001002,0,,,,,,,,
full__polygarbor_aug__seed43,polygarbor_aug,full,43,complete,,runs/2026-09-12/full__polygarbor_aug__seed43,evaluate_test_brightness,9.174823303939775,9.199999999999998,45,100.3688888888889,105.3,991.2147968000002,991.37536,0.0,0.0,0.0,0.0
full__polygarbor_aug__seed43,polygarbor_aug,full,43,complete,,runs/2026-09-12/full__polygarbor_aug__seed43,prepare_test_color,0.07792158203665167,0.07000000000000339,0,,,,,,,,
full__polygarbor_aug__seed43,polygarbor_aug,full,43,complete,,runs/2026-09-12/full__polygarbor_aug__seed43,evaluate_test_color,9.048545658006333,9.090000000000014,44,100.30681818181819,107.7,996.791482181818,996.937728,0.0,0.0,0.0,0.0
full__polygarbor_aug__seed43,polygarbor_aug,full,43,complete,,runs/2026-09-12/full__polygarbor_aug__seed43,prepare_test_jpeg,0.09469489601906389,0.10000000000002496,1,98.2,98.2,1000.792064,1000.792064,0.0,0.0,0.0,0.0
full__polygarbor_aug__seed43,polygarbor_aug,full,43,complete,,runs/2026-09-12/full__polygarbor_aug__seed43,evaluate_test_jpeg,9.149448545998894,9.16999999999999,44,100.26136363636364,107.9,1002.6870225454546,1002.82368,0.0,0.0,0.0,0.0
full__polygarbor_aug__seed43,polygarbor_aug,full,43,complete,,runs/2026-09-12/full__polygarbor_aug__seed43,prepare_test_resolution,0.040609510033391416,0.039999999999995595,0,,,,,,,,
full__polygarbor_aug__seed43,polygarbor_aug,full,43,complete,,runs/2026-09-12/full__polygarbor_aug__seed43,evaluate_test_resolution,9.106714511988685,9.140000000000018,45,100.39777777777779,107.1,1008.6650311111114,1008.816128,0.0,0.0,0.0,0.0
full__polygarbor_aug__seed43,polygarbor_aug,full,43,complete,,runs/2026-09-12/full__polygarbor_aug__seed43,prepare_test_occlusion,0.010492049041204154,0.010000000000023768,0,,,,,,,,
full__polygarbor_aug__seed43,polygarbor_aug,full,43,complete,,runs/2026-09-12/full__polygarbor_aug__seed43,evaluate_test_occlusion,9.057783596916124,9.090000000000007,44,100.35227272727273,107.2,1014.3851985454545,1014.55872,0.0,0.0,0.0,0.0
full__polygarbor_aug__seed43,polygarbor_aug,full,43,complete,,runs/2026-09-12/full__polygarbor_aug__seed43,prepare_test_rotation,0.05093635700177401,0.06000000000000805,0,,,,,,,,
full__polygarbor_aug__seed43,polygarbor_aug,full,43,complete,,runs/2026-09-12/full__polygarbor_aug__seed43,evaluate_test_rotation,9.275722630089149,9.300000000000017,45,100.34222222222222,108.5,1019.9825521777777,1020.145664,12.688888888888888,52.0,0.0,0.0
full__polygarbor_aug__seed43,polygarbor_aug,full,43,complete,,runs/2026-09-12/full__polygarbor_aug__seed43,inference_batch1,0.9877566091017798,0.9900000000000158,5,99.18,105.1,1020.3832319999999,1020.383232,49.0,49.0,0.0,0.0
full__polygarbor_aug__seed43,polygarbor_aug,full,43,complete,,runs/2026-09-12/full__polygarbor_aug__seed43,explanations,21.804466200992465,40.660000000000025,105,188.3085714285714,403.2,1071.3204638476188,1176.33024,23.39047619047619,68.0,0.0,0.0
full__polygarbor_p3__seed42,polygarbor_p3,full,42,complete,,runs/2026-09-12/full__polygarbor_p3__seed42,read_data,0.10529818700160831,0.09000000000000008,0,,,,,,,,
full__polygarbor_p3__seed42,polygarbor_p3,full,42,complete,,runs/2026-09-12/full__polygarbor_p3__seed42,build_model,0.0006296220235526562,0.0,0,,,,,,,,
full__polygarbor_p3__seed42,polygarbor_p3,full,42,complete,,runs/2026-09-12/full__polygarbor_p3__seed42,extract_features,29.17411872697994,29.240000000000002,145,100.14689655172413,104.6,789.2617427862069,791.314432,58.00689655172414,79.0,0.0,0.0
full__polygarbor_p3__seed42,polygarbor_p3,full,42,complete,,runs/2026-09-12/full__polygarbor_p3__seed42,fit,0.5669883349910378,2.2499999999999982,3,337.3,404.3,845.9509760000001,873.545728,72.0,72.0,0.0,0.0
full__polygarbor_p3__seed42,polygarbor_p3,full,42,complete,,runs/2026-09-12/full__polygarbor_p3__seed42,save_model,0.0162101739551872,0.060000000000002274,0,,,,,,,,
full__polygarbor_p3__seed42,polygarbor_p3,full,42,complete,,runs/2026-09-12/full__polygarbor_p3__seed42,warmup,0.10943190800026059,0.44000000000000483,1,395.3,395.3,874.799104,874.799104,72.0,72.0,0.0,0.0
full__polygarbor_p3__seed42,polygarbor_p3,full,42,complete,,runs/2026-09-12/full__polygarbor_p3__seed42,evaluate_train,167.1563502679346,668.28,815,399.79546012269935,414.6,875.9032901104293,877.297664,56.65153374233129,85.0,0.0,0.0
full__polygarbor_p3__seed42,polygarbor_p3,full,42,complete,,runs/2026-09-12/full__polygarbor_p3__seed42,prepare_val_clean,0.0053540399530902505,0.009999999999986464,0,,,,,,,,
full__polygarbor_p3__seed42,polygarbor_p3,full,42,complete,,runs/2026-09-12/full__polygarbor_p3__seed42,evaluate_val_clean,18.971556302974932,75.81000000000006,92,398.13913043478266,409.6,922.4684410434783,939.319296,55.68478260869565,70.0,0.0,0.0
full__polygarbor_p3__seed42,polygarbor_p3,full,42,complete,,runs/2026-09-12/full__polygarbor_p3__seed42,prepare_test_clean,0.004981845035217702,-8.881784197001252e-15,0,,,,,,,,
full__polygarbor_p3__seed42,polygarbor_p3,full,42,complete,,runs/2026-09-12/full__polygarbor_p3__seed42,evaluate_test_clean,19.098919393029064,76.32000000000004,93,398.0677419354838,417.2,957.8851867526881,974.82752,53.43010752688172,59.0,0.0,0.0
full__polygarbor_p3__seed42,polygarbor_p3,full,42,complete,,runs/2026-09-12/full__polygarbor_p3__seed42,prepare_test_blur,0.04111539991572499,0.1599999999999544,0,,,,,,,,
full__polygarbor_p3__seed42,polygarbor_p3,full,42,complete,,runs/2026-09-12/full__polygarbor_p3__seed42,evaluate_test_blur,21.16638646204956,84.61999999999995,103,399.6029126213593,409.6,975.4752845048549,975.478784,56.0,65.0,0.0,0.0
full__polygarbor_p3__seed42,polygarbor_p3,full,42,complete,,runs/2026-09-12/full__polygarbor_p3__seed42,prepare_test_noise,0.44804176001343876,0.44999999999998197,2,101.8,104.1,984.109056,984.109056,56.0,56.0,0.0,0.0
full__polygarbor_p3__seed42,polygarbor_p3,full,42,complete,,runs/2026-09-12/full__polygarbor_p3__seed42,evaluate_test_noise,20.729716205969453,82.86999999999993,102,396.9186274509804,407.5,992.8471893333335,992.907264,56.6078431372549,63.0,0.0,0.0
full__polygarbor_p3__seed42,polygarbor_p3,full,42,complete,,runs/2026-09-12/full__polygarbor_p3__seed42,prepare_test_brightness,0.04057235608343035,0.050000000000122835,0,,,,,,,,
full__polygarbor_p3__seed42,polygarbor_p3,full,42,complete,,runs/2026-09-12/full__polygarbor_p3__seed42,evaluate_test_brightness,19.934647987014614,79.71999999999986,97,397.5752577319588,410.2,997.6373416907215,997.80608,55.71134020618557,66.0,0.0,0.0
full__polygarbor_p3__seed42,polygarbor_p3,full,42,complete,,runs/2026-09-12/full__polygarbor_p3__seed42,prepare_test_color,0.08747527899686247,0.08000000000009999,0,,,,,,,,
full__polygarbor_p3__seed42,polygarbor_p3,full,42,complete,,runs/2026-09-12/full__polygarbor_p3__seed42,evaluate_test_color,20.444704703055322,81.74999999999994,100,398.2650000000001,408.2,1002.9651558400001,1003.134976,53.72,61.0,0.0,0.0
full__polygarbor_p3__seed42,polygarbor_p3,full,42,complete,,runs/2026-09-12/full__polygarbor_p3__seed42,prepare_test_jpeg,0.12345907301642,0.14000000000017288,1,99.4,99.4,1008.377856,1008.377856,54.0,54.0,0.0,0.0
full__polygarbor_p3__seed42,polygarbor_p3,full,42,complete,,runs/2026-09-12/full__polygarbor_p3__seed42,evaluate_test_jpeg,18.64843139995355,74.53000000000003,91,398.2934065934066,411.9,1009.4487574505497,1009.606656,56.010989010989015,64.0,0.0,0.0
full__polygarbor_p3__seed42,polygarbor_p3,full,42,complete,,runs/2026-09-12/full__polygarbor_p3__seed42,prepare_test_resolution,0.04941700794734061,0.05999999999991834,1,103.4,103.4,1012.928512,1012.928512,55.0,55.0,0.0,0.0
full__polygarbor_p3__seed42,polygarbor_p3,full,42,complete,,runs/2026-09-12/full__polygarbor_p3__seed42,evaluate_test_resolution,18.96105855004862,75.82000000000012,92,399.779347826087,409.0,1015.0442740869565,1015.209984,53.22826086956522,59.0,0.0,0.0
full__polygarbor_p3__seed42,polygarbor_p3,full,42,complete,,runs/2026-09-12/full__polygarbor_p3__seed42,prepare_test_occlusion,0.014251651940867305,0.02000000000008173,0,,,,,,,,
full__polygarbor_p3__seed42,polygarbor_p3,full,42,complete,,runs/2026-09-12/full__polygarbor_p3__seed42,evaluate_test_occlusion,18.365088483085856,73.40999999999995,90,397.04666666666674,412.7,1020.7459555555555,1020.919808,55.05555555555556,62.0,0.0,0.0
full__polygarbor_p3__seed42,polygarbor_p3,full,42,complete,,runs/2026-09-12/full__polygarbor_p3__seed42,prepare_test_rotation,0.056908103986643255,0.04999999999996341,1,118.5,118.5,1020.973056,1020.973056,46.0,46.0,0.0,0.0
full__polygarbor_p3__seed42,polygarbor_p3,full,42,complete,,runs/2026-09-12/full__polygarbor_p3__seed42,evaluate_test_rotation,20.27419744594954,81.04999999999997,99,399.27979797979805,408.5,1026.3665777777778,1026.551808,54.2020202020202,66.0,0.0,0.0
full__polygarbor_p3__seed42,polygarbor_p3,full,42,complete,,runs/2026-09-12/full__polygarbor_p3__seed42,inference_batch1,1.899037008988671,7.559999999999855,9,397.8444444444445,406.4,1026.551808,1026.551808,52.22222222222222,55.0,0.0,0.0
full__polygarbor_p3__seed42,polygarbor_p3,full,42,complete,,runs/2026-09-12/full__polygarbor_p3__seed42,explanations,27.234586036996916,51.89999999999999,130,192.1207692307692,430.1,1145.0772558769231,1511.723008,54.13076923076923,62.0,0.0,0.0
full__polygarbor_p3__seed43,polygarbor_p3,full,43,complete,,runs/2026-09-12/full__polygarbor_p3__seed43,read_data,0.07526592793874443,0.08000000000000002,0,,,,,,,,
full__polygarbor_p3__seed43,polygarbor_p3,full,43,complete,,runs/2026-09-12/full__polygarbor_p3__seed43,build_model,0.00032372900750488043,-5.551115123125783e-17,0,,,,,,,,
full__polygarbor_p3__seed43,polygarbor_p3,full,43,complete,,runs/2026-09-12/full__polygarbor_p3__seed43,extract_features,27.99933028302621,28.049999999999997,139,100.14820143884894,104.6,789.0570645179855,791.031808,82.10071942446044,89.0,0.0,0.0
full__polygarbor_p3__seed43,polygarbor_p3,full,43,complete,,runs/2026-09-12/full__polygarbor_p3__seed43,fit,0.5708688860759139,2.2600000000000033,3,329.59999999999997,397.4,847.9143253333333,872.722432,82.0,82.0,0.0,0.0
full__polygarbor_p3__seed43,polygarbor_p3,full,43,complete,,runs/2026-09-12/full__polygarbor_p3__seed43,save_model,0.015879506012424827,0.06000000000000327,0,,,,,,,,
full__polygarbor_p3__seed43,polygarbor_p3,full,43,complete,,runs/2026-09-12/full__polygarbor_p3__seed43,warmup,0.10928109602537006,0.4399999999999987,1,398.0,398.0,844.476416,844.476416,77.0,77.0,0.0,0.0
full__polygarbor_p3__seed43,polygarbor_p3,full,43,complete,,runs/2026-09-12/full__polygarbor_p3__seed43,evaluate_train,157.08963138400577,628.01,767,399.7769230769231,417.3,845.38928463103,846.749696,63.02607561929596,86.0,0.0,0.0
full__polygarbor_p3__seed43,polygarbor_p3,full,43,complete,,runs/2026-09-12/full__polygarbor_p3__seed43,prepare_val_clean,0.00534539099317044,-4.440892098500626e-15,0,,,,,,,,
full__polygarbor_p3__seed43,polygarbor_p3,full,43,complete,,runs/2026-09-12/full__polygarbor_p3__seed43,evaluate_val_clean,18.96123172796797,75.81000000000006,93,398.0139784946237,411.0,895.8697207741934,913.010688,56.27956989247312,74.0,0.0,0.0
full__polygarbor_p3__seed43,polygarbor_p3,full,43,complete,,runs/2026-09-12/full__polygarbor_p3__seed43,prepare_test_clean,0.005417431937530637,0.010000000000000009,0,,,,,,,,
full__polygarbor_p3__seed43,polygarbor_p3,full,43,complete,,runs/2026-09-12/full__polygarbor_p3__seed43,evaluate_test_clean,18.31729012809228,73.20999999999994,90,396.94111111111107,408.8,935.1832007111111,952.70912,64.11111111111111,76.0,0.0,0.0
full__polygarbor_p3__seed43,polygarbor_p3,full,43,complete,,runs/2026-09-12/full__polygarbor_p3__seed43,prepare_test_blur,0.038837334024719894,0.15000000000002722,1,121.0,121.0,953.274368,953.274368,63.0,63.0,0.0,0.0
full__polygarbor_p3__seed43,polygarbor_p3,full,43,complete,,runs/2026-09-12/full__polygarbor_p3__seed43,evaluate_test_blur,18.610003956011496,74.40000000000009,91,399.7692307692308,408.5,955.0643199999998,955.06432,59.714285714285715,76.0,0.0,0.0
full__polygarbor_p3__seed43,polygarbor_p3,full,43,complete,,runs/2026-09-12/full__polygarbor_p3__seed43,prepare_test_noise,0.40268158400431275,0.39999999999997726,2,99.4,99.6,984.85248,986.181632,47.0,47.0,0.0,0.0
full__polygarbor_p3__seed43,polygarbor_p3,full,43,complete,,runs/2026-09-12/full__polygarbor_p3__seed43,evaluate_test_noise,18.90307387604844,75.57000000000005,92,398.5967391304348,408.3,992.3892535652175,992.448512,56.75,70.0,0.0,0.0
full__polygarbor_p3__seed43,polygarbor_p3,full,43,complete,,runs/2026-09-12/full__polygarbor_p3__seed43,prepare_test_brightness,0.04450928093865514,0.040000000000004476,0,,,,,,,,
full__polygarbor_p3__seed43,polygarbor_p3,full,43,complete,,runs/2026-09-12/full__polygarbor_p3__seed43,evaluate_test_brightness,17.50849177397322,69.96000000000008,86,398.19302325581396,410.2,997.1789157209303,997.330944,51.76744186046512,84.0,0.0,0.0
full__polygarbor_p3__seed43,polygarbor_p3,full,43,complete,,runs/2026-09-12/full__polygarbor_p3__seed43,prepare_test_color,0.08276065101381391,0.09000000000021835,0,,,,,,,,
full__polygarbor_p3__seed43,polygarbor_p3,full,43,complete,,runs/2026-09-12/full__polygarbor_p3__seed43,evaluate_test_color,16.723547028028406,66.85999999999996,82,396.540243902439,411.0,1002.4282661463413,1002.590208,1.8780487804878048,26.0,0.0,0.0
full__polygarbor_p3__seed43,polygarbor_p3,full,43,complete,,runs/2026-09-12/full__polygarbor_p3__seed43,prepare_test_jpeg,0.10203557799104601,0.10999999999989996,0,,,,,,,,
full__polygarbor_p3__seed43,polygarbor_p3,full,43,complete,,runs/2026-09-12/full__polygarbor_p3__seed43,evaluate_test_jpeg,15.871011130977422,63.460000000000036,77,396.28831168831164,409.1,1008.8257562597403,1008.996352,0.0,0.0,0.0,0.0
full__polygarbor_p3__seed43,polygarbor_p3,full,43,complete,,runs/2026-09-12/full__polygarbor_p3__seed43,prepare_test_resolution,0.04600823705550283,0.039999999999900115,1,156.6,156.6,1009.389568,1009.389568,0.0,0.0,0.0,0.0
full__polygarbor_p3__seed43,polygarbor_p3,full,43,complete,,runs/2026-09-12/full__polygarbor_p3__seed43,evaluate_test_resolution,14.716706690960564,58.859999999999836,71,399.46338028169015,407.1,1014.4589737464787,1014.628352,0.0,0.0,0.0,0.0
full__polygarbor_p3__seed43,polygarbor_p3,full,43,complete,,runs/2026-09-12/full__polygarbor_p3__seed43,prepare_test_occlusion,0.011443836032412946,0.010000000000100151,0,,,,,,,,
full__polygarbor_p3__seed43,polygarbor_p3,full,43,complete,,runs/2026-09-12/full__polygarbor_p3__seed43,evaluate_test_occlusion,16.56575684796553,66.2700000000001,80,399.60625,414.1,1020.1890815999999,1020.366848,14.1875,35.0,0.0,0.0
full__polygarbor_p3__seed43,polygarbor_p3,full,43,complete,,runs/2026-09-12/full__polygarbor_p3__seed43,prepare_test_rotation,0.055974393035285175,0.05999999999999073,0,,,,,,,,
full__polygarbor_p3__seed43,polygarbor_p3,full,43,complete,,runs/2026-09-12/full__polygarbor_p3__seed43,evaluate_test_rotation,15.353128973976709,61.3999999999999,76,396.0394736842106,412.7,1025.7734063157895,1025.974272,6.9605263157894735,56.0,0.0,0.0
full__polygarbor_p3__seed43,polygarbor_p3,full,43,complete,,runs/2026-09-12/full__polygarbor_p3__seed43,inference_batch1,1.4968389599816874,5.969999999999791,8,374.075,402.9,1025.974272,1025.974272,0.0,0.0,0.0,0.0
full__polygarbor_p3__seed43,polygarbor_p3,full,43,complete,,runs/2026-09-12/full__polygarbor_p3__seed43,explanations,21.29921402304899,42.66000000000029,104,200.7076923076923,397.8,1157.4876947692308,1455.378432,0.0,0.0,0.0,0.0
full__polygarbor_p3_aug__seed42,polygarbor_p3_aug,full,42,complete,,runs/2026-09-12/full__polygarbor_p3_aug__seed42,read_data,0.0710159350419417,0.07,0,,,,,,,,
full__polygarbor_p3_aug__seed42,polygarbor_p3_aug,full,42,complete,,runs/2026-09-12/full__polygarbor_p3_aug__seed42,build_model,0.00033338600769639015,0.0,0,,,,,,,,
full__polygarbor_p3_aug__seed42,polygarbor_p3_aug,full,42,complete,,runs/2026-09-12/full__polygarbor_p3_aug__seed42,extract_features,105.89415224490222,106.07,527,100.16318785578747,104.6,796.2710272485767,805.15072,66.6280834914611,79.0,0.0,0.0
full__polygarbor_p3_aug__seed42,polygarbor_p3_aug,full,42,complete,,runs/2026-09-12/full__polygarbor_p3_aug__seed42,fit,0.5647718789987266,2.2400000000000113,3,376.3,400.2,879.2227839999999,887.902208,62.0,62.0,0.0,0.0
full__polygarbor_p3_aug__seed42,polygarbor_p3_aug,full,42,complete,,runs/2026-09-12/full__polygarbor_p3_aug__seed42,save_model,0.014083859976381063,0.059999999999992504,0,,,,,,,,
full__polygarbor_p3_aug__seed42,polygarbor_p3_aug,full,42,complete,,runs/2026-09-12/full__polygarbor_p3_aug__seed42,warmup,0.1595446210121736,0.640000000000005,0,,,,,,,,
full__polygarbor_p3_aug__seed42,polygarbor_p3_aug,full,42,complete,,runs/2026-09-12/full__polygarbor_p3_aug__seed42,evaluate_train,139.5632358030416,558.0699999999999,684,399.86564327485377,415.6,889.1115819415205,890.556416,65.87573099415205,88.0,0.0,0.0
full__polygarbor_p3_aug__seed42,polygarbor_p3_aug,full,42,complete,,runs/2026-09-12/full__polygarbor_p3_aug__seed42,prepare_val_clean,0.0048607150092720985,-5.0182080713057076e-14,0,,,,,,,,
full__polygarbor_p3_aug__seed42,polygarbor_p3_aug,full,42,complete,,runs/2026-09-12/full__polygarbor_p3_aug__seed42,evaluate_val_clean,17.715385727002285,70.83999999999997,86,398.5453488372093,408.8,935.6295620465116,951.558144,70.1046511627907,86.0,0.0,0.0
full__polygarbor_p3_aug__seed42,polygarbor_p3_aug,full,42,complete,,runs/2026-09-12/full__polygarbor_p3_aug__seed42,prepare_test_clean,0.004985800012946129,-1.8207657603852567e-14,0,,,,,,,,
full__polygarbor_p3_aug__seed42,polygarbor_p3_aug,full,42,complete,,runs/2026-09-12/full__polygarbor_p3_aug__seed42,evaluate_test_clean,18.99441885203123,75.86999999999999,93,398.021505376344,407.0,969.8682329462364,986.939392,57.946236559139784,86.0,0.0,0.0
full__polygarbor_p3_aug__seed42,polygarbor_p3_aug,full,42,complete,,runs/2026-09-12/full__polygarbor_p3_aug__seed42,prepare_test_blur,0.037585524027235806,0.1499999999999817,1,107.3,107.3,987.582464,987.582464,34.0,34.0,0.0,0.0
full__polygarbor_p3_aug__seed42,polygarbor_p3_aug,full,42,complete,,runs/2026-09-12/full__polygarbor_p3_aug__seed42,evaluate_test_blur,19.754458981915377,78.96999999999998,96,399.78125,407.8,987.6029440000001,987.602944,59.552083333333336,85.0,0.0,0.0
full__polygarbor_p3_aug__seed42,polygarbor_p3_aug,full,42,complete,,runs/2026-09-12/full__polygarbor_p3_aug__seed42,prepare_test_noise,0.39334141195286065,0.3999999999999684,1,99.6,99.6,1005.75232,1005.75232,85.0,85.0,0.0,0.0
full__polygarbor_p3_aug__seed42,polygarbor_p3_aug,full,42,complete,,runs/2026-09-12/full__polygarbor_p3_aug__seed42,evaluate_test_noise,19.294294452061877,77.11999999999999,95,396.6242105263157,408.8,1014.5505280000004,1014.550528,81.32631578947368,85.0,0.0,0.0
full__polygarbor_p3_aug__seed42,polygarbor_p3_aug,full,42,complete,,runs/2026-09-12/full__polygarbor_p3_aug__seed42,prepare_test_brightness,0.04613689600955695,0.06000000000009997,1,99.0,99.0,1017.962496,1017.962496,77.0,77.0,0.0,0.0
full__polygarbor_p3_aug__seed42,polygarbor_p3_aug,full,42,complete,,runs/2026-09-12/full__polygarbor_p3_aug__seed42,evaluate_test_brightness,17.776411278988235,71.03000000000011,87,399.40919540229885,407.9,1019.2255234942528,1019.449344,80.62068965517241,87.0,0.0,0.0
full__polygarbor_p3_aug__seed42,polygarbor_p3_aug,full,42,complete,,runs/2026-09-12/full__polygarbor_p3_aug__seed42,prepare_test_color,0.09047192591242492,0.09000000000000918,1,97.4,97.4,1019.539456,1019.539456,86.0,86.0,0.0,0.0
full__polygarbor_p3_aug__seed42,polygarbor_p3_aug,full,42,complete,,runs/2026-09-12/full__polygarbor_p3_aug__seed42,evaluate_test_color,17.36670494102873,69.43000000000015,85,399.1011764705882,407.1,1024.9083482352942,1025.118208,78.75294117647059,86.0,0.0,0.0
full__polygarbor_p3_aug__seed42,polygarbor_p3_aug,full,42,complete,,runs/2026-09-12/full__polygarbor_p3_aug__seed42,prepare_test_jpeg,0.10359880409669131,0.10999999999991816,1,104.4,104.4,1030.49216,1030.49216,78.0,78.0,0.0,0.0
full__polygarbor_p3_aug__seed42,polygarbor_p3_aug,full,42,complete,,runs/2026-09-12/full__polygarbor_p3_aug__seed42,evaluate_test_jpeg,18.85681199596729,75.34999999999992,92,399.5271739130434,409.8,1031.4072598260868,1031.589888,80.02173913043478,86.0,0.0,0.0
full__polygarbor_p3_aug__seed42,polygarbor_p3_aug,full,42,complete,,runs/2026-09-12/full__polygarbor_p3_aug__seed42,prepare_test_resolution,0.048849315964616835,0.049999999999881695,0,,,,,,,,
full__polygarbor_p3_aug__seed42,polygarbor_p3_aug,full,42,complete,,runs/2026-09-12/full__polygarbor_p3_aug__seed42,evaluate_test_resolution,18.035421546082944,72.10000000000007,89,396.75842696629206,406.8,1037.0393628764045,1037.2096,80.79775280898876,86.0,0.0,0.0
full__polygarbor_p3_aug__seed42,polygarbor_p3_aug,full,42,complete,,runs/2026-09-12/full__polygarbor_p3_aug__seed42,prepare_test_occlusion,0.012631091987714171,0.01000000000029111,0,,,,,,,,
full__polygarbor_p3_aug__seed42,polygarbor_p3_aug,full,42,complete,,runs/2026-09-12/full__polygarbor_p3_aug__seed42,evaluate_test_occlusion,17.41680332494434,69.62999999999995,86,397.22093023255815,408.0,1042.7504878139532,1042.911232,81.97674418604652,87.0,0.0,0.0
full__polygarbor_p3_aug__seed42,polygarbor_p3_aug,full,42,complete,,runs/2026-09-12/full__polygarbor_p3_aug__seed42,prepare_test_rotation,0.09911652700975537,0.08999999999991815,1,98.3,98.3,1043.185664,1043.185664,76.0,76.0,0.0,0.0
full__polygarbor_p3_aug__seed42,polygarbor_p3_aug,full,42,complete,,runs/2026-09-12/full__polygarbor_p3_aug__seed42,evaluate_test_rotation,18.471746447030455,73.84999999999991,90,399.498888888889,407.6,1048.0985884444444,1048.276992,81.37777777777778,90.0,0.0,0.0
full__polygarbor_p3_aug__seed42,polygarbor_p3_aug,full,42,complete,,runs/2026-09-12/full__polygarbor_p3_aug__seed42,inference_batch1,1.801072233938612,7.17,9,375.27777777777777,416.2,1048.305664,1048.305664,81.22222222222223,82.0,0.0,0.0
full__polygarbor_p3_aug__seed42,polygarbor_p3_aug,full,42,complete,,runs/2026-09-12/full__polygarbor_p3_aug__seed42,explanations,27.332011288031936,51.05000000000011,132,188.91666666666666,423.8,1144.3216135757575,1358.032896,81.66666666666667,89.0,0.0,0.0
full__polygarbor_p3_aug__seed43,polygarbor_p3_aug,full,43,complete,,runs/2026-09-12/full__polygarbor_p3_aug__seed43,read_data,0.06047667202074081,0.07,0,,,,,,,,
full__polygarbor_p3_aug__seed43,polygarbor_p3_aug,full,43,complete,,runs/2026-09-12/full__polygarbor_p3_aug__seed43,build_model,0.00029025296680629253,-5.551115123125783e-17,0,,,,,,,,
full__polygarbor_p3_aug__seed43,polygarbor_p3_aug,full,43,complete,,runs/2026-09-12/full__polygarbor_p3_aug__seed43,extract_features,90.28432751900982,90.54,449,100.29710467706012,104.7,796.3261936035634,805.163008,20.839643652561247,100.0,0.0,0.0
full__polygarbor_p3_aug__seed43,polygarbor_p3_aug,full,43,complete,,runs/2026-09-12/full__polygarbor_p3_aug__seed43,fit,0.4264772799797356,1.6899999999999908,2,308.55,398.3,849.778688,852.025344,37.0,37.0,0.0,0.0
full__polygarbor_p3_aug__seed43,polygarbor_p3_aug,full,43,complete,,runs/2026-09-12/full__polygarbor_p3_aug__seed43,save_model,0.012999100028537214,0.04999999999999272,0,,,,,,,,
full__polygarbor_p3_aug__seed43,polygarbor_p3_aug,full,43,complete,,runs/2026-09-12/full__polygarbor_p3_aug__seed43,warmup,0.08145514107309282,0.31999999999998874,1,399.1,399.1,868.257792,868.257792,37.0,37.0,0.0,0.0
full__polygarbor_p3_aug__seed43,polygarbor_p3_aug,full,43,complete,,runs/2026-09-12/full__polygarbor_p3_aug__seed43,evaluate_train,118.42352516506799,473.96999999999997,577,400.2471403812825,421.5,869.5683913206238,870.965248,26.043327556325824,91.0,0.0,0.0
full__polygarbor_p3_aug__seed43,polygarbor_p3_aug,full,43,complete,,runs/2026-09-12/full__polygarbor_p3_aug__seed43,prepare_val_clean,0.004344668937847018,-4.551914400963142e-14,0,,,,,,,,
full__polygarbor_p3_aug__seed43,polygarbor_p3_aug,full,43,complete,,runs/2026-09-12/full__polygarbor_p3_aug__seed43,evaluate_val_clean,14.65011395898182,58.60999999999997,71,399.29859154929585,415.1,915.6838183661973,932.462592,26.380281690140844,46.0,0.0,0.0
full__polygarbor_p3_aug__seed43,polygarbor_p3_aug,full,43,complete,,runs/2026-09-12/full__polygarbor_p3_aug__seed43,prepare_test_clean,0.004565229988656938,4.440892098500626e-15,0,,,,,,,,
full__polygarbor_p3_aug__seed43,polygarbor_p3_aug,full,43,complete,,runs/2026-09-12/full__polygarbor_p3_aug__seed43,evaluate_test_clean,14.319869052967988,57.290000000000084,70,396.82428571428574,411.9,954.2712173714287,971.599872,19.771428571428572,51.0,0.0,0.0
full__polygarbor_p3_aug__seed43,polygarbor_p3_aug,full,43,complete,,runs/2026-09-12/full__polygarbor_p3_aug__seed43,prepare_test_blur,0.03177911404054612,0.12000000000005007,0,,,,,,,,
full__polygarbor_p3_aug__seed43,polygarbor_p3_aug,full,43,complete,,runs/2026-09-12/full__polygarbor_p3_aug__seed43,evaluate_test_blur,14.297414692933671,57.209999999999944,70,396.4142857142857,412.5,977.4407679999999,977.44896,22.84285714285714,51.0,0.0,0.0
full__polygarbor_p3_aug__seed43,polygarbor_p3_aug,full,43,complete,,runs/2026-09-12/full__polygarbor_p3_aug__seed43,prepare_test_noise,0.3661840179702267,0.36999999999996813,2,102.0,104.6,1005.899776,1005.899776,26.0,26.0,0.0,0.0
full__polygarbor_p3_aug__seed43,polygarbor_p3_aug,full,43,complete,,runs/2026-09-12/full__polygarbor_p3_aug__seed43,evaluate_test_noise,14.256548332050443,57.03000000000005,70,397.87142857142857,407.6,1014.628352,1014.628352,27.585714285714285,45.0,0.0,0.0
full__polygarbor_p3_aug__seed43,polygarbor_p3_aug,full,43,complete,,runs/2026-09-12/full__polygarbor_p3_aug__seed43,prepare_test_brightness,0.03660737397149205,0.03999999999998627,0,,,,,,,,
full__polygarbor_p3_aug__seed43,polygarbor_p3_aug,full,43,complete,,runs/2026-09-12/full__polygarbor_p3_aug__seed43,evaluate_test_brightness,14.333714738953859,57.35999999999992,70,397.15000000000003,411.6,1019.178949485714,1019.322368,24.67142857142857,43.0,0.0,0.0
full__polygarbor_p3_aug__seed43,polygarbor_p3_aug,full,43,complete,,runs/2026-09-12/full__polygarbor_p3_aug__seed43,prepare_test_color,0.07717918104026467,0.07000000000001827,1,99.5,99.5,1019.502592,1019.502592,43.0,43.0,0.0,0.0
full__polygarbor_p3_aug__seed43,polygarbor_p3_aug,full,43,complete,,runs/2026-09-12/full__polygarbor_p3_aug__seed43,evaluate_test_color,14.653469563927501,58.619999999999976,71,399.787323943662,409.1,1024.688070309859,1024.847872,24.3943661971831,45.0,0.0,0.0
full__polygarbor_p3_aug__seed43,polygarbor_p3_aug,full,43,complete,,runs/2026-09-12/full__polygarbor_p3_aug__seed43,prepare_test_jpeg,0.09821980400010943,0.09000000000006825,0,,,,,,,,
full__polygarbor_p3_aug__seed43,polygarbor_p3_aug,full,43,complete,,runs/2026-09-12/full__polygarbor_p3_aug__seed43,evaluate_test_jpeg,14.245429546921514,57.000000000000036,70,396.0157142857143,421.8,1030.7079021714285,1030.864896,16.742857142857144,46.0,0.0,0.0
full__polygarbor_p3_aug__seed43,polygarbor_p3_aug,full,43,complete,,runs/2026-09-12/full__polygarbor_p3_aug__seed43,prepare_test_resolution,0.04078467295039445,0.040000000000068425,0,,,,,,,,
full__polygarbor_p3_aug__seed43,polygarbor_p3_aug,full,43,complete,,runs/2026-09-12/full__polygarbor_p3_aug__seed43,evaluate_test_resolution,14.484847900923342,57.949999999999925,70,398.0028571428571,413.2,1036.589231542857,1036.771328,29.37142857142857,62.0,0.0,0.0
full__polygarbor_p3_aug__seed43,polygarbor_p3_aug,full,43,complete,,runs/2026-09-12/full__polygarbor_p3_aug__seed43,prepare_test_occlusion,0.012362158042378724,0.019999999999918305,0,,,,,,,,
full__polygarbor_p3_aug__seed43,polygarbor_p3_aug,full,43,complete,,runs/2026-09-12/full__polygarbor_p3_aug__seed43,evaluate_test_occlusion,14.512000110931695,58.05000000000011,71,399.32112676056335,412.0,1042.2479107605632,1042.444288,20.253521126760564,46.0,0.0,0.0
full__polygarbor_p3_aug__seed43,polygarbor_p3_aug,full,43,complete,,runs/2026-09-12/full__polygarbor_p3_aug__seed43,prepare_test_rotation,0.050548861967399716,0.06000000000004535,0,,,,,,,,
full__polygarbor_p3_aug__seed43,polygarbor_p3_aug,full,43,complete,,runs/2026-09-12/full__polygarbor_p3_aug__seed43,evaluate_test_rotation,15.74233189492952,62.97000000000013,77,397.71558441558443,410.3,1047.8540932987012,1048.051712,31.467532467532468,59.0,0.0,0.0
full__polygarbor_p3_aug__seed43,polygarbor_p3_aug,full,43,complete,,runs/2026-09-12/full__polygarbor_p3_aug__seed43,inference_batch1,1.5294245730619878,6.0799999999999725,8,364.0,402.7,1048.059904,1048.059904,37.0,37.0,0.0,0.0
full__polygarbor_p3_aug__seed43,polygarbor_p3_aug,full,43,complete,,runs/2026-09-12/full__polygarbor_p3_aug__seed43,explanations,21.626497971010394,43.780000000000015,106,204.10377358490564,407.9,1121.40832845283,1338.601472,28.547169811320753,45.0,0.0,0.0
full__polygarbor_p5__seed42,polygarbor_p5,full,42,complete,,runs/2026-09-12/full__polygarbor_p5__seed42,read_data,0.0782164690317586,0.08000000000000002,0,,,,,,,,
full__polygarbor_p5__seed42,polygarbor_p5,full,42,complete,,runs/2026-09-12/full__polygarbor_p5__seed42,build_model,0.00043308199383318424,0.0,0,,,,,,,,
full__polygarbor_p5__seed42,polygarbor_p5,full,42,complete,,runs/2026-09-12/full__polygarbor_p5__seed42,extract_features,39.41121235594619,39.5,196,100.25102040816326,109.4,792.9937711020409,798.199808,56.10204081632653,65.0,0.0,0.0
full__polygarbor_p5__seed42,polygarbor_p5,full,42,complete,,runs/2026-09-12/full__polygarbor_p5__seed42,fit,0.762112388969399,3.0300000000000016,3,381.0,401.8,877.2853759999999,892.678144,46.0,46.0,0.0,0.0
full__polygarbor_p5__seed42,polygarbor_p5,full,42,complete,,runs/2026-09-12/full__polygarbor_p5__seed42,save_model,0.024266010033898056,0.10999999999999799,1,403.1,403.1,866.840576,866.840576,46.0,46.0,0.0,0.0
full__polygarbor_p5__seed42,polygarbor_p5,full,42,complete,,runs/2026-09-12/full__polygarbor_p5__seed42,warmup,0.1987315029837191,0.7899999999999957,1,398.9,398.9,866.902016,866.902016,45.0,45.0,0.0,0.0
full__polygarbor_p5__seed42,polygarbor_p5,full,42,complete,,runs/2026-09-12/full__polygarbor_p5__seed42,evaluate_train,195.42046084802132,781.5099999999999,954,399.91215932914054,412.8,867.2661907589098,868.339712,55.4538784067086,77.0,0.0,0.0
full__polygarbor_p5__seed42,polygarbor_p5,full,42,complete,,runs/2026-09-12/full__polygarbor_p5__seed42,prepare_val_clean,0.00562482001259923,0.010000000000036424,0,,,,,,,,
full__polygarbor_p5__seed42,polygarbor_p5,full,42,complete,,runs/2026-09-12/full__polygarbor_p5__seed42,evaluate_val_clean,23.208618232049048,92.78000000000002,113,399.5840707964602,418.4,915.2414130973452,931.934208,63.017699115044245,78.0,0.0,0.0
full__polygarbor_p5__seed42,polygarbor_p5,full,42,complete,,runs/2026-09-12/full__polygarbor_p5__seed42,prepare_test_clean,0.005283291102387011,4.085620730620576e-14,0,,,,,,,,
full__polygarbor_p5__seed42,polygarbor_p5,full,42,complete,,runs/2026-09-12/full__polygarbor_p5__seed42,evaluate_test_clean,22.820647287997417,91.22000000000007,112,399.36875000000003,405.9,950.8486948571428,967.397376,69.16071428571429,78.0,0.0,0.0
full__polygarbor_p5__seed42,polygarbor_p5,full,42,complete,,runs/2026-09-12/full__polygarbor_p5__seed42,prepare_test_blur,0.03840236901305616,0.15000000000005898,1,129.0,129.0,967.8848,967.8848,67.0,67.0,0.0,0.0
full__polygarbor_p5__seed42,polygarbor_p5,full,42,complete,,runs/2026-09-12/full__polygarbor_p5__seed42,evaluate_test_blur,24.483673888025805,97.84000000000007,119,399.5680672268907,409.0,970.4775680000002,970.477568,62.890756302521005,73.0,0.0,0.0
full__polygarbor_p5__seed42,polygarbor_p5,full,42,complete,,runs/2026-09-12/full__polygarbor_p5__seed42,prepare_test_noise,0.38880070799496025,0.38999999999979984,2,99.35,104.3,1002.006528,1005.088768,65.0,65.0,0.0,0.0
full__polygarbor_p5__seed42,polygarbor_p5,full,42,complete,,runs/2026-09-12/full__polygarbor_p5__seed42,evaluate_test_noise,23.796280176960863,95.12000000000003,116,399.28103448275857,408.3,1007.6569599999999,1007.65696,63.35344827586207,77.0,0.0,0.0
full__polygarbor_p5__seed42,polygarbor_p5,full,42,complete,,runs/2026-09-12/full__polygarbor_p5__seed42,prepare_test_brightness,0.04137581295799464,0.040000000000000036,0,,,,,,,,
full__polygarbor_p5__seed42,polygarbor_p5,full,42,complete,,runs/2026-09-12/full__polygarbor_p5__seed42,evaluate_test_brightness,22.335724613978527,89.29,110,398.49090909090916,407.6,1012.2847697454548,1012.453376,62.054545454545455,79.0,0.0,0.0
full__polygarbor_p5__seed42,polygarbor_p5,full,42,complete,,runs/2026-09-12/full__polygarbor_p5__seed42,prepare_test_color,0.09927864698693156,0.09000000000010022,1,99.1,99.1,1012.453376,1012.453376,51.0,51.0,0.0,0.0
full__polygarbor_p5__seed42,polygarbor_p5,full,42,complete,,runs/2026-09-12/full__polygarbor_p5__seed42,evaluate_test_color,23.798768689041026,95.11000000000008,116,399.29396551724136,407.4,1017.6170902068966,1017.786368,65.71551724137932,77.0,0.0,0.0
full__polygarbor_p5__seed42,polygarbor_p5,full,42,complete,,runs/2026-09-12/full__polygarbor_p5__seed42,prepare_test_jpeg,0.10853157402016222,0.109999999999991,1,137.8,137.8,1022.89408,1022.89408,71.0,71.0,0.0,0.0
full__polygarbor_p5__seed42,polygarbor_p5,full,42,complete,,runs/2026-09-12/full__polygarbor_p5__seed42,evaluate_test_jpeg,23.927275288966484,95.57000000000002,117,398.1940170940171,408.3,1024.0378792478634,1024.2048,63.77777777777778,80.0,0.0,0.0
full__polygarbor_p5__seed42,polygarbor_p5,full,42,complete,,runs/2026-09-12/full__polygarbor_p5__seed42,prepare_test_resolution,0.04486481100320816,0.039999999999927205,0,,,,,,,,
full__polygarbor_p5__seed42,polygarbor_p5,full,42,complete,,runs/2026-09-12/full__polygarbor_p5__seed42,evaluate_test_resolution,24.017883236985654,96.00000000000018,118,397.84999999999997,413.2,1029.5575083389826,1029.71392,64.38135593220339,81.0,0.0,0.0
full__polygarbor_p5__seed42,polygarbor_p5,full,42,complete,,runs/2026-09-12/full__polygarbor_p5__seed42,prepare_test_occlusion,0.012529222993180156,0.010000000000063736,0,,,,,,,,
full__polygarbor_p5__seed42,polygarbor_p5,full,42,complete,,runs/2026-09-12/full__polygarbor_p5__seed42,evaluate_test_occlusion,23.03658934799023,92.06000000000002,113,397.99734513274336,407.3,1035.2660661238938,1035.431936,61.982300884955755,88.0,0.0,0.0
full__polygarbor_p5__seed42,polygarbor_p5,full,42,complete,,runs/2026-09-12/full__polygarbor_p5__seed42,prepare_test_rotation,0.05638878594618291,0.04999999999990923,1,109.2,109.2,1035.460608,1035.460608,70.0,70.0,0.0,0.0
full__polygarbor_p5__seed42,polygarbor_p5,full,42,complete,,runs/2026-09-12/full__polygarbor_p5__seed42,evaluate_test_rotation,22.10972197796218,88.37000000000008,108,399.3018518518518,407.2,1040.9001339259257,1041.072128,57.77777777777778,74.0,0.0,0.0
full__polygarbor_p5__seed42,polygarbor_p5,full,42,complete,,runs/2026-09-12/full__polygarbor_p5__seed42,inference_batch1,2.4221317450283095,9.619999999999973,12,371.6416666666667,403.1,1041.072128,1041.072128,55.916666666666664,67.0,0.0,0.0
full__polygarbor_p5__seed42,polygarbor_p5,full,42,complete,,runs/2026-09-12/full__polygarbor_p5__seed42,explanations,30.758971956092864,55.9700000000001,147,186.59727891156462,396.7,1145.6141130884353,1519.37024,58.46258503401361,74.0,0.0,0.0
full__polygarbor_p5__seed43,polygarbor_p5,full,43,complete,,runs/2026-09-12/full__polygarbor_p5__seed43,read_data,0.060730158002115786,0.06999999999999995,0,,,,,,,,
full__polygarbor_p5__seed43,polygarbor_p5,full,43,complete,,runs/2026-09-12/full__polygarbor_p5__seed43,build_model,0.00031277898233383894,-5.551115123125783e-17,0,,,,,,,,
full__polygarbor_p5__seed43,polygarbor_p5,full,43,complete,,runs/2026-09-12/full__polygarbor_p5__seed43,extract_features,32.60805578995496,32.7,162,100.34320987654321,109.5,792.6342795061729,797.884416,0.0,0.0,0.0,0.0
full__polygarbor_p5__seed43,polygarbor_p5,full,43,complete,,runs/2026-09-12/full__polygarbor_p5__seed43,fit,0.5235982600133866,2.089999999999996,3,354.40000000000003,403.2,873.7696426666668,908.218368,0.0,0.0,0.0,0.0
full__polygarbor_p5__seed43,polygarbor_p5,full,43,complete,,runs/2026-09-12/full__polygarbor_p5__seed43,save_model,0.014111299999058247,0.049999999999993716,0,,,,,,,,
full__polygarbor_p5__seed43,polygarbor_p5,full,43,complete,,runs/2026-09-12/full__polygarbor_p5__seed43,warmup,0.11772536695934832,0.4699999999999954,0,,,,,,,,
full__polygarbor_p5__seed43,polygarbor_p5,full,43,complete,,runs/2026-09-12/full__polygarbor_p5__seed43,evaluate_train,156.24427095998544,625.4300000000001,758,400.2872031662269,412.1,908.8920735408971,910.123008,2.905013192612137,97.0,0.0,0.0
full__polygarbor_p5__seed43,polygarbor_p5,full,43,complete,,runs/2026-09-12/full__polygarbor_p5__seed43,prepare_val_clean,0.00450735492631793,2.2648549702353193e-14,0,,,,,,,,
full__polygarbor_p5__seed43,polygarbor_p5,full,43,complete,,runs/2026-09-12/full__polygarbor_p5__seed43,evaluate_val_clean,18.460656436975114,73.84999999999994,90,397.8588888888888,407.3,955.2855495111112,972.304384,11.6,76.0,0.0,0.0
full__polygarbor_p5__seed43,polygarbor_p5,full,43,complete,,runs/2026-09-12/full__polygarbor_p5__seed43,prepare_test_clean,0.004666861961595714,-4.085620730620576e-14,0,,,,,,,,
full__polygarbor_p5__seed43,polygarbor_p5,full,43,complete,,runs/2026-09-12/full__polygarbor_p5__seed43,evaluate_test_clean,19.154530719970353,76.64000000000006,94,397.9095744680851,406.6,990.3666546382981,1007.67744,3.24468085106383,52.0,0.0,0.0
full__polygarbor_p5__seed43,polygarbor_p5,full,43,complete,,runs/2026-09-12/full__polygarbor_p5__seed43,prepare_test_blur,0.029824664001353085,0.11000000000000454,0,,,,,,,,
full__polygarbor_p5__seed43,polygarbor_p5,full,43,complete,,runs/2026-09-12/full__polygarbor_p5__seed43,evaluate_test_blur,19.418139258981682,77.70000000000002,95,398.18210526315784,407.8,1007.6192768000001,1007.77984,2.1052631578947367,39.0,0.0,0.0
full__polygarbor_p5__seed43,polygarbor_p5,full,43,complete,,runs/2026-09-12/full__polygarbor_p5__seed43,prepare_test_noise,0.34926449798513204,0.3500000000000272,1,99.1,99.1,1007.77984,1007.77984,0.0,0.0,0.0,0.0
full__polygarbor_p5__seed43,polygarbor_p5,full,43,complete,,runs/2026-09-12/full__polygarbor_p5__seed43,evaluate_test_noise,19.754702921025455,79.03000000000009,96,397.1291666666666,407.9,1008.0856746666668,1008.259072,0.5,12.0,0.0,0.0
full__polygarbor_p5__seed43,polygarbor_p5,full,43,complete,,runs/2026-09-12/full__polygarbor_p5__seed43,prepare_test_brightness,0.03500042506493628,0.040000000000000036,1,171.4,171.4,1008.267264,1008.267264,0.0,0.0,0.0,0.0
full__polygarbor_p5__seed43,polygarbor_p5,full,43,complete,,runs/2026-09-12/full__polygarbor_p5__seed43,evaluate_test_brightness,18.94518155697733,75.8,92,399.7228260869565,407.9,1011.960921043478,1012.133888,0.0,0.0,0.0,0.0
full__polygarbor_p5__seed43,polygarbor_p5,full,43,complete,,runs/2026-09-12/full__polygarbor_p5__seed43,prepare_test_color,0.08045383403077722,0.06999999999989992,0,,,,,,,,
full__polygarbor_p5__seed43,polygarbor_p5,full,43,complete,,runs/2026-09-12/full__polygarbor_p5__seed43,evaluate_test_color,18.60086720099207,74.39999999999982,90,398.03222222222223,413.1,1017.3688035555556,1017.532416,0.0,0.0,0.0,0.0
full__polygarbor_p5__seed43,polygarbor_p5,full,43,complete,,runs/2026-09-12/full__polygarbor_p5__seed43,prepare_test_jpeg,0.09907007100991905,0.10000000000003628,1,150.4,150.4,1018.871808,1018.871808,0.0,0.0,0.0,0.0
full__polygarbor_p5__seed43,polygarbor_p5,full,43,complete,,runs/2026-09-12/full__polygarbor_p5__seed43,evaluate_test_jpeg,20.020964363007806,80.11000000000003,97,399.11340206185565,412.9,1023.32682028866,1023.479808,1.958762886597938,38.0,0.0,0.0
full__polygarbor_p5__seed43,polygarbor_p5,full,43,complete,,runs/2026-09-12/full__polygarbor_p5__seed43,prepare_test_resolution,0.04190556111279875,0.040000000000000036,0,,,,,,,,
full__polygarbor_p5__seed43,polygarbor_p5,full,43,complete,,runs/2026-09-12/full__polygarbor_p5__seed43,evaluate_test_resolution,19.0109641070012,76.05999999999999,93,398.91720430107523,410.1,1029.2901381505374,1029.476352,0.5376344086021505,10.0,0.0,0.0
full__polygarbor_p5__seed43,polygarbor_p5,full,43,complete,,runs/2026-09-12/full__polygarbor_p5__seed43,prepare_test_occlusion,0.011552153038792312,0.009999999999972697,0,,,,,,,,
full__polygarbor_p5__seed43,polygarbor_p5,full,43,complete,,runs/2026-09-12/full__polygarbor_p5__seed43,evaluate_test_occlusion,18.476221885997802,73.90999999999984,89,399.5134831460675,408.9,1034.8780555505618,1035.055104,0.0,0.0,0.0,0.0
full__polygarbor_p5__seed43,polygarbor_p5,full,43,complete,,runs/2026-09-12/full__polygarbor_p5__seed43,prepare_test_rotation,0.04998314299155027,0.05999999999985439,1,137.2,137.2,1035.0592,1035.0592,0.0,0.0,0.0,0.0
full__polygarbor_p5__seed43,polygarbor_p5,full,43,complete,,runs/2026-09-12/full__polygarbor_p5__seed43,evaluate_test_rotation,18.427711838972755,73.71000000000016,89,399.75505617977524,407.9,1040.635927011236,1040.797696,0.0,0.0,0.0,0.0
full__polygarbor_p5__seed43,polygarbor_p5,full,43,complete,,runs/2026-09-12/full__polygarbor_p5__seed43,inference_batch1,1.874257170013152,7.4700000000001,9,375.96666666666664,405.9,1040.797696,1040.797696,0.0,0.0,0.0,0.0
full__polygarbor_p5__seed43,polygarbor_p5,full,43,complete,,runs/2026-09-12/full__polygarbor_p5__seed43,explanations,25.438674911041744,48.54000000000003,124,193.98790322580646,396.9,1159.4703112258069,1598.799872,0.0,0.0,0.0,0.0
full__resnet18__seed42,resnet18,full,42,complete,,runs/2026-09-12/full__resnet18__seed42,read_data,0.06314691295847297,0.05999999999999989,0,,,,,,,,
full__resnet18__seed42,resnet18,full,42,complete,,runs/2026-09-12/full__resnet18__seed42,build_model,3.480277147027664,3.1600000000000006,15,95.85333333333334,134.1,1592.9046357333334,1874.100224,35.666666666666664,43.0,54.525952,266.338304
full__resnet18__seed42,resnet18,full,42,complete,,runs/2026-09-12/full__resnet18__seed42,prepare_pipeline,1.053593905060552,1.1199999999999997,4,108.32499999999999,124.3,2250.401792,2445.979648,58.0,58.0,803.209216,803.209216
full__resnet18__seed42,resnet18,full,42,complete,,runs/2026-09-12/full__resnet18__seed42,fit,141.37901382602286,83.87,702,59.2965811965812,778.5,3705.1006905982904,3831.107584,87.42450142450143,99.0,2867.410237994302,2975.858688
full__resnet18__seed42,resnet18,full,42,complete,,runs/2026-09-12/full__resnet18__seed42,save_model,0.7576687829568982,0.7799999999999931,3,102.76666666666667,104.0,3418.0423680000004,3428.155392,93.0,93.0,2975.858688,2975.858688
full__resnet18__seed42,resnet18,full,42,complete,,runs/2026-09-12/full__resnet18__seed42,warmup,0.7283653829945251,0.7000000000000002,4,97.3,105.1,3417.934848,3443.6096,29.0,29.0,2975.858688,2975.858688
full__resnet18__seed42,resnet18,full,42,complete,,runs/2026-09-12/full__resnet18__seed42,evaluate_train,4.705535375978798,4.510000000000004,23,95.81739130434784,104.1,3474.7933384347816,3475.78368,64.8695652173913,86.0,2975.858688,2975.858688
full__resnet18__seed42,resnet18,full,42,complete,,runs/2026-09-12/full__resnet18__seed42,prepare_val_clean,0.007314511924050748,1.7763568394002505e-15,0,,,,,,,,
full__resnet18__seed42,resnet18,full,42,complete,,runs/2026-09-12/full__resnet18__seed42,evaluate_val_clean,0.7204918370116502,0.7200000000000006,4,100.0,104.2,3503.879168,3504.918528,40.75,49.0,2975.858688,2975.858688
full__resnet18__seed42,resnet18,full,42,complete,,runs/2026-09-12/full__resnet18__seed42,prepare_test_clean,0.005919279996305704,0.01000000000000778,0,,,,,,,,
full__resnet18__seed42,resnet18,full,42,complete,,runs/2026-09-12/full__resnet18__seed42,evaluate_test_clean,0.3913271550554782,0.389999999999989,2,99.15,99.2,3535.304704,3543.932928,8.0,8.0,2975.858688,2975.858688
full__resnet18__seed42,resnet18,full,42,complete,,runs/2026-09-12/full__resnet18__seed42,prepare_test_blur,0.042999856057576835,0.1699999999999866,0,,,,,,,,
full__resnet18__seed42,resnet18,full,42,complete,,runs/2026-09-12/full__resnet18__seed42,evaluate_test_blur,0.4357503909850493,0.4399999999999942,2,134.0,163.8,3556.4031999999997,3556.405248,22.5,37.0,2975.858688,2975.858688
full__resnet18__seed42,resnet18,full,42,complete,,runs/2026-09-12/full__resnet18__seed42,prepare_test_noise,0.5491419630125165,0.5499999999999945,3,100.86666666666667,104.2,3589.4572373333335,3592.593408,29.666666666666668,37.0,2975.858688,2975.858688
full__resnet18__seed42,resnet18,full,42,complete,,runs/2026-09-12/full__resnet18__seed42,evaluate_test_noise,0.44014804798644036,0.4400000000000093,2,99.2,99.2,3596.808192,3596.82048,15.0,15.0,2975.858688,2975.858688
full__resnet18__seed42,resnet18,full,42,complete,,runs/2026-09-12/full__resnet18__seed42,prepare_test_brightness,0.05484085809439421,0.05000000000001492,0,,,,,,,,
full__resnet18__seed42,resnet18,full,42,complete,,runs/2026-09-12/full__resnet18__seed42,evaluate_test_brightness,0.4411023549037054,0.4499999999999922,2,101.7,103.9,3601.844224,3601.850368,29.0,29.0,2975.858688,2975.858688
full__resnet18__seed42,resnet18,full,42,complete,,runs/2026-09-12/full__resnet18__seed42,prepare_test_color,0.09640957496594638,0.10000000000000764,0,,,,,,,,
full__resnet18__seed42,resnet18,full,42,complete,,runs/2026-09-12/full__resnet18__seed42,evaluate_test_color,0.43041516502853483,0.42000000000000615,2,99.4,99.5,3607.4004480000003,3607.404544,33.5,38.0,2975.858688,2975.858688
full__resnet18__seed42,resnet18,full,42,complete,,runs/2026-09-12/full__resnet18__seed42,prepare_test_jpeg,0.1401560710510239,0.15000000000000657,0,,,,,,,,
full__resnet18__seed42,resnet18,full,42,complete,,runs/2026-09-12/full__resnet18__seed42,evaluate_test_jpeg,0.4675504129845649,0.4599999999999991,3,99.33333333333333,104.4,3614.0714666666668,3614.171136,39.333333333333336,42.0,2975.858688,2975.858688
full__resnet18__seed42,resnet18,full,42,complete,,runs/2026-09-12/full__resnet18__seed42,prepare_test_resolution,0.05679988407064229,0.05999999999998984,1,94.5,94.5,3615.66208,3615.66208,42.0,42.0,2975.858688,2975.858688
full__resnet18__seed42,resnet18,full,42,complete,,runs/2026-09-12/full__resnet18__seed42,evaluate_test_resolution,0.4395420680521056,0.44999999999999574,2,104.35,104.4,3619.682304,3619.688448,42.0,42.0,2975.858688,2975.858688
full__resnet18__seed42,resnet18,full,42,complete,,runs/2026-09-12/full__resnet18__seed42,prepare_test_occlusion,0.013113796012476087,0.01000000000000778,1,99.5,99.5,3625.299968,3625.299968,48.0,48.0,2975.858688,2975.858688
full__resnet18__seed42,resnet18,full,42,complete,,runs/2026-09-12/full__resnet18__seed42,evaluate_test_occlusion,0.4284375360002741,0.41999999999999016,2,96.85,99.3,3625.4064639999997,3625.418752,48.0,48.0,2975.858688,2975.858688
full__resnet18__seed42,resnet18,full,42,complete,,runs/2026-09-12/full__resnet18__seed42,prepare_test_rotation,0.06975703395437449,0.07000000000001094,1,103.4,103.4,3627.626496,3627.626496,9.0,9.0,2975.858688,2975.858688
full__resnet18__seed42,resnet18,full,42,complete,,runs/2026-09-12/full__resnet18__seed42,evaluate_test_rotation,0.43687152001075447,0.41999999999999105,2,96.85,99.3,3631.110144,3631.116288,9.0,9.0,2975.858688,2975.858688
full__resnet18__seed42,resnet18,full,42,complete,,runs/2026-09-12/full__resnet18__seed42,inference_batch1,0.17211173998657614,0.17999999999999794,1,99.4,99.4,3636.477952,3636.477952,9.0,9.0,2975.858688,2975.858688
full__resnet18__seed42,resnet18,full,42,complete,,runs/2026-09-12/full__resnet18__seed42,explanations,3.395197940990329,3.430000000000012,16,100.725,108.6,3638.6831360000006,3646.939136,23.5,59.0,2975.858688,2975.858688
full__resnet18__seed43,resnet18,full,43,complete,,runs/2026-09-12/full__resnet18__seed43,read_data,0.06645301100797951,0.05999999999999994,0,,,,,,,,
full__resnet18__seed43,resnet18,full,43,complete,,runs/2026-09-12/full__resnet18__seed43,build_model,3.0868252100190148,3.07,14,99.57142857142857,144.1,1581.644361142857,1880.506368,37.0,40.0,47.785106285714285,266.338304
full__resnet18__seed43,resnet18,full,43,complete,,runs/2026-09-12/full__resnet18__seed43,prepare_pipeline,1.1263404480414465,1.1999999999999997,6,107.33333333333333,119.3,2216.5196800000003,2454.1184,32.5,33.0,713.7307306666667,803.209216
full__resnet18__seed43,resnet18,full,43,complete,,runs/2026-09-12/full__resnet18__seed43,fit,197.58303522109054,117.39999999999999,981,59.36472986748216,930.4,3712.6709882650357,3859.419136,87.25993883792049,99.0,2896.0514724403665,2975.858688
full__resnet18__seed43,resnet18,full,43,complete,,runs/2026-09-12/full__resnet18__seed43,save_model,0.6420052170287818,0.6599999999999966,3,105.5,109.4,3487.789056,3528.99072,50.0,50.0,2975.858688,2975.858688
full__resnet18__seed43,resnet18,full,43,complete,,runs/2026-09-12/full__resnet18__seed43,warmup,0.5940907900221646,0.5800000000000018,3,95.96666666666665,99.3,3460.8387413333335,3467.534336,41.666666666666664,50.0,2975.858688,2975.858688
full__resnet18__seed43,resnet18,full,43,complete,,runs/2026-09-12/full__resnet18__seed43,evaluate_train,3.9265388840576634,3.8399999999999856,20,98.045,104.5,3480.781824,3482.136576,41.05,47.0,2975.858688,2975.858688
full__resnet18__seed43,resnet18,full,43,complete,,runs/2026-09-12/full__resnet18__seed43,prepare_val_clean,0.0076720810029655695,-3.552713678800501e-15,0,,,,,,,,
full__resnet18__seed43,resnet18,full,43,complete,,runs/2026-09-12/full__resnet18__seed43,evaluate_val_clean,0.7196678089676425,0.7199999999999953,3,98.13333333333333,104.4,3510.3798613333333,3511.27552,49.666666666666664,57.0,2975.858688,2975.858688
full__resnet18__seed43,resnet18,full,43,complete,,runs/2026-09-12/full__resnet18__seed43,prepare_test_clean,0.006310139084234834,0.010000000000012221,0,,,,,,,,
full__resnet18__seed43,resnet18,full,43,complete,,runs/2026-09-12/full__resnet18__seed43,evaluate_test_clean,0.43164940003771335,0.4199999999999946,2,99.4,99.5,3537.649664,3545.616384,57.0,57.0,2975.858688,2975.858688
full__resnet18__seed43,resnet18,full,43,complete,,runs/2026-09-12/full__resnet18__seed43,prepare_test_blur,0.04136264603585005,0.1600000000000037,0,,,,,,,,
full__resnet18__seed43,resnet18,full,43,complete,,runs/2026-09-12/full__resnet18__seed43,evaluate_test_blur,0.4202301619807258,0.39000000000000057,2,91.75,94.0,3562.8032,3562.8032,45.0,45.0,2975.858688,2975.858688
full__resnet18__seed43,resnet18,full,43,complete,,runs/2026-09-12/full__resnet18__seed43,prepare_test_noise,0.5381530929589644,0.5399999999999938,3,102.36666666666667,104.5,3595.9207253333334,3599.335424,27.0,27.0,2975.858688,2975.858688
full__resnet18__seed43,resnet18,full,43,complete,,runs/2026-09-12/full__resnet18__seed43,evaluate_test_noise,0.4239543209550902,0.4100000000000037,2,96.85,104.3,3603.152896,3603.152896,27.0,27.0,2975.858688,2975.858688
full__resnet18__seed43,resnet18,full,43,complete,,runs/2026-09-12/full__resnet18__seed43,prepare_test_brightness,0.044773667003028095,0.039999999999984936,0,,,,,,,,
full__resnet18__seed43,resnet18,full,43,complete,,runs/2026-09-12/full__resnet18__seed43,evaluate_test_brightness,0.4053939220029861,0.3900000000000077,2,99.15,99.4,3608.18688,3608.18688,38.0,38.0,2975.858688,2975.858688
full__resnet18__seed43,resnet18,full,43,complete,,runs/2026-09-12/full__resnet18__seed43,prepare_test_color,0.11892708204686642,0.1200000000000081,1,103.8,103.8,3609.82528,3609.82528,20.0,20.0,2975.858688,2975.858688
full__resnet18__seed43,resnet18,full,43,complete,,runs/2026-09-12/full__resnet18__seed43,evaluate_test_color,0.42484038893599063,0.41999999999999105,2,96.69999999999999,99.3,3613.7512960000004,3613.753344,20.0,20.0,2975.858688,2975.858688
full__resnet18__seed43,resnet18,full,43,complete,,runs/2026-09-12/full__resnet18__seed43,prepare_test_jpeg,0.14651190408039838,0.1600000000000108,1,94.8,94.8,3616.731136,3616.731136,28.0,28.0,2975.858688,2975.858688
full__resnet18__seed43,resnet18,full,43,complete,,runs/2026-09-12/full__resnet18__seed43,evaluate_test_jpeg,0.48327869398053735,0.4600000000000133,2,96.9,104.3,3620.554752,3620.560896,28.0,28.0,2975.858688,2975.858688
full__resnet18__seed43,resnet18,full,43,complete,,runs/2026-09-12/full__resnet18__seed43,prepare_test_resolution,0.0529580709990114,0.060000000000002274,0,,,,,,,,
full__resnet18__seed43,resnet18,full,43,complete,,runs/2026-09-12/full__resnet18__seed43,evaluate_test_resolution,0.43937438901048154,0.4200000000000159,2,99.35,99.4,3626.082304,3626.082304,40.0,40.0,2975.858688,2975.858688
full__resnet18__seed43,resnet18,full,43,complete,,runs/2026-09-12/full__resnet18__seed43,prepare_test_occlusion,0.013082392979413271,-1.2434497875801753e-14,0,,,,,,,,
full__resnet18__seed43,resnet18,full,43,complete,,runs/2026-09-12/full__resnet18__seed43,evaluate_test_occlusion,0.44582346989773214,0.4299999999999944,2,96.85,99.5,3631.710208,3631.722496,42.0,44.0,2975.858688,2975.858688
full__resnet18__seed43,resnet18,full,43,complete,,runs/2026-09-12/full__resnet18__seed43,prepare_test_rotation,0.07633456494659185,0.08000000000001073,0,,,,,,,,
full__resnet18__seed43,resnet18,full,43,complete,,runs/2026-09-12/full__resnet18__seed43,evaluate_test_rotation,0.46444186998996884,0.42999999999999616,2,99.5,99.5,3637.4507519999997,3637.4528,44.0,44.0,2975.858688,2975.858688
full__resnet18__seed43,resnet18,full,43,complete,,runs/2026-09-12/full__resnet18__seed43,inference_batch1,0.17358765797689557,0.17999999999997662,1,98.4,98.4,3638.39488,3638.39488,50.0,50.0,2975.858688,2975.858688
full__resnet18__seed43,resnet18,full,43,complete,,runs/2026-09-12/full__resnet18__seed43,explanations,3.6888255280209705,3.7300000000000075,17,101.08823529411765,104.5,3640.0549647058824,3640.201216,25.058823529411764,50.0,2975.858688,2975.858688
full__resnet18_imagenet__seed42,resnet18_imagenet,full,42,complete,,runs/2026-09-12/full__resnet18_imagenet__seed42,read_data,0.06095230998471379,0.06999999999999978,0,,,,,,,,
full__resnet18_imagenet__seed42,resnet18_imagenet,full,42,complete,,runs/2026-09-12/full__resnet18_imagenet__seed42,build_model,4.576353819924407,4.7200000000000015,20,103.22,152.7,1849.9842048000003,2326.863872,34.65,36.0,153.40666879999998,266.338304
full__resnet18_imagenet__seed42,resnet18_imagenet,full,42,complete,,runs/2026-09-12/full__resnet18_imagenet__seed42,prepare_pipeline,1.2282778290100396,1.3199999999999994,5,109.08,129.2,2643.3134591999997,2886.803456,54.0,68.0,695.8350336,803.209216
full__resnet18_imagenet__seed42,resnet18_imagenet,full,42,complete,,runs/2026-09-12/full__resnet18_imagenet__seed42,fit,208.71694505796768,143.80999999999997,1037,68.90154291224687,898.0,4154.870291255545,4267.163648,89.61234329797493,99.0,3900.1223124551598,3995.07456
full__resnet18_imagenet__seed42,resnet18_imagenet,full,42,complete,,runs/2026-09-12/full__resnet18_imagenet__seed42,save_model,0.1784557260107249,0.1999999999999904,1,108.5,108.5,3847.122944,3847.122944,94.0,94.0,3995.07456,3995.07456
full__resnet18_imagenet__seed42,resnet18_imagenet,full,42,complete,,runs/2026-09-12/full__resnet18_imagenet__seed42,warmup,0.5453958170255646,0.529999999999994,2,96.35,98.3,3832.14592,3851.6736,94.0,94.0,3995.07456,3995.07456
full__resnet18_imagenet__seed42,resnet18_imagenet,full,42,complete,,runs/2026-09-12/full__resnet18_imagenet__seed42,evaluate_train,3.541813359945081,3.270000000000005,18,92.91111111111111,103.7,3892.979939555556,3894.165504,58.94444444444444,90.0,3995.074559999999,3995.07456
full__resnet18_imagenet__seed42,resnet18_imagenet,full,42,complete,,runs/2026-09-12/full__resnet18_imagenet__seed42,prepare_val_clean,0.004734707064926624,0.010000000000001563,0,,,,,,,,
full__resnet18_imagenet__seed42,resnet18_imagenet,full,42,complete,,runs/2026-09-12/full__resnet18_imagenet__seed42,evaluate_val_clean,0.6694063689792529,0.6299999999999777,4,95.9,99.4,3908.4093439999997,3909.382144,45.5,47.0,3995.07456,3995.07456
full__resnet18_imagenet__seed42,resnet18_imagenet,full,42,complete,,runs/2026-09-12/full__resnet18_imagenet__seed42,prepare_test_clean,0.005900616059079766,1.0658141036401503e-14,0,,,,,,,,
full__resnet18_imagenet__seed42,resnet18_imagenet,full,42,complete,,runs/2026-09-12/full__resnet18_imagenet__seed42,evaluate_test_clean,0.41620377206709236,0.389999999999997,2,94.1,99.3,3929.0593280000003,3937.316864,47.5,50.0,3995.07456,3995.07456
full__resnet18_imagenet__seed42,resnet18_imagenet,full,42,complete,,runs/2026-09-12/full__resnet18_imagenet__seed42,prepare_test_blur,0.03799493797123432,0.15000000000001812,1,123.3,123.3,3946.115072,3946.115072,50.0,50.0,3995.07456,3995.07456
full__resnet18_imagenet__seed42,resnet18_imagenet,full,42,complete,,runs/2026-09-12/full__resnet18_imagenet__seed42,evaluate_test_blur,0.40236776997335255,0.3900000000000201,2,106.6,124.0,3947.261952,3947.261952,50.5,51.0,3995.07456,3995.07456
full__resnet18_imagenet__seed42,resnet18_imagenet,full,42,complete,,runs/2026-09-12/full__resnet18_imagenet__seed42,prepare_test_noise,0.4218491059727967,0.4399999999999942,2,101.25,103.3,3971.649536,3979.788288,51.0,51.0,3995.07456,3995.07456
full__resnet18_imagenet__seed42,resnet18_imagenet,full,42,complete,,runs/2026-09-12/full__resnet18_imagenet__seed42,evaluate_test_noise,0.4120615280698985,0.37000000000001165,2,96.3,98.5,3986.20672,3986.210816,51.0,51.0,3995.07456,3995.07456
full__resnet18_imagenet__seed42,resnet18_imagenet,full,42,complete,,runs/2026-09-12/full__resnet18_imagenet__seed42,prepare_test_brightness,0.037242170074023306,0.03999999999999915,0,,,,,,,,
full__resnet18_imagenet__seed42,resnet18_imagenet,full,42,complete,,runs/2026-09-12/full__resnet18_imagenet__seed42,evaluate_test_brightness,0.41209146298933774,0.38000000000000256,2,98.75,99.4,3989.6043520000003,3989.6064,51.0,51.0,3995.07456,3995.07456
full__resnet18_imagenet__seed42,resnet18_imagenet,full,42,complete,,runs/2026-09-12/full__resnet18_imagenet__seed42,prepare_test_color,0.0848012570058927,0.08999999999999275,1,104.5,104.5,3990.474752,3990.474752,42.0,42.0,3995.07456,3995.07456
full__resnet18_imagenet__seed42,resnet18_imagenet,full,42,complete,,runs/2026-09-12/full__resnet18_imagenet__seed42,evaluate_test_color,0.40619519306346774,0.3699999999999939,2,94.4,94.5,3994.574848,3994.58304,42.0,42.0,3995.07456,3995.07456
full__resnet18_imagenet__seed42,resnet18_imagenet,full,42,complete,,runs/2026-09-12/full__resnet18_imagenet__seed42,prepare_test_jpeg,0.10963168798480183,0.11999999999999567,1,98.1,98.1,3997.57312,3997.57312,42.0,42.0,3995.07456,3995.07456
full__resnet18_imagenet__seed42,resnet18_imagenet,full,42,complete,,runs/2026-09-12/full__resnet18_imagenet__seed42,evaluate_test_jpeg,0.4454153800616041,0.4099999999999877,2,91.9,94.4,4001.32096,4001.329152,29.0,29.0,3995.07456,3995.07456
full__resnet18_imagenet__seed42,resnet18_imagenet,full,42,complete,,runs/2026-09-12/full__resnet18_imagenet__seed42,prepare_test_resolution,0.044789836974814534,0.049999999999993605,0,,,,,,,,
full__resnet18_imagenet__seed42,resnet18_imagenet,full,42,complete,,runs/2026-09-12/full__resnet18_imagenet__seed42,evaluate_test_resolution,0.4125655720708892,0.3599999999999959,2,92.25,95.1,4006.746112,4006.74816,29.0,29.0,3995.07456,3995.07456
full__resnet18_imagenet__seed42,resnet18_imagenet,full,42,complete,,runs/2026-09-12/full__resnet18_imagenet__seed42,prepare_test_occlusion,0.01265758101362735,0.01000000000000334,0,,,,,,,,
full__resnet18_imagenet__seed42,resnet18_imagenet,full,42,complete,,runs/2026-09-12/full__resnet18_imagenet__seed42,evaluate_test_occlusion,0.4141190070658922,0.370000000000017,2,97.05000000000001,99.7,4012.4170240000003,4012.429312,51.0,51.0,3995.07456,3995.07456
full__resnet18_imagenet__seed42,resnet18_imagenet,full,42,complete,,runs/2026-09-12/full__resnet18_imagenet__seed42,prepare_test_rotation,0.057554456987418234,0.05000000000002558,0,,,,,,,,
full__resnet18_imagenet__seed42,resnet18_imagenet,full,42,complete,,runs/2026-09-12/full__resnet18_imagenet__seed42,evaluate_test_rotation,0.41142523498274386,0.36999999999999034,2,91.6,94.1,4018.071552,4018.077696,32.0,32.0,3995.07456,3995.07456
full__resnet18_imagenet__seed42,resnet18_imagenet,full,42,complete,,runs/2026-09-12/full__resnet18_imagenet__seed42,inference_batch1,0.17942727892659605,0.17999999999997307,1,97.7,97.7,4019.081216,4019.081216,32.0,32.0,3995.07456,3995.07456
full__resnet18_imagenet__seed42,resnet18_imagenet,full,42,complete,,runs/2026-09-12/full__resnet18_imagenet__seed42,explanations,3.994112908025272,4.040000000000006,20,101.20500000000001,109.3,4050.4102912000003,4084.379648,32.25,54.0,3995.0745599999987,3995.07456
full__resnet18_imagenet__seed43,resnet18_imagenet,full,43,complete,,runs/2026-09-12/full__resnet18_imagenet__seed43,read_data,0.061713773058727384,0.06999999999999973,0,,,,,,,,
full__resnet18_imagenet__seed43,resnet18_imagenet,full,43,complete,,runs/2026-09-12/full__resnet18_imagenet__seed43,build_model,4.6249986389884725,4.759999999999999,20,102.75999999999999,123.1,1845.4900736,2343.108608,29.55,40.0,153.40666879999998,266.338304
full__resnet18_imagenet__seed43,resnet18_imagenet,full,43,complete,,runs/2026-09-12/full__resnet18_imagenet__seed43,prepare_pipeline,1.191429713042453,1.2800000000000007,5,108.13999999999999,119.4,2650.0554752,2886.094848,32.8,35.0,695.8350336,803.209216
full__resnet18_imagenet__seed43,resnet18_imagenet,full,43,complete,,runs/2026-09-12/full__resnet18_imagenet__seed43,fit,129.17936182999983,91.30000000000001,642,70.66962616822431,898.9,4122.124919626169,4261.388288,87.03894080996885,97.0,3891.085873445483,4049.600512
full__resnet18_imagenet__seed43,resnet18_imagenet,full,43,complete,,runs/2026-09-12/full__resnet18_imagenet__seed43,save_model,0.1778190869372338,0.17999999999998906,1,109.4,109.4,3894.132736,3894.132736,66.0,66.0,4049.600512,4049.600512
full__resnet18_imagenet__seed43,resnet18_imagenet,full,43,complete,,runs/2026-09-12/full__resnet18_imagenet__seed43,warmup,0.5407919329591095,0.5300000000000038,3,98.96666666666665,99.4,3931.706709333333,3965.857792,66.0,66.0,4049.6005119999995,4049.600512
full__resnet18_imagenet__seed43,resnet18_imagenet,full,43,complete,,runs/2026-09-12/full__resnet18_imagenet__seed43,evaluate_train,3.6185280720237643,3.369999999999999,18,92.98888888888888,104.3,3976.2873457777773,3976.904704,59.611111111111114,85.0,4049.6005120000004,4049.600512
full__resnet18_imagenet__seed43,resnet18_imagenet,full,43,complete,,runs/2026-09-12/full__resnet18_imagenet__seed43,prepare_val_clean,0.005121181020513177,0.02000000000000135,0,,,,,,,,
full__resnet18_imagenet__seed43,resnet18_imagenet,full,43,complete,,runs/2026-09-12/full__resnet18_imagenet__seed43,evaluate_val_clean,0.6821948420256376,0.6500000000000021,3,94.03333333333335,94.4,3986.707797333334,3987.202048,50.333333333333336,51.0,4049.6005119999995,4049.600512
full__resnet18_imagenet__seed43,resnet18_imagenet,full,43,complete,,runs/2026-09-12/full__resnet18_imagenet__seed43,prepare_test_clean,0.00511088699568063,0.00999999999998824,0,,,,,,,,
full__resnet18_imagenet__seed43,resnet18_imagenet,full,43,complete,,runs/2026-09-12/full__resnet18_imagenet__seed43,evaluate_test_clean,0.423238520976156,0.4099999999999939,2,96.15,99.3,4000.495616,4008.300544,29.0,29.0,4049.600512,4049.600512
full__resnet18_imagenet__seed43,resnet18_imagenet,full,43,complete,,runs/2026-09-12/full__resnet18_imagenet__seed43,prepare_test_blur,0.0320497170323506,0.12000000000001698,0,,,,,,,,
full__resnet18_imagenet__seed43,resnet18_imagenet,full,43,complete,,runs/2026-09-12/full__resnet18_imagenet__seed43,evaluate_test_blur,0.41380417300388217,0.3999999999999959,2,116.65,144.0,4024.827904,4024.827904,39.0,49.0,4049.600512,4049.600512
full__resnet18_imagenet__seed43,resnet18_imagenet,full,43,complete,,runs/2026-09-12/full__resnet18_imagenet__seed43,prepare_test_noise,0.4174656179966405,0.42999999999999794,2,100.7,102.0,4046.901248,4055.08096,49.0,49.0,4049.600512,4049.600512
full__resnet18_imagenet__seed43,resnet18_imagenet,full,43,complete,,runs/2026-09-12/full__resnet18_imagenet__seed43,evaluate_test_noise,0.41611084598116577,0.39000000000000234,2,96.45,98.9,4064.794624,4064.804864,49.0,49.0,4049.600512,4049.600512
full__resnet18_imagenet__seed43,resnet18_imagenet,full,43,complete,,runs/2026-09-12/full__resnet18_imagenet__seed43,prepare_test_brightness,0.03924631199333817,0.04000000000000892,1,102.7,102.7,4065.972224,4065.972224,49.0,49.0,4049.600512,4049.600512
full__resnet18_imagenet__seed43,resnet18_imagenet,full,43,complete,,runs/2026-09-12/full__resnet18_imagenet__seed43,evaluate_test_brightness,0.41371189896017313,0.3799999999999981,2,89.5,89.6,4069.715968,4069.728256,49.0,49.0,4049.600512,4049.600512
full__resnet18_imagenet__seed43,resnet18_imagenet,full,43,complete,,runs/2026-09-12/full__resnet18_imagenet__seed43,prepare_test_color,0.08539664500858635,0.08000000000000185,0,,,,,,,,
full__resnet18_imagenet__seed43,resnet18_imagenet,full,43,complete,,runs/2026-09-12/full__resnet18_imagenet__seed43,evaluate_test_color,0.42139182006940246,0.3900000000000041,2,96.75,104.3,4075.210752,4075.2128,30.0,30.0,4049.600512,4049.600512
full__resnet18_imagenet__seed43,resnet18_imagenet,full,43,complete,,runs/2026-09-12/full__resnet18_imagenet__seed43,prepare_test_jpeg,0.10688047204166651,0.11000000000000476,1,103.3,103.3,4078.145536,4078.145536,30.0,30.0,4049.600512,4049.600512
full__resnet18_imagenet__seed43,resnet18_imagenet,full,43,complete,,runs/2026-09-12/full__resnet18_imagenet__seed43,evaluate_test_jpeg,0.45414338097907603,0.42000000000000703,2,94.45,94.5,4082.010112,4082.01216,29.0,29.0,4049.600512,4049.600512
full__resnet18_imagenet__seed43,resnet18_imagenet,full,43,complete,,runs/2026-09-12/full__resnet18_imagenet__seed43,prepare_test_resolution,0.0462696390459314,0.04000000000001247,1,103.5,103.5,4083.515392,4083.515392,29.0,29.0,4049.600512,4049.600512
full__resnet18_imagenet__seed43,resnet18_imagenet,full,43,complete,,runs/2026-09-12/full__resnet18_imagenet__seed43,evaluate_test_resolution,0.3989094829885289,0.38000000000000167,2,89.30000000000001,89.4,4087.517184,4087.517184,39.0,49.0,4049.600512,4049.600512
full__resnet18_imagenet__seed43,resnet18_imagenet,full,43,complete,,runs/2026-09-12/full__resnet18_imagenet__seed43,prepare_test_occlusion,0.012008170946501195,0.010000000000012221,0,,,,,,,,
full__resnet18_imagenet__seed43,resnet18_imagenet,full,43,complete,,runs/2026-09-12/full__resnet18_imagenet__seed43,evaluate_test_occlusion,0.39832175604533404,0.3599999999999923,2,94.35,94.5,4093.2065279999997,4093.218816,49.0,49.0,4049.600512,4049.600512
full__resnet18_imagenet__seed43,resnet18_imagenet,full,43,complete,,runs/2026-09-12/full__resnet18_imagenet__seed43,prepare_test_rotation,0.05548451200593263,0.05000000000001492,0,,,,,,,,
full__resnet18_imagenet__seed43,resnet18_imagenet,full,43,complete,,runs/2026-09-12/full__resnet18_imagenet__seed43,evaluate_test_rotation,0.4019509230274707,0.379999999999999,2,94.7,100.0,4098.951168,4098.953216,28.0,28.0,4049.600512,4049.600512
full__resnet18_imagenet__seed43,resnet18_imagenet,full,43,complete,,runs/2026-09-12/full__resnet18_imagenet__seed43,inference_batch1,0.17109544901177287,0.18000000000000593,1,95.1,95.1,4099.919872,4099.919872,28.0,28.0,4049.600512,4049.600512
full__resnet18_imagenet__seed43,resnet18_imagenet,full,43,complete,,runs/2026-09-12/full__resnet18_imagenet__seed43,explanations,4.10507836996112,4.129999999999986,20,100.80999999999999,109.2,4129.447936,4161.978368,28.7,31.0,4049.600512000001,4049.600512
full__yolo11n__seed42,yolo11n,full,42,complete,,runs/2026-09-12/full__yolo11n__seed42,read_data,0.06464235298335552,0.05999999999999994,0,,,,,,,,
full__yolo11n__seed42,yolo11n,full,42,complete,,runs/2026-09-12/full__yolo11n__seed42,prepare_pipeline,16.783467214903794,16.93,83,100.77831325301207,148.7,1444.1207487228917,1473.69984,24.228915662650603,52.0,0.0,0.0
full__yolo11n__seed42,yolo11n,full,42,complete,,runs/2026-09-12/full__yolo11n__seed42,build_model,0.8325802229810506,0.8499999999999972,4,100.625,103.3,1550.491648,1603.395584,14.25,15.0,0.0,0.0
full__yolo11n__seed42,yolo11n,full,42,complete,,runs/2026-09-12/full__yolo11n__seed42,fit,290.1132799150655,1058.3,1439,365.0533009034051,486.2,3177.5606176289093,3491.762176,46.485059068797774,84.0,624.8055592383599,799.014912
full__yolo11n__seed42,yolo11n,full,42,complete,,runs/2026-09-12/full__yolo11n__seed42,save_model,0.03892728895880282,0.12999999999999012,0,,,,,,,,
full__yolo11n__seed42,yolo11n,full,42,complete,,runs/2026-09-12/full__yolo11n__seed42,warmup,0.06637982896063477,0.1500000000001993,0,,,,,,,,
full__yolo11n__seed42,yolo11n,full,42,complete,,runs/2026-09-12/full__yolo11n__seed42,evaluate_train,1.9924478770699352,2.0299999999998537,10,106.25,147.7,3247.4742784,3366.13376,46.9,51.0,398.45888,398.45888
full__yolo11n__seed42,yolo11n,full,42,complete,,runs/2026-09-12/full__yolo11n__seed42,prepare_val_clean,0.004786435980349779,0.009999999999999787,0,,,,,,,,
full__yolo11n__seed42,yolo11n,full,42,complete,,runs/2026-09-12/full__yolo11n__seed42,evaluate_val_clean,0.26386261405423284,0.2699999999999907,1,99.3,99.3,3383.934976,3383.934976,47.0,47.0,398.45888,398.45888
full__yolo11n__seed42,yolo11n,full,42,complete,,runs/2026-09-12/full__yolo11n__seed42,prepare_test_clean,0.005298749078065157,0.010000000000200515,0,,,,,,,,
full__yolo11n__seed42,yolo11n,full,42,complete,,runs/2026-09-12/full__yolo11n__seed42,evaluate_test_clean,0.22238851198926568,0.21999999999978215,1,99.2,99.2,3160.293376,3160.293376,49.0,49.0,398.45888,398.45888
full__yolo11n__seed42,yolo11n,full,42,complete,,runs/2026-09-12/full__yolo11n__seed42,prepare_test_blur,0.05727580899838358,0.06000000000015504,0,,,,,,,,
full__yolo11n__seed42,yolo11n,full,42,complete,,runs/2026-09-12/full__yolo11n__seed42,evaluate_test_blur,0.2285964690381661,0.23999999999999133,1,99.5,99.5,3210.706944,3210.706944,49.0,49.0,398.45888,398.45888
full__yolo11n__seed42,yolo11n,full,42,complete,,runs/2026-09-12/full__yolo11n__seed42,prepare_test_noise,0.4127680390374735,0.43000000000002814,2,99.5,99.5,3225.841664,3225.841664,50.0,50.0,398.45888,398.45888
full__yolo11n__seed42,yolo11n,full,42,complete,,runs/2026-09-12/full__yolo11n__seed42,evaluate_test_noise,0.23136432201135904,0.229999999999972,1,104.5,104.5,3231.543296,3231.543296,50.0,50.0,398.45888,398.45888
full__yolo11n__seed42,yolo11n,full,42,complete,,runs/2026-09-12/full__yolo11n__seed42,prepare_test_brightness,0.03627486899495125,0.03999999999990855,0,,,,,,,,
full__yolo11n__seed42,yolo11n,full,42,complete,,runs/2026-09-12/full__yolo11n__seed42,evaluate_test_brightness,0.21511818701401353,0.21999999999997222,1,103.5,103.5,3239.28064,3239.28064,39.0,39.0,398.45888,398.45888
full__yolo11n__seed42,yolo11n,full,42,complete,,runs/2026-09-12/full__yolo11n__seed42,prepare_test_color,0.09385779197327793,0.0899999999998542,1,102.6,102.6,3239.28064,3239.28064,39.0,39.0,398.45888,398.45888
full__yolo11n__seed42,yolo11n,full,42,complete,,runs/2026-09-12/full__yolo11n__seed42,evaluate_test_color,0.22736413090024143,0.23999999999994515,1,99.2,99.2,3239.28064,3239.28064,39.0,39.0,398.45888,398.45888
full__yolo11n__seed42,yolo11n,full,42,complete,,runs/2026-09-12/full__yolo11n__seed42,prepare_test_jpeg,0.11559582594782114,0.1200000000000454,1,99.1,99.1,3251.851264,3251.851264,45.0,45.0,398.45888,398.45888
full__yolo11n__seed42,yolo11n,full,42,complete,,runs/2026-09-12/full__yolo11n__seed42,evaluate_test_jpeg,0.29089485097210854,0.2999999999998817,1,104.2,104.2,3264.413696,3264.413696,45.0,45.0,398.45888,398.45888
full__yolo11n__seed42,yolo11n,full,42,complete,,runs/2026-09-12/full__yolo11n__seed42,prepare_test_resolution,0.04360064503271133,0.04999999999986393,0,,,,,,,,
full__yolo11n__seed42,yolo11n,full,42,complete,,runs/2026-09-12/full__yolo11n__seed42,evaluate_test_resolution,0.22277995303738862,0.2299999999999276,1,97.5,97.5,3275.28448,3275.28448,45.0,45.0,398.45888,398.45888
full__yolo11n__seed42,yolo11n,full,42,complete,,runs/2026-09-12/full__yolo11n__seed42,prepare_test_occlusion,0.011160205001942813,0.009999999999891429,0,,,,,,,,
full__yolo11n__seed42,yolo11n,full,42,complete,,runs/2026-09-12/full__yolo11n__seed42,evaluate_test_occlusion,0.2266755849123001,0.22999999999991871,1,99.4,99.4,3275.288576,3275.288576,54.0,54.0,398.45888,398.45888
full__yolo11n__seed42,yolo11n,full,42,complete,,runs/2026-09-12/full__yolo11n__seed42,prepare_test_rotation,0.058370238984934986,0.05999999999983707,0,,,,,,,,
full__yolo11n__seed42,yolo11n,full,42,complete,,runs/2026-09-12/full__yolo11n__seed42,evaluate_test_rotation,0.2275526860030368,0.21999999999991893,2,101.80000000000001,104.2,3275.296768,3275.296768,50.0,54.0,398.45888,398.45888
full__yolo11n__seed42,yolo11n,full,42,complete,,runs/2026-09-12/full__yolo11n__seed42,inference_batch1,0.19617712206672877,0.21000000000014474,1,99.4,99.4,3275.296768,3275.296768,46.0,46.0,398.45888,398.45888
full__yolo11n__seed42,yolo11n,full,42,complete,,runs/2026-09-12/full__yolo11n__seed42,explanations,2.5447481099981815,2.5800000000000267,12,102.02500000000002,109.2,3284.140032,3299.81952,44.75,46.0,398.4588800000001,398.45888
full__yolo11n__seed43,yolo11n,full,43,complete,,runs/2026-09-12/full__yolo11n__seed43,read_data,0.06163509690668434,0.060000000000000164,0,,,,,,,,
full__yolo11n__seed43,yolo11n,full,43,complete,,runs/2026-09-12/full__yolo11n__seed43,prepare_pipeline,16.990237237070687,17.16,84,100.95714285714287,154.0,1446.340412952381,1475.846144,34.63095238095238,43.0,0.0,0.0
full__yolo11n__seed43,yolo11n,full,43,complete,,runs/2026-09-12/full__yolo11n__seed43,build_model,0.9338094079867005,0.89,5,94.88000000000001,99.6,1552.6387712,1620.516864,28.0,32.0,0.0,0.0
full__yolo11n__seed43,yolo11n,full,43,complete,,runs/2026-09-12/full__yolo11n__seed43,fit,213.9610456370283,780.02,1061,364.9997172478793,494.6,3161.3725851385484,3467.583488,39.51272384542884,73.0,581.7274317813384,706.740224
full__yolo11n__seed43,yolo11n,full,43,complete,,runs/2026-09-12/full__yolo11n__seed43,save_model,0.03952084493357688,0.14999999999999147,0,,,,,,,,
full__yolo11n__seed43,yolo11n,full,43,complete,,runs/2026-09-12/full__yolo11n__seed43,warmup,0.06844179006293416,0.1700000000000781,0,,,,,,,,
full__yolo11n__seed43,yolo11n,full,43,complete,,runs/2026-09-12/full__yolo11n__seed43,evaluate_train,1.940228633931838,1.9500000000000508,10,107.69000000000001,167.5,3226.1238784,3353.071616,56.9,68.0,438.3047680000001,438.304768
full__yolo11n__seed43,yolo11n,full,43,complete,,runs/2026-09-12/full__yolo11n__seed43,prepare_val_clean,0.0059716529212892056,4.618527782440651e-14,0,,,,,,,,
full__yolo11n__seed43,yolo11n,full,43,complete,,runs/2026-09-12/full__yolo11n__seed43,evaluate_val_clean,0.3033495709532872,0.3199999999999825,1,104.4,104.4,3360.104448,3360.104448,33.0,33.0,438.304768,438.304768
full__yolo11n__seed43,yolo11n,full,43,complete,,runs/2026-09-12/full__yolo11n__seed43,prepare_test_clean,0.005017852992750704,1.7763568394002505e-14,0,,,,,,,,
full__yolo11n__seed43,yolo11n,full,43,complete,,runs/2026-09-12/full__yolo11n__seed43,evaluate_test_clean,0.21249477798119187,0.22000000000004505,1,104.1,104.1,3158.368256,3158.368256,47.0,47.0,438.304768,438.304768
full__yolo11n__seed43,yolo11n,full,43,complete,,runs/2026-09-12/full__yolo11n__seed43,prepare_test_blur,0.06143528502434492,0.059999999999963194,0,,,,,,,,
full__yolo11n__seed43,yolo11n,full,43,complete,,runs/2026-09-12/full__yolo11n__seed43,evaluate_test_blur,0.24608193000312895,0.25000000000001776,1,104.4,104.4,3176.349696,3176.349696,47.0,47.0,438.304768,438.304768
full__yolo11n__seed43,yolo11n,full,43,complete,,runs/2026-09-12/full__yolo11n__seed43,prepare_test_noise,0.47028969996608794,0.4800000000000093,2,101.8,104.3,3202.289664,3202.289664,39.0,39.0,438.304768,438.304768
full__yolo11n__seed43,yolo11n,full,43,complete,,runs/2026-09-12/full__yolo11n__seed43,evaluate_test_noise,0.22018605296034366,0.22000000000000952,1,99.4,99.4,3208.056832,3208.056832,39.0,39.0,438.304768,438.304768
full__yolo11n__seed43,yolo11n,full,43,complete,,runs/2026-09-12/full__yolo11n__seed43,prepare_test_brightness,0.039291983004659414,0.039999999999936975,1,100.1,100.1,3211.419648,3211.419648,17.0,17.0,438.304768,438.304768
full__yolo11n__seed43,yolo11n,full,43,complete,,runs/2026-09-12/full__yolo11n__seed43,evaluate_test_brightness,0.22523225808981806,0.22000000000000064,1,104.0,104.0,3211.419648,3211.419648,17.0,17.0,438.304768,438.304768
full__yolo11n__seed43,yolo11n,full,43,complete,,runs/2026-09-12/full__yolo11n__seed43,prepare_test_color,0.10173258988652378,0.09999999999998721,1,104.1,104.1,3213.529088,3213.529088,17.0,17.0,438.304768,438.304768
full__yolo11n__seed43,yolo11n,full,43,complete,,runs/2026-09-12/full__yolo11n__seed43,evaluate_test_color,0.23172415199223906,0.23999999999997357,1,99.5,99.5,3215.147008,3215.147008,17.0,17.0,438.304768,438.304768
full__yolo11n__seed43,yolo11n,full,43,complete,,runs/2026-09-12/full__yolo11n__seed43,prepare_test_jpeg,0.11293901491444558,0.11999999999995836,1,103.4,103.4,3223.924736,3223.924736,24.0,24.0,438.304768,438.304768
full__yolo11n__seed43,yolo11n,full,43,complete,,runs/2026-09-12/full__yolo11n__seed43,evaluate_test_jpeg,0.2723495709942654,0.2800000000000402,1,99.2,99.2,3242.545152,3242.545152,24.0,24.0,438.304768,438.304768
full__yolo11n__seed43,yolo11n,full,43,complete,,runs/2026-09-12/full__yolo11n__seed43,prepare_test_resolution,0.04778391297440976,0.05000000000000426,0,,,,,,,,
full__yolo11n__seed43,yolo11n,full,43,complete,,runs/2026-09-12/full__yolo11n__seed43,evaluate_test_resolution,0.23599586496129632,0.23000000000006793,1,99.9,99.9,3251.666944,3251.666944,24.0,24.0,438.304768,438.304768
full__yolo11n__seed43,yolo11n,full,43,complete,,runs/2026-09-12/full__yolo11n__seed43,prepare_test_occlusion,0.012314159073866904,0.010000000000031761,0,,,,,,,,
full__yolo11n__seed43,yolo11n,full,43,complete,,runs/2026-09-12/full__yolo11n__seed43,evaluate_test_occlusion,0.224809244973585,0.24000000000004995,1,104.0,104.0,3251.67104,3251.67104,44.0,44.0,438.304768,438.304768
full__yolo11n__seed43,yolo11n,full,43,complete,,runs/2026-09-12/full__yolo11n__seed43,prepare_test_rotation,0.05778522603213787,0.0499999999999865,0,,,,,,,,
full__yolo11n__seed43,yolo11n,full,43,complete,,runs/2026-09-12/full__yolo11n__seed43,evaluate_test_rotation,0.21899302303791046,0.22000000000005926,2,99.3,99.5,3251.675136,3251.675136,41.0,44.0,438.304768,438.304768
full__yolo11n__seed43,yolo11n,full,43,complete,,runs/2026-09-12/full__yolo11n__seed43,inference_batch1,0.15920939191710204,0.15999999999999126,1,99.2,99.2,3251.675136,3251.675136,38.0,38.0,438.304768,438.304768
full__yolo11n__seed43,yolo11n,full,43,complete,,runs/2026-09-12/full__yolo11n__seed43,explanations,2.5187069239327684,2.5499999999999776,12,101.45833333333331,104.4,3260.298581333334,3278.348288,29.666666666666668,38.0,438.304768,438.304768
full__yolo11n_random__seed42,yolo11n_random,full,42,complete,,runs/2026-09-12/full__yolo11n_random__seed42,read_data,0.06200575199909508,0.060000000000000164,0,,,,,,,,
full__yolo11n_random__seed42,yolo11n_random,full,42,complete,,runs/2026-09-12/full__yolo11n_random__seed42,prepare_pipeline,15.406630330020562,15.55,76,100.34078947368423,104.7,1448.5110029473683,1477.59104,35.73684210526316,45.0,0.0,0.0
full__yolo11n_random__seed42,yolo11n_random,full,42,complete,,runs/2026-09-12/full__yolo11n_random__seed42,build_model,0.07500515598803759,0.20999999999999996,1,109.5,109.5,1516.711936,1516.711936,38.0,38.0,0.0,0.0
full__yolo11n_random__seed42,yolo11n_random,full,42,complete,,runs/2026-09-12/full__yolo11n_random__seed42,fit,240.81661094806623,877.9,1193,364.98055322715845,461.0,3161.636362729254,3471.294464,38.76445934618609,49.0,603.854966450964,767.557632
full__yolo11n_random__seed42,yolo11n_random,full,42,complete,,runs/2026-09-12/full__yolo11n_random__seed42,save_model,0.034486060962080956,0.10999999999998167,0,,,,,,,,
full__yolo11n_random__seed42,yolo11n_random,full,42,complete,,runs/2026-09-12/full__yolo11n_random__seed42,warmup,0.055095073068514466,0.1499999999999453,0,,,,,,,,
full__yolo11n_random__seed42,yolo11n_random,full,42,complete,,runs/2026-09-12/full__yolo11n_random__seed42,evaluate_train,1.6879932569572702,1.7099999999999955,9,109.22222222222221,178.1,3240.6619022222217,3363.024896,36.111111111111114,40.0,425.721856,425.721856
full__yolo11n_random__seed42,yolo11n_random,full,42,complete,,runs/2026-09-12/full__yolo11n_random__seed42,prepare_val_clean,0.004501393064856529,0.0,0,,,,,,,,
full__yolo11n_random__seed42,yolo11n_random,full,42,complete,,runs/2026-09-12/full__yolo11n_random__seed42,evaluate_val_clean,0.22782216302584857,0.2300000000000182,1,98.8,98.8,3363.561472,3363.561472,35.0,35.0,425.721856,425.721856
full__yolo11n_random__seed42,yolo11n_random,full,42,complete,,runs/2026-09-12/full__yolo11n_random__seed42,prepare_test_clean,0.004578853026032448,-1.7763568394002505e-14,0,,,,,,,,
full__yolo11n_random__seed42,yolo11n_random,full,42,complete,,runs/2026-09-12/full__yolo11n_random__seed42,evaluate_test_clean,0.20237308193463832,0.21000000000001862,1,104.2,104.2,3144.327168,3144.327168,35.0,35.0,425.721856,425.721856
full__yolo11n_random__seed42,yolo11n_random,full,42,complete,,runs/2026-09-12/full__yolo11n_random__seed42,prepare_test_blur,0.05359592498280108,0.060000000000041354,1,103.4,103.4,3171.393536,3171.393536,41.0,41.0,425.721856,425.721856
full__yolo11n_random__seed42,yolo11n_random,full,42,complete,,runs/2026-09-12/full__yolo11n_random__seed42,evaluate_test_blur,0.21280879597179592,0.20999999999989605,1,99.3,99.3,3201.216512,3201.216512,41.0,41.0,425.721856,425.721856
full__yolo11n_random__seed42,yolo11n_random,full,42,complete,,runs/2026-09-12/full__yolo11n_random__seed42,prepare_test_noise,0.38704355899244547,0.3899999999999402,2,101.55,104.1,3206.336512,3207.12704,36.5,41.0,425.721856,425.721856
full__yolo11n_random__seed42,yolo11n_random,full,42,complete,,runs/2026-09-12/full__yolo11n_random__seed42,evaluate_test_noise,0.21216501097660512,0.2099999999999813,1,99.1,99.1,3211.24352,3211.24352,32.0,32.0,425.721856,425.721856
full__yolo11n_random__seed42,yolo11n_random,full,42,complete,,runs/2026-09-12/full__yolo11n_random__seed42,prepare_test_brightness,0.03398981294594705,0.030000000000022453,0,,,,,,,,
full__yolo11n_random__seed42,yolo11n_random,full,42,complete,,runs/2026-09-12/full__yolo11n_random__seed42,evaluate_test_brightness,0.19985066691879183,0.2000000000000952,1,99.2,99.2,3218.980864,3218.980864,32.0,32.0,425.721856,425.721856
full__yolo11n_random__seed42,yolo11n_random,full,42,complete,,runs/2026-09-12/full__yolo11n_random__seed42,prepare_test_color,0.08203402394428849,0.09000000000007269,1,99.1,99.1,3218.980864,3218.980864,40.0,40.0,425.721856,425.721856
full__yolo11n_random__seed42,yolo11n_random,full,42,complete,,runs/2026-09-12/full__yolo11n_random__seed42,evaluate_test_color,0.19589264504611492,0.19000000000009543,1,99.3,99.3,3218.980864,3218.980864,40.0,40.0,425.721856,425.721856
full__yolo11n_random__seed42,yolo11n_random,full,42,complete,,runs/2026-09-12/full__yolo11n_random__seed42,prepare_test_jpeg,0.1031353110447526,0.09999999999994102,0,,,,,,,,
full__yolo11n_random__seed42,yolo11n_random,full,42,complete,,runs/2026-09-12/full__yolo11n_random__seed42,evaluate_test_jpeg,0.245729838963598,0.250000000000032,2,101.75,104.2,3241.054208,3254.861824,40.0,40.0,425.721856,425.721856
full__yolo11n_random__seed42,yolo11n_random,full,42,complete,,runs/2026-09-12/full__yolo11n_random__seed42,prepare_test_resolution,0.04279522900469601,0.03999999999997783,0,,,,,,,,
full__yolo11n_random__seed42,yolo11n_random,full,42,complete,,runs/2026-09-12/full__yolo11n_random__seed42,evaluate_test_resolution,0.1979440909344703,0.2100000000000506,1,98.8,98.8,3254.923264,3254.923264,38.0,38.0,425.721856,425.721856
full__yolo11n_random__seed42,yolo11n_random,full,42,complete,,runs/2026-09-12/full__yolo11n_random__seed42,prepare_test_occlusion,0.010026293923147023,0.009999999999996234,0,,,,,,,,
full__yolo11n_random__seed42,yolo11n_random,full,42,complete,,runs/2026-09-12/full__yolo11n_random__seed42,evaluate_test_occlusion,0.20010332600213587,0.20999999999992802,1,99.0,99.0,3254.931456,3254.931456,38.0,38.0,425.721856,425.721856
full__yolo11n_random__seed42,yolo11n_random,full,42,complete,,runs/2026-09-12/full__yolo11n_random__seed42,prepare_test_rotation,0.05199377401731908,0.05000000000006288,0,,,,,,,,
full__yolo11n_random__seed42,yolo11n_random,full,42,complete,,runs/2026-09-12/full__yolo11n_random__seed42,evaluate_test_rotation,0.2006449269829318,0.19999999999992646,1,94.3,94.3,3254.935552,3254.935552,33.0,33.0,425.721856,425.721856
full__yolo11n_random__seed42,yolo11n_random,full,42,complete,,runs/2026-09-12/full__yolo11n_random__seed42,inference_batch1,0.14932466391474009,0.14999999999996305,0,,,,,,,,
full__yolo11n_random__seed42,yolo11n_random,full,42,complete,,runs/2026-09-12/full__yolo11n_random__seed42,explanations,3.0849924320355058,3.130000000000095,15,101.42666666666668,106.2,3259.555293866667,3271.860224,30.6,34.0,425.72185600000006,425.721856
full__yolo11n_random__seed43,yolo11n_random,full,43,complete,,runs/2026-09-12/full__yolo11n_random__seed43,read_data,0.062003730912692845,0.08000000000000018,0,,,,,,,,
full__yolo11n_random__seed43,yolo11n_random,full,43,complete,,runs/2026-09-12/full__yolo11n_random__seed43,prepare_pipeline,15.261171380057931,15.42,76,100.98684210526316,158.1,1448.7052934736842,1480.6016,36.6578947368421,41.0,0.0,0.0
full__yolo11n_random__seed43,yolo11n_random,full,43,complete,,runs/2026-09-12/full__yolo11n_random__seed43,build_model,0.07308911602012813,0.2099999999999992,0,,,,,,,,
full__yolo11n_random__seed43,yolo11n_random,full,43,complete,,runs/2026-09-12/full__yolo11n_random__seed43,fit,262.1389313660329,955.32,1299,364.78591224018476,456.9,3171.5760460662045,3470.143488,38.541185527328714,48.0,617.4070378814473,788.529152
full__yolo11n_random__seed43,yolo11n_random,full,43,complete,,runs/2026-09-12/full__yolo11n_random__seed43,save_model,0.03079127101227641,0.1100000000000545,0,,,,,,,,
full__yolo11n_random__seed43,yolo11n_random,full,43,complete,,runs/2026-09-12/full__yolo11n_random__seed43,warmup,0.05095231009181589,0.1400000000000272,0,,,,,,,,
full__yolo11n_random__seed43,yolo11n_random,full,43,complete,,runs/2026-09-12/full__yolo11n_random__seed43,evaluate_train,1.6587682740064338,1.67,8,106.4875,146.6,3227.7601280000003,3338.993664,43.125,47.0,444.596224,444.596224
full__yolo11n_random__seed43,yolo11n_random,full,43,complete,,runs/2026-09-12/full__yolo11n_random__seed43,prepare_val_clean,0.004478233982808888,-4.085620730620576e-14,0,,,,,,,,
full__yolo11n_random__seed43,yolo11n_random,full,43,complete,,runs/2026-09-12/full__yolo11n_random__seed43,evaluate_val_clean,0.22700993600301445,0.21999999999998643,1,99.2,99.2,3362.934784,3362.934784,40.0,40.0,444.596224,444.596224
full__yolo11n_random__seed43,yolo11n_random,full,43,complete,,runs/2026-09-12/full__yolo11n_random__seed43,prepare_test_clean,0.004619490006007254,-4.973799150320701e-14,0,,,,,,,,
full__yolo11n_random__seed43,yolo11n_random,full,43,complete,,runs/2026-09-12/full__yolo11n_random__seed43,evaluate_test_clean,0.21619374898727983,0.21999999999986386,1,98.6,98.6,3147.93984,3147.93984,43.0,43.0,444.596224,444.596224
full__yolo11n_random__seed43,yolo11n_random,full,43,complete,,runs/2026-09-12/full__yolo11n_random__seed43,prepare_test_blur,0.05302828294225037,0.060000000000114184,1,104.0,104.0,3170.684928,3170.684928,43.0,43.0,444.596224,444.596224
full__yolo11n_random__seed43,yolo11n_random,full,43,complete,,runs/2026-09-12/full__yolo11n_random__seed43,evaluate_test_blur,0.2110488349571824,0.20999999999997776,1,99.3,99.3,3204.517888,3204.517888,43.0,43.0,444.596224,444.596224
full__yolo11n_random__seed43,yolo11n_random,full,43,complete,,runs/2026-09-12/full__yolo11n_random__seed43,prepare_test_noise,0.38321443693712354,0.3900000000000219,2,101.65,104.1,3206.5372159999997,3208.241152,28.0,28.0,444.596224,444.596224
full__yolo11n_random__seed43,yolo11n_random,full,43,complete,,runs/2026-09-12/full__yolo11n_random__seed43,evaluate_test_noise,0.19978097605053335,0.20000000000007212,1,99.5,99.5,3210.604544,3210.604544,28.0,28.0,444.596224,444.596224
full__yolo11n_random__seed43,yolo11n_random,full,43,complete,,runs/2026-09-12/full__yolo11n_random__seed43,prepare_test_brightness,0.03496848000213504,0.04000000000009507,0,,,,,,,,
full__yolo11n_random__seed43,yolo11n_random,full,43,complete,,runs/2026-09-12/full__yolo11n_random__seed43,evaluate_test_brightness,0.20439122803509235,0.19999999999994955,1,98.9,98.9,3218.341888,3218.341888,34.0,34.0,444.596224,444.596224
full__yolo11n_random__seed43,yolo11n_random,full,43,complete,,runs/2026-09-12/full__yolo11n_random__seed43,prepare_test_color,0.08527681697160006,0.08000000000004981,1,99.2,99.2,3218.341888,3218.341888,34.0,34.0,444.596224,444.596224
full__yolo11n_random__seed43,yolo11n_random,full,43,complete,,runs/2026-09-12/full__yolo11n_random__seed43,evaluate_test_color,0.20386004401370883,0.19999999999994067,1,99.3,99.3,3218.341888,3218.341888,34.0,34.0,444.596224,444.596224
full__yolo11n_random__seed43,yolo11n_random,full,43,complete,,runs/2026-09-12/full__yolo11n_random__seed43,prepare_test_jpeg,0.09877187199890614,0.10000000000002274,0,,,,,,,,
full__yolo11n_random__seed43,yolo11n_random,full,43,complete,,runs/2026-09-12/full__yolo11n_random__seed43,evaluate_test_jpeg,0.2415764699690044,0.25,1,104.0,104.0,3230.978048,3230.978048,26.0,26.0,444.596224,444.596224
full__yolo11n_random__seed43,yolo11n_random,full,43,complete,,runs/2026-09-12/full__yolo11n_random__seed43,prepare_test_resolution,0.041673250030726194,0.03999999999994586,1,103.5,103.5,3254.284288,3254.284288,26.0,26.0,444.596224,444.596224
full__yolo11n_random__seed43,yolo11n_random,full,43,complete,,runs/2026-09-12/full__yolo11n_random__seed43,evaluate_test_resolution,0.19843659095931798,0.2000000000000277,1,99.4,99.4,3254.284288,3254.284288,26.0,26.0,444.596224,444.596224
full__yolo11n_random__seed43,yolo11n_random,full,43,complete,,runs/2026-09-12/full__yolo11n_random__seed43,prepare_test_occlusion,0.009883037069812417,0.00999999999996426,0,,,,,,,,
full__yolo11n_random__seed43,yolo11n_random,full,43,complete,,runs/2026-09-12/full__yolo11n_random__seed43,evaluate_test_occlusion,0.20090333104599267,0.19999999999990514,1,99.4,99.4,3254.288384,3254.288384,35.0,35.0,444.596224,444.596224
full__yolo11n_random__seed43,yolo11n_random,full,43,complete,,runs/2026-09-12/full__yolo11n_random__seed43,prepare_test_rotation,0.05079071794170886,0.049999999999919,0,,,,,,,,
full__yolo11n_random__seed43,yolo11n_random,full,43,complete,,runs/2026-09-12/full__yolo11n_random__seed43,evaluate_test_rotation,0.19740554003510624,0.19000000000001904,1,99.4,99.4,3254.29248,3254.29248,35.0,35.0,444.596224,444.596224
full__yolo11n_random__seed43,yolo11n_random,full,43,complete,,runs/2026-09-12/full__yolo11n_random__seed43,inference_batch1,0.15181353397201747,0.15999999999992198,1,102.5,102.5,3254.29248,3254.29248,35.0,35.0,444.596224,444.596224
full__yolo11n_random__seed43,yolo11n_random,full,43,complete,,runs/2026-09-12/full__yolo11n_random__seed43,explanations,3.133002098998986,3.1600000000000357,15,101.42666666666666,104.3,3259.262293333333,3270.352896,37.0,53.0,444.59622399999995,444.596224
imbalance__polygarbor__seed42,polygarbor,imbalance,42,complete,,runs/2026-09-12/imbalance__polygarbor__seed42,read_data,0.03680755395907909,0.04000000000000015,0,,,,,,,,
imbalance__polygarbor__seed42,polygarbor,imbalance,42,complete,,runs/2026-09-12/imbalance__polygarbor__seed42,build_model,0.0003330819308757782,1.1102230246251565e-16,0,,,,,,,,
imbalance__polygarbor__seed42,polygarbor,imbalance,42,complete,,runs/2026-09-12/imbalance__polygarbor__seed42,extract_features,10.631731861969456,10.66,53,100.28679245283021,109.5,608.694890264151,608.800768,30.056603773584907,36.0,0.0,0.0
imbalance__polygarbor__seed42,polygarbor,imbalance,42,complete,,runs/2026-09-12/imbalance__polygarbor__seed42,fit,0.18682342790998518,0.74,1,363.2,363.2,639.934464,639.934464,36.0,36.0,0.0,0.0
imbalance__polygarbor__seed42,polygarbor,imbalance,42,complete,,runs/2026-09-12/imbalance__polygarbor__seed42,save_model,0.008810178958810866,0.040000000000001756,0,,,,,,,,
imbalance__polygarbor__seed42,polygarbor,imbalance,42,complete,,runs/2026-09-12/imbalance__polygarbor__seed42,warmup,0.05294688907451928,0.2099999999999999,0,,,,,,,,
imbalance__polygarbor__seed42,polygarbor,imbalance,42,complete,,runs/2026-09-12/imbalance__polygarbor__seed42,evaluate_train,36.96375293203164,37.12,180,101.00666666666667,239.3,640.4933859555555,641.212416,36.166666666666664,62.0,0.0,0.0
imbalance__polygarbor__seed42,polygarbor,imbalance,42,complete,,runs/2026-09-12/imbalance__polygarbor__seed42,prepare_val_clean,0.004770379979163408,-2.55351295663786e-15,0,,,,,,,,
imbalance__polygarbor__seed42,polygarbor,imbalance,42,complete,,runs/2026-09-12/imbalance__polygarbor__seed42,evaluate_val_clean,8.204205079004169,8.220000000000004,40,100.16749999999999,104.5,701.5296000000001,718.237696,30.675,38.0,0.0,0.0
imbalance__polygarbor__seed42,polygarbor,imbalance,42,complete,,runs/2026-09-12/imbalance__polygarbor__seed42,prepare_test_clean,0.004681370104663074,1.6653345369377348e-15,0,,,,,,,,
imbalance__polygarbor__seed42,polygarbor,imbalance,42,complete,,runs/2026-09-12/imbalance__polygarbor__seed42,evaluate_test_clean,8.091307619935833,8.110000000000008,40,100.35,106.8,722.2291456,738.865152,33.825,40.0,0.0,0.0
imbalance__polygarbor__seed42,polygarbor,imbalance,42,complete,,runs/2026-09-12/imbalance__polygarbor__seed42,inference_batch1,0.8468955919379368,0.8500000000000023,4,100.9,104.6,735.469568,735.469568,27.0,27.0,0.0,0.0
imbalance__polygarbor__seed42,polygarbor,imbalance,42,complete,,runs/2026-09-12/imbalance__polygarbor__seed42,explanations,0.0003339130198583007,-1.1102230246251565e-15,0,,,,,,,,
imbalance__polygarbor_aug__seed42,polygarbor_aug,imbalance,42,complete,,runs/2026-09-12/imbalance__polygarbor_aug__seed42,read_data,0.036870594951324165,0.039999999999999925,0,,,,,,,,
imbalance__polygarbor_aug__seed42,polygarbor_aug,imbalance,42,complete,,runs/2026-09-12/imbalance__polygarbor_aug__seed42,build_model,0.00027436099480837584,-5.551115123125783e-17,0,,,,,,,,
imbalance__polygarbor_aug__seed42,polygarbor_aug,imbalance,42,complete,,runs/2026-09-12/imbalance__polygarbor_aug__seed42,extract_features,39.466856989078224,39.61000000000001,196,100.38316326530611,104.6,610.3509577142856,611.770368,24.112244897959183,59.0,0.0,0.0
imbalance__polygarbor_aug__seed42,polygarbor_aug,imbalance,42,complete,,runs/2026-09-12/imbalance__polygarbor_aug__seed42,fit,0.21702620398718864,0.8599999999999977,1,218.9,218.9,630.358016,630.358016,26.0,26.0,0.0,0.0
imbalance__polygarbor_aug__seed42,polygarbor_aug,imbalance,42,complete,,runs/2026-09-12/imbalance__polygarbor_aug__seed42,save_model,0.0101678870851174,0.03000000000000025,0,,,,,,,,
imbalance__polygarbor_aug__seed42,polygarbor_aug,imbalance,42,complete,,runs/2026-09-12/imbalance__polygarbor_aug__seed42,warmup,0.048834318993613124,0.19000000000000394,0,,,,,,,,
imbalance__polygarbor_aug__seed42,polygarbor_aug,imbalance,42,complete,,runs/2026-09-12/imbalance__polygarbor_aug__seed42,evaluate_train,34.98658781789709,35.19,170,102.20294117647059,403.3,643.2106857411763,643.948544,29.264705882352942,97.0,0.0,0.0
imbalance__polygarbor_aug__seed42,polygarbor_aug,imbalance,42,complete,,runs/2026-09-12/imbalance__polygarbor_aug__seed42,prepare_val_clean,0.004375414922833443,0.009999999999997566,0,,,,,,,,
imbalance__polygarbor_aug__seed42,polygarbor_aug,imbalance,42,complete,,runs/2026-09-12/imbalance__polygarbor_aug__seed42,evaluate_val_clean,7.876353351981379,7.900000000000013,38,100.26578947368421,108.8,684.6719461052631,701.149184,20.31578947368421,37.0,0.0,0.0
imbalance__polygarbor_aug__seed42,polygarbor_aug,imbalance,42,complete,,runs/2026-09-12/imbalance__polygarbor_aug__seed42,prepare_test_clean,0.004247936885803938,0.010000000000003784,0,,,,,,,,
imbalance__polygarbor_aug__seed42,polygarbor_aug,imbalance,42,complete,,runs/2026-09-12/imbalance__polygarbor_aug__seed42,evaluate_test_clean,7.9845168410101905,7.999999999999998,39,100.4076923076923,107.8,727.5083093333334,744.255488,21.333333333333332,74.0,0.0,0.0
imbalance__polygarbor_aug__seed42,polygarbor_aug,imbalance,42,complete,,runs/2026-09-12/imbalance__polygarbor_aug__seed42,inference_batch1,0.8284281459636986,0.8299999999999943,4,99.82499999999999,103.6,739.930112,739.930112,5.0,5.0,0.0,0.0
imbalance__polygarbor_aug__seed42,polygarbor_aug,imbalance,42,complete,,runs/2026-09-12/imbalance__polygarbor_aug__seed42,explanations,0.00036067201290279627,-3.9968028886505635e-15,0,,,,,,,,
imbalance__polygarbor_p3__seed42,polygarbor_p3,imbalance,42,complete,,runs/2026-09-12/imbalance__polygarbor_p3__seed42,read_data,0.0415849459823221,0.04999999999999993,0,,,,,,,,
imbalance__polygarbor_p3__seed42,polygarbor_p3,imbalance,42,complete,,runs/2026-09-12/imbalance__polygarbor_p3__seed42,build_model,0.0002704169601202011,-5.551115123125783e-17,0,,,,,,,,
imbalance__polygarbor_p3__seed42,polygarbor_p3,imbalance,42,complete,,runs/2026-09-12/imbalance__polygarbor_p3__seed42,extract_features,14.325087389093824,14.359999999999998,71,100.25352112676059,109.3,610.1671589859154,611.328,38.028169014084504,42.0,0.0,0.0
imbalance__polygarbor_p3__seed42,polygarbor_p3,imbalance,42,complete,,runs/2026-09-12/imbalance__polygarbor_p3__seed42,fit,0.516154594020918,2.0500000000000025,3,348.06666666666666,403.4,667.8678186666666,686.866432,38.666666666666664,40.0,0.0,0.0
imbalance__polygarbor_p3__seed42,polygarbor_p3,imbalance,42,complete,,runs/2026-09-12/imbalance__polygarbor_p3__seed42,save_model,0.017399154952727258,0.07000000000000073,0,,,,,,,,
imbalance__polygarbor_p3__seed42,polygarbor_p3,imbalance,42,complete,,runs/2026-09-12/imbalance__polygarbor_p3__seed42,warmup,0.11243466299492866,0.44999999999999973,0,,,,,,,,
imbalance__polygarbor_p3__seed42,polygarbor_p3,imbalance,42,complete,,runs/2026-09-12/imbalance__polygarbor_p3__seed42,evaluate_train,78.61142190895043,314.46999999999997,385,400.02909090909094,412.1,677.0538948155844,677.74464,45.374025974025976,76.0,0.0,0.0
imbalance__polygarbor_p3__seed42,polygarbor_p3,imbalance,42,complete,,runs/2026-09-12/imbalance__polygarbor_p3__seed42,prepare_val_clean,0.004656182019971311,0.009999999999993125,0,,,,,,,,
imbalance__polygarbor_p3__seed42,polygarbor_p3,imbalance,42,complete,,runs/2026-09-12/imbalance__polygarbor_p3__seed42,evaluate_val_clean,17.392536819097586,69.57,85,397.5282352941177,434.4,724.0575337411765,740.970496,33.45882352941177,70.0,0.0,0.0
imbalance__polygarbor_p3__seed42,polygarbor_p3,imbalance,42,complete,,runs/2026-09-12/imbalance__polygarbor_p3__seed42,prepare_test_clean,0.004637446021661162,-1.354472090042691e-14,0,,,,,,,,
imbalance__polygarbor_p3__seed42,polygarbor_p3,imbalance,42,complete,,runs/2026-09-12/imbalance__polygarbor_p3__seed42,evaluate_test_clean,17.20109117194079,68.79999999999994,84,399.4809523809524,408.1,759.5339580952381,776.364032,30.833333333333332,58.0,0.0,0.0
imbalance__polygarbor_p3__seed42,polygarbor_p3,imbalance,42,complete,,runs/2026-09-12/imbalance__polygarbor_p3__seed42,inference_batch1,1.62499152100645,6.460000000000064,8,362.95,401.5,776.64256,776.64256,27.625,38.0,0.0,0.0
imbalance__polygarbor_p3__seed42,polygarbor_p3,imbalance,42,complete,,runs/2026-09-12/imbalance__polygarbor_p3__seed42,explanations,0.0003625639947131276,2.731148640577885e-14,0,,,,,,,,
imbalance__polygarbor_p3_aug__seed42,polygarbor_p3_aug,imbalance,42,complete,,runs/2026-09-12/imbalance__polygarbor_p3_aug__seed42,read_data,0.036064693005755544,0.029999999999999916,0,,,,,,,,
imbalance__polygarbor_p3_aug__seed42,polygarbor_p3_aug,imbalance,42,complete,,runs/2026-09-12/imbalance__polygarbor_p3_aug__seed42,build_model,0.00028178002685308456,-5.551115123125783e-17,0,,,,,,,,
imbalance__polygarbor_p3_aug__seed42,polygarbor_p3_aug,imbalance,42,complete,,runs/2026-09-12/imbalance__polygarbor_p3_aug__seed42,extract_features,49.24465665000025,49.41,245,100.33510204081632,109.5,614.2381160489797,619.421696,26.09387755102041,74.0,0.0,0.0
imbalance__polygarbor_p3_aug__seed42,polygarbor_p3_aug,imbalance,42,complete,,runs/2026-09-12/imbalance__polygarbor_p3_aug__seed42,fit,0.4084232089808211,1.6200000000000037,2,368.25,397.7,688.98816,691.580928,19.0,19.0,0.0,0.0
imbalance__polygarbor_p3_aug__seed42,polygarbor_p3_aug,imbalance,42,complete,,runs/2026-09-12/imbalance__polygarbor_p3_aug__seed42,save_model,0.014187709894031286,0.0500000000000006,0,,,,,,,,
imbalance__polygarbor_p3_aug__seed42,polygarbor_p3_aug,imbalance,42,complete,,runs/2026-09-12/imbalance__polygarbor_p3_aug__seed42,warmup,0.08566142793279141,0.33999999999999975,0,,,,,,,,
imbalance__polygarbor_p3_aug__seed42,polygarbor_p3_aug,imbalance,42,complete,,runs/2026-09-12/imbalance__polygarbor_p3_aug__seed42,evaluate_train,66.99540768004954,268.15999999999997,325,400.32400000000007,421.2,691.7499730707692,692.166656,25.596923076923076,72.0,0.0,0.0
imbalance__polygarbor_p3_aug__seed42,polygarbor_p3_aug,imbalance,42,complete,,runs/2026-09-12/imbalance__polygarbor_p3_aug__seed42,prepare_val_clean,0.004364010994322598,-2.5091040356528538e-14,0,,,,,,,,
imbalance__polygarbor_p3_aug__seed42,polygarbor_p3_aug,imbalance,42,complete,,runs/2026-09-12/imbalance__polygarbor_p3_aug__seed42,evaluate_val_clean,15.002992408000864,60.01999999999995,73,396.82465753424657,421.2,736.4367850958904,754.36032,20.84931506849315,39.0,0.0,0.0
imbalance__polygarbor_p3_aug__seed42,polygarbor_p3_aug,imbalance,42,complete,,runs/2026-09-12/imbalance__polygarbor_p3_aug__seed42,prepare_test_clean,0.004429611028172076,2.5091040356528538e-14,0,,,,,,,,
imbalance__polygarbor_p3_aug__seed42,polygarbor_p3_aug,imbalance,42,complete,,runs/2026-09-12/imbalance__polygarbor_p3_aug__seed42,evaluate_test_clean,13.57940549601335,54.33000000000001,66,396.9848484848485,412.8,773.2711175757576,789.79072,25.606060606060606,56.0,0.0,0.0
imbalance__polygarbor_p3_aug__seed42,polygarbor_p3_aug,imbalance,42,complete,,runs/2026-09-12/imbalance__polygarbor_p3_aug__seed42,inference_batch1,1.9131527020363137,7.630000000000032,10,374.03,402.7,790.0159999999998,790.016,27.5,38.0,0.0,0.0
imbalance__polygarbor_p3_aug__seed42,polygarbor_p3_aug,imbalance,42,complete,,runs/2026-09-12/imbalance__polygarbor_p3_aug__seed42,explanations,0.00044702994637191296,2.731148640577885e-14,0,,,,,,,,
imbalance__polygarbor_p5__seed42,polygarbor_p5,imbalance,42,complete,,runs/2026-09-12/imbalance__polygarbor_p5__seed42,read_data,0.038082781014963984,0.04999999999999999,0,,,,,,,,
imbalance__polygarbor_p5__seed42,polygarbor_p5,imbalance,42,complete,,runs/2026-09-12/imbalance__polygarbor_p5__seed42,build_model,0.0002931029302999377,-5.551115123125783e-17,0,,,,,,,,
imbalance__polygarbor_p5__seed42,polygarbor_p5,imbalance,42,complete,,runs/2026-09-12/imbalance__polygarbor_p5__seed42,extract_features,20.292378404992633,20.34,101,100.27524752475247,109.6,612.1854022970297,615.067648,33.21782178217822,45.0,0.0,0.0
imbalance__polygarbor_p5__seed42,polygarbor_p5,imbalance,42,complete,,runs/2026-09-12/imbalance__polygarbor_p5__seed42,fit,0.6048822520533577,2.400000000000003,3,388.8,401.8,692.9995093333333,723.136512,38.0,38.0,0.0,0.0
imbalance__polygarbor_p5__seed42,polygarbor_p5,imbalance,42,complete,,runs/2026-09-12/imbalance__polygarbor_p5__seed42,save_model,0.014498017029836774,0.06000000000000005,0,,,,,,,,
imbalance__polygarbor_p5__seed42,polygarbor_p5,imbalance,42,complete,,runs/2026-09-12/imbalance__polygarbor_p5__seed42,warmup,0.11831091402564198,0.4700000000000002,0,,,,,,,,
imbalance__polygarbor_p5__seed42,polygarbor_p5,imbalance,42,complete,,runs/2026-09-12/imbalance__polygarbor_p5__seed42,evaluate_train,91.84069181396626,367.62,449,400.28440979955457,412.4,723.5137180222716,724.156416,19.968819599109132,92.0,0.0,0.0
imbalance__polygarbor_p5__seed42,polygarbor_p5,imbalance,42,complete,,runs/2026-09-12/imbalance__polygarbor_p5__seed42,prepare_val_clean,0.004485443001613021,0.009999999999984022,0,,,,,,,,
imbalance__polygarbor_p5__seed42,polygarbor_p5,imbalance,42,complete,,runs/2026-09-12/imbalance__polygarbor_p5__seed42,evaluate_val_clean,19.651284212013707,78.63,96,398.4291666666666,410.0,770.41216,787.759104,19.40625,79.0,0.0,0.0
imbalance__polygarbor_p5__seed42,polygarbor_p5,imbalance,42,complete,,runs/2026-09-12/imbalance__polygarbor_p5__seed42,prepare_test_clean,0.0046867040218785405,0.010000000000015996,0,,,,,,,,
imbalance__polygarbor_p5__seed42,polygarbor_p5,imbalance,42,complete,,runs/2026-09-12/imbalance__polygarbor_p5__seed42,evaluate_test_clean,19.886206245981157,79.57000000000002,96,399.3489583333333,424.0,806.3778133333334,822.80448,26.729166666666668,73.0,0.0,0.0
imbalance__polygarbor_p5__seed42,polygarbor_p5,imbalance,42,complete,,runs/2026-09-12/imbalance__polygarbor_p5__seed42,inference_batch1,1.9636377340648323,7.829999999999927,10,374.63,404.8,823.066624,823.066624,18.0,32.0,0.0,0.0
imbalance__polygarbor_p5__seed42,polygarbor_p5,imbalance,42,complete,,runs/2026-09-12/imbalance__polygarbor_p5__seed42,explanations,0.0003171319840475917,-9.103828801926284e-15,0,,,,,,,,
imbalance__resnet18__seed42,resnet18,imbalance,42,complete,,runs/2026-09-12/imbalance__resnet18__seed42,read_data,0.03598604805301875,0.04999999999999993,0,,,,,,,,
imbalance__resnet18__seed42,resnet18,imbalance,42,complete,,runs/2026-09-12/imbalance__resnet18__seed42,build_model,2.7276505900081247,2.8099999999999996,12,103.52500000000002,121.6,1280.9639253333332,1581.490176,30.583333333333332,34.0,55.74929066666667,266.338304
imbalance__resnet18__seed42,resnet18,imbalance,42,complete,,runs/2026-09-12/imbalance__resnet18__seed42,prepare_pipeline,1.2270394649822265,1.3199999999999998,5,107.48000000000002,119.3,1747.6558848,1757.364224,31.6,34.0,481.0866688,534.77376
imbalance__resnet18__seed42,resnet18,imbalance,42,complete,,runs/2026-09-12/imbalance__resnet18__seed42,fit,94.09829182201065,67.67,466,71.8568669527897,748.6,3119.077033201717,3305.988096,74.68025751072962,97.0,3527.25215258369,3751.804928
imbalance__resnet18__seed42,resnet18,imbalance,42,complete,,runs/2026-09-12/imbalance__resnet18__seed42,save_model,0.17798912909347564,0.18999999999999506,1,114.1,114.1,2935.1936,2935.1936,90.0,90.0,3751.804928,3751.804928
imbalance__resnet18__seed42,resnet18,imbalance,42,complete,,runs/2026-09-12/imbalance__resnet18__seed42,warmup,0.5994189829798415,0.5799999999999965,3,98.8,103.0,2944.1761279999996,2954.264576,90.0,90.0,3751.804928,3751.804928
imbalance__resnet18__seed42,resnet18,imbalance,42,complete,,runs/2026-09-12/imbalance__resnet18__seed42,evaluate_train,2.4745365909766406,2.380000000000014,12,96.01666666666667,104.4,2991.8941866666664,2995.433472,33.75,41.0,3751.8049279999996,3751.804928
imbalance__resnet18__seed42,resnet18,imbalance,42,complete,,runs/2026-09-12/imbalance__resnet18__seed42,prepare_val_clean,0.005201263935305178,0.009999999999996234,0,,,,,,,,
imbalance__resnet18__seed42,resnet18,imbalance,42,complete,,runs/2026-09-12/imbalance__resnet18__seed42,evaluate_val_clean,0.6813966719200835,0.670000000000007,3,98.26666666666667,99.2,3015.4724693333333,3015.491584,22.0,22.0,3751.804928,3751.804928
imbalance__resnet18__seed42,resnet18,imbalance,42,complete,,runs/2026-09-12/imbalance__resnet18__seed42,prepare_test_clean,0.005177442915737629,-2.6645352591003757e-15,0,,,,,,,,
imbalance__resnet18__seed42,resnet18,imbalance,42,complete,,runs/2026-09-12/imbalance__resnet18__seed42,evaluate_test_clean,0.39973333303350955,0.3999999999999888,2,99.35,99.4,3041.191936,3049.71776,22.0,22.0,3751.804928,3751.804928
imbalance__resnet18__seed42,resnet18,imbalance,42,complete,,runs/2026-09-12/imbalance__resnet18__seed42,inference_batch1,0.15812147199176252,0.15000000000000924,1,103.0,103.0,3059.085312,3059.085312,22.0,22.0,3751.804928,3751.804928
imbalance__resnet18__seed42,resnet18,imbalance,42,complete,,runs/2026-09-12/imbalance__resnet18__seed42,explanations,0.1479029959300533,0.16000000000000014,1,99.0,99.0,3062.812672,3062.812672,22.0,22.0,3751.804928,3751.804928
imbalance__resnet18_imagenet__seed42,resnet18_imagenet,imbalance,42,complete,,runs/2026-09-12/imbalance__resnet18_imagenet__seed42,read_data,0.038653976982459426,0.04999999999999999,0,,,,,,,,
imbalance__resnet18_imagenet__seed42,resnet18_imagenet,imbalance,42,complete,,runs/2026-09-12/imbalance__resnet18_imagenet__seed42,build_model,4.684720185934566,4.84,19,102.65263157894738,128.2,1542.348584421053,2022.920192,32.10526315789474,35.0,140.2884311578947,266.338304
imbalance__resnet18_imagenet__seed42,resnet18_imagenet,imbalance,42,complete,,runs/2026-09-12/imbalance__resnet18_imagenet__seed42,prepare_pipeline,1.1491882930276915,1.2299999999999995,6,106.68333333333332,118.9,2202.4799573333335,2312.450048,32.5,33.0,490.0345173333333,534.77376
imbalance__resnet18_imagenet__seed42,resnet18_imagenet,imbalance,42,complete,,runs/2026-09-12/imbalance__resnet18_imagenet__seed42,fit,115.88986691297032,89.31,575,77.01060869565218,1072.0,3537.967036326957,3721.85088,83.48869565217392,99.0,3866.254718886957,4053.794816
imbalance__resnet18_imagenet__seed42,resnet18_imagenet,imbalance,42,complete,,runs/2026-09-12/imbalance__resnet18_imagenet__seed42,save_model,0.157330192043446,0.16999999999998394,1,114.4,114.4,3407.888384,3407.888384,93.0,93.0,4053.794816,4053.794816
imbalance__resnet18_imagenet__seed42,resnet18_imagenet,imbalance,42,complete,,runs/2026-09-12/imbalance__resnet18_imagenet__seed42,warmup,0.5449966639280319,0.5399999999999991,3,98.53333333333332,103.1,3408.1832960000006,3425.816576,77.0,93.0,4053.794816,4053.794816
imbalance__resnet18_imagenet__seed42,resnet18_imagenet,imbalance,42,complete,,runs/2026-09-12/imbalance__resnet18_imagenet__seed42,evaluate_train,2.412705176975578,2.270000000000004,12,94.27499999999998,104.1,3443.526314666666,3445.825536,45.916666666666664,47.0,4053.794816,4053.794816
imbalance__resnet18_imagenet__seed42,resnet18_imagenet,imbalance,42,complete,,runs/2026-09-12/imbalance__resnet18_imagenet__seed42,prepare_val_clean,0.0050034140003845096,0.010000000000012221,0,,,,,,,,
imbalance__resnet18_imagenet__seed42,resnet18_imagenet,imbalance,42,complete,,runs/2026-09-12/imbalance__resnet18_imagenet__seed42,evaluate_val_clean,0.7014085589908063,0.6699999999999946,3,94.36666666666667,94.4,3465.8986666666665,3466.125312,49.0,50.0,4053.794816,4053.794816
imbalance__resnet18_imagenet__seed42,resnet18_imagenet,imbalance,42,complete,,runs/2026-09-12/imbalance__resnet18_imagenet__seed42,prepare_test_clean,0.005932562984526157,-5.329070518200751e-15,0,,,,,,,,
imbalance__resnet18_imagenet__seed42,resnet18_imagenet,imbalance,42,complete,,runs/2026-09-12/imbalance__resnet18_imagenet__seed42,evaluate_test_clean,0.41970782494172454,0.39000000000000945,2,94.25,94.4,3492.251648,3500.281856,46.0,50.0,4053.794816,4053.794816
imbalance__resnet18_imagenet__seed42,resnet18_imagenet,imbalance,42,complete,,runs/2026-09-12/imbalance__resnet18_imagenet__seed42,inference_batch1,0.1751831399742514,0.15999999999999748,1,94.0,94.0,3501.346816,3501.346816,42.0,42.0,4053.794816,4053.794816
imbalance__resnet18_imagenet__seed42,resnet18_imagenet,imbalance,42,complete,,runs/2026-09-12/imbalance__resnet18_imagenet__seed42,explanations,0.14322640094906092,0.1600000000000117,0,,,,,,,,
imbalance__yolo11n__seed42,yolo11n,imbalance,42,complete,,runs/2026-09-12/imbalance__yolo11n__seed42,read_data,0.03699208900798112,0.04000000000000009,0,,,,,,,,
imbalance__yolo11n__seed42,yolo11n,imbalance,42,complete,,runs/2026-09-12/imbalance__yolo11n__seed42,prepare_pipeline,10.173438963945955,10.290000000000001,50,101.07,143.0,1150.47858176,1178.574848,27.8,40.0,0.0,0.0
imbalance__yolo11n__seed42,yolo11n,imbalance,42,complete,,runs/2026-09-12/imbalance__yolo11n__seed42,build_model,0.9258561299648136,0.9300000000000002,5,100.28,104.2,1264.4663296,1322.070016,44.0,44.0,0.0,0.0
imbalance__yolo11n__seed42,yolo11n,imbalance,42,complete,,runs/2026-09-12/imbalance__yolo11n__seed42,fit,212.9752552359132,772.0,1055,363.0354502369668,458.5,2883.425009198104,3193.634816,36.354502369668246,65.0,680.6440993971564,903.872512
imbalance__yolo11n__seed42,yolo11n,imbalance,42,complete,,runs/2026-09-12/imbalance__yolo11n__seed42,save_model,0.03275763208512217,0.12000000000003652,0,,,,,,,,
imbalance__yolo11n__seed42,yolo11n,imbalance,42,complete,,runs/2026-09-12/imbalance__yolo11n__seed42,warmup,0.05794312700163573,0.14000000000001833,0,,,,,,,,
imbalance__yolo11n__seed42,yolo11n,imbalance,42,complete,,runs/2026-09-12/imbalance__yolo11n__seed42,evaluate_train,1.0413378790253773,1.0599999999999774,5,112.21999999999998,154.3,3016.4705280000003,3064.532992,20.0,20.0,408.94464,408.94464
imbalance__yolo11n__seed42,yolo11n,imbalance,42,complete,,runs/2026-09-12/imbalance__yolo11n__seed42,prepare_val_clean,0.004866020986810327,-1.4210854715202004e-14,0,,,,,,,,
imbalance__yolo11n__seed42,yolo11n,imbalance,42,complete,,runs/2026-09-12/imbalance__yolo11n__seed42,evaluate_val_clean,0.2546914980048314,0.2499999999999858,1,99.3,99.3,3085.459456,3085.459456,34.0,34.0,408.94464,408.94464
imbalance__yolo11n__seed42,yolo11n,imbalance,42,complete,,runs/2026-09-12/imbalance__yolo11n__seed42,prepare_test_clean,0.004920691950246692,0.009999999999967812,0,,,,,,,,
imbalance__yolo11n__seed42,yolo11n,imbalance,42,complete,,runs/2026-09-12/imbalance__yolo11n__seed42,evaluate_test_clean,0.2295873579569161,0.2299999999999951,2,101.7,104.0,2996.625408,3011.506176,33.5,34.0,408.94464,408.94464
imbalance__yolo11n__seed42,yolo11n,imbalance,42,complete,,runs/2026-09-12/imbalance__yolo11n__seed42,inference_batch1,0.16244729096069932,0.15999999999994508,1,99.4,99.4,3014.897664,3014.897664,33.0,33.0,408.94464,408.94464
imbalance__yolo11n__seed42,yolo11n,imbalance,42,complete,,runs/2026-09-12/imbalance__yolo11n__seed42,explanations,0.00038564600981771946,-3.197442310920451e-14,0,,,,,,,,
imbalance__yolo11n_random__seed42,yolo11n_random,imbalance,42,complete,,runs/2026-09-12/imbalance__yolo11n_random__seed42,read_data,0.037677768035791814,0.0400000000000002,0,,,,,,,,
imbalance__yolo11n_random__seed42,yolo11n_random,imbalance,42,complete,,runs/2026-09-12/imbalance__yolo11n_random__seed42,prepare_pipeline,9.009738967986777,9.180000000000001,45,101.70000000000002,160.4,1149.9376184888888,1178.689536,32.666666666666664,39.0,0.0,0.0
imbalance__yolo11n_random__seed42,yolo11n_random,imbalance,42,complete,,runs/2026-09-12/imbalance__yolo11n_random__seed42,build_model,0.07375081500504166,0.20999999999999974,0,,,,,,,,
imbalance__yolo11n_random__seed42,yolo11n_random,imbalance,42,complete,,runs/2026-09-12/imbalance__yolo11n_random__seed42,fit,243.08323998202104,883.42,1204,363.840780730897,462.5,2868.801961249169,3185.319936,38.455980066445186,48.0,726.5987206378737,1004.535808
imbalance__yolo11n_random__seed42,yolo11n_random,imbalance,42,complete,,runs/2026-09-12/imbalance__yolo11n_random__seed42,save_model,0.031086461967788637,0.11999999999996369,0,,,,,,,,
imbalance__yolo11n_random__seed42,yolo11n_random,imbalance,42,complete,,runs/2026-09-12/imbalance__yolo11n_random__seed42,warmup,0.054889081977307796,0.1299999999999546,0,,,,,,,,
imbalance__yolo11n_random__seed42,yolo11n_random,imbalance,42,complete,,runs/2026-09-12/imbalance__yolo11n_random__seed42,evaluate_train,0.9326094000134617,0.9400000000000137,5,110.78,146.8,3015.8168064000006,3071.864832,37.6,46.0,411.041792,411.041792
imbalance__yolo11n_random__seed42,yolo11n_random,imbalance,42,complete,,runs/2026-09-12/imbalance__yolo11n_random__seed42,prepare_val_clean,0.004401621990837157,3.552713678800501e-14,0,,,,,,,,
imbalance__yolo11n_random__seed42,yolo11n_random,imbalance,42,complete,,runs/2026-09-12/imbalance__yolo11n_random__seed42,evaluate_val_clean,0.23004958196543157,0.24000000000004462,1,99.1,99.1,3077.308416,3077.308416,46.0,46.0,411.041792,411.041792
imbalance__yolo11n_random__seed42,yolo11n_random,imbalance,42,complete,,runs/2026-09-12/imbalance__yolo11n_random__seed42,prepare_test_clean,0.004402860067784786,2.6645352591003757e-14,0,,,,,,,,
imbalance__yolo11n_random__seed42,yolo11n_random,imbalance,42,complete,,runs/2026-09-12/imbalance__yolo11n_random__seed42,evaluate_test_clean,0.2036172429798171,0.21000000000006303,1,102.8,102.8,2971.529216,2971.529216,35.0,35.0,411.041792,411.041792
imbalance__yolo11n_random__seed42,yolo11n_random,imbalance,42,complete,,runs/2026-09-12/imbalance__yolo11n_random__seed42,inference_batch1,0.1450879879994318,0.13999999999999524,0,,,,,,,,
imbalance__yolo11n_random__seed42,yolo11n_random,imbalance,42,complete,,runs/2026-09-12/imbalance__yolo11n_random__seed42,explanations,0.00032315298449248075,8.881784197001252e-15,0,,,,,,,,
label_noise__polygarbor__seed42,polygarbor,label_noise,42,complete,,runs/2026-09-12/label_noise__polygarbor__seed42,read_data,0.06073370797093958,0.05999999999999994,0,,,,,,,,
label_noise__polygarbor__seed42,polygarbor,label_noise,42,complete,,runs/2026-09-12/label_noise__polygarbor__seed42,build_model,0.00034575897734612226,-5.551115123125783e-17,0,,,,,,,,
label_noise__polygarbor__seed42,polygarbor,label_noise,42,complete,,runs/2026-09-12/label_noise__polygarbor__seed42,extract_features,18.4521357890917,18.49,92,100.27065217391306,104.6,787.154899478261,787.423232,28.608695652173914,35.0,0.0,0.0
label_noise__polygarbor__seed42,polygarbor,label_noise,42,complete,,runs/2026-09-12/label_noise__polygarbor__seed42,fit,0.23432370799127966,0.9299999999999955,1,343.4,343.4,809.234432,809.234432,33.0,33.0,0.0,0.0
label_noise__polygarbor__seed42,polygarbor,label_noise,42,complete,,runs/2026-09-12/label_noise__polygarbor__seed42,save_model,0.01397154398728162,0.049999999999999156,0,,,,,,,,
label_noise__polygarbor__seed42,polygarbor,label_noise,42,complete,,runs/2026-09-12/label_noise__polygarbor__seed42,warmup,0.04287394299171865,0.17999999999999816,0,,,,,,,,
label_noise__polygarbor__seed42,polygarbor,label_noise,42,complete,,runs/2026-09-12/label_noise__polygarbor__seed42,evaluate_train,58.449621838051826,58.67000000000001,286,101.05139860139859,333.3,800.0891238041958,801.4848,34.88811188811189,60.0,0.0,0.0
label_noise__polygarbor__seed42,polygarbor,label_noise,42,complete,,runs/2026-09-12/label_noise__polygarbor__seed42,prepare_val_clean,0.004721904988400638,-5.10702591327572e-15,0,,,,,,,,
label_noise__polygarbor__seed42,polygarbor,label_noise,42,complete,,runs/2026-09-12/label_noise__polygarbor__seed42,evaluate_val_clean,7.137587694916874,7.159999999999991,35,100.12285714285713,104.5,865.7605193142857,882.368512,26.085714285714285,32.0,0.0,0.0
label_noise__polygarbor__seed42,polygarbor,label_noise,42,complete,,runs/2026-09-12/label_noise__polygarbor__seed42,prepare_test_clean,0.004694940056651831,0.009999999999997122,0,,,,,,,,
label_noise__polygarbor__seed42,polygarbor,label_noise,42,complete,,runs/2026-09-12/label_noise__polygarbor__seed42,evaluate_test_clean,7.040015147998929,7.059999999999994,35,100.22571428571429,104.5,896.2232905142856,912.891904,32.08571428571429,49.0,0.0,0.0
label_noise__polygarbor__seed42,polygarbor,label_noise,42,complete,,runs/2026-09-12/label_noise__polygarbor__seed42,inference_batch1,0.6739855960477144,0.6800000000000052,3,99.53333333333335,104.6,916.7544320000001,916.754432,42.333333333333336,49.0,0.0,0.0
label_noise__polygarbor__seed42,polygarbor,label_noise,42,complete,,runs/2026-09-12/label_noise__polygarbor__seed42,explanations,0.0003197629703208804,-1.6653345369377348e-15,0,,,,,,,,
label_noise__polygarbor_aug__seed42,polygarbor_aug,label_noise,42,complete,,runs/2026-09-12/label_noise__polygarbor_aug__seed42,read_data,0.060916198999620974,0.05999999999999994,0,,,,,,,,
label_noise__polygarbor_aug__seed42,polygarbor_aug,label_noise,42,complete,,runs/2026-09-12/label_noise__polygarbor_aug__seed42,build_model,0.00030929804779589176,-5.551115123125783e-17,0,,,,,,,,
label_noise__polygarbor_aug__seed42,polygarbor_aug,label_noise,42,complete,,runs/2026-09-12/label_noise__polygarbor_aug__seed42,extract_features,69.22087076201569,69.44,344,100.32906976744185,104.6,789.5790258604652,792.018944,23.540697674418606,56.0,0.0,0.0
label_noise__polygarbor_aug__seed42,polygarbor_aug,label_noise,42,complete,,runs/2026-09-12/label_noise__polygarbor_aug__seed42,fit,0.2102901559555903,0.8299999999999916,1,134.1,134.1,799.981568,799.981568,22.0,22.0,0.0,0.0
label_noise__polygarbor_aug__seed42,polygarbor_aug,label_noise,42,complete,,runs/2026-09-12/label_noise__polygarbor_aug__seed42,save_model,0.0132110679987818,0.049999999999991385,0,,,,,,,,
label_noise__polygarbor_aug__seed42,polygarbor_aug,label_noise,42,complete,,runs/2026-09-12/label_noise__polygarbor_aug__seed42,warmup,0.03890127001795918,0.15999999999999082,1,406.9,406.9,807.40352,807.40352,22.0,22.0,0.0,0.0
label_noise__polygarbor_aug__seed42,polygarbor_aug,label_noise,42,complete,,runs/2026-09-12/label_noise__polygarbor_aug__seed42,evaluate_train,50.07266199099831,50.32,245,100.65795918367346,183.9,809.0058417632653,810.356736,22.93469387755102,67.0,0.0,0.0
label_noise__polygarbor_aug__seed42,polygarbor_aug,label_noise,42,complete,,runs/2026-09-12/label_noise__polygarbor_aug__seed42,prepare_val_clean,0.004029997973702848,0.010000000000002451,0,,,,,,,,
label_noise__polygarbor_aug__seed42,polygarbor_aug,label_noise,42,complete,,runs/2026-09-12/label_noise__polygarbor_aug__seed42,evaluate_val_clean,6.226603465969674,6.239999999999997,30,100.31333333333332,104.4,871.2798208000002,887.676928,24.7,33.0,0.0,0.0
label_noise__polygarbor_aug__seed42,polygarbor_aug,label_noise,42,complete,,runs/2026-09-12/label_noise__polygarbor_aug__seed42,prepare_test_clean,0.004943534964695573,-1.0658141036401503e-14,0,,,,,,,,
label_noise__polygarbor_aug__seed42,polygarbor_aug,label_noise,42,complete,,runs/2026-09-12/label_noise__polygarbor_aug__seed42,evaluate_test_clean,6.269076024997048,6.29000000000001,31,100.23225806451612,104.6,901.4970962580644,918.069248,28.70967741935484,79.0,0.0,0.0
label_noise__polygarbor_aug__seed42,polygarbor_aug,label_noise,42,complete,,runs/2026-09-12/label_noise__polygarbor_aug__seed42,inference_batch1,0.6298628549557179,0.629999999999991,3,101.86666666666667,104.2,922.251264,922.251264,42.666666666666664,58.0,0.0,0.0
label_noise__polygarbor_aug__seed42,polygarbor_aug,label_noise,42,complete,,runs/2026-09-12/label_noise__polygarbor_aug__seed42,explanations,0.00038661109283566475,-4.440892098500626e-15,0,,,,,,,,
label_noise__polygarbor_p3__seed42,polygarbor_p3,label_noise,42,complete,,runs/2026-09-12/label_noise__polygarbor_p3__seed42,read_data,0.06058335804846138,0.06999999999999995,0,,,,,,,,
label_noise__polygarbor_p3__seed42,polygarbor_p3,label_noise,42,complete,,runs/2026-09-12/label_noise__polygarbor_p3__seed42,build_model,0.00026796699967235327,0.009999999999999953,0,,,,,,,,
label_noise__polygarbor_p3__seed42,polygarbor_p3,label_noise,42,complete,,runs/2026-09-12/label_noise__polygarbor_p3__seed42,extract_features,22.39149869605899,22.459999999999997,111,100.37927927927929,108.6,789.2185715315314,791.195648,20.0990990990991,52.0,0.0,0.0
label_noise__polygarbor_p3__seed42,polygarbor_p3,label_noise,42,complete,,runs/2026-09-12/label_noise__polygarbor_p3__seed42,fit,0.31624236807692796,1.25,2,297.15,408.2,818.878464,830.660608,33.0,33.0,0.0,0.0
label_noise__polygarbor_p3__seed42,polygarbor_p3,label_noise,42,complete,,runs/2026-09-12/label_noise__polygarbor_p3__seed42,save_model,0.013777298969216645,0.04999999999999605,0,,,,,,,,
label_noise__polygarbor_p3__seed42,polygarbor_p3,label_noise,42,complete,,runs/2026-09-12/label_noise__polygarbor_p3__seed42,warmup,0.06205998198129237,0.2499999999999989,0,,,,,,,,
label_noise__polygarbor_p3__seed42,polygarbor_p3,label_noise,42,complete,,runs/2026-09-12/label_noise__polygarbor_p3__seed42,evaluate_train,82.84986034489702,248.79,406,300.44113300492614,361.6,821.4528807093595,822.82496,25.716748768472907,74.0,0.0,0.0
label_noise__polygarbor_p3__seed42,polygarbor_p3,label_noise,42,complete,,runs/2026-09-12/label_noise__polygarbor_p3__seed42,prepare_val_clean,0.004687275039032102,0.009999999999993125,0,,,,,,,,
label_noise__polygarbor_p3__seed42,polygarbor_p3,label_noise,42,complete,,runs/2026-09-12/label_noise__polygarbor_p3__seed42,evaluate_val_clean,10.592272902955301,31.779999999999976,52,298.6826923076923,307.9,875.5881353846155,892.444672,23.903846153846153,41.0,0.0,0.0
label_noise__polygarbor_p3__seed42,polygarbor_p3,label_noise,42,complete,,runs/2026-09-12/label_noise__polygarbor_p3__seed42,prepare_test_clean,0.004552886006422341,0.010000000000013554,0,,,,,,,,
label_noise__polygarbor_p3__seed42,polygarbor_p3,label_noise,42,complete,,runs/2026-09-12/label_noise__polygarbor_p3__seed42,evaluate_test_clean,10.803716768976301,32.4,53,296.68679245283016,306.4,905.9447788679244,922.443776,29.30188679245283,79.0,0.0,0.0
label_noise__polygarbor_p3__seed42,polygarbor_p3,label_noise,42,complete,,runs/2026-09-12/label_noise__polygarbor_p3__seed42,inference_batch1,1.033103569992818,3.08,6,275.2,302.7,926.6257919999999,926.625792,17.833333333333332,22.0,0.0,0.0
label_noise__polygarbor_p3__seed42,polygarbor_p3,label_noise,42,complete,,runs/2026-09-12/label_noise__polygarbor_p3__seed42,explanations,0.0004463260993361473,1.5987211554602254e-14,0,,,,,,,,
label_noise__polygarbor_p3_aug__seed42,polygarbor_p3_aug,label_noise,42,complete,,runs/2026-09-12/label_noise__polygarbor_p3_aug__seed42,read_data,0.06031681795138866,0.06999999999999995,0,,,,,,,,
label_noise__polygarbor_p3_aug__seed42,polygarbor_p3_aug,label_noise,42,complete,,runs/2026-09-12/label_noise__polygarbor_p3_aug__seed42,build_model,0.00028269400354474783,-5.551115123125783e-17,0,,,,,,,,
label_noise__polygarbor_p3_aug__seed42,polygarbor_p3_aug,label_noise,42,complete,,runs/2026-09-12/label_noise__polygarbor_p3_aug__seed42,extract_features,89.02750744798686,89.3,443,100.30293453724605,104.7,796.4676068261851,805.257216,22.923250564334086,93.0,0.0,0.0
label_noise__polygarbor_p3_aug__seed42,polygarbor_p3_aug,label_noise,42,complete,,runs/2026-09-12/label_noise__polygarbor_p3_aug__seed42,fit,0.3136710019316524,1.239999999999992,1,286.6,286.6,830.869504,830.869504,25.0,25.0,0.0,0.0
label_noise__polygarbor_p3_aug__seed42,polygarbor_p3_aug,label_noise,42,complete,,runs/2026-09-12/label_noise__polygarbor_p3_aug__seed42,save_model,0.012911238009110093,0.049999999999991385,0,,,,,,,,
label_noise__polygarbor_p3_aug__seed42,polygarbor_p3_aug,label_noise,42,complete,,runs/2026-09-12/label_noise__polygarbor_p3_aug__seed42,warmup,0.06150367693044245,0.24999999999999423,1,408.4,408.4,842.678272,842.678272,25.0,25.0,0.0,0.0
label_noise__polygarbor_p3_aug__seed42,polygarbor_p3_aug,label_noise,42,complete,,runs/2026-09-12/label_noise__polygarbor_p3_aug__seed42,evaluate_train,83.99880653503351,336.16999999999996,412,400.2002427184466,430.5,843.8269613980582,845.18912,24.453883495145632,99.0,0.0,0.0
label_noise__polygarbor_p3_aug__seed42,polygarbor_p3_aug,label_noise,42,complete,,runs/2026-09-12/label_noise__polygarbor_p3_aug__seed42,prepare_val_clean,0.0042099549900740385,1.5987211554602254e-14,0,,,,,,,,
label_noise__polygarbor_p3_aug__seed42,polygarbor_p3_aug,label_noise,42,complete,,runs/2026-09-12/label_noise__polygarbor_p3_aug__seed42,evaluate_val_clean,10.480391360935755,41.89999999999999,51,399.38823529411775,411.9,916.922849882353,933.613568,23.54901960784314,40.0,0.0,0.0
label_noise__polygarbor_p3_aug__seed42,polygarbor_p3_aug,label_noise,42,complete,,runs/2026-09-12/label_noise__polygarbor_p3_aug__seed42,prepare_test_clean,0.004274248029105365,2.731148640577885e-14,0,,,,,,,,
label_noise__polygarbor_p3_aug__seed42,polygarbor_p3_aug,label_noise,42,complete,,runs/2026-09-12/label_noise__polygarbor_p3_aug__seed42,evaluate_test_clean,10.840852209017612,43.34,54,395.1666666666667,408.0,947.8454992592592,964.968448,26.166666666666668,55.0,0.0,0.0
label_noise__polygarbor_p3_aug__seed42,polygarbor_p3_aug,label_noise,42,complete,,runs/2026-09-12/label_noise__polygarbor_p3_aug__seed42,inference_batch1,1.046730222995393,4.139999999999969,5,377.06000000000006,406.6,968.1469439999998,968.146944,12.2,13.0,0.0,0.0
label_noise__polygarbor_p3_aug__seed42,polygarbor_p3_aug,label_noise,42,complete,,runs/2026-09-12/label_noise__polygarbor_p3_aug__seed42,explanations,0.0004088809946551919,-1.8207657603852567e-14,0,,,,,,,,
label_noise__polygarbor_p5__seed42,polygarbor_p5,label_noise,42,complete,,runs/2026-09-12/label_noise__polygarbor_p5__seed42,read_data,0.060435521067120135,0.05999999999999994,0,,,,,,,,
label_noise__polygarbor_p5__seed42,polygarbor_p5,label_noise,42,complete,,runs/2026-09-12/label_noise__polygarbor_p5__seed42,build_model,0.0003361739218235016,-5.551115123125783e-17,0,,,,,,,,
label_noise__polygarbor_p5__seed42,polygarbor_p5,label_noise,42,complete,,runs/2026-09-12/label_noise__polygarbor_p5__seed42,extract_features,32.21878449199721,32.33,160,100.34312500000001,109.5,792.9815808000001,798.240768,24.03125,95.0,0.0,0.0
label_noise__polygarbor_p5__seed42,polygarbor_p5,label_noise,42,complete,,runs/2026-09-12/label_noise__polygarbor_p5__seed42,fit,0.3495476060779765,1.380000000000003,2,319.0,394.1,852.5926400000001,857.485312,11.0,11.0,0.0,0.0
label_noise__polygarbor_p5__seed42,polygarbor_p5,label_noise,42,complete,,runs/2026-09-12/label_noise__polygarbor_p5__seed42,save_model,0.013118149945512414,0.05999999999999661,0,,,,,,,,
label_noise__polygarbor_p5__seed42,polygarbor_p5,label_noise,42,complete,,runs/2026-09-12/label_noise__polygarbor_p5__seed42,warmup,0.08414808800444007,0.33999999999999575,0,,,,,,,,
label_noise__polygarbor_p5__seed42,polygarbor_p5,label_noise,42,complete,,runs/2026-09-12/label_noise__polygarbor_p5__seed42,evaluate_train,119.85890545800794,479.68999999999994,589,400.23005093378606,413.1,858.467378417657,859.815936,27.202037351443124,79.0,0.0,0.0
label_noise__polygarbor_p5__seed42,polygarbor_p5,label_noise,42,complete,,runs/2026-09-12/label_noise__polygarbor_p5__seed42,prepare_val_clean,0.004332126001827419,-9.103828801926284e-15,0,,,,,,,,
label_noise__polygarbor_p5__seed42,polygarbor_p5,label_noise,42,complete,,runs/2026-09-12/label_noise__polygarbor_p5__seed42,evaluate_val_clean,14.835581862018444,59.32999999999992,73,396.7315068493151,408.1,909.5559644931507,926.101504,20.84931506849315,67.0,0.0,0.0
label_noise__polygarbor_p5__seed42,polygarbor_p5,label_noise,42,complete,,runs/2026-09-12/label_noise__polygarbor_p5__seed42,prepare_test_clean,0.004487556987442076,4.085620730620576e-14,0,,,,,,,,
label_noise__polygarbor_p5__seed42,polygarbor_p5,label_noise,42,complete,,runs/2026-09-12/label_noise__polygarbor_p5__seed42,evaluate_test_clean,15.219042451004498,60.889999999999915,75,396.99600000000004,413.6,940.7518583466667,956.903424,32.85333333333333,67.0,0.0,0.0
label_noise__polygarbor_p5__seed42,polygarbor_p5,label_noise,42,complete,,runs/2026-09-12/label_noise__polygarbor_p5__seed42,inference_batch1,1.7186326250666752,6.8400000000000185,8,388.7,407.0,960.561152,960.561152,41.0,52.0,0.0,0.0
label_noise__polygarbor_p5__seed42,polygarbor_p5,label_noise,42,complete,,runs/2026-09-12/label_noise__polygarbor_p5__seed42,explanations,0.00043036905117332935,-2.2648549702353193e-14,0,,,,,,,,
label_noise__resnet18__seed42,resnet18,label_noise,42,complete,,runs/2026-09-12/label_noise__resnet18__seed42,read_data,0.06318984995596111,0.05999999999999994,0,,,,,,,,
label_noise__resnet18__seed42,resnet18,label_noise,42,complete,,runs/2026-09-12/label_noise__resnet18__seed42,build_model,2.8686786299804226,2.95,13,103.03076923076924,138.9,1590.5987347692312,1882.791936,33.15384615384615,49.0,51.62220307692307,266.338304
label_noise__resnet18__seed42,resnet18,label_noise,42,complete,,runs/2026-09-12/label_noise__resnet18__seed42,prepare_pipeline,1.2120880109723657,1.3,5,108.4,119.2,2214.6580480000002,2447.282176,34.4,38.0,695.8350336,803.209216
label_noise__resnet18__seed42,resnet18,label_noise,42,complete,,runs/2026-09-12/label_noise__resnet18__seed42,fit,129.98320916702505,80.50999999999999,645,61.9032558139535,648.5,3707.441444117829,3856.723968,86.95038759689922,99.0,4032.8330501953487,4217.372672
label_noise__resnet18__seed42,resnet18,label_noise,42,complete,,runs/2026-09-12/label_noise__resnet18__seed42,save_model,0.2153393990593031,0.22000000000000774,1,114.2,114.2,3434.37312,3434.37312,91.0,91.0,4217.372672,4217.372672
label_noise__resnet18__seed42,resnet18,label_noise,42,complete,,runs/2026-09-12/label_noise__resnet18__seed42,warmup,0.6469011231092736,0.6299999999999919,3,97.39999999999999,103.7,3438.7544746666667,3451.633664,42.333333333333336,91.0,4217.372672,4217.372672
label_noise__resnet18__seed42,resnet18,label_noise,42,complete,,runs/2026-09-12/label_noise__resnet18__seed42,evaluate_train,3.8190818739822134,3.7100000000000106,19,97.20526315789475,106.6,3488.991986526316,3490.18112,51.0,70.0,4217.372672,4217.372672
label_noise__resnet18__seed42,resnet18,label_noise,42,complete,,runs/2026-09-12/label_noise__resnet18__seed42,prepare_val_clean,0.008497270988300443,0.009999999999991793,0,,,,,,,,
label_noise__resnet18__seed42,resnet18,label_noise,42,complete,,runs/2026-09-12/label_noise__resnet18__seed42,evaluate_val_clean,0.8023715820163488,0.7800000000000162,4,97.82499999999999,99.1,3515.490304,3515.817984,50.0,50.0,4217.372672,4217.372672
label_noise__resnet18__seed42,resnet18,label_noise,42,complete,,runs/2026-09-12/label_noise__resnet18__seed42,prepare_test_clean,0.006082315929234028,0.0099999999999838,0,,,,,,,,
label_noise__resnet18__seed42,resnet18,label_noise,42,complete,,runs/2026-09-12/label_noise__resnet18__seed42,evaluate_test_clean,0.5277258059941232,0.490000000000002,3,95.66666666666667,103.8,3533.8909013333337,3546.923008,44.0,44.0,4217.372672,4217.372672
label_noise__resnet18__seed42,resnet18,label_noise,42,complete,,runs/2026-09-12/label_noise__resnet18__seed42,inference_batch1,0.18925483303610235,0.19999999999999307,1,104.2,104.2,3559.378944,3559.378944,44.0,44.0,4217.372672,4217.372672
label_noise__resnet18__seed42,resnet18,label_noise,42,complete,,runs/2026-09-12/label_noise__resnet18__seed42,explanations,0.16503537097014487,0.15999999999999215,1,99.1,99.1,3563.02848,3563.02848,44.0,44.0,4217.372672,4217.372672
label_noise__resnet18_imagenet__seed42,resnet18_imagenet,label_noise,42,complete,,runs/2026-09-12/label_noise__resnet18_imagenet__seed42,read_data,0.06166899192612618,0.05999999999999994,0,,,,,,,,
label_noise__resnet18_imagenet__seed42,resnet18_imagenet,label_noise,42,complete,,runs/2026-09-12/label_noise__resnet18_imagenet__seed42,build_model,4.732570199063048,4.890000000000001,20,103.035,132.0,1844.1842688000004,2327.134208,33.65,37.0,146.59092479999998,266.338304
label_noise__resnet18_imagenet__seed42,resnet18_imagenet,label_noise,42,complete,,runs/2026-09-12/label_noise__resnet18_imagenet__seed42,prepare_pipeline,1.28915917489212,1.3699999999999994,6,105.94999999999999,119.1,2612.9599146666665,2886.160384,29.0,31.0,624.2522453333335,803.209216
label_noise__resnet18_imagenet__seed42,resnet18_imagenet,label_noise,42,complete,,runs/2026-09-12/label_noise__resnet18_imagenet__seed42,fit,73.99686545098666,55.1,368,74.48777173913044,893.6,4049.9513655652177,4263.763968,84.27173913043478,97.0,3722.222547478262,4003.463168
label_noise__resnet18_imagenet__seed42,resnet18_imagenet,label_noise,42,complete,,runs/2026-09-12/label_noise__resnet18_imagenet__seed42,save_model,0.17515672196168453,0.17999999999999527,1,99.2,99.2,3909.689344,3909.689344,95.0,95.0,4003.463168,4003.463168
label_noise__resnet18_imagenet__seed42,resnet18_imagenet,label_noise,42,complete,,runs/2026-09-12/label_noise__resnet18_imagenet__seed42,warmup,0.5727132130414248,0.5700000000000038,2,100.1,101.4,3875.334144,3898.892288,33.0,33.0,4003.463168,4003.463168
label_noise__resnet18_imagenet__seed42,resnet18_imagenet,label_noise,42,complete,,runs/2026-09-12/label_noise__resnet18_imagenet__seed42,evaluate_train,3.6338402919936925,3.340000000000006,19,92.14736842105263,104.3,3941.152444631579,3942.35904,53.63157894736842,85.0,4003.4631680000007,4003.463168
label_noise__resnet18_imagenet__seed42,resnet18_imagenet,label_noise,42,complete,,runs/2026-09-12/label_noise__resnet18_imagenet__seed42,prepare_val_clean,0.0047826169757172465,0.010000000000002451,0,,,,,,,,
label_noise__resnet18_imagenet__seed42,resnet18_imagenet,label_noise,42,complete,,runs/2026-09-12/label_noise__resnet18_imagenet__seed42,evaluate_val_clean,0.6774804390734062,0.6399999999999837,3,94.2,99.1,3963.2773119999997,3963.973632,33.0,33.0,4003.463168,4003.463168
label_noise__resnet18_imagenet__seed42,resnet18_imagenet,label_noise,42,complete,,runs/2026-09-12/label_noise__resnet18_imagenet__seed42,prepare_test_clean,0.0057440020609647036,0.009999999999994458,0,,,,,,,,
label_noise__resnet18_imagenet__seed42,resnet18_imagenet,label_noise,42,complete,,runs/2026-09-12/label_noise__resnet18_imagenet__seed42,evaluate_test_clean,0.4126262170029804,0.3700000000000081,2,91.80000000000001,94.2,3990.216704,3998.445568,24.0,24.0,4003.463168,4003.463168
label_noise__resnet18_imagenet__seed42,resnet18_imagenet,label_noise,42,complete,,runs/2026-09-12/label_noise__resnet18_imagenet__seed42,inference_batch1,0.17352603597100824,0.16999999999999194,1,99.3,99.3,4006.227968,4006.227968,24.0,24.0,4003.463168,4003.463168
label_noise__resnet18_imagenet__seed42,resnet18_imagenet,label_noise,42,complete,,runs/2026-09-12/label_noise__resnet18_imagenet__seed42,explanations,0.13683084305375814,0.14000000000001034,1,99.4,99.4,4009.877504,4009.877504,24.0,24.0,4003.463168,4003.463168
label_noise__yolo11n__seed42,yolo11n,label_noise,42,complete,,runs/2026-09-12/label_noise__yolo11n__seed42,read_data,0.22258863993920386,0.13999999999999985,1,64.3,64.3,746.74176,746.74176,52.0,52.0,0.0,0.0
label_noise__yolo11n__seed42,yolo11n,label_noise,42,complete,,runs/2026-09-12/label_noise__yolo11n__seed42,prepare_pipeline,18.094959387090057,18.22,90,100.60222222222222,151.6,1443.7412408888888,1475.137536,52.766666666666666,68.0,0.0,0.0
label_noise__yolo11n__seed42,yolo11n,label_noise,42,complete,,runs/2026-09-12/label_noise__yolo11n__seed42,build_model,1.3521723879966885,1.2000000000000028,6,87.14999999999999,93.8,1556.8397653333332,1614.589952,46.0,48.0,0.0,0.0
label_noise__yolo11n__seed42,yolo11n,label_noise,42,complete,,runs/2026-09-12/label_noise__yolo11n__seed42,fit,172.1949988399865,612.9299999999998,852,356.47382629107983,511.0,3136.5963237558685,3470.360576,55.18544600938967,69.0,540.6147713802817,627.048448
label_noise__yolo11n__seed42,yolo11n,label_noise,42,complete,,runs/2026-09-12/label_noise__yolo11n__seed42,save_model,0.03866706800181419,0.11999999999999567,0,,,,,,,,
label_noise__yolo11n__seed42,yolo11n,label_noise,42,complete,,runs/2026-09-12/label_noise__yolo11n__seed42,warmup,0.07093779800925404,0.15999999999995929,0,,,,,,,,
label_noise__yolo11n__seed42,yolo11n,label_noise,42,complete,,runs/2026-09-12/label_noise__yolo11n__seed42,evaluate_train,2.1493195259245113,2.170000000000064,11,106.44545454545455,158.7,3212.740794181818,3335.421952,60.45454545454545,61.0,432.9665629090909,434.110464
label_noise__yolo11n__seed42,yolo11n,label_noise,42,complete,,runs/2026-09-12/label_noise__yolo11n__seed42,prepare_val_clean,0.005580072989687324,0.009999999999985576,0,,,,,,,,
label_noise__yolo11n__seed42,yolo11n,label_noise,42,complete,,runs/2026-09-12/label_noise__yolo11n__seed42,evaluate_val_clean,0.2988268450135365,0.3000000000000629,2,100.6,102.1,3340.251136,3340.316672,59.0,60.0,434.110464,434.110464
label_noise__yolo11n__seed42,yolo11n,label_noise,42,complete,,runs/2026-09-12/label_noise__yolo11n__seed42,prepare_test_clean,0.007592756068333983,0.009999999999967812,0,,,,,,,,
label_noise__yolo11n__seed42,yolo11n,label_noise,42,complete,,runs/2026-09-12/label_noise__yolo11n__seed42,evaluate_test_clean,0.31128109304700047,0.2899999999999405,2,96.8,99.1,3130.138624,3142.033408,58.0,58.0,434.110464,434.110464
label_noise__yolo11n__seed42,yolo11n,label_noise,42,complete,,runs/2026-09-12/label_noise__yolo11n__seed42,inference_batch1,0.24802362092304975,0.24999999999995914,2,101.65,104.1,3151.392768,3151.392768,57.0,57.0,434.110464,434.110464
label_noise__yolo11n__seed42,yolo11n,label_noise,42,complete,,runs/2026-09-12/label_noise__yolo11n__seed42,explanations,0.000350233050994575,-4.973799150320701e-14,0,,,,,,,,
label_noise__yolo11n_random__seed42,yolo11n_random,label_noise,42,complete,,runs/2026-09-12/label_noise__yolo11n_random__seed42,read_data,0.062463849084451795,0.07,0,,,,,,,,
label_noise__yolo11n_random__seed42,yolo11n_random,label_noise,42,complete,,runs/2026-09-12/label_noise__yolo11n_random__seed42,prepare_pipeline,16.028175587998703,16.18,80,100.82000000000001,139.5,1448.4006912,1478.684672,34.6125,46.0,0.0,0.0
label_noise__yolo11n_random__seed42,yolo11n_random,label_noise,42,complete,,runs/2026-09-12/label_noise__yolo11n_random__seed42,build_model,0.06674724398180842,0.18000000000000071,0,,,,,,,,
label_noise__yolo11n_random__seed42,yolo11n_random,label_noise,42,complete,,runs/2026-09-12/label_noise__yolo11n_random__seed42,fit,269.7258360349806,986.2700000000001,1337,365.9502617801047,451.3,3168.3731633687353,3487.821824,38.56843679880329,48.0,622.7521882183995,799.014912
label_noise__yolo11n_random__seed42,yolo11n_random,label_noise,42,complete,,runs/2026-09-12/label_noise__yolo11n_random__seed42,save_model,0.03356540098320693,0.12000000000002231,0,,,,,,,,
label_noise__yolo11n_random__seed42,yolo11n_random,label_noise,42,complete,,runs/2026-09-12/label_noise__yolo11n_random__seed42,warmup,0.05743270495440811,0.14000000000000412,0,,,,,,,,
label_noise__yolo11n_random__seed42,yolo11n_random,label_noise,42,complete,,runs/2026-09-12/label_noise__yolo11n_random__seed42,evaluate_train,1.6854699200484902,1.7100000000000541,9,111.83333333333333,192.1,3253.293511111111,3380.543488,33.0,41.0,398.45888,398.45888
label_noise__yolo11n_random__seed42,yolo11n_random,label_noise,42,complete,,runs/2026-09-12/label_noise__yolo11n_random__seed42,prepare_val_clean,0.005124238901771605,4.085620730620576e-14,0,,,,,,,,
label_noise__yolo11n_random__seed42,yolo11n_random,label_noise,42,complete,,runs/2026-09-12/label_noise__yolo11n_random__seed42,evaluate_val_clean,0.2312443390255794,0.24000000000004995,2,101.94999999999999,102.8,3265.8944,3381.080064,33.0,33.0,398.45888,398.45888
label_noise__yolo11n_random__seed42,yolo11n_random,label_noise,42,complete,,runs/2026-09-12/label_noise__yolo11n_random__seed42,prepare_test_clean,0.004499926930293441,0.010000000000013998,0,,,,,,,,
label_noise__yolo11n_random__seed42,yolo11n_random,label_noise,42,complete,,runs/2026-09-12/label_noise__yolo11n_random__seed42,evaluate_test_clean,0.200908454018645,0.21000000000005947,1,102.7,102.7,3185.229824,3185.229824,37.0,37.0,398.45888,398.45888
label_noise__yolo11n_random__seed42,yolo11n_random,label_noise,42,complete,,runs/2026-09-12/label_noise__yolo11n_random__seed42,inference_batch1,0.15032867202535272,0.14999999999999147,1,99.3,99.3,3192.430592,3192.430592,37.0,37.0,398.45888,398.45888
label_noise__yolo11n_random__seed42,yolo11n_random,label_noise,42,complete,,runs/2026-09-12/label_noise__yolo11n_random__seed42,explanations,0.00032147206366062164,1.4210854715202004e-14,0,,,,,,,,
loso_01__polygarbor__seed42,polygarbor,loso_01,42,complete,,runs/2026-09-12/loso_01__polygarbor__seed42,read_data,0.18303979001939297,0.18000000000000005,0,,,,,,,,
loso_01__polygarbor__seed42,polygarbor,loso_01,42,complete,,runs/2026-09-12/loso_01__polygarbor__seed42,build_model,0.000320559018291533,0.009999999999999565,0,,,,,,,,
loso_01__polygarbor__seed42,polygarbor,loso_01,42,complete,,runs/2026-09-12/loso_01__polygarbor__seed42,extract_features,18.70209330599755,18.760000000000005,93,100.33870967741937,104.6,863.275646623656,863.842304,34.59139784946237,52.0,0.0,0.0
loso_01__polygarbor__seed42,polygarbor,loso_01,42,complete,,runs/2026-09-12/loso_01__polygarbor__seed42,fit,0.6509924739366397,13.690000000000001,4,1629.85,2160.4,885.9207680000001,894.799872,38.5,43.0,0.0,0.0
loso_01__polygarbor__seed42,polygarbor,loso_01,42,complete,,runs/2026-09-12/loso_01__polygarbor__seed42,save_model,0.024092221981845796,0.5200000000000053,0,,,,,,,,
loso_01__polygarbor__seed42,polygarbor,loso_01,42,complete,,runs/2026-09-12/loso_01__polygarbor__seed42,warmup,0.09477699804119766,1.3300000000000005,0,,,,,,,,
loso_01__polygarbor__seed42,polygarbor,loso_01,42,complete,,runs/2026-09-12/loso_01__polygarbor__seed42,evaluate_train,82.12582328205463,82.42,395,103.47696202531645,1327.4,889.1379867544305,890.556416,33.09367088607595,52.0,0.0,0.0
loso_01__polygarbor__seed42,polygarbor,loso_01,42,complete,,runs/2026-09-12/loso_01__polygarbor__seed42,prepare_val_clean,0.003272725036367774,0.01000000000000445,0,,,,,,,,
loso_01__polygarbor__seed42,polygarbor,loso_01,42,complete,,runs/2026-09-12/loso_01__polygarbor__seed42,evaluate_val_clean,9.016108983079903,9.039999999999992,43,100.37441860465115,109.5,944.3077477209303,944.64,27.13953488372093,80.0,0.0,0.0
loso_01__polygarbor__seed42,polygarbor,loso_01,42,complete,,runs/2026-09-12/loso_01__polygarbor__seed42,prepare_test_clean,0.0028208389412611723,5.773159728050814e-15,0,,,,,,,,
loso_01__polygarbor__seed42,polygarbor,loso_01,42,complete,,runs/2026-09-12/loso_01__polygarbor__seed42,evaluate_test_clean,7.903612251044251,7.940000000000003,38,100.39736842105262,107.3,950.0956564210524,950.214656,29.394736842105264,59.0,0.0,0.0
loso_01__polygarbor__seed42,polygarbor,loso_01,42,complete,,runs/2026-09-12/loso_01__polygarbor__seed42,inference_batch1,1.0039414200000465,1.009999999999999,5,100.25999999999999,102.9,947.150848,947.150848,37.8,42.0,0.0,0.0
loso_01__polygarbor__seed42,polygarbor,loso_01,42,complete,,runs/2026-09-12/loso_01__polygarbor__seed42,explanations,0.00031382800079882145,7.993605777301127e-15,0,,,,,,,,
loso_01__polygarbor__seed43,polygarbor,loso_01,43,complete,,runs/2026-09-12/loso_01__polygarbor__seed43,read_data,0.19001003506127745,0.19000000000000034,0,,,,,,,,
loso_01__polygarbor__seed43,polygarbor,loso_01,43,complete,,runs/2026-09-12/loso_01__polygarbor__seed43,build_model,0.00030889699701219797,2.220446049250313e-16,0,,,,,,,,
loso_01__polygarbor__seed43,polygarbor,loso_01,43,complete,,runs/2026-09-12/loso_01__polygarbor__seed43,extract_features,19.796907017938793,19.87,99,100.37676767676767,109.5,863.1612922828283,863.686656,33.83838383838384,44.0,0.0,0.0
loso_01__polygarbor__seed43,polygarbor,loso_01,43,complete,,runs/2026-09-12/loso_01__polygarbor__seed43,fit,0.8320130259962752,16.689999999999998,4,1791.675,2054.7,888.4428800000001,896.827392,34.25,35.0,0.0,0.0
loso_01__polygarbor__seed43,polygarbor,loso_01,43,complete,,runs/2026-09-12/loso_01__polygarbor__seed43,save_model,0.029160006088204682,0.5900000000000027,0,,,,,,,,
loso_01__polygarbor__seed43,polygarbor,loso_01,43,complete,,runs/2026-09-12/loso_01__polygarbor__seed43,warmup,0.09922928095329553,1.179999999999997,1,2024.9,2024.9,910.503936,910.503936,34.0,34.0,0.0,0.0
loso_01__polygarbor__seed43,polygarbor,loso_01,43,complete,,runs/2026-09-12/loso_01__polygarbor__seed43,evaluate_train,90.6152417010162,90.89999999999998,431,100.4600928074246,139.6,911.2337842784223,912.556032,36.677494199535964,46.0,0.0,0.0
loso_01__polygarbor__seed43,polygarbor,loso_01,43,complete,,runs/2026-09-12/loso_01__polygarbor__seed43,prepare_val_clean,0.0032761719776317477,-1.2434497875801753e-14,0,,,,,,,,
loso_01__polygarbor__seed43,polygarbor,loso_01,43,complete,,runs/2026-09-12/loso_01__polygarbor__seed43,evaluate_val_clean,9.978941200999543,10.010000000000007,47,100.33617021276596,111.6,945.0471598297869,945.328128,34.61702127659574,43.0,0.0,0.0
loso_01__polygarbor__seed43,polygarbor,loso_01,43,complete,,runs/2026-09-12/loso_01__polygarbor__seed43,prepare_test_clean,0.002819701097905636,-1.1102230246251565e-15,0,,,,,,,,
loso_01__polygarbor__seed43,polygarbor,loso_01,43,complete,,runs/2026-09-12/loso_01__polygarbor__seed43,evaluate_test_clean,8.541458740015514,8.569999999999991,41,100.38292682926829,109.3,951.3797182439024,951.533568,36.53658536585366,45.0,0.0,0.0
loso_01__polygarbor__seed43,polygarbor,loso_01,43,complete,,runs/2026-09-12/loso_01__polygarbor__seed43,inference_batch1,1.083317362004891,1.0799999999999943,5,101.34,107.1,948.1256959999998,948.125696,30.0,30.0,0.0,0.0
loso_01__polygarbor__seed43,polygarbor,loso_01,43,complete,,runs/2026-09-12/loso_01__polygarbor__seed43,explanations,0.00033359089866280556,1.021405182655144e-14,0,,,,,,,,
loso_01__resnet18__seed42,resnet18,loso_01,42,complete,,runs/2026-09-12/loso_01__resnet18__seed42,read_data,0.18040241696871817,0.19000000000000006,0,,,,,,,,
loso_01__resnet18__seed42,resnet18,loso_01,42,complete,,runs/2026-09-12/loso_01__resnet18__seed42,build_model,2.577442405046895,2.6600000000000006,12,103.45833333333333,144.0,1683.3778346666668,1961.234432,39.0,46.0,56.27357866666667,266.338304
loso_01__resnet18__seed42,resnet18,loso_01,42,complete,,runs/2026-09-12/loso_01__resnet18__seed42,prepare_pipeline,1.278980242088437,1.3699999999999994,5,109.46,124.2,2299.1675392,2553.483264,40.2,41.0,695.8350336,803.209216
loso_01__resnet18__seed42,resnet18,loso_01,42,complete,,runs/2026-09-12/loso_01__resnet18__seed42,fit,176.29006786108948,114.75000000000001,875,65.0713142857143,893.5,3877.993461467429,3980.009472,84.12228571428571,98.0,3814.9639560045716,3923.771392
loso_01__resnet18__seed42,resnet18,loso_01,42,complete,,runs/2026-09-12/loso_01__resnet18__seed42,save_model,0.17803825403098017,0.17999999999998906,1,99.4,99.4,3599.843328,3599.843328,91.0,91.0,3923.771392,3923.771392
loso_01__resnet18__seed42,resnet18,loso_01,42,complete,,runs/2026-09-12/loso_01__resnet18__seed42,warmup,0.527936042053625,0.5100000000000033,2,96.85,99.4,3600.070656,3611.611136,91.0,91.0,3923.771392,3923.771392
loso_01__resnet18__seed42,resnet18,loso_01,42,complete,,runs/2026-09-12/loso_01__resnet18__seed42,evaluate_train,3.7450545239262283,3.530000000000001,19,94.35789473684211,99.5,3626.082088421053,3628.367872,37.89473684210526,50.0,3923.7713919999997,3923.771392
loso_01__resnet18__seed42,resnet18,loso_01,42,complete,,runs/2026-09-12/loso_01__resnet18__seed42,prepare_val_clean,0.004039557999931276,-5.329070518200751e-15,0,,,,,,,,
loso_01__resnet18__seed42,resnet18,loso_01,42,complete,,runs/2026-09-12/loso_01__resnet18__seed42,evaluate_val_clean,0.5421386370435357,0.5199999999999907,3,95.96666666666665,99.3,3638.308864,3638.566912,13.0,13.0,3923.771392,3923.771392
loso_01__resnet18__seed42,resnet18,loso_01,42,complete,,runs/2026-09-12/loso_01__resnet18__seed42,prepare_test_clean,0.0031952359713613987,0.010000000000010445,0,,,,,,,,
loso_01__resnet18__seed42,resnet18,loso_01,42,complete,,runs/2026-09-12/loso_01__resnet18__seed42,evaluate_test_clean,0.5277894679456949,0.509999999999982,3,98.66666666666667,104.1,3640.180736,3640.438784,18.333333333333332,21.0,3923.771392,3923.771392
loso_01__resnet18__seed42,resnet18,loso_01,42,complete,,runs/2026-09-12/loso_01__resnet18__seed42,inference_batch1,0.1519679130287841,0.14000000000000767,1,100.4,100.4,3641.77408,3641.77408,21.0,21.0,3923.771392,3923.771392
loso_01__resnet18__seed42,resnet18,loso_01,42,complete,,runs/2026-09-12/loso_01__resnet18__seed42,explanations,0.1403854590607807,0.13999999999999346,0,,,,,,,,
loso_01__resnet18__seed43,resnet18,loso_01,43,complete,,runs/2026-09-12/loso_01__resnet18__seed43,read_data,0.18867022602353245,0.18999999999999984,0,,,,,,,,
loso_01__resnet18__seed43,resnet18,loso_01,43,complete,,runs/2026-09-12/loso_01__resnet18__seed43,build_model,2.6801637379685417,2.7699999999999996,11,102.1090909090909,121.9,1663.1331374545452,1961.586688,35.81818181818182,40.0,61.00805818181818,266.338304
loso_01__resnet18__seed43,resnet18,loso_01,43,complete,,runs/2026-09-12/loso_01__resnet18__seed43,prepare_pipeline,1.0945487590506673,1.16,4,108.35,119.2,2352.0256,2554.273792,23.5,25.0,803.209216,803.209216
loso_01__resnet18__seed43,resnet18,loso_01,43,complete,,runs/2026-09-12/loso_01__resnet18__seed43,fit,185.84588962397538,114.95,923,61.848970747562305,857.7,3892.316841187432,4005.982208,84.67280606717226,96.0,4392.133823930661,4523.556864
loso_01__resnet18__seed43,resnet18,loso_01,43,complete,,runs/2026-09-12/loso_01__resnet18__seed43,save_model,0.18594779400154948,0.19000000000000128,1,104.2,104.2,3570.95424,3570.95424,92.0,92.0,4523.556864,4523.556864
loso_01__resnet18__seed43,resnet18,loso_01,43,complete,,runs/2026-09-12/loso_01__resnet18__seed43,warmup,0.640647692955099,0.6200000000000045,3,98.2,99.4,3570.965162666667,3590.504448,92.0,92.0,4523.556864,4523.556864
loso_01__resnet18__seed43,resnet18,loso_01,43,complete,,runs/2026-09-12/loso_01__resnet18__seed43,evaluate_train,4.076040291110985,3.910000000000002,20,95.76500000000001,99.4,3582.190592,3584.446464,50.3,60.0,4523.556864,4523.556864
loso_01__resnet18__seed43,resnet18,loso_01,43,complete,,runs/2026-09-12/loso_01__resnet18__seed43,prepare_val_clean,0.003981198999099433,0.009999999999992681,1,103.3,103.3,3594.1376,3594.1376,58.0,58.0,4523.556864,4523.556864
loso_01__resnet18__seed43,resnet18,loso_01,43,complete,,runs/2026-09-12/loso_01__resnet18__seed43,evaluate_val_clean,0.5852867979556322,0.5700000000000092,2,94.15,99.2,3594.233856,3594.268672,58.0,58.0,4523.556864,4523.556864
loso_01__resnet18__seed43,resnet18,loso_01,43,complete,,runs/2026-09-12/loso_01__resnet18__seed43,prepare_test_clean,0.0032808410469442606,1.7763568394002505e-15,0,,,,,,,,
loso_01__resnet18__seed43,resnet18,loso_01,43,complete,,runs/2026-09-12/loso_01__resnet18__seed43,evaluate_test_clean,0.5871361470781267,0.5799999999999859,3,99.26666666666667,104.2,3595.6012373333338,3595.61216,87.0,87.0,4523.556864,4523.556864
loso_01__resnet18__seed43,resnet18,loso_01,43,complete,,runs/2026-09-12/loso_01__resnet18__seed43,inference_batch1,0.16763617610558867,0.16999999999999105,1,98.4,98.4,3596.812288,3596.812288,57.0,57.0,4523.556864,4523.556864
loso_01__resnet18__seed43,resnet18,loso_01,43,complete,,runs/2026-09-12/loso_01__resnet18__seed43,explanations,0.19865925493650138,0.2000000000000064,1,99.4,99.4,3597.787136,3597.787136,57.0,57.0,4523.556864,4523.556864
loso_01__resnet18_imagenet__seed42,resnet18_imagenet,loso_01,42,complete,,runs/2026-09-12/loso_01__resnet18_imagenet__seed42,read_data,0.18687301292084157,0.1800000000000001,0,,,,,,,,
loso_01__resnet18_imagenet__seed42,resnet18_imagenet,loso_01,42,complete,,runs/2026-09-12/loso_01__resnet18_imagenet__seed42,build_model,4.808248457033187,4.989999999999999,20,103.28000000000002,131.0,1930.8646399999998,2407.948288,15.8,19.0,153.30181119999997,266.338304
loso_01__resnet18_imagenet__seed42,resnet18_imagenet,loso_01,42,complete,,runs/2026-09-12/loso_01__resnet18_imagenet__seed42,prepare_pipeline,1.1141452749725431,1.2000000000000006,5,108.32000000000001,129.1,2785.161216,2987.880448,14.8,16.0,803.209216,803.209216
loso_01__resnet18_imagenet__seed42,resnet18_imagenet,loso_01,42,complete,,runs/2026-09-12/loso_01__resnet18_imagenet__seed42,fit,83.63760503497906,66.58,415,79.58240963855421,893.7,4163.615840231325,4349.689856,76.16626506024096,98.0,3971.2883082795192,4236.24704
loso_01__resnet18_imagenet__seed42,resnet18_imagenet,loso_01,42,complete,,runs/2026-09-12/loso_01__resnet18_imagenet__seed42,save_model,0.18024349201004952,0.18999999999999684,1,103.6,103.6,3976.31488,3976.31488,86.0,86.0,4236.24704,4236.24704
loso_01__resnet18_imagenet__seed42,resnet18_imagenet,loso_01,42,complete,,runs/2026-09-12/loso_01__resnet18_imagenet__seed42,warmup,0.534397603943944,0.5200000000000014,2,96.2,103.0,3955.253248,3977.8304,86.0,86.0,4236.24704,4236.24704
loso_01__resnet18_imagenet__seed42,resnet18_imagenet,loso_01,42,complete,,runs/2026-09-12/loso_01__resnet18_imagenet__seed42,evaluate_train,3.7177369680721313,3.530000000000002,19,94.84736842105265,104.4,4010.0786391578945,4011.43808,46.8421052631579,86.0,4236.24704,4236.24704
loso_01__resnet18_imagenet__seed42,resnet18_imagenet,loso_01,42,complete,,runs/2026-09-12/loso_01__resnet18_imagenet__seed42,prepare_val_clean,0.0035612829960882664,0.010000000000006892,0,,,,,,,,
loso_01__resnet18_imagenet__seed42,resnet18_imagenet,loso_01,42,complete,,runs/2026-09-12/loso_01__resnet18_imagenet__seed42,evaluate_val_clean,0.5349386789603159,0.5199999999999978,3,96.93333333333334,99.3,4021.0254506666665,4021.256192,16.0,16.0,4236.24704,4236.24704
loso_01__resnet18_imagenet__seed42,resnet18_imagenet,loso_01,42,complete,,runs/2026-09-12/loso_01__resnet18_imagenet__seed42,prepare_test_clean,0.0032347890082746744,0.010000000000002451,0,,,,,,,,
loso_01__resnet18_imagenet__seed42,resnet18_imagenet,loso_01,42,complete,,runs/2026-09-12/loso_01__resnet18_imagenet__seed42,evaluate_test_clean,0.5884889550507069,0.5699999999999905,3,96.76666666666667,99.4,4022.554624,4022.706176,14.0,14.0,4236.24704,4236.24704
loso_01__resnet18_imagenet__seed42,resnet18_imagenet,loso_01,42,complete,,runs/2026-09-12/loso_01__resnet18_imagenet__seed42,inference_batch1,0.16307911998592317,0.1699999999999866,1,104.1,104.1,4023.095296,4023.095296,14.0,14.0,4236.24704,4236.24704
loso_01__resnet18_imagenet__seed42,resnet18_imagenet,loso_01,42,complete,,runs/2026-09-12/loso_01__resnet18_imagenet__seed42,explanations,0.1330377560807392,0.13999999999999968,1,104.0,104.0,4023.169024,4023.169024,56.0,56.0,4236.24704,4236.24704
loso_01__resnet18_imagenet__seed43,resnet18_imagenet,loso_01,43,complete,,runs/2026-09-12/loso_01__resnet18_imagenet__seed43,read_data,0.19307735899928957,0.1999999999999999,0,,,,,,,,
loso_01__resnet18_imagenet__seed43,resnet18_imagenet,loso_01,43,complete,,runs/2026-09-12/loso_01__resnet18_imagenet__seed43,build_model,5.227689580060542,5.390000000000001,21,104.1952380952381,173.0,1911.9574064761905,2401.611776,23.428571428571427,28.0,142.80606476190474,266.338304
loso_01__resnet18_imagenet__seed43,resnet18_imagenet,loso_01,43,complete,,runs/2026-09-12/loso_01__resnet18_imagenet__seed43,prepare_pipeline,1.1173991760006174,1.2000000000000002,5,108.1,124.1,2779.5660799999996,2982.879232,24.0,24.0,803.209216,803.209216
loso_01__resnet18_imagenet__seed43,resnet18_imagenet,loso_01,43,complete,,runs/2026-09-12/loso_01__resnet18_imagenet__seed43,fit,175.11343571997713,129.98,869,74.19746835443038,948.6,4277.1358384165715,4377.04704,84.53279631760644,98.0,4377.422292989644,4525.654016
loso_01__resnet18_imagenet__seed43,resnet18_imagenet,loso_01,43,complete,,runs/2026-09-12/loso_01__resnet18_imagenet__seed43,save_model,0.2452405879739672,0.2500000000000071,1,109.1,109.1,3963.4944,3963.4944,92.0,92.0,4525.654016,4525.654016
loso_01__resnet18_imagenet__seed43,resnet18_imagenet,loso_01,43,complete,,runs/2026-09-12/loso_01__resnet18_imagenet__seed43,warmup,0.6847345889545977,0.6699999999999768,4,97.725,103.6,4000.881664,4008.493056,17.0,17.0,4525.654016,4525.654016
loso_01__resnet18_imagenet__seed43,resnet18_imagenet,loso_01,43,complete,,runs/2026-09-12/loso_01__resnet18_imagenet__seed43,evaluate_train,4.716899043996818,4.420000000000016,23,93.69130434782609,104.1,4020.966266434782,4021.530624,60.869565217391305,93.0,4525.654016,4525.654016
loso_01__resnet18_imagenet__seed43,resnet18_imagenet,loso_01,43,complete,,runs/2026-09-12/loso_01__resnet18_imagenet__seed43,prepare_val_clean,0.0038803390925750136,0.010000000000015774,0,,,,,,,,
loso_01__resnet18_imagenet__seed43,resnet18_imagenet,loso_01,43,complete,,runs/2026-09-12/loso_01__resnet18_imagenet__seed43,evaluate_val_clean,0.6444318779977039,0.6299999999999919,4,97.475,103.3,4031.649792,4032.454656,47.75,53.0,4525.654016,4525.654016
loso_01__resnet18_imagenet__seed43,resnet18_imagenet,loso_01,43,complete,,runs/2026-09-12/loso_01__resnet18_imagenet__seed43,prepare_test_clean,0.0033010169863700867,-1.7763568394002505e-15,0,,,,,,,,
loso_01__resnet18_imagenet__seed43,resnet18_imagenet,loso_01,43,complete,,runs/2026-09-12/loso_01__resnet18_imagenet__seed43,evaluate_test_clean,0.5367765959817916,0.51999999999998,3,97.96666666666665,101.3,4033.7066666666665,4033.957888,13.0,13.0,4525.654016,4525.654016
loso_01__resnet18_imagenet__seed43,resnet18_imagenet,loso_01,43,complete,,runs/2026-09-12/loso_01__resnet18_imagenet__seed43,inference_batch1,0.16503619402647018,0.17000000000000526,1,102.7,102.7,4034.080768,4034.080768,13.0,13.0,4525.654016,4525.654016
loso_01__resnet18_imagenet__seed43,resnet18_imagenet,loso_01,43,complete,,runs/2026-09-12/loso_01__resnet18_imagenet__seed43,explanations,0.14655095501802862,0.13999999999999346,1,94.3,94.3,4034.363392,4034.363392,47.0,47.0,4525.654016,4525.654016
loso_01__yolo11n__seed42,yolo11n,loso_01,42,complete,,runs/2026-09-12/loso_01__yolo11n__seed42,read_data,0.1844812659546733,0.1900000000000001,0,,,,,,,,
loso_01__yolo11n__seed42,yolo11n,loso_01,42,complete,,runs/2026-09-12/loso_01__yolo11n__seed42,prepare_pipeline,14.882171489996836,15.04,74,101.07702702702704,148.5,1528.9558763243244,1529.192448,27.04054054054054,34.0,0.0,0.0
loso_01__yolo11n__seed42,yolo11n,loso_01,42,complete,,runs/2026-09-12/loso_01__yolo11n__seed42,build_model,0.7287960540270433,0.7499999999999993,3,100.73333333333333,102.6,1619.002709333333,1656.045568,27.666666666666668,31.0,0.0,0.0
loso_01__yolo11n__seed42,yolo11n,loso_01,42,complete,,runs/2026-09-12/loso_01__yolo11n__seed42,fit,184.54477072902955,671.1800000000001,914,363.94190371991243,505.0,3230.5205687177245,3520.135168,25.60503282275711,33.0,572.784066380744,692.06016
loso_01__yolo11n__seed42,yolo11n,loso_01,42,complete,,runs/2026-09-12/loso_01__yolo11n__seed42,save_model,0.029028349090367556,0.10000000000002807,0,,,,,,,,
loso_01__yolo11n__seed42,yolo11n,loso_01,42,complete,,runs/2026-09-12/loso_01__yolo11n__seed42,warmup,0.05259462492540479,0.1499999999999826,0,,,,,,,,
loso_01__yolo11n__seed42,yolo11n,loso_01,42,complete,,runs/2026-09-12/loso_01__yolo11n__seed42,evaluate_train,1.7122539199190214,1.720000000000022,9,111.35555555555555,197.5,3286.1552640000004,3412.701184,24.333333333333332,31.0,473.9563519999999,473.956352
loso_01__yolo11n__seed42,yolo11n,loso_01,42,complete,,runs/2026-09-12/loso_01__yolo11n__seed42,prepare_val_clean,0.003338970011100173,1.7763568394002505e-14,0,,,,,,,,
loso_01__yolo11n__seed42,yolo11n,loso_01,42,complete,,runs/2026-09-12/loso_01__yolo11n__seed42,evaluate_val_clean,0.20370088296476752,0.21000000000005414,1,97.8,97.8,3413.286912,3413.286912,17.0,17.0,473.956352,473.956352
loso_01__yolo11n__seed42,yolo11n,loso_01,42,complete,,runs/2026-09-12/loso_01__yolo11n__seed42,prepare_test_clean,0.003084785072132945,0.0,0,,,,,,,,
loso_01__yolo11n__seed42,yolo11n,loso_01,42,complete,,runs/2026-09-12/loso_01__yolo11n__seed42,evaluate_test_clean,0.1737244341056794,0.16999999999995907,1,102.9,102.9,3171.75808,3171.75808,17.0,17.0,473.956352,473.956352
loso_01__yolo11n__seed42,yolo11n,loso_01,42,complete,,runs/2026-09-12/loso_01__yolo11n__seed42,inference_batch1,0.14230270101688802,0.14999999999997726,1,99.2,99.2,3176.009728,3176.009728,17.0,17.0,473.956352,473.956352
loso_01__yolo11n__seed42,yolo11n,loso_01,42,complete,,runs/2026-09-12/loso_01__yolo11n__seed42,explanations,0.00032098195515573025,0.0,0,,,,,,,,
loso_01__yolo11n__seed43,yolo11n,loso_01,43,complete,,runs/2026-09-12/loso_01__yolo11n__seed43,read_data,0.2091300239553675,0.21999999999999992,1,102.7,102.7,848.678912,848.678912,43.0,43.0,0.0,0.0
loso_01__yolo11n__seed43,yolo11n,loso_01,43,complete,,runs/2026-09-12/loso_01__yolo11n__seed43,prepare_pipeline,16.013375220936723,16.189999999999994,79,101.04177215189877,157.0,1528.687862278481,1528.922112,37.54430379746835,51.0,0.0,0.0
loso_01__yolo11n__seed43,yolo11n,loso_01,43,complete,,runs/2026-09-12/loso_01__yolo11n__seed43,build_model,0.8011145880445838,0.8200000000000023,4,100.42500000000001,104.4,1602.697216,1656.721408,25.0,25.0,0.0,0.0
loso_01__yolo11n__seed43,yolo11n,loso_01,43,complete,,runs/2026-09-12/loso_01__yolo11n__seed43,fit,259.172658861964,938.66,1285,362.31385214007787,450.9,3222.1191076357977,3537.723392,33.637354085603114,45.0,612.3292154023346,771.751936
loso_01__yolo11n__seed43,yolo11n,loso_01,43,complete,,runs/2026-09-12/loso_01__yolo11n__seed43,save_model,0.04018586303573102,0.14000000000000412,0,,,,,,,,
loso_01__yolo11n__seed43,yolo11n,loso_01,43,complete,,runs/2026-09-12/loso_01__yolo11n__seed43,warmup,0.05308716697618365,0.13000000000001322,0,,,,,,,,
loso_01__yolo11n__seed43,yolo11n,loso_01,43,complete,,runs/2026-09-12/loso_01__yolo11n__seed43,evaluate_train,1.8214228040305898,1.8500000000000405,9,107.4111111111111,157.4,3288.2501404444442,3409.6128,34.55555555555556,39.0,528.482304,528.482304
loso_01__yolo11n__seed43,yolo11n,loso_01,43,complete,,runs/2026-09-12/loso_01__yolo11n__seed43,prepare_val_clean,0.003580618998967111,4.973799150320701e-14,0,,,,,,,,
loso_01__yolo11n__seed43,yolo11n,loso_01,43,complete,,runs/2026-09-12/loso_01__yolo11n__seed43,evaluate_val_clean,0.2287175660021603,0.24000000000005883,1,99.3,99.3,3429.793792,3429.793792,38.0,38.0,528.482304,528.482304
loso_01__yolo11n__seed43,yolo11n,loso_01,43,complete,,runs/2026-09-12/loso_01__yolo11n__seed43,prepare_test_clean,0.0032709119841456413,0.01000000000002288,0,,,,,,,,
loso_01__yolo11n__seed43,yolo11n,loso_01,43,complete,,runs/2026-09-12/loso_01__yolo11n__seed43,evaluate_test_clean,0.20033403707202524,0.20000000000007745,1,104.0,104.0,3188.355072,3188.355072,38.0,38.0,528.482304,528.482304
loso_01__yolo11n__seed43,yolo11n,loso_01,43,complete,,runs/2026-09-12/loso_01__yolo11n__seed43,inference_batch1,0.1558260991005227,0.15000000000011404,1,103.8,103.8,3192.60672,3192.60672,37.0,37.0,528.482304,528.482304
loso_01__yolo11n__seed43,yolo11n,loso_01,43,complete,,runs/2026-09-12/loso_01__yolo11n__seed43,explanations,0.00032316509168595076,2.3092638912203256e-14,0,,,,,,,,
loso_01__yolo11n_random__seed42,yolo11n_random,loso_01,42,complete,,runs/2026-09-12/loso_01__yolo11n_random__seed42,read_data,0.18456193001475185,0.19000000000000034,0,,,,,,,,
loso_01__yolo11n_random__seed42,yolo11n_random,loso_01,42,complete,,runs/2026-09-12/loso_01__yolo11n_random__seed42,prepare_pipeline,15.714525258983485,15.899999999999997,79,101.13924050632913,155.3,1528.6202523544305,1528.856576,27.810126582278482,86.0,0.0,0.0
loso_01__yolo11n_random__seed42,yolo11n_random,loso_01,42,complete,,runs/2026-09-12/loso_01__yolo11n_random__seed42,build_model,0.07226909801829606,0.19999999999999862,0,,,,,,,,
loso_01__yolo11n_random__seed42,yolo11n_random,loso_01,42,complete,,runs/2026-09-12/loso_01__yolo11n_random__seed42,fit,218.0345968969632,791.6999999999999,1080,363.45824074074073,456.4,3212.012657777778,3522.043904,25.441666666666666,86.0,585.9772795259258,717.225984
loso_01__yolo11n_random__seed42,yolo11n_random,loso_01,42,complete,,runs/2026-09-12/loso_01__yolo11n_random__seed42,save_model,0.030568536021746695,0.11000000000000831,0,,,,,,,,
loso_01__yolo11n_random__seed42,yolo11n_random,loso_01,42,complete,,runs/2026-09-12/loso_01__yolo11n_random__seed42,warmup,0.050695204990915954,0.12999999999999012,0,,,,,,,,
loso_01__yolo11n_random__seed42,yolo11n_random,loso_01,42,complete,,runs/2026-09-12/loso_01__yolo11n_random__seed42,evaluate_train,1.727059634984471,1.7499999999999947,9,110.62222222222223,181.5,3288.650183111111,3413.62688,23.555555555555557,29.0,501.219328,501.219328
loso_01__yolo11n_random__seed42,yolo11n_random,loso_01,42,complete,,runs/2026-09-12/loso_01__yolo11n_random__seed42,prepare_val_clean,0.0035111650358885527,0.01000000000001755,0,,,,,,,,
loso_01__yolo11n_random__seed42,yolo11n_random,loso_01,42,complete,,runs/2026-09-12/loso_01__yolo11n_random__seed42,evaluate_val_clean,0.20968193595763296,0.20000000000007212,1,103.7,103.7,3414.224896,3414.224896,25.0,25.0,501.219328,501.219328
loso_01__yolo11n_random__seed42,yolo11n_random,loso_01,42,complete,,runs/2026-09-12/loso_01__yolo11n_random__seed42,prepare_test_clean,0.0031605999683961272,1.7763568394002505e-14,0,,,,,,,,
loso_01__yolo11n_random__seed42,yolo11n_random,loso_01,42,complete,,runs/2026-09-12/loso_01__yolo11n_random__seed42,evaluate_test_clean,0.17518332100007683,0.17999999999996774,1,94.4,94.4,3177.28768,3177.28768,25.0,25.0,501.219328,501.219328
loso_01__yolo11n_random__seed42,yolo11n_random,loso_01,42,complete,,runs/2026-09-12/loso_01__yolo11n_random__seed42,inference_batch1,0.162824431899935,0.15999999999997705,1,104.3,104.3,3181.539328,3181.539328,22.0,22.0,501.219328,501.219328
loso_01__yolo11n_random__seed42,yolo11n_random,loso_01,42,complete,,runs/2026-09-12/loso_01__yolo11n_random__seed42,explanations,0.00035589002072811127,8.881784197001252e-15,0,,,,,,,,
loso_01__yolo11n_random__seed43,yolo11n_random,loso_01,43,complete,,runs/2026-09-12/loso_01__yolo11n_random__seed43,read_data,0.188130599912256,0.1900000000000001,0,,,,,,,,
loso_01__yolo11n_random__seed43,yolo11n_random,loso_01,43,complete,,runs/2026-09-12/loso_01__yolo11n_random__seed43,prepare_pipeline,15.71696502994746,15.889999999999999,78,101.01153846153845,146.0,1528.646734769231,1528.881152,28.833333333333332,40.0,0.0,0.0
loso_01__yolo11n_random__seed43,yolo11n_random,loso_01,43,complete,,runs/2026-09-12/loso_01__yolo11n_random__seed43,build_model,0.0744666630635038,0.20000000000000018,1,99.2,99.2,1543.704576,1543.704576,34.0,34.0,0.0,0.0
loso_01__yolo11n_random__seed43,yolo11n_random,loso_01,43,complete,,runs/2026-09-12/loso_01__yolo11n_random__seed43,fit,265.66106701199897,968.14,1316,364.75030395136775,502.0,3225.424805738602,3539.488768,29.837386018237083,74.0,614.9356422613982,778.043392
loso_01__yolo11n_random__seed43,yolo11n_random,loso_01,43,complete,,runs/2026-09-12/loso_01__yolo11n_random__seed43,save_model,0.03201524692121893,0.13000000000000966,0,,,,,,,,
loso_01__yolo11n_random__seed43,yolo11n_random,loso_01,43,complete,,runs/2026-09-12/loso_01__yolo11n_random__seed43,warmup,0.0596169059863314,0.1399999999999917,0,,,,,,,,
loso_01__yolo11n_random__seed43,yolo11n_random,loso_01,43,complete,,runs/2026-09-12/loso_01__yolo11n_random__seed43,evaluate_train,1.9240701750386506,1.9600000000000417,10,109.59,177.7,3303.6480512000003,3431.903232,49.5,54.0,509.60793600000005,509.607936
loso_01__yolo11n_random__seed43,yolo11n_random,loso_01,43,complete,,runs/2026-09-12/loso_01__yolo11n_random__seed43,prepare_val_clean,0.0036481969291344285,1.7763568394002505e-14,0,,,,,,,,
loso_01__yolo11n_random__seed43,yolo11n_random,loso_01,43,complete,,runs/2026-09-12/loso_01__yolo11n_random__seed43,evaluate_val_clean,0.22762781602796167,0.22999999999992227,1,95.3,95.3,3432.501248,3432.501248,54.0,54.0,509.607936,509.607936
loso_01__yolo11n_random__seed43,yolo11n_random,loso_01,43,complete,,runs/2026-09-12/loso_01__yolo11n_random__seed43,prepare_test_clean,0.0033227979438379407,-8.881784197001252e-15,0,,,,,,,,
loso_01__yolo11n_random__seed43,yolo11n_random,loso_01,43,complete,,runs/2026-09-12/loso_01__yolo11n_random__seed43,evaluate_test_clean,0.21422843297477812,0.2099999999999138,1,104.3,104.3,3195.662336,3195.662336,41.0,41.0,509.607936,509.607936
loso_01__yolo11n_random__seed43,yolo11n_random,loso_01,43,complete,,runs/2026-09-12/loso_01__yolo11n_random__seed43,inference_batch1,0.17780006199609488,0.1800000000000459,1,104.3,104.3,3199.913984,3199.913984,41.0,41.0,509.607936,509.607936
loso_01__yolo11n_random__seed43,yolo11n_random,loso_01,43,complete,,runs/2026-09-12/loso_01__yolo11n_random__seed43,explanations,0.0003415870014578104,-1.7763568394002505e-14,0,,,,,,,,
loso_02__polygarbor__seed42,polygarbor,loso_02,42,complete,,runs/2026-09-12/loso_02__polygarbor__seed42,read_data,0.18531781900674105,0.19000000000000006,0,,,,,,,,
loso_02__polygarbor__seed42,polygarbor,loso_02,42,complete,,runs/2026-09-12/loso_02__polygarbor__seed42,build_model,0.0003052790416404605,0.0,0,,,,,,,,
loso_02__polygarbor__seed42,polygarbor,loso_02,42,complete,,runs/2026-09-12/loso_02__polygarbor__seed42,extract_features,19.237533229053952,19.3,96,100.33645833333333,104.6,870.4034133333333,871.079936,29.84375,44.0,0.0,0.0
loso_02__polygarbor__seed42,polygarbor,loso_02,42,complete,,runs/2026-09-12/loso_02__polygarbor__seed42,fit,0.579202976077795,12.319999999999995,3,1713.8333333333333,2163.9,910.4247466666666,919.760896,34.0,34.0,0.0,0.0
loso_02__polygarbor__seed42,polygarbor,loso_02,42,complete,,runs/2026-09-12/loso_02__polygarbor__seed42,save_model,0.021709635970182717,0.46999999999999575,0,,,,,,,,
loso_02__polygarbor__seed42,polygarbor,loso_02,42,complete,,runs/2026-09-12/loso_02__polygarbor__seed42,warmup,0.08584846800658852,1.3199999999999972,0,,,,,,,,
loso_02__polygarbor__seed42,polygarbor,loso_02,42,complete,,runs/2026-09-12/loso_02__polygarbor__seed42,evaluate_train,83.18349160591606,83.48,394,104.903807106599,1881.2,911.4035277969542,912.764928,34.40355329949239,47.0,0.0,0.0
loso_02__polygarbor__seed42,polygarbor,loso_02,42,complete,,runs/2026-09-12/loso_02__polygarbor__seed42,prepare_val_clean,0.0032453739549964666,0.009999999999986908,0,,,,,,,,
loso_02__polygarbor__seed42,polygarbor,loso_02,42,complete,,runs/2026-09-12/loso_02__polygarbor__seed42,evaluate_val_clean,9.167030954034999,9.200000000000014,44,100.38181818181819,109.2,951.7801658181817,952.123392,28.931818181818183,35.0,0.0,0.0
loso_02__polygarbor__seed42,polygarbor,loso_02,42,complete,,runs/2026-09-12/loso_02__polygarbor__seed42,prepare_test_clean,0.0020868650171905756,2.220446049250313e-15,0,,,,,,,,
loso_02__polygarbor__seed42,polygarbor,loso_02,42,complete,,runs/2026-09-12/loso_02__polygarbor__seed42,evaluate_test_clean,5.463427754002623,5.4799999999999915,26,100.16153846153844,104.7,958.0503040000001,958.140416,28.53846153846154,33.0,0.0,0.0
loso_02__polygarbor__seed42,polygarbor,loso_02,42,complete,,runs/2026-09-12/loso_02__polygarbor__seed42,inference_batch1,0.9948112439597026,1.0100000000000033,5,100.0,104.3,954.535936,954.535936,32.0,32.0,0.0,0.0
loso_02__polygarbor__seed42,polygarbor,loso_02,42,complete,,runs/2026-09-12/loso_02__polygarbor__seed42,explanations,0.0003942860057577491,3.3306690738754696e-15,0,,,,,,,,
loso_02__polygarbor__seed43,polygarbor,loso_02,43,complete,,runs/2026-09-12/loso_02__polygarbor__seed43,read_data,0.19271025294438004,0.18999999999999967,0,,,,,,,,
loso_02__polygarbor__seed43,polygarbor,loso_02,43,complete,,runs/2026-09-12/loso_02__polygarbor__seed43,build_model,0.0003264449769631028,0.0,0,,,,,,,,
loso_02__polygarbor__seed43,polygarbor,loso_02,43,complete,,runs/2026-09-12/loso_02__polygarbor__seed43,extract_features,20.88391989900265,20.950000000000003,104,100.34423076923076,104.6,870.1146584615383,870.703104,32.89423076923077,44.0,0.0,0.0
loso_02__polygarbor__seed43,polygarbor,loso_02,43,complete,,runs/2026-09-12/loso_02__polygarbor__seed43,fit,0.7644419330172241,15.549999999999997,4,1620.0749999999998,2055.1,902.6088960000001,920.072192,35.75,41.0,0.0,0.0
loso_02__polygarbor__seed43,polygarbor,loso_02,43,complete,,runs/2026-09-12/loso_02__polygarbor__seed43,save_model,0.024461974040605128,0.44999999999999307,0,,,,,,,,
loso_02__polygarbor__seed43,polygarbor,loso_02,43,complete,,runs/2026-09-12/loso_02__polygarbor__seed43,warmup,0.09394104301463813,1.13,1,1984.5,1984.5,915.521536,915.521536,34.0,34.0,0.0,0.0
loso_02__polygarbor__seed43,polygarbor,loso_02,43,complete,,runs/2026-09-12/loso_02__polygarbor__seed43,evaluate_train,89.6557098190533,89.94999999999999,429,100.67296037296036,238.9,916.2599235431235,917.569536,34.93706293706294,48.0,0.0,0.0
loso_02__polygarbor__seed43,polygarbor,loso_02,43,complete,,runs/2026-09-12/loso_02__polygarbor__seed43,prepare_val_clean,0.003737577935680747,-1.1102230246251565e-15,0,,,,,,,,
loso_02__polygarbor__seed43,polygarbor,loso_02,43,complete,,runs/2026-09-12/loso_02__polygarbor__seed43,evaluate_val_clean,9.851532059023157,9.879999999999994,47,100.29574468085106,107.1,952.6718202553191,952.946688,37.787234042553195,44.0,0.0,0.0
loso_02__polygarbor__seed43,polygarbor,loso_02,43,complete,,runs/2026-09-12/loso_02__polygarbor__seed43,prepare_test_clean,0.0020589379128068686,1.021405182655144e-14,0,,,,,,,,
loso_02__polygarbor__seed43,polygarbor,loso_02,43,complete,,runs/2026-09-12/loso_02__polygarbor__seed43,evaluate_test_clean,5.939761442947201,5.95999999999999,29,100.28275862068965,109.8,957.8432441379312,957.956096,36.93103448275862,41.0,0.0,0.0
loso_02__polygarbor__seed43,polygarbor,loso_02,43,complete,,runs/2026-09-12/loso_02__polygarbor__seed43,inference_batch1,1.055963316000998,1.0600000000000045,6,100.61666666666667,105.5,954.929152,954.929152,37.0,41.0,0.0,0.0
loso_02__polygarbor__seed43,polygarbor,loso_02,43,complete,,runs/2026-09-12/loso_02__polygarbor__seed43,explanations,0.0002984090242534876,2.220446049250313e-15,0,,,,,,,,
loso_02__resnet18__seed42,resnet18,loso_02,42,complete,,runs/2026-09-12/loso_02__resnet18__seed42,read_data,0.18344540696125478,0.1799999999999996,0,,,,,,,,
loso_02__resnet18__seed42,resnet18,loso_02,42,complete,,runs/2026-09-12/loso_02__resnet18__seed42,build_model,2.4830819229828194,2.5700000000000003,11,104.61818181818181,166.9,1687.329698909091,1975.574528,25.818181818181817,32.0,61.00805818181818,266.338304
loso_02__resnet18__seed42,resnet18,loso_02,42,complete,,runs/2026-09-12/loso_02__resnet18__seed42,prepare_pipeline,1.187233973061666,1.2699999999999998,5,107.9,124.1,2334.0548095999998,2582.155264,15.0,15.0,695.8350336,803.209216
loso_02__resnet18__seed42,resnet18,loso_02,42,complete,,runs/2026-09-12/loso_02__resnet18__seed42,fit,145.8626485679997,98.52000000000001,724,67.51146408839779,917.2,3935.133277348066,4061.04064,82.15331491712708,97.0,4255.944047734806,4408.213504
loso_02__resnet18__seed42,resnet18,loso_02,42,complete,,runs/2026-09-12/loso_02__resnet18__seed42,save_model,0.16604882397223264,0.18000000000001215,1,104.0,104.0,3653.357568,3653.357568,94.0,94.0,4408.213504,4408.213504
loso_02__resnet18__seed42,resnet18,loso_02,42,complete,,runs/2026-09-12/loso_02__resnet18__seed42,warmup,0.5503302450524643,0.529999999999994,3,98.76666666666667,103.7,3666.0210346666668,3686.068224,18.0,18.0,4408.213504,4408.213504
loso_02__resnet18__seed42,resnet18,loso_02,42,complete,,runs/2026-09-12/loso_02__resnet18__seed42,evaluate_train,3.8014237709576264,3.5699999999999923,19,93.60526315789473,99.4,3700.295787789473,3701.858304,37.526315789473685,51.0,4408.213504,4408.213504
loso_02__resnet18__seed42,resnet18,loso_02,42,complete,,runs/2026-09-12/loso_02__resnet18__seed42,prepare_val_clean,0.004066659021191299,-5.329070518200751e-15,0,,,,,,,,
loso_02__resnet18__seed42,resnet18,loso_02,42,complete,,runs/2026-09-12/loso_02__resnet18__seed42,evaluate_val_clean,0.6282581759151071,0.6199999999999992,3,97.60000000000001,104.2,3711.4825386666666,3711.664128,46.666666666666664,51.0,4408.213504,4408.213504
loso_02__resnet18__seed42,resnet18,loso_02,42,complete,,runs/2026-09-12/loso_02__resnet18__seed42,prepare_test_clean,0.0023597709368914366,0.009999999999999787,0,,,,,,,,
loso_02__resnet18__seed42,resnet18,loso_02,42,complete,,runs/2026-09-12/loso_02__resnet18__seed42,evaluate_test_clean,0.4778765809023753,0.46000000000000263,3,97.5,104.2,3713.287509333333,3713.404928,38.0,38.0,4408.213504,4408.213504
loso_02__resnet18__seed42,resnet18,loso_02,42,complete,,runs/2026-09-12/loso_02__resnet18__seed42,inference_batch1,0.14627478690817952,0.15000000000000568,1,103.7,103.7,3714.633728,3714.633728,66.0,66.0,4408.213504,4408.213504
loso_02__resnet18__seed42,resnet18,loso_02,42,complete,,runs/2026-09-12/loso_02__resnet18__seed42,explanations,0.14479947497602552,0.1400000000000059,0,,,,,,,,
loso_02__resnet18__seed43,resnet18,loso_02,43,complete,,runs/2026-09-12/loso_02__resnet18__seed43,read_data,0.19020498695317656,0.19000000000000006,0,,,,,,,,
loso_02__resnet18__seed43,resnet18,loso_02,43,complete,,runs/2026-09-12/loso_02__resnet18__seed43,build_model,2.7367727420059964,2.8,12,103.20833333333331,138.9,1696.5283840000002,1975.353344,32.25,36.0,55.924053333333326,266.338304
loso_02__resnet18__seed43,resnet18,loso_02,43,complete,,runs/2026-09-12/loso_02__resnet18__seed43,prepare_pipeline,1.1931200689869002,1.2700000000000005,5,108.3,129.1,2350.1881344000003,2582.327296,53.0,71.0,695.8350336,803.209216
loso_02__resnet18__seed43,resnet18,loso_02,43,complete,,runs/2026-09-12/loso_02__resnet18__seed43,fit,205.17154981696513,128.13000000000002,1018,62.41640471512772,908.8,3903.439878035363,4028.27264,85.5844793713163,96.0,4229.858760675835,4343.201792
loso_02__resnet18__seed43,resnet18,loso_02,43,complete,,runs/2026-09-12/loso_02__resnet18__seed43,save_model,0.16756871400866657,0.17999999999999083,1,104.5,104.5,3580.510208,3580.510208,90.0,90.0,4343.201792,4343.201792
loso_02__resnet18__seed43,resnet18,loso_02,43,complete,,runs/2026-09-12/loso_02__resnet18__seed43,warmup,0.5431781869847327,0.5399999999999867,3,99.06666666666666,103.5,3631.348394666666,3656.269824,26.0,26.0,4343.201792,4343.201792
loso_02__resnet18__seed43,resnet18,loso_02,43,complete,,runs/2026-09-12/loso_02__resnet18__seed43,evaluate_train,4.090794899966568,3.879999999999983,20,95.015,104.3,3693.9190272000005,3695.824896,47.15,68.0,4343.201792000002,4343.201792
loso_02__resnet18__seed43,resnet18,loso_02,43,complete,,runs/2026-09-12/loso_02__resnet18__seed43,prepare_val_clean,0.003961491980589926,7.105427357601002e-15,0,,,,,,,,
loso_02__resnet18__seed43,resnet18,loso_02,43,complete,,runs/2026-09-12/loso_02__resnet18__seed43,evaluate_val_clean,0.6728399699786678,0.6600000000000037,3,97.53333333333335,99.1,3705.8573653333333,3706.290176,23.0,23.0,4343.201792,4343.201792
loso_02__resnet18__seed43,resnet18,loso_02,43,complete,,runs/2026-09-12/loso_02__resnet18__seed43,prepare_test_clean,0.002472560969181359,7.105427357601002e-15,0,,,,,,,,
loso_02__resnet18__seed43,resnet18,loso_02,43,complete,,runs/2026-09-12/loso_02__resnet18__seed43,evaluate_test_clean,0.5180239169858396,0.5300000000000082,3,100.96666666666665,104.2,3707.6363946666665,3707.731968,27.666666666666668,30.0,4343.201792,4343.201792
loso_02__resnet18__seed43,resnet18,loso_02,43,complete,,runs/2026-09-12/loso_02__resnet18__seed43,inference_batch1,0.1753542519873008,0.1700000000000248,1,103.6,103.6,3709.063168,3709.063168,30.0,30.0,4343.201792,4343.201792
loso_02__resnet18__seed43,resnet18,loso_02,43,complete,,runs/2026-09-12/loso_02__resnet18__seed43,explanations,0.1503258829470724,0.15000000000001457,1,94.3,94.3,3710.09536,3710.09536,30.0,30.0,4343.201792,4343.201792
loso_02__resnet18_imagenet__seed42,resnet18_imagenet,loso_02,42,complete,,runs/2026-09-12/loso_02__resnet18_imagenet__seed42,read_data,0.18790806201286614,0.1999999999999999,0,,,,,,,,
loso_02__resnet18_imagenet__seed42,resnet18_imagenet,loso_02,42,complete,,runs/2026-09-12/loso_02__resnet18_imagenet__seed42,build_model,4.911638330086134,5.07,20,103.155,123.7,1937.7235967999998,2432.868352,23.65,37.0,153.30181119999997,266.338304
loso_02__resnet18_imagenet__seed42,resnet18_imagenet,loso_02,42,complete,,runs/2026-09-12/loso_02__resnet18_imagenet__seed42,prepare_pipeline,1.3336756450589746,1.4200000000000002,6,106.25,129.0,2753.8732373333332,3009.101824,25.666666666666668,34.0,713.7307306666667,803.209216
loso_02__resnet18_imagenet__seed42,resnet18_imagenet,loso_02,42,complete,,runs/2026-09-12/loso_02__resnet18_imagenet__seed42,fit,116.19835552596487,91.21,576,78.39322916666667,879.0,4249.444842666667,4396.40064,78.6875,96.0,4211.572736,4410.310656
loso_02__resnet18_imagenet__seed42,resnet18_imagenet,loso_02,42,complete,,runs/2026-09-12/loso_02__resnet18_imagenet__seed42,save_model,0.1551535379840061,0.15999999999999837,1,128.6,128.6,3947.618304,3947.618304,95.0,95.0,4410.310656,4410.310656
loso_02__resnet18_imagenet__seed42,resnet18_imagenet,loso_02,42,complete,,runs/2026-09-12/loso_02__resnet18_imagenet__seed42,warmup,0.5168362900149077,0.5100000000000025,3,100.63333333333333,104.0,4000.150869333333,4025.868288,69.33333333333333,95.0,4410.310656,4410.310656
loso_02__resnet18_imagenet__seed42,resnet18_imagenet,loso_02,42,complete,,runs/2026-09-12/loso_02__resnet18_imagenet__seed42,evaluate_train,3.8290167739614844,3.669999999999991,19,95.98947368421054,99.4,4061.3793145263157,4063.318016,34.68421052631579,93.0,4410.310656,4410.310656
loso_02__resnet18_imagenet__seed42,resnet18_imagenet,loso_02,42,complete,,runs/2026-09-12/loso_02__resnet18_imagenet__seed42,prepare_val_clean,0.003632273990660906,5.329070518200751e-15,0,,,,,,,,
loso_02__resnet18_imagenet__seed42,resnet18_imagenet,loso_02,42,complete,,runs/2026-09-12/loso_02__resnet18_imagenet__seed42,evaluate_val_clean,0.6064380189636722,0.5899999999999945,3,97.7,104.5,4072.905386666667,4073.029632,93.0,93.0,4410.310656,4410.310656
loso_02__resnet18_imagenet__seed42,resnet18_imagenet,loso_02,42,complete,,runs/2026-09-12/loso_02__resnet18_imagenet__seed42,prepare_test_clean,0.0023427080595865846,7.105427357601002e-15,0,,,,,,,,
loso_02__resnet18_imagenet__seed42,resnet18_imagenet,loso_02,42,complete,,runs/2026-09-12/loso_02__resnet18_imagenet__seed42,evaluate_test_clean,0.4798536039888859,0.46999999999999176,2,95.80000000000001,104.2,4074.676224,4074.807296,89.0,89.0,4410.310656,4410.310656
loso_02__resnet18_imagenet__seed42,resnet18_imagenet,loso_02,42,complete,,runs/2026-09-12/loso_02__resnet18_imagenet__seed42,inference_batch1,0.15935684007126838,0.15999999999999037,1,104.1,104.1,4075.065344,4075.065344,86.0,86.0,4410.310656,4410.310656
loso_02__resnet18_imagenet__seed42,resnet18_imagenet,loso_02,42,complete,,runs/2026-09-12/loso_02__resnet18_imagenet__seed42,explanations,0.12848650803789496,0.11999999999999833,1,99.5,99.5,4075.483136,4075.483136,86.0,86.0,4410.310656,4410.310656
loso_02__resnet18_imagenet__seed43,resnet18_imagenet,loso_02,43,complete,,runs/2026-09-12/loso_02__resnet18_imagenet__seed43,read_data,0.19388499995693564,0.20000000000000012,0,,,,,,,,
loso_02__resnet18_imagenet__seed43,resnet18_imagenet,loso_02,43,complete,,runs/2026-09-12/loso_02__resnet18_imagenet__seed43,build_model,5.16585125902202,5.33,22,102.8318181818182,135.3,1944.054877090909,2433.138688,25.181818181818183,32.0,151.47156945454543,266.338304
loso_02__resnet18_imagenet__seed43,resnet18_imagenet,loso_02,43,complete,,runs/2026-09-12/loso_02__resnet18_imagenet__seed43,prepare_pipeline,1.1290680520469323,1.2100000000000013,5,106.78,129.1,2791.69024,3011.1744,26.2,27.0,803.209216,803.209216
loso_02__resnet18_imagenet__seed43,resnet18_imagenet,loso_02,43,complete,,runs/2026-09-12/loso_02__resnet18_imagenet__seed43,fit,111.82908409892116,88.08999999999999,555,78.75657657657658,1071.5,4256.581281441442,4430.770176,80.97837837837838,97.0,4289.529815409009,4521.459712
loso_02__resnet18_imagenet__seed43,resnet18_imagenet,loso_02,43,complete,,runs/2026-09-12/loso_02__resnet18_imagenet__seed43,save_model,0.18670370301697403,0.20000000000000107,1,108.8,108.8,3988.11136,3988.11136,67.0,67.0,4521.459712,4521.459712
loso_02__resnet18_imagenet__seed43,resnet18_imagenet,loso_02,43,complete,,runs/2026-09-12/loso_02__resnet18_imagenet__seed43,warmup,0.5758435101015493,0.5600000000000014,3,96.5,99.1,4025.245696,4058.927104,67.0,67.0,4521.459712,4521.459712
loso_02__resnet18_imagenet__seed43,resnet18_imagenet,loso_02,43,complete,,runs/2026-09-12/loso_02__resnet18_imagenet__seed43,evaluate_train,4.197730779997073,4.040000000000002,20,95.995,104.1,4070.2906367999994,4071.54688,57.75,93.0,4521.459711999999,4521.459712
loso_02__resnet18_imagenet__seed43,resnet18_imagenet,loso_02,43,complete,,runs/2026-09-12/loso_02__resnet18_imagenet__seed43,prepare_val_clean,0.003424955066293478,0.010000000000011333,0,,,,,,,,
loso_02__resnet18_imagenet__seed43,resnet18_imagenet,loso_02,43,complete,,runs/2026-09-12/loso_02__resnet18_imagenet__seed43,evaluate_val_clean,0.6617403000127524,0.6399999999999926,3,97.63333333333333,99.4,4081.261226666667,4081.41824,90.0,90.0,4521.459712,4521.459712
loso_02__resnet18_imagenet__seed43,resnet18_imagenet,loso_02,43,complete,,runs/2026-09-12/loso_02__resnet18_imagenet__seed43,prepare_test_clean,0.002557354047894478,2.6645352591003757e-15,0,,,,,,,,
loso_02__resnet18_imagenet__seed43,resnet18_imagenet,loso_02,43,complete,,runs/2026-09-12/loso_02__resnet18_imagenet__seed43,evaluate_test_clean,0.5249508210690692,0.5100000000000078,3,100.5,104.4,4083.0443519999994,4083.277824,90.0,90.0,4521.459712,4521.459712
loso_02__resnet18_imagenet__seed43,resnet18_imagenet,loso_02,43,complete,,runs/2026-09-12/loso_02__resnet18_imagenet__seed43,inference_batch1,0.18121571408119053,0.17999999999999972,1,103.8,103.8,4083.462144,4083.462144,23.0,23.0,4521.459712,4521.459712
loso_02__resnet18_imagenet__seed43,resnet18_imagenet,loso_02,43,complete,,runs/2026-09-12/loso_02__resnet18_imagenet__seed43,explanations,0.1558369949925691,0.1599999999999948,1,94.2,94.2,4083.52768,4083.52768,23.0,23.0,4521.459712,4521.459712
loso_02__yolo11n__seed42,yolo11n,loso_02,42,complete,,runs/2026-09-12/loso_02__yolo11n__seed42,read_data,0.1833619310054928,0.19000000000000028,0,,,,,,,,
loso_02__yolo11n__seed42,yolo11n,loso_02,42,complete,,runs/2026-09-12/loso_02__yolo11n__seed42,prepare_pipeline,15.515323666972108,15.72,78,101.27051282051283,169.3,1542.826824205128,1543.081984,29.397435897435898,57.0,0.0,0.0
loso_02__yolo11n__seed42,yolo11n,loso_02,42,complete,,runs/2026-09-12/loso_02__yolo11n__seed42,build_model,0.7485364159801975,0.7699999999999977,3,101.03333333333335,102.7,1629.7328640000003,1668.984832,56.0,56.0,0.0,0.0
loso_02__yolo11n__seed42,yolo11n,loso_02,42,complete,,runs/2026-09-12/loso_02__yolo11n__seed42,fit,314.36089187301695,1147.02,1557,365.09582530507384,546.4,3261.0121666178543,3634.495488,25.684007707129094,56.0,648.5142870648683,849.34656
loso_02__yolo11n__seed42,yolo11n,loso_02,42,complete,,runs/2026-09-12/loso_02__yolo11n__seed42,save_model,0.028849547961726785,0.0999999999998451,0,,,,,,,,
loso_02__yolo11n__seed42,yolo11n,loso_02,42,complete,,runs/2026-09-12/loso_02__yolo11n__seed42,warmup,0.04946936189662665,0.1300000000000452,0,,,,,,,,
loso_02__yolo11n__seed42,yolo11n,loso_02,42,complete,,runs/2026-09-12/loso_02__yolo11n__seed42,evaluate_train,1.776323490892537,1.800000000000118,9,107.75555555555555,160.9,3363.3798826666666,3499.49952,26.88888888888889,33.0,425.721856,425.721856
loso_02__yolo11n__seed42,yolo11n,loso_02,42,complete,,runs/2026-09-12/loso_02__yolo11n__seed42,prepare_val_clean,0.0034442259930074215,6.394884621840902e-14,0,,,,,,,,
loso_02__yolo11n__seed42,yolo11n,loso_02,42,complete,,runs/2026-09-12/loso_02__yolo11n__seed42,evaluate_val_clean,0.2035218650707975,0.21000000000010033,1,98.9,98.9,3502.497792,3502.497792,33.0,33.0,425.721856,425.721856
loso_02__yolo11n__seed42,yolo11n,loso_02,42,complete,,runs/2026-09-12/loso_02__yolo11n__seed42,prepare_test_clean,0.002158856950700283,4.618527782440651e-14,0,,,,,,,,
loso_02__yolo11n__seed42,yolo11n,loso_02,42,complete,,runs/2026-09-12/loso_02__yolo11n__seed42,evaluate_test_clean,0.12878426106180996,0.13000000000015532,1,105.6,105.6,3254.734848,3254.734848,33.0,33.0,425.721856,425.721856
loso_02__yolo11n__seed42,yolo11n,loso_02,42,complete,,runs/2026-09-12/loso_02__yolo11n__seed42,inference_batch1,0.1379582571098581,0.13999999999991886,1,93.8,93.8,3258.957824,3258.957824,27.0,27.0,425.721856,425.721856
loso_02__yolo11n__seed42,yolo11n,loso_02,42,complete,,runs/2026-09-12/loso_02__yolo11n__seed42,explanations,0.0003361130366101861,4.618527782440651e-14,0,,,,,,,,
loso_02__yolo11n__seed43,yolo11n,loso_02,43,complete,,runs/2026-09-12/loso_02__yolo11n__seed43,read_data,0.19162635901011527,0.19999999999999984,0,,,,,,,,
loso_02__yolo11n__seed43,yolo11n,loso_02,43,complete,,runs/2026-09-12/loso_02__yolo11n__seed43,prepare_pipeline,16.10416266694665,16.260000000000005,80,101.04875,153.7,1542.5862143999998,1542.828032,35.375,41.0,0.0,0.0
loso_02__yolo11n__seed43,yolo11n,loso_02,43,complete,,runs/2026-09-12/loso_02__yolo11n__seed43,build_model,0.8066916060633957,0.8199999999999976,4,101.1,106.5,1615.013888,1668.99712,31.0,33.0,0.0,0.0
loso_02__yolo11n__seed43,yolo11n,loso_02,43,complete,,runs/2026-09-12/loso_02__yolo11n__seed43,fit,300.165742667974,1090.22,1489,363.28401611820016,501.8,3243.1975796051047,3575.451648,34.60980523841504,46.0,633.2469476319678,803.209216
loso_02__yolo11n__seed43,yolo11n,loso_02,43,complete,,runs/2026-09-12/loso_02__yolo11n__seed43,save_model,0.03432499396149069,0.12000000000019995,0,,,,,,,,
loso_02__yolo11n__seed43,yolo11n,loso_02,43,complete,,runs/2026-09-12/loso_02__yolo11n__seed43,warmup,0.060023431084118783,0.1499999999999453,0,,,,,,,,
loso_02__yolo11n__seed43,yolo11n,loso_02,43,complete,,runs/2026-09-12/loso_02__yolo11n__seed43,evaluate_train,1.8776313279522583,1.9000000000001638,10,109.75,189.2,3333.8089472,3467.534336,34.9,39.0,407.6863488,408.94464
loso_02__yolo11n__seed43,yolo11n,loso_02,43,complete,,runs/2026-09-12/loso_02__yolo11n__seed43,prepare_val_clean,0.006614198908209801,0.009999999999973141,0,,,,,,,,
loso_02__yolo11n__seed43,yolo11n,loso_02,43,complete,,runs/2026-09-12/loso_02__yolo11n__seed43,evaluate_val_clean,0.22051246592309326,0.23000000000000043,1,99.1,99.1,3468.189696,3468.189696,34.0,34.0,408.94464,408.94464
loso_02__yolo11n__seed43,yolo11n,loso_02,43,complete,,runs/2026-09-12/loso_02__yolo11n__seed43,prepare_test_clean,0.002254365012049675,0.009999999999955378,0,,,,,,,,
loso_02__yolo11n__seed43,yolo11n,loso_02,43,complete,,runs/2026-09-12/loso_02__yolo11n__seed43,evaluate_test_clean,0.1429230700014159,0.13999999999983714,1,96.7,96.7,3220.475904,3220.475904,39.0,39.0,408.94464,408.94464
loso_02__yolo11n__seed43,yolo11n,loso_02,43,complete,,runs/2026-09-12/loso_02__yolo11n__seed43,inference_batch1,0.1553193690488115,0.16000000000003567,1,104.3,104.3,3224.702976,3224.702976,39.0,39.0,408.94464,408.94464
loso_02__yolo11n__seed43,yolo11n,loso_02,43,complete,,runs/2026-09-12/loso_02__yolo11n__seed43,explanations,0.00038817396853119135,-4.618527782440651e-14,0,,,,,,,,
loso_02__yolo11n_random__seed42,yolo11n_random,loso_02,42,complete,,runs/2026-09-12/loso_02__yolo11n_random__seed42,read_data,0.18676886497996747,0.1899999999999999,0,,,,,,,,
loso_02__yolo11n_random__seed42,yolo11n_random,loso_02,42,complete,,runs/2026-09-12/loso_02__yolo11n_random__seed42,prepare_pipeline,16.10871884797234,16.319999999999997,80,101.3125,167.6,1542.73664,1542.975488,27.6875,41.0,0.0,0.0
loso_02__yolo11n_random__seed42,yolo11n_random,loso_02,42,complete,,runs/2026-09-12/loso_02__yolo11n_random__seed42,build_model,0.06846647802740335,0.18000000000000216,0,,,,,,,,
loso_02__yolo11n_random__seed42,yolo11n_random,loso_02,42,complete,,runs/2026-09-12/loso_02__yolo11n_random__seed42,fit,235.53890552197117,857.5,1167,364.32382176520997,472.6,3231.554137940017,3544.006656,25.50471293916024,47.0,595.111356874036,748.683264
loso_02__yolo11n_random__seed42,yolo11n_random,loso_02,42,complete,,runs/2026-09-12/loso_02__yolo11n_random__seed42,save_model,0.03041814500465989,0.12000000000005429,0,,,,,,,,
loso_02__yolo11n_random__seed42,yolo11n_random,loso_02,42,complete,,runs/2026-09-12/loso_02__yolo11n_random__seed42,warmup,0.05053086800035089,0.1300000000000363,0,,,,,,,,
loso_02__yolo11n_random__seed42,yolo11n_random,loso_02,42,complete,,runs/2026-09-12/loso_02__yolo11n_random__seed42,evaluate_train,1.7629340530838817,1.7800000000000136,9,107.36666666666666,157.2,3303.526855111111,3432.984576,26.444444444444443,41.0,421.527552,421.527552
loso_02__yolo11n_random__seed42,yolo11n_random,loso_02,42,complete,,runs/2026-09-12/loso_02__yolo11n_random__seed42,prepare_val_clean,0.003294694935902953,0.00999999999995893,0,,,,,,,,
loso_02__yolo11n_random__seed42,yolo11n_random,loso_02,42,complete,,runs/2026-09-12/loso_02__yolo11n_random__seed42,evaluate_val_clean,0.2059265059651807,0.20999999999989072,1,99.4,99.4,3435.782144,3435.782144,41.0,41.0,421.527552,421.527552
loso_02__yolo11n_random__seed42,yolo11n_random,loso_02,42,complete,,runs/2026-09-12/loso_02__yolo11n_random__seed42,prepare_test_clean,0.0022308509796857834,-4.973799150320701e-14,0,,,,,,,,
loso_02__yolo11n_random__seed42,yolo11n_random,loso_02,42,complete,,runs/2026-09-12/loso_02__yolo11n_random__seed42,evaluate_test_clean,0.12907867203466594,0.12999999999994571,1,100.3,100.3,3188.068352,3188.068352,41.0,41.0,421.527552,421.527552
loso_02__yolo11n_random__seed42,yolo11n_random,loso_02,42,complete,,runs/2026-09-12/loso_02__yolo11n_random__seed42,inference_batch1,0.13912363990675658,0.13999999999993662,1,97.9,97.9,3192.291328,3192.291328,15.0,15.0,421.527552,421.527552
loso_02__yolo11n_random__seed42,yolo11n_random,loso_02,42,complete,,runs/2026-09-12/loso_02__yolo11n_random__seed42,explanations,0.0003288389416411519,-4.973799150320701e-14,0,,,,,,,,
loso_02__yolo11n_random__seed43,yolo11n_random,loso_02,43,complete,,runs/2026-09-12/loso_02__yolo11n_random__seed43,read_data,0.1952340630814433,0.20999999999999963,0,,,,,,,,
loso_02__yolo11n_random__seed43,yolo11n_random,loso_02,43,complete,,runs/2026-09-12/loso_02__yolo11n_random__seed43,prepare_pipeline,16.896831755992025,17.09,84,101.21071428571429,169.1,1542.5625721904764,1542.815744,34.38095238095238,42.0,0.0,0.0
loso_02__yolo11n_random__seed43,yolo11n_random,loso_02,43,complete,,runs/2026-09-12/loso_02__yolo11n_random__seed43,build_model,0.07355971692595631,0.19999999999999818,0,,,,,,,,
loso_02__yolo11n_random__seed43,yolo11n_random,loso_02,43,complete,,runs/2026-09-12/loso_02__yolo11n_random__seed43,fit,207.52389753598254,749.61,1029,361.44130223517976,497.0,3224.305775455782,3534.761984,33.95238095238095,45.0,568.990557792031,687.865856
loso_02__yolo11n_random__seed43,yolo11n_random,loso_02,43,complete,,runs/2026-09-12/loso_02__yolo11n_random__seed43,save_model,0.03235985594801605,0.11000000000005983,0,,,,,,,,
loso_02__yolo11n_random__seed43,yolo11n_random,loso_02,43,complete,,runs/2026-09-12/loso_02__yolo11n_random__seed43,warmup,0.05440291890408844,0.14000000000003254,0,,,,,,,,
loso_02__yolo11n_random__seed43,yolo11n_random,loso_02,43,complete,,runs/2026-09-12/loso_02__yolo11n_random__seed43,evaluate_train,1.9235866529634222,1.949999999999978,10,110.02000000000001,186.8,3294.0658687999994,3426.332672,38.0,41.0,421.527552,421.527552
loso_02__yolo11n_random__seed43,yolo11n_random,loso_02,43,complete,,runs/2026-09-12/loso_02__yolo11n_random__seed43,prepare_val_clean,0.003421523026190698,-3.552713678800501e-14,0,,,,,,,,
loso_02__yolo11n_random__seed43,yolo11n_random,loso_02,43,complete,,runs/2026-09-12/loso_02__yolo11n_random__seed43,evaluate_val_clean,0.22076015500351787,0.22999999999998266,1,102.6,102.6,3426.988032,3426.988032,26.0,26.0,421.527552,421.527552
loso_02__yolo11n_random__seed43,yolo11n_random,loso_02,43,complete,,runs/2026-09-12/loso_02__yolo11n_random__seed43,prepare_test_clean,0.0024952529929578304,0.009999999999935838,0,,,,,,,,
loso_02__yolo11n_random__seed43,yolo11n_random,loso_02,43,complete,,runs/2026-09-12/loso_02__yolo11n_random__seed43,evaluate_test_clean,0.14250577508937567,0.1399999999999313,0,,,,,,,,
loso_02__yolo11n_random__seed43,yolo11n_random,loso_02,43,complete,,runs/2026-09-12/loso_02__yolo11n_random__seed43,inference_batch1,0.15223665500525385,0.1600000000000268,1,98.0,98.0,3183.497216,3183.497216,26.0,26.0,421.527552,421.527552
loso_02__yolo11n_random__seed43,yolo11n_random,loso_02,43,complete,,runs/2026-09-12/loso_02__yolo11n_random__seed43,explanations,0.0003330599283799529,0.010000000000040643,0,,,,,,,,
loso_03__polygarbor__seed42,polygarbor,loso_03,42,complete,,runs/2026-09-12/loso_03__polygarbor__seed42,read_data,0.18095980898942798,0.18000000000000027,0,,,,,,,,
loso_03__polygarbor__seed42,polygarbor,loso_03,42,complete,,runs/2026-09-12/loso_03__polygarbor__seed42,build_model,0.0003075869753956795,2.220446049250313e-16,0,,,,,,,,
loso_03__polygarbor__seed42,polygarbor,loso_03,42,complete,,runs/2026-09-12/loso_03__polygarbor__seed42,extract_features,17.189550967072137,17.25,86,100.36627906976746,104.6,842.513765209302,843.022336,31.96511627906977,54.0,0.0,0.0
loso_03__polygarbor__seed42,polygarbor,loso_03,42,complete,,runs/2026-09-12/loso_03__polygarbor__seed42,fit,0.47636047401465476,10.199999999999998,2,1713.9,2157.0,882.712576,894.390272,40.0,41.0,0.0,0.0
loso_03__polygarbor__seed42,polygarbor,loso_03,42,complete,,runs/2026-09-12/loso_03__polygarbor__seed42,save_model,0.029739295016042888,0.6200000000000001,0,,,,,,,,
loso_03__polygarbor__seed42,polygarbor,loso_03,42,complete,,runs/2026-09-12/loso_03__polygarbor__seed42,warmup,0.08213458803948015,1.190000000000004,1,2172.9,2172.9,878.411776,878.411776,39.0,39.0,0.0,0.0
loso_03__polygarbor__seed42,polygarbor,loso_03,42,complete,,runs/2026-09-12/loso_03__polygarbor__seed42,evaluate_train,73.85381954396144,74.12,350,101.2897142857143,422.6,879.1928831999999,880.41472,34.651428571428575,64.0,0.0,0.0
loso_03__polygarbor__seed42,polygarbor,loso_03,42,complete,,runs/2026-09-12/loso_03__polygarbor__seed42,prepare_val_clean,0.002853912068530917,0.010000000000006892,0,,,,,,,,
loso_03__polygarbor__seed42,polygarbor,loso_03,42,complete,,runs/2026-09-12/loso_03__polygarbor__seed42,evaluate_val_clean,8.129119571996853,8.159999999999984,38,100.48421052631579,104.6,923.7411301052632,924.020736,33.3421052631579,82.0,0.0,0.0
loso_03__polygarbor__seed42,polygarbor,loso_03,42,complete,,runs/2026-09-12/loso_03__polygarbor__seed42,prepare_test_clean,0.004848997923545539,0.010000000000004006,0,,,,,,,,
loso_03__polygarbor__seed42,polygarbor,loso_03,42,complete,,runs/2026-09-12/loso_03__polygarbor__seed42,evaluate_test_clean,14.055849236086942,14.100000000000007,68,100.3941176470588,109.3,930.0591435294117,930.320384,25.63235294117647,43.0,0.0,0.0
loso_03__polygarbor__seed42,polygarbor,loso_03,42,complete,,runs/2026-09-12/loso_03__polygarbor__seed42,inference_batch1,0.9585187180200592,0.96,5,101.04,107.6,926.7322879999999,926.732288,17.6,20.0,0.0,0.0
loso_03__polygarbor__seed42,polygarbor,loso_03,42,complete,,runs/2026-09-12/loso_03__polygarbor__seed42,explanations,0.0003315679496154189,-7.993605777301127e-15,0,,,,,,,,
loso_03__polygarbor__seed43,polygarbor,loso_03,43,complete,,runs/2026-09-12/loso_03__polygarbor__seed43,read_data,0.18554333201609552,0.1800000000000001,0,,,,,,,,
loso_03__polygarbor__seed43,polygarbor,loso_03,43,complete,,runs/2026-09-12/loso_03__polygarbor__seed43,build_model,0.0002997260307893157,0.0,0,,,,,,,,
loso_03__polygarbor__seed43,polygarbor,loso_03,43,complete,,runs/2026-09-12/loso_03__polygarbor__seed43,extract_features,18.378633428015746,18.45,92,100.32608695652176,104.6,842.5691046956523,843.067392,34.33695652173913,42.0,0.0,0.0
loso_03__polygarbor__seed43,polygarbor,loso_03,43,complete,,runs/2026-09-12/loso_03__polygarbor__seed43,fit,0.5555207639699802,11.520000000000003,3,1826.6333333333332,2096.8,878.9019306666668,892.407808,30.666666666666668,34.0,0.0,0.0
loso_03__polygarbor__seed43,polygarbor,loso_03,43,complete,,runs/2026-09-12/loso_03__polygarbor__seed43,save_model,0.03125111304689199,0.6300000000000059,0,,,,,,,,
loso_03__polygarbor__seed43,polygarbor,loso_03,43,complete,,runs/2026-09-12/loso_03__polygarbor__seed43,warmup,0.09258892491925508,1.1200000000000008,0,,,,,,,,
loso_03__polygarbor__seed43,polygarbor,loso_03,43,complete,,runs/2026-09-12/loso_03__polygarbor__seed43,evaluate_train,78.43581316410564,78.68,381,103.14146981627295,1174.9,882.8654288293964,884.076544,36.22047244094488,46.0,0.0,0.0
loso_03__polygarbor__seed43,polygarbor,loso_03,43,complete,,runs/2026-09-12/loso_03__polygarbor__seed43,prepare_val_clean,0.003095448948442936,0.009999999999990239,0,,,,,,,,
loso_03__polygarbor__seed43,polygarbor,loso_03,43,complete,,runs/2026-09-12/loso_03__polygarbor__seed43,evaluate_val_clean,8.578485264093615,8.600000000000009,41,100.25853658536586,105.8,923.922531902439,924.151808,35.951219512195124,43.0,0.0,0.0
loso_03__polygarbor__seed43,polygarbor,loso_03,43,complete,,runs/2026-09-12/loso_03__polygarbor__seed43,prepare_test_clean,0.005320205935277045,0.010000000000010889,0,,,,,,,,
loso_03__polygarbor__seed43,polygarbor,loso_03,43,complete,,runs/2026-09-12/loso_03__polygarbor__seed43,evaluate_test_clean,14.907583961961791,14.960000000000013,73,100.47123287671234,108.8,929.7007658082192,929.992704,34.89041095890411,40.0,0.0,0.0
loso_03__polygarbor__seed43,polygarbor,loso_03,43,complete,,runs/2026-09-12/loso_03__polygarbor__seed43,inference_batch1,1.0260099049191922,1.03,5,100.7,103.9,927.043584,927.043584,37.2,38.0,0.0,0.0
loso_03__polygarbor__seed43,polygarbor,loso_03,43,complete,,runs/2026-09-12/loso_03__polygarbor__seed43,explanations,0.0004404480569064617,-1.021405182655144e-14,0,,,,,,,,
loso_03__resnet18__seed42,resnet18,loso_03,42,complete,,runs/2026-09-12/loso_03__resnet18__seed42,read_data,0.1794647719943896,0.18000000000000027,0,,,,,,,,
loso_03__resnet18__seed42,resnet18,loso_03,42,complete,,runs/2026-09-12/loso_03__resnet18__seed42,build_model,2.377974482951686,2.47,10,102.41,122.8,1603.3611776000002,1913.380864,35.8,66.0,40.475033599999996,136.31488
loso_03__resnet18__seed42,resnet18,loso_03,42,complete,,runs/2026-09-12/loso_03__resnet18__seed42,prepare_pipeline,1.2279414739459753,1.31,5,108.78,138.4,2233.7437696,2454.151168,16.0,18.0,481.0866688,534.77376
loso_03__resnet18__seed42,resnet18,loso_03,42,complete,,runs/2026-09-12/loso_03__resnet18__seed42,fit,192.8923978669336,126.26000000000002,958,65.4508350730689,1009.0,3798.2852671064716,3921.14176,84.35281837160751,98.0,4405.258227173276,4529.84832
loso_03__resnet18__seed42,resnet18,loso_03,42,complete,,runs/2026-09-12/loso_03__resnet18__seed42,save_model,0.17172837106045336,0.17999999999999083,1,102.9,102.9,3478.757376,3478.757376,95.0,95.0,4529.84832,4529.84832
loso_03__resnet18__seed42,resnet18,loso_03,42,complete,,runs/2026-09-12/loso_03__resnet18__seed42,warmup,0.5192261749180034,0.5099999999999802,2,96.4,98.4,3457.3885440000004,3479.523328,95.0,95.0,4529.84832,4529.84832
loso_03__resnet18__seed42,resnet18,loso_03,42,complete,,runs/2026-09-12/loso_03__resnet18__seed42,evaluate_train,3.4761071520624682,3.2600000000000104,18,94.27222222222223,108.8,3514.9443982222224,3516.547072,46.44444444444444,95.0,4529.848320000001,4529.84832
loso_03__resnet18__seed42,resnet18,loso_03,42,complete,,runs/2026-09-12/loso_03__resnet18__seed42,prepare_val_clean,0.0036431821063160896,0.009999999999996234,0,,,,,,,,
loso_03__resnet18__seed42,resnet18,loso_03,42,complete,,runs/2026-09-12/loso_03__resnet18__seed42,evaluate_val_clean,0.5094431919278577,0.4799999999999951,2,96.35,98.4,3526.1009919999997,3526.115328,38.0,38.0,4529.84832,4529.84832
loso_03__resnet18__seed42,resnet18,loso_03,42,complete,,runs/2026-09-12/loso_03__resnet18__seed42,prepare_test_clean,0.00586985400877893,0.00999999999999801,0,,,,,,,,
loso_03__resnet18__seed42,resnet18,loso_03,42,complete,,runs/2026-09-12/loso_03__resnet18__seed42,evaluate_test_clean,0.7310373979853466,0.6900000000000048,3,92.8,99.5,3527.74144,3527.96672,33.0,33.0,4529.84832,4529.84832
loso_03__resnet18__seed42,resnet18,loso_03,42,complete,,runs/2026-09-12/loso_03__resnet18__seed42,inference_batch1,0.14592371392063797,0.14999999999998437,1,99.3,99.3,3530.67008,3530.67008,33.0,33.0,4529.84832,4529.84832
loso_03__resnet18__seed42,resnet18,loso_03,42,complete,,runs/2026-09-12/loso_03__resnet18__seed42,explanations,0.1279487219871953,0.12999999999999368,1,102.8,102.8,3531.493376,3531.493376,33.0,33.0,4529.84832,4529.84832
loso_03__resnet18__seed43,resnet18,loso_03,43,complete,,runs/2026-09-12/loso_03__resnet18__seed43,read_data,0.19682305899914354,0.19999999999999984,0,,,,,,,,
loso_03__resnet18__seed43,resnet18,loso_03,43,complete,,runs/2026-09-12/loso_03__resnet18__seed43,build_model,2.509005398955196,2.59,11,103.8,144.1,1617.331293090909,1913.319424,32.81818181818182,36.0,37.17678545454545,140.509184
loso_03__resnet18__seed43,resnet18,loso_03,43,complete,,runs/2026-09-12/loso_03__resnet18__seed43,prepare_pipeline,1.0982718660961837,1.1800000000000006,4,107.80000000000001,124.2,2267.24864,2454.75328,25.5,30.0,534.77376,534.77376
loso_03__resnet18__seed43,resnet18,loso_03,43,complete,,runs/2026-09-12/loso_03__resnet18__seed43,fit,221.56452780403197,136.96999999999997,1100,61.808727272727275,868.9,3820.74134528,3919.007744,86.01636363636364,96.0,4411.239122385455,4527.751168
loso_03__resnet18__seed43,resnet18,loso_03,43,complete,,runs/2026-09-12/loso_03__resnet18__seed43,save_model,0.17645582905970514,0.1800000000000015,1,109.4,109.4,3548.721152,3548.721152,51.0,51.0,4527.751168,4527.751168
loso_03__resnet18__seed43,resnet18,loso_03,43,complete,,runs/2026-09-12/loso_03__resnet18__seed43,warmup,0.5668220289517194,0.5499999999999794,3,96.8,98.8,3551.870976,3584.835584,51.0,51.0,4527.751168,4527.751168
loso_03__resnet18__seed43,resnet18,loso_03,43,complete,,runs/2026-09-12/loso_03__resnet18__seed43,evaluate_train,3.8251730429474264,3.6800000000000246,19,96.13684210526317,104.3,3595.031821473684,3596.853248,56.05263157894737,91.0,4527.751168,4527.751168
loso_03__resnet18__seed43,resnet18,loso_03,43,complete,,runs/2026-09-12/loso_03__resnet18__seed43,prepare_val_clean,0.003588469000533223,-5.329070518200751e-15,0,,,,,,,,
loso_03__resnet18__seed43,resnet18,loso_03,43,complete,,runs/2026-09-12/loso_03__resnet18__seed43,evaluate_val_clean,0.5601590200094506,0.550000000000006,3,98.7,99.2,3636.023296,3636.293632,40.333333333333336,43.0,4527.751168,4527.751168
loso_03__resnet18__seed43,resnet18,loso_03,43,complete,,runs/2026-09-12/loso_03__resnet18__seed43,prepare_test_clean,0.0056915649911388755,0.009999999999996234,0,,,,,,,,
loso_03__resnet18__seed43,resnet18,loso_03,43,complete,,runs/2026-09-12/loso_03__resnet18__seed43,evaluate_test_clean,0.7913871749769896,0.7700000000000156,4,96.3,98.7,3641.4515199999996,3641.643008,41.0,43.0,4527.751168,4527.751168
loso_03__resnet18__seed43,resnet18,loso_03,43,complete,,runs/2026-09-12/loso_03__resnet18__seed43,inference_batch1,0.17530325602274388,0.17999999999998373,1,104.1,104.1,3647.029248,3647.029248,43.0,43.0,4527.751168,4527.751168
loso_03__resnet18__seed43,resnet18,loso_03,43,complete,,runs/2026-09-12/loso_03__resnet18__seed43,explanations,0.15333601203747094,0.15999999999999304,1,99.3,99.3,3647.934464,3647.934464,43.0,43.0,4527.751168,4527.751168
loso_03__resnet18_imagenet__seed42,resnet18_imagenet,loso_03,42,complete,,runs/2026-09-12/loso_03__resnet18_imagenet__seed42,read_data,0.1828035790240392,0.1799999999999996,0,,,,,,,,
loso_03__resnet18_imagenet__seed42,resnet18_imagenet,loso_03,42,complete,,runs/2026-09-12/loso_03__resnet18_imagenet__seed42,build_model,4.822213939041831,5.02,20,103.47999999999999,132.7,1885.0082816,2382.372864,15.95,23.0,146.59092479999998,266.338304
loso_03__resnet18_imagenet__seed42,resnet18_imagenet,loso_03,42,complete,,runs/2026-09-12/loso_03__resnet18_imagenet__seed42,prepare_pipeline,1.1128092589788139,1.1899999999999993,5,108.25999999999999,124.4,2619.092992,2623.332352,14.2,15.0,481.0866688,534.77376
loso_03__resnet18_imagenet__seed42,resnet18_imagenet,loso_03,42,complete,,runs/2026-09-12/loso_03__resnet18_imagenet__seed42,fit,143.05457386607304,109.29,711,76.40773558368497,973.5,4144.817095831224,4302.348288,82.39521800281294,96.0,4361.787101074542,4540.33408
loso_03__resnet18_imagenet__seed42,resnet18_imagenet,loso_03,42,complete,,runs/2026-09-12/loso_03__resnet18_imagenet__seed42,save_model,0.1573545760475099,0.14999999999999325,0,,,,,,,,
loso_03__resnet18_imagenet__seed42,resnet18_imagenet,loso_03,42,complete,,runs/2026-09-12/loso_03__resnet18_imagenet__seed42,warmup,0.5068947650725022,0.5000000000000071,3,97.93333333333334,102.9,3874.69312,3902.910464,93.0,93.0,4540.33408,4540.33408
loso_03__resnet18_imagenet__seed42,resnet18_imagenet,loso_03,42,complete,,runs/2026-09-12/loso_03__resnet18_imagenet__seed42,evaluate_train,3.4541397279826924,3.239999999999993,17,93.45882352941175,104.2,3940.6473938823524,3941.429248,48.588235294117645,70.0,4540.33408,4540.33408
loso_03__resnet18_imagenet__seed42,resnet18_imagenet,loso_03,42,complete,,runs/2026-09-12/loso_03__resnet18_imagenet__seed42,prepare_val_clean,0.003559231059625745,-1.7763568394002505e-15,0,,,,,,,,
loso_03__resnet18_imagenet__seed42,resnet18_imagenet,loso_03,42,complete,,runs/2026-09-12/loso_03__resnet18_imagenet__seed42,evaluate_val_clean,0.5008862939430401,0.4900000000000073,3,96.96666666666665,98.9,3980.988416,3981.840384,38.333333333333336,39.0,4540.33408,4540.33408
loso_03__resnet18_imagenet__seed42,resnet18_imagenet,loso_03,42,complete,,runs/2026-09-12/loso_03__resnet18_imagenet__seed42,prepare_test_clean,0.005792375071905553,0.010000000000008669,0,,,,,,,,
loso_03__resnet18_imagenet__seed42,resnet18_imagenet,loso_03,42,complete,,runs/2026-09-12/loso_03__resnet18_imagenet__seed42,evaluate_test_clean,1.0137256589950994,0.9899999999999984,4,97.175,99.0,3987.065856,3987.070976,26.5,39.0,4540.33408,4540.33408
loso_03__resnet18_imagenet__seed42,resnet18_imagenet,loso_03,42,complete,,runs/2026-09-12/loso_03__resnet18_imagenet__seed42,inference_batch1,0.15767942706588656,0.15999999999999304,1,104.0,104.0,3987.099648,3987.099648,14.0,14.0,4540.33408,4540.33408
loso_03__resnet18_imagenet__seed42,resnet18_imagenet,loso_03,42,complete,,runs/2026-09-12/loso_03__resnet18_imagenet__seed42,explanations,0.14782130299136043,0.15000000000000213,1,103.2,103.2,3987.152896,3987.152896,14.0,14.0,4540.33408,4540.33408
loso_03__resnet18_imagenet__seed43,resnet18_imagenet,loso_03,43,complete,,runs/2026-09-12/loso_03__resnet18_imagenet__seed43,read_data,0.18766732700169086,0.1899999999999999,0,,,,,,,,
loso_03__resnet18_imagenet__seed43,resnet18_imagenet,loso_03,43,complete,,runs/2026-09-12/loso_03__resnet18_imagenet__seed43,build_model,5.111122732050717,5.25,21,102.69047619047622,121.7,1872.4873752380954,2364.391424,32.38095238095238,35.0,142.80606476190474,266.338304
loso_03__resnet18_imagenet__seed43,resnet18_imagenet,loso_03,43,complete,,runs/2026-09-12/loso_03__resnet18_imagenet__seed43,prepare_pipeline,1.0241431350586936,1.0999999999999999,5,108.48000000000002,124.2,2692.4269568,2878.869504,32.4,34.0,534.77376,534.77376
loso_03__resnet18_imagenet__seed43,resnet18_imagenet,loso_03,43,complete,,runs/2026-09-12/loso_03__resnet18_imagenet__seed43,fit,206.89826785202604,153.12,1027,73.99717624148005,1176.1,4174.562344880234,4286.406656,84.730282375852,100.0,4398.250500486855,4527.751168
loso_03__resnet18_imagenet__seed43,resnet18_imagenet,loso_03,43,complete,,runs/2026-09-12/loso_03__resnet18_imagenet__seed43,save_model,0.17504175193607807,0.18999999999999062,0,,,,,,,,
loso_03__resnet18_imagenet__seed43,resnet18_imagenet,loso_03,43,complete,,runs/2026-09-12/loso_03__resnet18_imagenet__seed43,warmup,0.6027588420547545,0.5900000000000265,3,98.3,100.8,3899.9231146666666,3935.076352,30.0,30.0,4527.751168,4527.751168
loso_03__resnet18_imagenet__seed43,resnet18_imagenet,loso_03,43,complete,,runs/2026-09-12/loso_03__resnet18_imagenet__seed43,evaluate_train,3.8362038659397513,3.699999999999994,19,96.44736842105262,99.2,3973.1730324210534,3975.76192,55.05263157894737,94.0,4527.751168,4527.751168
loso_03__resnet18_imagenet__seed43,resnet18_imagenet,loso_03,43,complete,,runs/2026-09-12/loso_03__resnet18_imagenet__seed43,prepare_val_clean,0.004367360030300915,0.0099999999999838,0,,,,,,,,
loso_03__resnet18_imagenet__seed43,resnet18_imagenet,loso_03,43,complete,,runs/2026-09-12/loso_03__resnet18_imagenet__seed43,evaluate_val_clean,0.5741495859110728,0.5599999999999952,3,97.63333333333333,99.3,4015.232341333334,4015.484928,41.666666666666664,43.0,4527.751168,4527.751168
loso_03__resnet18_imagenet__seed43,resnet18_imagenet,loso_03,43,complete,,runs/2026-09-12/loso_03__resnet18_imagenet__seed43,prepare_test_clean,0.00599346193484962,0.0099999999999838,0,,,,,,,,
loso_03__resnet18_imagenet__seed43,resnet18_imagenet,loso_03,43,complete,,runs/2026-09-12/loso_03__resnet18_imagenet__seed43,evaluate_test_clean,0.8112900799605995,0.7700000000000031,4,96.625,103.3,4020.6305279999997,4020.752384,40.5,41.0,4527.751168,4527.751168
loso_03__resnet18_imagenet__seed43,resnet18_imagenet,loso_03,43,complete,,runs/2026-09-12/loso_03__resnet18_imagenet__seed43,inference_batch1,0.18373926496133208,0.19000000000002082,1,98.3,98.3,4022.263808,4022.263808,27.0,27.0,4527.751168,4527.751168
loso_03__resnet18_imagenet__seed43,resnet18_imagenet,loso_03,43,complete,,runs/2026-09-12/loso_03__resnet18_imagenet__seed43,explanations,0.15544773894362152,0.15999999999998238,1,106.8,106.8,4022.308864,4022.308864,27.0,27.0,4527.751168,4527.751168
loso_03__yolo11n__seed42,yolo11n,loso_03,42,complete,,runs/2026-09-12/loso_03__yolo11n__seed42,read_data,0.17991972796153277,0.17999999999999988,0,,,,,,,,
loso_03__yolo11n__seed42,yolo11n,loso_03,42,complete,,runs/2026-09-12/loso_03__yolo11n__seed42,prepare_pipeline,13.771676786011085,13.989999999999998,69,101.51739130434783,144.2,1487.0618230724635,1487.282176,29.304347826086957,46.0,0.0,0.0
loso_03__yolo11n__seed42,yolo11n,loso_03,42,complete,,runs/2026-09-12/loso_03__yolo11n__seed42,build_model,0.7296679220162332,0.7400000000000005,3,100.23333333333335,106.2,1570.2043306666667,1613.422592,32.666666666666664,41.0,0.0,0.0
loso_03__yolo11n__seed42,yolo11n,loso_03,42,complete,,runs/2026-09-12/loso_03__yolo11n__seed42,fit,265.6428846870549,968.01,1317,364.5442672741079,451.5,3202.6510979012915,3519.639552,25.101746393318148,35.0,634.0485088899012,809.500672
loso_03__yolo11n__seed42,yolo11n,loso_03,42,complete,,runs/2026-09-12/loso_03__yolo11n__seed42,save_model,0.03203223296441138,0.11999999999997257,0,,,,,,,,
loso_03__yolo11n__seed42,yolo11n,loso_03,42,complete,,runs/2026-09-12/loso_03__yolo11n__seed42,warmup,0.04968423000536859,0.11999999999997257,0,,,,,,,,
loso_03__yolo11n__seed42,yolo11n,loso_03,42,complete,,runs/2026-09-12/loso_03__yolo11n__seed42,evaluate_train,1.5896563740679994,1.6200000000000863,8,107.225,148.1,3290.479104,3403.149312,21.625,31.0,408.94464,408.94464
loso_03__yolo11n__seed42,yolo11n,loso_03,42,complete,,runs/2026-09-12/loso_03__yolo11n__seed42,prepare_val_clean,0.0032636079704388976,0.009999999999999787,0,,,,,,,,
loso_03__yolo11n__seed42,yolo11n,loso_03,42,complete,,runs/2026-09-12/loso_03__yolo11n__seed42,evaluate_val_clean,0.18520348402671516,0.18999999999994976,1,99.1,99.1,3411.795968,3411.795968,31.0,31.0,408.94464,408.94464
loso_03__yolo11n__seed42,yolo11n,loso_03,42,complete,,runs/2026-09-12/loso_03__yolo11n__seed42,prepare_test_clean,0.005337257054634392,-8.881784197001252e-15,0,,,,,,,,
loso_03__yolo11n__seed42,yolo11n,loso_03,42,complete,,runs/2026-09-12/loso_03__yolo11n__seed42,evaluate_test_clean,0.30200441100168973,0.29999999999994564,2,99.85,100.4,3197.8639359999997,3202.895872,30.0,30.0,408.94464,408.94464
loso_03__yolo11n__seed42,yolo11n,loso_03,42,complete,,runs/2026-09-12/loso_03__yolo11n__seed42,inference_batch1,0.13615563698112965,0.1399999999999686,1,99.2,99.2,3210.428416,3210.428416,30.0,30.0,408.94464,408.94464
loso_03__yolo11n__seed42,yolo11n,loso_03,42,complete,,runs/2026-09-12/loso_03__yolo11n__seed42,explanations,0.0003321509575471282,-1.7763568394002505e-14,0,,,,,,,,
loso_03__yolo11n__seed43,yolo11n,loso_03,43,complete,,runs/2026-09-12/loso_03__yolo11n__seed43,read_data,0.1860794120002538,0.18999999999999984,0,,,,,,,,
loso_03__yolo11n__seed43,yolo11n,loso_03,43,complete,,runs/2026-09-12/loso_03__yolo11n__seed43,prepare_pipeline,14.505792397074401,14.659999999999998,72,101.08333333333333,153.8,1487.1923484444444,1487.409152,35.013888888888886,42.0,0.0,0.0
loso_03__yolo11n__seed43,yolo11n,loso_03,43,complete,,runs/2026-09-12/loso_03__yolo11n__seed43,build_model,0.8206469980068505,0.8300000000000012,4,100.77499999999999,104.5,1556.815872,1613.336576,36.0,39.0,0.0,0.0
loso_03__yolo11n__seed43,yolo11n,loso_03,43,complete,,runs/2026-09-12/loso_03__yolo11n__seed43,fit,311.35186665900983,1127.89,1544,362.3932642487046,447.4,3186.894938196891,3503.169536,34.39119170984456,59.0,652.7317687046632,859.83232
loso_03__yolo11n__seed43,yolo11n,loso_03,43,complete,,runs/2026-09-12/loso_03__yolo11n__seed43,save_model,0.03637294704094529,0.12000000000011823,0,,,,,,,,
loso_03__yolo11n__seed43,yolo11n,loso_03,43,complete,,runs/2026-09-12/loso_03__yolo11n__seed43,warmup,0.053247388917952776,0.12999999999988177,0,,,,,,,,
loso_03__yolo11n__seed43,yolo11n,loso_03,43,complete,,runs/2026-09-12/loso_03__yolo11n__seed43,evaluate_train,1.682100737001747,1.7100000000000364,9,108.9888888888889,171.6,3277.566407111111,3394.62144,38.333333333333336,40.0,404.750336,404.750336
loso_03__yolo11n__seed43,yolo11n,loso_03,43,complete,,runs/2026-09-12/loso_03__yolo11n__seed43,prepare_val_clean,0.0031817309791222215,-7.283063041541027e-14,0,,,,,,,,
loso_03__yolo11n__seed43,yolo11n,loso_03,43,complete,,runs/2026-09-12/loso_03__yolo11n__seed43,evaluate_val_clean,0.21388862107414752,0.21999999999995445,1,99.1,99.1,3395.207168,3395.207168,26.0,26.0,404.750336,404.750336
loso_03__yolo11n__seed43,yolo11n,loso_03,43,complete,,runs/2026-09-12/loso_03__yolo11n__seed43,prepare_test_clean,0.005425079958513379,0.00999999999990031,0,,,,,,,,
loso_03__yolo11n__seed43,yolo11n,loso_03,43,complete,,runs/2026-09-12/loso_03__yolo11n__seed43,evaluate_test_clean,0.33632662100717425,0.32999999999983665,2,101.55000000000001,103.9,3180.617728,3185.47968,26.0,26.0,404.750336,404.750336
loso_03__yolo11n__seed43,yolo11n,loso_03,43,complete,,runs/2026-09-12/loso_03__yolo11n__seed43,inference_batch1,0.1695129768922925,0.16999999999997328,1,98.8,98.8,3194.12224,3194.12224,18.0,18.0,404.750336,404.750336
loso_03__yolo11n__seed43,yolo11n,loso_03,43,complete,,runs/2026-09-12/loso_03__yolo11n__seed43,explanations,0.00035002303775399923,-9.947598300641403e-14,0,,,,,,,,
loso_03__yolo11n_random__seed42,yolo11n_random,loso_03,42,complete,,runs/2026-09-12/loso_03__yolo11n_random__seed42,read_data,0.182041559019126,0.1700000000000001,0,,,,,,,,
loso_03__yolo11n_random__seed42,yolo11n_random,loso_03,42,complete,,runs/2026-09-12/loso_03__yolo11n_random__seed42,prepare_pipeline,14.565312092890963,14.76,73,101.23698630136987,168.9,1487.2380738630138,1487.4624,27.91780821917808,41.0,0.0,0.0
loso_03__yolo11n_random__seed42,yolo11n_random,loso_03,42,complete,,runs/2026-09-12/loso_03__yolo11n_random__seed42,build_model,0.07444075297098607,0.21000000000000052,0,,,,,,,,
loso_03__yolo11n_random__seed42,yolo11n_random,loso_03,42,complete,,runs/2026-09-12/loso_03__yolo11n_random__seed42,fit,286.6973992299754,1044.25,1420,364.59,456.1,3214.207437521127,3533.529088,24.598591549295776,58.0,645.7234388732394,849.34656
loso_03__yolo11n_random__seed42,yolo11n_random,loso_03,42,complete,,runs/2026-09-12/loso_03__yolo11n_random__seed42,save_model,0.028773508965969086,0.11000000000020016,0,,,,,,,,
loso_03__yolo11n_random__seed42,yolo11n_random,loso_03,42,complete,,runs/2026-09-12/loso_03__yolo11n_random__seed42,warmup,0.04957850300706923,0.1399999999999455,0,,,,,,,,
loso_03__yolo11n_random__seed42,yolo11n_random,loso_03,42,complete,,runs/2026-09-12/loso_03__yolo11n_random__seed42,evaluate_train,1.5800251270411536,1.589999999999982,8,109.7375,173.4,3307.5456000000004,3420.762112,31.5,38.0,392.167424,392.167424
loso_03__yolo11n_random__seed42,yolo11n_random,loso_03,42,complete,,runs/2026-09-12/loso_03__yolo11n_random__seed42,prepare_val_clean,0.003129216027446091,-8.881784197001252e-15,0,,,,,,,,
loso_03__yolo11n_random__seed42,yolo11n_random,loso_03,42,complete,,runs/2026-09-12/loso_03__yolo11n_random__seed42,evaluate_val_clean,0.20170868805143982,0.2000000000000366,1,104.0,104.0,3426.439168,3426.439168,38.0,38.0,392.167424,392.167424
loso_03__yolo11n_random__seed42,yolo11n_random,loso_03,42,complete,,runs/2026-09-12/loso_03__yolo11n_random__seed42,prepare_test_clean,0.005184695008210838,0.009999999999973141,0,,,,,,,,
loso_03__yolo11n_random__seed42,yolo11n_random,loso_03,42,complete,,runs/2026-09-12/loso_03__yolo11n_random__seed42,evaluate_test_clean,0.3037370350211859,0.30999999999992767,2,98.8,99.3,3211.974656,3216.502784,13.0,13.0,392.167424,392.167424
loso_03__yolo11n_random__seed42,yolo11n_random,loso_03,42,complete,,runs/2026-09-12/loso_03__yolo11n_random__seed42,inference_batch1,0.13766881194896996,0.1400000000000734,1,102.8,102.8,3225.145344,3225.145344,13.0,13.0,392.167424,392.167424
loso_03__yolo11n_random__seed42,yolo11n_random,loso_03,42,complete,,runs/2026-09-12/loso_03__yolo11n_random__seed42,explanations,0.00029835302848368883,-2.6645352591003757e-14,0,,,,,,,,
loso_03__yolo11n_random__seed43,yolo11n_random,loso_03,43,complete,,runs/2026-09-12/loso_03__yolo11n_random__seed43,read_data,0.19892472901847214,0.1999999999999999,0,,,,,,,,
loso_03__yolo11n_random__seed43,yolo11n_random,loso_03,43,complete,,runs/2026-09-12/loso_03__yolo11n_random__seed43,prepare_pipeline,15.48171971202828,15.640000000000002,77,101.01818181818183,153.4,1487.4398985974028,1487.663104,34.896103896103895,44.0,0.0,0.0
loso_03__yolo11n_random__seed43,yolo11n_random,loso_03,43,complete,,runs/2026-09-12/loso_03__yolo11n_random__seed43,build_model,0.07393792399670929,0.1999999999999973,0,,,,,,,,
loso_03__yolo11n_random__seed43,yolo11n_random,loso_03,43,complete,,runs/2026-09-12/loso_03__yolo11n_random__seed43,fit,504.6614609119715,1833.59,2502,363.54744204636296,501.8,3215.263004035172,3577.823232,34.589928057553955,46.0,776.3779079776178,1101.0048
loso_03__yolo11n_random__seed43,yolo11n_random,loso_03,43,complete,,runs/2026-09-12/loso_03__yolo11n_random__seed43,save_model,0.03326436295174062,0.13000000000001677,0,,,,,,,,
loso_03__yolo11n_random__seed43,yolo11n_random,loso_03,43,complete,,runs/2026-09-12/loso_03__yolo11n_random__seed43,warmup,0.0595405480125919,0.1399999999997803,0,,,,,,,,
loso_03__yolo11n_random__seed43,yolo11n_random,loso_03,43,complete,,runs/2026-09-12/loso_03__yolo11n_random__seed43,evaluate_train,1.7055001920089126,1.7200000000001623,9,107.28888888888888,161.7,3351.6726044444445,3468.546048,31.555555555555557,40.0,406.847488,406.847488
loso_03__yolo11n_random__seed43,yolo11n_random,loso_03,43,complete,,runs/2026-09-12/loso_03__yolo11n_random__seed43,prepare_val_clean,0.0032634639646857977,6.394884621840902e-14,0,,,,,,,,
loso_03__yolo11n_random__seed43,yolo11n_random,loso_03,43,complete,,runs/2026-09-12/loso_03__yolo11n_random__seed43,evaluate_val_clean,0.2050442899344489,0.21000000000010033,1,97.7,97.7,3469.078528,3469.078528,40.0,40.0,406.847488,406.847488
loso_03__yolo11n_random__seed43,yolo11n_random,loso_03,43,complete,,runs/2026-09-12/loso_03__yolo11n_random__seed43,prepare_test_clean,0.005528670037165284,0.01000000000003709,0,,,,,,,,
loso_03__yolo11n_random__seed43,yolo11n_random,loso_03,43,complete,,runs/2026-09-12/loso_03__yolo11n_random__seed43,evaluate_test_clean,0.328628888935782,0.3299999999999734,2,99.3,99.3,3253.4609920000003,3256.856576,23.0,23.0,406.847488,406.847488
loso_03__yolo11n_random__seed43,yolo11n_random,loso_03,43,complete,,runs/2026-09-12/loso_03__yolo11n_random__seed43,inference_batch1,0.15619379898998886,0.1599999999998829,1,104.3,104.3,3267.661824,3267.661824,23.0,23.0,406.847488,406.847488
loso_03__yolo11n_random__seed43,yolo11n_random,loso_03,43,complete,,runs/2026-09-12/loso_03__yolo11n_random__seed43,explanations,0.0003408499760553241,2.842170943040401e-14,0,,,,,,,,
loso_04__polygarbor__seed42,polygarbor,loso_04,42,complete,,runs/2026-09-12/loso_04__polygarbor__seed42,read_data,0.18437904096208513,0.18000000000000033,0,,,,,,,,
loso_04__polygarbor__seed42,polygarbor,loso_04,42,complete,,runs/2026-09-12/loso_04__polygarbor__seed42,build_model,0.00030508788768202066,2.220446049250313e-16,0,,,,,,,,
loso_04__polygarbor__seed42,polygarbor,loso_04,42,complete,,runs/2026-09-12/loso_04__polygarbor__seed42,extract_features,18.90945295104757,18.979999999999997,94,100.34680851063833,104.6,864.4399714042553,865.038336,29.29787234042553,43.0,0.0,0.0
loso_04__polygarbor__seed42,polygarbor,loso_04,42,complete,,runs/2026-09-12/loso_04__polygarbor__seed42,fit,0.5947959979530424,12.63,3,1444.6333333333332,2176.1,883.2587093333333,893.21472,37.0,37.0,0.0,0.0
loso_04__polygarbor__seed42,polygarbor,loso_04,42,complete,,runs/2026-09-12/loso_04__polygarbor__seed42,save_model,0.02900011499878019,0.6300000000000028,1,2164.3,2164.3,889.15968,889.15968,37.0,37.0,0.0,0.0
loso_04__polygarbor__seed42,polygarbor,loso_04,42,complete,,runs/2026-09-12/loso_04__polygarbor__seed42,warmup,0.08320592204108834,1.2200000000000062,0,,,,,,,,
loso_04__polygarbor__seed42,polygarbor,loso_04,42,complete,,runs/2026-09-12/loso_04__polygarbor__seed42,evaluate_train,82.87393207708374,83.16,398,102.23743718592965,845.4,890.0942575276382,891.449344,32.0,71.0,0.0,0.0
loso_04__polygarbor__seed42,polygarbor,loso_04,42,complete,,runs/2026-09-12/loso_04__polygarbor__seed42,prepare_val_clean,0.0034212350146844983,4.440892098500626e-15,0,,,,,,,,
loso_04__polygarbor__seed42,polygarbor,loso_04,42,complete,,runs/2026-09-12/loso_04__polygarbor__seed42,evaluate_val_clean,9.16360688500572,9.190000000000001,44,100.3613636363636,108.0,945.7865076363636,946.110464,41.11363636363637,57.0,0.0,0.0
loso_04__polygarbor__seed42,polygarbor,loso_04,42,complete,,runs/2026-09-12/loso_04__polygarbor__seed42,prepare_test_clean,0.0029377590399235487,0.009999999999996678,0,,,,,,,,
loso_04__polygarbor__seed42,polygarbor,loso_04,42,complete,,runs/2026-09-12/loso_04__polygarbor__seed42,evaluate_test_clean,7.618125095963478,7.639999999999992,37,100.42972972972973,104.6,951.558918918919,951.668736,43.91891891891892,57.0,0.0,0.0
loso_04__polygarbor__seed42,polygarbor,loso_04,42,complete,,runs/2026-09-12/loso_04__polygarbor__seed42,inference_batch1,1.0220359719824046,1.0200000000000171,5,99.67999999999999,102.5,948.895744,948.895744,18.2,20.0,0.0,0.0
loso_04__polygarbor__seed42,polygarbor,loso_04,42,complete,,runs/2026-09-12/loso_04__polygarbor__seed42,explanations,0.0003498030127957463,6.8833827526759706e-15,0,,,,,,,,
loso_04__polygarbor__seed43,polygarbor,loso_04,43,complete,,runs/2026-09-12/loso_04__polygarbor__seed43,read_data,0.19863254495430738,0.18999999999999984,0,,,,,,,,
loso_04__polygarbor__seed43,polygarbor,loso_04,43,complete,,runs/2026-09-12/loso_04__polygarbor__seed43,build_model,0.0002873799530789256,0.0,0,,,,,,,,
loso_04__polygarbor__seed43,polygarbor,loso_04,43,complete,,runs/2026-09-12/loso_04__polygarbor__seed43,extract_features,20.159725934965536,20.23,101,100.2940594059406,104.6,864.6221661782178,865.226752,32.00990099009901,42.0,0.0,0.0
loso_04__polygarbor__seed43,polygarbor,loso_04,43,complete,,runs/2026-09-12/loso_04__polygarbor__seed43,fit,0.5835505420109257,12.050000000000004,3,1870.6000000000001,2090.2,899.0078293333332,904.912896,38.0,38.0,0.0,0.0
loso_04__polygarbor__seed43,polygarbor,loso_04,43,complete,,runs/2026-09-12/loso_04__polygarbor__seed43,save_model,0.023424132959917188,0.4800000000000062,0,,,,,,,,
loso_04__polygarbor__seed43,polygarbor,loso_04,43,complete,,runs/2026-09-12/loso_04__polygarbor__seed43,warmup,0.09122135804500431,1.229999999999999,0,,,,,,,,
loso_04__polygarbor__seed43,polygarbor,loso_04,43,complete,,runs/2026-09-12/loso_04__polygarbor__seed43,evaluate_train,87.59075812296942,87.88,422,103.01137440758295,1227.6,890.7155388056872,892.1088,35.12559241706161,46.0,0.0,0.0
loso_04__polygarbor__seed43,polygarbor,loso_04,43,complete,,runs/2026-09-12/loso_04__polygarbor__seed43,prepare_val_clean,0.0033144709886983037,0.010000000000010889,0,,,,,,,,
loso_04__polygarbor__seed43,polygarbor,loso_04,43,complete,,runs/2026-09-12/loso_04__polygarbor__seed43,evaluate_val_clean,9.527222083997913,9.540000000000012,46,100.31304347826087,105.8,921.2730323478261,921.792512,35.891304347826086,42.0,0.0,0.0
loso_04__polygarbor__seed43,polygarbor,loso_04,43,complete,,runs/2026-09-12/loso_04__polygarbor__seed43,prepare_test_clean,0.0027763789985328913,0.009999999999988685,0,,,,,,,,
loso_04__polygarbor__seed43,polygarbor,loso_04,43,complete,,runs/2026-09-12/loso_04__polygarbor__seed43,evaluate_test_clean,7.8686420320300385,7.900000000000004,38,100.39473684210525,105.7,951.4842004210528,951.586816,36.23684210526316,43.0,0.0,0.0
loso_04__polygarbor__seed43,polygarbor,loso_04,43,complete,,runs/2026-09-12/loso_04__polygarbor__seed43,inference_batch1,1.0427699349820614,1.0400000000000296,5,99.53999999999999,104.1,926.3308799999999,926.33088,38.4,40.0,0.0,0.0
loso_04__polygarbor__seed43,polygarbor,loso_04,43,complete,,runs/2026-09-12/loso_04__polygarbor__seed43,explanations,0.0002897479571402073,9.103828801926284e-15,0,,,,,,,,
loso_04__resnet18__seed42,resnet18,loso_04,42,complete,,runs/2026-09-12/loso_04__resnet18__seed42,read_data,0.18444343202281743,0.19000000000000006,0,,,,,,,,
loso_04__resnet18__seed42,resnet18,loso_04,42,complete,,runs/2026-09-12/loso_04__resnet18__seed42,build_model,2.455834844033234,2.5499999999999994,11,102.79090909090907,129.8,1667.125992727273,1963.814912,29.818181818181817,39.0,48.80644654545454,266.338304
loso_04__resnet18__seed42,resnet18,loso_04,42,complete,,runs/2026-09-12/loso_04__resnet18__seed42,prepare_pipeline,1.24831864295993,1.3299999999999996,5,108.04,124.2,2314.7945984000003,2558.091264,56.4,68.0,695.8350336,803.209216
loso_04__resnet18__seed42,resnet18,loso_04,42,complete,,runs/2026-09-12/loso_04__resnet18__seed42,fit,221.87643820000812,135.65,1101,61.109082652134425,1067.4,3899.242151876476,3997.630464,88.2016348773842,99.0,3927.4933129881924,4018.143232
loso_04__resnet18__seed42,resnet18,loso_04,42,complete,,runs/2026-09-12/loso_04__resnet18__seed42,save_model,0.16187939106021076,0.15999999999997883,1,109.3,109.3,3564.408832,3564.408832,90.0,90.0,4018.143232,4018.143232
loso_04__resnet18__seed42,resnet18,loso_04,42,complete,,runs/2026-09-12/loso_04__resnet18__seed42,warmup,0.5305429790169001,0.5300000000000225,3,98.76666666666667,103.6,3646.704298666667,3671.166976,66.33333333333333,90.0,4018.143232,4018.143232
loso_04__resnet18__seed42,resnet18,loso_04,42,complete,,runs/2026-09-12/loso_04__resnet18__seed42,evaluate_train,3.8717668500030413,3.6800000000000193,19,94.72105263157896,99.3,3704.9356934736848,3706.10176,36.89473684210526,49.0,4018.143232,4018.143232
loso_04__resnet18__seed42,resnet18,loso_04,42,complete,,runs/2026-09-12/loso_04__resnet18__seed42,prepare_val_clean,0.0038390730042010546,-1.7763568394002505e-15,0,,,,,,,,
loso_04__resnet18__seed42,resnet18,loso_04,42,complete,,runs/2026-09-12/loso_04__resnet18__seed42,evaluate_val_clean,0.5810789270326495,0.5699999999999914,3,96.96666666666668,103.2,3716.1082879999994,3716.83328,90.0,90.0,4018.143232,4018.143232
loso_04__resnet18__seed42,resnet18,loso_04,42,complete,,runs/2026-09-12/loso_04__resnet18__seed42,prepare_test_clean,0.0031045599607750773,0.0,0,,,,,,,,
loso_04__resnet18__seed42,resnet18,loso_04,42,complete,,runs/2026-09-12/loso_04__resnet18__seed42,evaluate_test_clean,0.6531803470570594,0.5999999999999943,3,90.96666666666665,104.0,3718.520832,3718.619136,73.0,73.0,4018.143232,4018.143232
loso_04__resnet18__seed42,resnet18,loso_04,42,complete,,runs/2026-09-12/loso_04__resnet18__seed42,inference_batch1,0.16164798894897103,0.15000000000001634,1,99.0,99.0,3720.187904,3720.187904,49.0,49.0,4018.143232,4018.143232
loso_04__resnet18__seed42,resnet18,loso_04,42,complete,,runs/2026-09-12/loso_04__resnet18__seed42,explanations,0.13251669495366514,0.13999999999998813,0,,,,,,,,
loso_04__resnet18__seed43,resnet18,loso_04,43,complete,,runs/2026-09-12/loso_04__resnet18__seed43,read_data,0.18887211999390274,0.19000000000000034,0,,,,,,,,
loso_04__resnet18__seed43,resnet18,loso_04,43,complete,,runs/2026-09-12/loso_04__resnet18__seed43,build_model,2.6358637070516124,2.7199999999999998,11,102.52727272727272,118.2,1665.258589090909,1963.76576,37.90909090909091,40.0,61.00805818181818,266.338304
loso_04__resnet18__seed43,resnet18,loso_04,43,complete,,runs/2026-09-12/loso_04__resnet18__seed43,prepare_pipeline,1.0701159510063007,1.1500000000000001,4,110.64999999999999,129.2,2355.863552,2558.824448,27.0,27.0,803.209216,803.209216
loso_04__resnet18__seed43,resnet18,loso_04,43,complete,,runs/2026-09-12/loso_04__resnet18__seed43,fit,144.85120987100527,93.17999999999999,719,64.31474269819194,902.4,3867.347858336578,4002.070528,84.16272600834492,97.0,4234.508649746869,4399.824896
loso_04__resnet18__seed43,resnet18,loso_04,43,complete,,runs/2026-09-12/loso_04__resnet18__seed43,save_model,0.17733678105287254,0.18999999999999506,1,99.5,99.5,3614.179328,3614.179328,91.0,91.0,4399.824896,4399.824896
loso_04__resnet18__seed43,resnet18,loso_04,43,complete,,runs/2026-09-12/loso_04__resnet18__seed43,warmup,0.5750278939958662,0.5700000000000056,3,98.5,103.9,3664.405845333333,3683.610624,12.0,12.0,4399.824896,4399.824896
loso_04__resnet18__seed43,resnet18,loso_04,43,complete,,runs/2026-09-12/loso_04__resnet18__seed43,evaluate_train,4.145534352981485,4.000000000000004,20,96.42499999999998,104.1,3719.3181184,3720.077312,36.2,43.0,4399.824896000001,4399.824896
loso_04__resnet18__seed43,resnet18,loso_04,43,complete,,runs/2026-09-12/loso_04__resnet18__seed43,prepare_val_clean,0.003811934031546116,0.010000000000006004,0,,,,,,,,
loso_04__resnet18__seed43,resnet18,loso_04,43,complete,,runs/2026-09-12/loso_04__resnet18__seed43,evaluate_val_clean,0.593335671001114,0.5799999999999992,3,97.5,99.2,3730.318677333333,3731.23072,37.0,37.0,4399.824896,4399.824896
loso_04__resnet18__seed43,resnet18,loso_04,43,complete,,runs/2026-09-12/loso_04__resnet18__seed43,prepare_test_clean,0.0033151829848065972,-7.105427357601002e-15,0,,,,,,,,
loso_04__resnet18__seed43,resnet18,loso_04,43,complete,,runs/2026-09-12/loso_04__resnet18__seed43,evaluate_test_clean,0.6149405810283497,0.5999999999999872,3,98.7,99.4,3732.72576,3732.914176,40.333333333333336,42.0,4399.824896,4399.824896
loso_04__resnet18__seed43,resnet18,loso_04,43,complete,,runs/2026-09-12/loso_04__resnet18__seed43,inference_batch1,0.16255846701096743,0.18000000000000504,1,97.5,97.5,3734.7328,3734.7328,42.0,42.0,4399.824896,4399.824896
loso_04__resnet18__seed43,resnet18,loso_04,43,complete,,runs/2026-09-12/loso_04__resnet18__seed43,explanations,0.16331355704460293,0.16000000000000014,1,104.4,104.4,3735.560192,3735.560192,42.0,42.0,4399.824896,4399.824896
loso_04__resnet18_imagenet__seed42,resnet18_imagenet,loso_04,42,complete,,runs/2026-09-12/loso_04__resnet18_imagenet__seed42,read_data,0.1872028480283916,0.19000000000000028,0,,,,,,,,
loso_04__resnet18_imagenet__seed42,resnet18_imagenet,loso_04,42,complete,,runs/2026-09-12/loso_04__resnet18_imagenet__seed42,build_model,4.809420534991659,4.9399999999999995,20,102.355,123.1,1933.7781248,2426.126336,20.8,25.0,153.30181119999997,266.338304
loso_04__resnet18_imagenet__seed42,resnet18_imagenet,loso_04,42,complete,,runs/2026-09-12/loso_04__resnet18_imagenet__seed42,prepare_pipeline,1.1481286060297862,1.2399999999999998,5,108.11999999999998,128.9,2757.4910976,2992.529408,27.0,27.0,695.8350336,803.209216
loso_04__resnet18_imagenet__seed42,resnet18_imagenet,loso_04,42,complete,,runs/2026-09-12/loso_04__resnet18_imagenet__seed42,fit,152.51931283902377,116.49000000000001,758,76.37638522427442,938.3,4217.18519083905,4337.70496,81.6939313984169,95.0,2889.980590269129,2982.150144
loso_04__resnet18_imagenet__seed42,resnet18_imagenet,loso_04,42,complete,,runs/2026-09-12/loso_04__resnet18_imagenet__seed42,save_model,0.16765794903039932,0.16999999999998927,0,,,,,,,,
loso_04__resnet18_imagenet__seed42,resnet18_imagenet,loso_04,42,complete,,runs/2026-09-12/loso_04__resnet18_imagenet__seed42,warmup,0.5269141120370477,0.5100000000000033,3,98.3,108.3,3987.0163626666667,4017.147904,41.333333333333336,94.0,2982.1501440000006,2982.150144
loso_04__resnet18_imagenet__seed42,resnet18_imagenet,loso_04,42,complete,,runs/2026-09-12/loso_04__resnet18_imagenet__seed42,evaluate_train,3.7291024370351806,3.530000000000001,18,94.77777777777777,104.2,4053.8924373333334,4055.339008,32.5,37.0,2982.150144,2982.150144
loso_04__resnet18_imagenet__seed42,resnet18_imagenet,loso_04,42,complete,,runs/2026-09-12/loso_04__resnet18_imagenet__seed42,prepare_val_clean,0.0036855479702353477,0.010000000000010445,0,,,,,,,,
loso_04__resnet18_imagenet__seed42,resnet18_imagenet,loso_04,42,complete,,runs/2026-09-12/loso_04__resnet18_imagenet__seed42,evaluate_val_clean,0.5388087789760903,0.5099999999999962,3,95.89999999999999,104.3,4065.325056,4066.267136,92.0,92.0,2982.1501440000006,2982.150144
loso_04__resnet18_imagenet__seed42,resnet18_imagenet,loso_04,42,complete,,runs/2026-09-12/loso_04__resnet18_imagenet__seed42,prepare_test_clean,0.003053316962905228,7.105427357601002e-15,0,,,,,,,,
loso_04__resnet18_imagenet__seed42,resnet18_imagenet,loso_04,42,complete,,runs/2026-09-12/loso_04__resnet18_imagenet__seed42,evaluate_test_clean,0.5663315599085763,0.54999999999999,3,97.26666666666667,104.2,4067.557376,4067.561472,42.0,42.0,2982.1501440000006,2982.150144
loso_04__resnet18_imagenet__seed42,resnet18_imagenet,loso_04,42,complete,,runs/2026-09-12/loso_04__resnet18_imagenet__seed42,inference_batch1,0.1678946460597217,0.16000000000000725,0,,,,,,,,
loso_04__resnet18_imagenet__seed42,resnet18_imagenet,loso_04,42,complete,,runs/2026-09-12/loso_04__resnet18_imagenet__seed42,explanations,0.1342948341043666,0.13999999999998813,1,96.3,96.3,4067.975168,4067.975168,12.0,12.0,2982.150144,2982.150144
loso_04__resnet18_imagenet__seed43,resnet18_imagenet,loso_04,43,complete,,runs/2026-09-12/loso_04__resnet18_imagenet__seed43,read_data,0.19294039998203516,0.19999999999999968,0,,,,,,,,
loso_04__resnet18_imagenet__seed43,resnet18_imagenet,loso_04,43,complete,,runs/2026-09-12/loso_04__resnet18_imagenet__seed43,build_model,5.264750416972674,5.42,22,103.12272727272726,138.9,1906.1175389090904,2421.12512,19.59090909090909,27.0,139.46060799999998,266.338304
loso_04__resnet18_imagenet__seed43,resnet18_imagenet,loso_04,43,complete,,runs/2026-09-12/loso_04__resnet18_imagenet__seed43,prepare_pipeline,1.2108828430064023,1.300000000000001,6,107.56666666666666,129.1,2761.2296533333338,2987.33568,28.0,30.0,713.7307306666667,803.209216
loso_04__resnet18_imagenet__seed43,resnet18_imagenet,loso_04,43,complete,,runs/2026-09-12/loso_04__resnet18_imagenet__seed43,fit,166.22996855597012,125.72000000000001,825,75.6158787878788,729.4,4226.34762860606,4361.228288,83.11757575757576,97.0,4253.352174312728,4401.922048
loso_04__resnet18_imagenet__seed43,resnet18_imagenet,loso_04,43,complete,,runs/2026-09-12/loso_04__resnet18_imagenet__seed43,save_model,0.17514743807259947,0.18000000000000682,1,104.0,104.0,3935.854592,3935.854592,90.0,90.0,4401.922048,4401.922048
loso_04__resnet18_imagenet__seed43,resnet18_imagenet,loso_04,43,complete,,runs/2026-09-12/loso_04__resnet18_imagenet__seed43,warmup,0.5492950320476666,0.5400000000000027,2,96.75,104.1,3967.9713279999996,3988.062208,57.5,90.0,4401.922048,4401.922048
loso_04__resnet18_imagenet__seed43,resnet18_imagenet,loso_04,43,complete,,runs/2026-09-12/loso_04__resnet18_imagenet__seed43,evaluate_train,4.194577716989443,4.0000000000000036,21,95.61904761904762,104.4,4030.0859977142863,4032.331776,36.95238095238095,42.0,4401.922048000002,4401.922048
loso_04__resnet18_imagenet__seed43,resnet18_imagenet,loso_04,43,complete,,runs/2026-09-12/loso_04__resnet18_imagenet__seed43,prepare_val_clean,0.003975008963607252,0.010000000000033538,0,,,,,,,,
loso_04__resnet18_imagenet__seed43,resnet18_imagenet,loso_04,43,complete,,runs/2026-09-12/loso_04__resnet18_imagenet__seed43,evaluate_val_clean,0.5929039840120822,0.5700000000000074,3,95.63333333333333,98.4,4042.031104,4042.1376,42.0,44.0,4401.922048,4401.922048
loso_04__resnet18_imagenet__seed43,resnet18_imagenet,loso_04,43,complete,,runs/2026-09-12/loso_04__resnet18_imagenet__seed43,prepare_test_clean,0.0030855309450998902,0.009999999999985576,0,,,,,,,,
loso_04__resnet18_imagenet__seed43,resnet18_imagenet,loso_04,43,complete,,runs/2026-09-12/loso_04__resnet18_imagenet__seed43,evaluate_test_clean,0.6191584459738806,0.6100000000000083,3,97.8,105.4,4043.3363626666664,4043.395072,22.0,22.0,4401.922048,4401.922048
loso_04__resnet18_imagenet__seed43,resnet18_imagenet,loso_04,43,complete,,runs/2026-09-12/loso_04__resnet18_imagenet__seed43,inference_batch1,0.17865469702519476,0.18999999999996575,1,98.0,98.0,4043.649024,4043.649024,46.0,46.0,4401.922048,4401.922048
loso_04__resnet18_imagenet__seed43,resnet18_imagenet,loso_04,43,complete,,runs/2026-09-12/loso_04__resnet18_imagenet__seed43,explanations,0.15894748701248318,0.14999999999999325,0,,,,,,,,
loso_04__yolo11n__seed42,yolo11n,loso_04,42,complete,,runs/2026-09-12/loso_04__yolo11n__seed42,read_data,0.18445486202836037,0.1800000000000001,0,,,,,,,,
loso_04__yolo11n__seed42,yolo11n,loso_04,42,complete,,runs/2026-09-12/loso_04__yolo11n__seed42,prepare_pipeline,14.760296248015948,14.910000000000002,74,101.09459459459461,153.2,1531.251573621622,1531.490304,30.31081081081081,42.0,0.0,0.0
loso_04__yolo11n__seed42,yolo11n,loso_04,42,complete,,runs/2026-09-12/loso_04__yolo11n__seed42,build_model,0.7270732580218464,0.7499999999999973,3,101.3,104.1,1623.095978666667,1659.539456,36.0,37.0,0.0,0.0
loso_04__yolo11n__seed42,yolo11n,loso_04,42,complete,,runs/2026-09-12/loso_04__yolo11n__seed42,fit,226.87995714810677,826.0900000000001,1124,364.2596085409253,477.0,3219.690780241993,3478.872064,25.512455516014235,34.0,599.7593508896796,731.906048
loso_04__yolo11n__seed42,yolo11n,loso_04,42,complete,,runs/2026-09-12/loso_04__yolo11n__seed42,save_model,0.03188332403078675,0.12000000000005961,0,,,,,,,,
loso_04__yolo11n__seed42,yolo11n,loso_04,42,complete,,runs/2026-09-12/loso_04__yolo11n__seed42,warmup,0.0541571689536795,0.13000000000005052,0,,,,,,,,
loso_04__yolo11n__seed42,yolo11n,loso_04,42,complete,,runs/2026-09-12/loso_04__yolo11n__seed42,evaluate_train,1.7078687419416383,1.7299999999999596,9,111.44444444444444,193.9,3279.5629795555556,3416.997888,23.333333333333332,30.0,503.31648,503.31648
loso_04__yolo11n__seed42,yolo11n,loso_04,42,complete,,runs/2026-09-12/loso_04__yolo11n__seed42,prepare_val_clean,0.00331315107177943,-4.618527782440651e-14,0,,,,,,,,
loso_04__yolo11n__seed42,yolo11n,loso_04,42,complete,,runs/2026-09-12/loso_04__yolo11n__seed42,evaluate_val_clean,0.20252981199882925,0.2099999999999902,1,99.0,99.0,3417.591808,3417.591808,20.0,20.0,503.31648,503.31648
loso_04__yolo11n__seed42,yolo11n,loso_04,42,complete,,runs/2026-09-12/loso_04__yolo11n__seed42,prepare_test_clean,0.0028845430351793766,4.973799150320701e-14,0,,,,,,,,
loso_04__yolo11n__seed42,yolo11n,loso_04,42,complete,,runs/2026-09-12/loso_04__yolo11n__seed42,evaluate_test_clean,0.1604261469328776,0.1600000000001316,1,98.0,98.0,3178.704896,3178.704896,20.0,20.0,503.31648,503.31648
loso_04__yolo11n__seed42,yolo11n,loso_04,42,complete,,runs/2026-09-12/loso_04__yolo11n__seed42,inference_batch1,0.13974234100896865,0.14000000000014978,1,96.3,96.3,3181.469696,3181.469696,17.0,17.0,503.31648,503.31648
loso_04__yolo11n__seed42,yolo11n,loso_04,42,complete,,runs/2026-09-12/loso_04__yolo11n__seed42,explanations,0.00031064299400895834,4.973799150320701e-14,0,,,,,,,,
loso_04__yolo11n__seed43,yolo11n,loso_04,43,complete,,runs/2026-09-12/loso_04__yolo11n__seed43,read_data,0.186372745083645,0.19000000000000034,0,,,,,,,,
loso_04__yolo11n__seed43,yolo11n,loso_04,43,complete,,runs/2026-09-12/loso_04__yolo11n__seed43,prepare_pipeline,14.699958845041692,14.87,73,101.16438356164383,159.2,1531.0351991232876,1531.273216,30.356164383561644,43.0,0.0,0.0
loso_04__yolo11n__seed43,yolo11n,loso_04,43,complete,,runs/2026-09-12/loso_04__yolo11n__seed43,build_model,0.7425221239682287,0.7700000000000036,4,100.225,103.9,1611.03872,1666.613248,38.0,38.0,0.0,0.0
loso_04__yolo11n__seed43,yolo11n,loso_04,43,complete,,runs/2026-09-12/loso_04__yolo11n__seed43,fit,258.1463660489535,940.7100000000002,1279,364.65668491008597,461.8,3230.266746695856,3555.221504,25.337763878029712,33.0,617.6596345895231,782.237696
loso_04__yolo11n__seed43,yolo11n,loso_04,43,complete,,runs/2026-09-12/loso_04__yolo11n__seed43,save_model,0.02955461200326681,0.11000000000004029,0,,,,,,,,
loso_04__yolo11n__seed43,yolo11n,loso_04,43,complete,,runs/2026-09-12/loso_04__yolo11n__seed43,warmup,0.05196576996240765,0.1300000000000221,0,,,,,,,,
loso_04__yolo11n__seed43,yolo11n,loso_04,43,complete,,runs/2026-09-12/loso_04__yolo11n__seed43,evaluate_train,1.696702977991663,1.7199999999999402,9,110.4,184.4,3318.411719111111,3447.738368,21.11111111111111,30.0,505.413632,505.413632
loso_04__yolo11n__seed43,yolo11n,loso_04,43,complete,,runs/2026-09-12/loso_04__yolo11n__seed43,prepare_val_clean,0.0032480210065841675,0.009999999999935838,0,,,,,,,,
loso_04__yolo11n__seed43,yolo11n,loso_04,43,complete,,runs/2026-09-12/loso_04__yolo11n__seed43,evaluate_val_clean,0.20284071599598974,0.1899999999999995,1,101.9,101.9,3448.40192,3448.40192,12.0,12.0,505.413632,505.413632
loso_04__yolo11n__seed43,yolo11n,loso_04,43,complete,,runs/2026-09-12/loso_04__yolo11n__seed43,prepare_test_clean,0.002837881911545992,4.973799150320701e-14,0,,,,,,,,
loso_04__yolo11n__seed43,yolo11n,loso_04,43,complete,,runs/2026-09-12/loso_04__yolo11n__seed43,evaluate_test_clean,0.16564105404540896,0.1700000000000088,1,98.7,98.7,3209.719808,3209.719808,12.0,12.0,505.413632,505.413632
loso_04__yolo11n__seed43,yolo11n,loso_04,43,complete,,runs/2026-09-12/loso_04__yolo11n__seed43,inference_batch1,0.1392430670093745,0.1400000000000272,1,107.2,107.2,3212.484608,3212.484608,25.0,25.0,505.413632,505.413632
loso_04__yolo11n__seed43,yolo11n,loso_04,43,complete,,runs/2026-09-12/loso_04__yolo11n__seed43,explanations,0.0003093539271503687,4.085620730620576e-14,0,,,,,,,,
loso_04__yolo11n_random__seed42,yolo11n_random,loso_04,42,complete,,runs/2026-09-12/loso_04__yolo11n_random__seed42,read_data,0.18828714301344007,0.1900000000000001,0,,,,,,,,
loso_04__yolo11n_random__seed42,yolo11n_random,loso_04,42,complete,,runs/2026-09-12/loso_04__yolo11n_random__seed42,prepare_pipeline,15.412284728023224,15.620000000000001,76,101.29736842105264,168.8,1531.0955250526315,1531.326464,30.789473684210527,37.0,0.0,0.0
loso_04__yolo11n_random__seed42,yolo11n_random,loso_04,42,complete,,runs/2026-09-12/loso_04__yolo11n_random__seed42,build_model,0.08309616695623845,0.23999999999999888,1,139.2,139.2,1564.934144,1564.934144,35.0,35.0,0.0,0.0
loso_04__yolo11n_random__seed42,yolo11n_random,loso_04,42,complete,,runs/2026-09-12/loso_04__yolo11n_random__seed42,fit,269.15397257800214,981.0500000000001,1332,364.94864864864866,461.2,3241.119221237237,3558.080512,25.42267267267267,36.0,619.5966308708709,788.529152
loso_04__yolo11n_random__seed42,yolo11n_random,loso_04,42,complete,,runs/2026-09-12/loso_04__yolo11n_random__seed42,save_model,0.031026614014990628,0.10999999999989996,0,,,,,,,,
loso_04__yolo11n_random__seed42,yolo11n_random,loso_04,42,complete,,runs/2026-09-12/loso_04__yolo11n_random__seed42,warmup,0.0501487540313974,0.12999999999999545,0,,,,,,,,
loso_04__yolo11n_random__seed42,yolo11n_random,loso_04,42,complete,,runs/2026-09-12/loso_04__yolo11n_random__seed42,evaluate_train,1.693125582067296,1.720000000000141,9,110.62222222222222,186.6,3321.0809457777777,3450.30656,25.555555555555557,32.0,480.24780799999996,480.247808
loso_04__yolo11n_random__seed42,yolo11n_random,loso_04,42,complete,,runs/2026-09-12/loso_04__yolo11n_random__seed42,prepare_val_clean,0.0034976149909198284,2.3092638912203256e-14,0,,,,,,,,
loso_04__yolo11n_random__seed42,yolo11n_random,loso_04,42,complete,,runs/2026-09-12/loso_04__yolo11n_random__seed42,evaluate_val_clean,0.2030646560015157,0.19999999999995488,1,100.7,100.7,3450.896384,3450.896384,32.0,32.0,480.247808,480.247808
loso_04__yolo11n_random__seed42,yolo11n_random,loso_04,42,complete,,runs/2026-09-12/loso_04__yolo11n_random__seed42,prepare_test_clean,0.0031073279678821564,0.010000000000005116,0,,,,,,,,
loso_04__yolo11n_random__seed42,yolo11n_random,loso_04,42,complete,,runs/2026-09-12/loso_04__yolo11n_random__seed42,evaluate_test_clean,0.16866647196002305,0.16999999999997328,1,97.8,97.8,3207.819264,3207.819264,15.0,15.0,480.247808,480.247808
loso_04__yolo11n_random__seed42,yolo11n_random,loso_04,42,complete,,runs/2026-09-12/loso_04__yolo11n_random__seed42,inference_batch1,0.1499479649355635,0.1499999999999826,1,108.2,108.2,3214.962688,3214.962688,15.0,15.0,480.247808,480.247808
loso_04__yolo11n_random__seed42,yolo11n_random,loso_04,42,complete,,runs/2026-09-12/loso_04__yolo11n_random__seed42,explanations,0.0003397860564291477,5.329070518200751e-15,0,,,,,,,,
loso_04__yolo11n_random__seed43,yolo11n_random,loso_04,43,complete,,runs/2026-09-12/loso_04__yolo11n_random__seed43,read_data,0.19331813300959766,0.19999999999999968,0,,,,,,,,
loso_04__yolo11n_random__seed43,yolo11n_random,loso_04,43,complete,,runs/2026-09-12/loso_04__yolo11n_random__seed43,prepare_pipeline,16.36889615294058,16.540000000000003,81,101.16913580246914,163.1,1531.2522808888887,1531.498496,31.17283950617284,39.0,0.0,0.0
loso_04__yolo11n_random__seed43,yolo11n_random,loso_04,43,complete,,runs/2026-09-12/loso_04__yolo11n_random__seed43,build_model,0.0781234169844538,0.21999999999999953,0,,,,,,,,
loso_04__yolo11n_random__seed43,yolo11n_random,loso_04,43,complete,,runs/2026-09-12/loso_04__yolo11n_random__seed43,fit,646.8823380809044,2365.61,3206,365.8820336868372,501.3,3290.8066373948845,3672.035328,28.82158452900811,61.0,851.1016001796631,1272.971264
loso_04__yolo11n_random__seed43,yolo11n_random,loso_04,43,complete,,runs/2026-09-12/loso_04__yolo11n_random__seed43,save_model,0.03465663397219032,0.13000000000023704,0,,,,,,,,
loso_04__yolo11n_random__seed43,yolo11n_random,loso_04,43,complete,,runs/2026-09-12/loso_04__yolo11n_random__seed43,warmup,0.05271935393102467,0.12000000000001876,0,,,,,,,,
loso_04__yolo11n_random__seed43,yolo11n_random,loso_04,43,complete,,runs/2026-09-12/loso_04__yolo11n_random__seed43,evaluate_train,1.6859249050030485,1.7100000000001643,9,106.17777777777776,146.6,3435.7056853333333,3563.2128,20.333333333333332,27.0,559.939584,559.939584
loso_04__yolo11n_random__seed43,yolo11n_random,loso_04,43,complete,,runs/2026-09-12/loso_04__yolo11n_random__seed43,prepare_val_clean,0.0034104461083188653,5.3290705182007514e-14,0,,,,,,,,
loso_04__yolo11n_random__seed43,yolo11n_random,loso_04,43,complete,,runs/2026-09-12/loso_04__yolo11n_random__seed43,evaluate_val_clean,0.20139732398092747,0.19999999999941664,1,99.2,99.2,3563.798528,3563.798528,31.0,31.0,559.939584,559.939584
loso_04__yolo11n_random__seed43,yolo11n_random,loso_04,43,complete,,runs/2026-09-12/loso_04__yolo11n_random__seed43,prepare_test_clean,0.002909664995968342,-1.8118839761882555e-13,0,,,,,,,,
loso_04__yolo11n_random__seed43,yolo11n_random,loso_04,43,complete,,runs/2026-09-12/loso_04__yolo11n_random__seed43,evaluate_test_clean,0.16953579906839877,0.18000000000010985,1,98.8,98.8,3325.05088,3325.05088,31.0,31.0,559.939584,559.939584
loso_04__yolo11n_random__seed43,yolo11n_random,loso_04,43,complete,,runs/2026-09-12/loso_04__yolo11n_random__seed43,inference_batch1,0.13476708496455103,0.1399999999999082,1,100.1,100.1,3332.190208,3332.190208,19.0,19.0,559.939584,559.939584
loso_04__yolo11n_random__seed43,yolo11n_random,loso_04,43,complete,,runs/2026-09-12/loso_04__yolo11n_random__seed43,explanations,0.0003633439773693681,3.552713678800501e-14,0,,,,,,,,
loso_05__polygarbor__seed42,polygarbor,loso_05,42,complete,,runs/2026-09-12/loso_05__polygarbor__seed42,read_data,0.18342047603800893,0.18000000000000005,0,,,,,,,,
loso_05__polygarbor__seed42,polygarbor,loso_05,42,complete,,runs/2026-09-12/loso_05__polygarbor__seed42,build_model,0.00031011004466563463,0.0,0,,,,,,,,
loso_05__polygarbor__seed42,polygarbor,loso_05,42,complete,,runs/2026-09-12/loso_05__polygarbor__seed42,extract_features,17.781243068049662,17.85,89,100.37640449438203,109.4,846.9158831460677,847.515648,29.359550561797754,41.0,0.0,0.0
loso_05__polygarbor__seed42,polygarbor,loso_05,42,complete,,runs/2026-09-12/loso_05__polygarbor__seed42,fit,0.6131991400616243,13.049999999999994,3,1855.4666666666665,2162.4,888.5466453333333,901.812224,41.0,41.0,0.0,0.0
loso_05__polygarbor__seed42,polygarbor,loso_05,42,complete,,runs/2026-09-12/loso_05__polygarbor__seed42,save_model,0.021151243010535836,0.4599999999999975,0,,,,,,,,
loso_05__polygarbor__seed42,polygarbor,loso_05,42,complete,,runs/2026-09-12/loso_05__polygarbor__seed42,warmup,0.08901159709785134,1.3899999999999972,0,,,,,,,,
loso_05__polygarbor__seed42,polygarbor,loso_05,42,complete,,runs/2026-09-12/loso_05__polygarbor__seed42,evaluate_train,77.93097245600075,78.22,379,104.83060686015831,1791.6,890.0543155672823,891.33056,35.10026385224275,44.0,0.0,0.0
loso_05__polygarbor__seed42,polygarbor,loso_05,42,complete,,runs/2026-09-12/loso_05__polygarbor__seed42,prepare_val_clean,0.003144645015709102,0.009999999999988685,0,,,,,,,,
loso_05__polygarbor__seed42,polygarbor,loso_05,42,complete,,runs/2026-09-12/loso_05__polygarbor__seed42,evaluate_val_clean,8.531990083050914,8.56,41,100.39756097560976,107.3,928.206548292683,928.514048,36.829268292682926,43.0,0.0,0.0
loso_05__polygarbor__seed42,polygarbor,loso_05,42,complete,,runs/2026-09-12/loso_05__polygarbor__seed42,prepare_test_clean,0.0048678049352020025,-1.1102230246251565e-15,0,,,,,,,,
loso_05__polygarbor__seed42,polygarbor,loso_05,42,complete,,runs/2026-09-12/loso_05__polygarbor__seed42,evaluate_test_clean,13.026947453035973,13.079999999999982,61,100.45245901639343,108.9,934.6527433442623,934.87104,32.0,42.0,0.0,0.0
loso_05__polygarbor__seed42,polygarbor,loso_05,42,complete,,runs/2026-09-12/loso_05__polygarbor__seed42,inference_batch1,1.0000342219136655,1.0000000000000102,5,100.24000000000001,102.6,931.938304,931.938304,35.0,35.0,0.0,0.0
loso_05__polygarbor__seed42,polygarbor,loso_05,42,complete,,runs/2026-09-12/loso_05__polygarbor__seed42,explanations,0.000327872927300632,1.021405182655144e-14,0,,,,,,,,
loso_05__polygarbor__seed43,polygarbor,loso_05,43,complete,,runs/2026-09-12/loso_05__polygarbor__seed43,read_data,0.18276427302043885,0.18000000000000033,0,,,,,,,,
loso_05__polygarbor__seed43,polygarbor,loso_05,43,complete,,runs/2026-09-12/loso_05__polygarbor__seed43,build_model,0.0003387180622667074,0.0,0,,,,,,,,
loso_05__polygarbor__seed43,polygarbor,loso_05,43,complete,,runs/2026-09-12/loso_05__polygarbor__seed43,extract_features,17.532215051935054,17.6,88,100.36704545454545,104.6,847.5553047272726,848.109568,30.147727272727273,42.0,0.0,0.0
loso_05__polygarbor__seed43,polygarbor,loso_05,43,complete,,runs/2026-09-12/loso_05__polygarbor__seed43,fit,0.5965274260379374,12.619999999999996,3,2017.1666666666667,2173.8,885.346304,892.25216,36.0,36.0,0.0,0.0
loso_05__polygarbor__seed43,polygarbor,loso_05,43,complete,,runs/2026-09-12/loso_05__polygarbor__seed43,save_model,0.02691654395312071,0.589999999999995,0,,,,,,,,
loso_05__polygarbor__seed43,polygarbor,loso_05,43,complete,,runs/2026-09-12/loso_05__polygarbor__seed43,warmup,0.0842266499530524,1.2799999999999978,0,,,,,,,,
loso_05__polygarbor__seed43,polygarbor,loso_05,43,complete,,runs/2026-09-12/loso_05__polygarbor__seed43,evaluate_train,77.19266960106324,77.46000000000001,369,103.09051490514905,1108.7,892.8534838807586,894.132224,35.612466124661246,45.0,0.0,0.0
loso_05__polygarbor__seed43,polygarbor,loso_05,43,complete,,runs/2026-09-12/loso_05__polygarbor__seed43,prepare_val_clean,0.003014230984263122,-3.3306690738754696e-15,0,,,,,,,,
loso_05__polygarbor__seed43,polygarbor,loso_05,43,complete,,runs/2026-09-12/loso_05__polygarbor__seed43,evaluate_val_clean,8.50723916303832,8.540000000000003,41,100.39024390243902,111.5,928.928643121951,929.202176,33.24390243902439,39.0,0.0,0.0
loso_05__polygarbor__seed43,polygarbor,loso_05,43,complete,,runs/2026-09-12/loso_05__polygarbor__seed43,prepare_test_clean,0.004374390002340078,0.009999999999998899,0,,,,,,,,
loso_05__polygarbor__seed43,polygarbor,loso_05,43,complete,,runs/2026-09-12/loso_05__polygarbor__seed43,evaluate_test_clean,12.970590821001679,13.000000000000007,61,100.35901639344263,110.3,934.8671454426229,935.104512,34.73770491803279,42.0,0.0,0.0
loso_05__polygarbor__seed43,polygarbor,loso_05,43,complete,,runs/2026-09-12/loso_05__polygarbor__seed43,inference_batch1,1.001513154944405,1.0100000000000102,5,101.64000000000001,108.7,932.192256,932.192256,37.0,38.0,0.0,0.0
loso_05__polygarbor__seed43,polygarbor,loso_05,43,complete,,runs/2026-09-12/loso_05__polygarbor__seed43,explanations,0.000321674975566566,1.021405182655144e-14,0,,,,,,,,
loso_05__resnet18__seed42,resnet18,loso_05,42,complete,,runs/2026-09-12/loso_05__resnet18__seed42,read_data,0.1863273880444467,0.2000000000000003,0,,,,,,,,
loso_05__resnet18__seed42,resnet18,loso_05,42,complete,,runs/2026-09-12/loso_05__resnet18__seed42,build_model,2.361289669992402,2.4699999999999998,10,103.35999999999999,126.3,1605.1785728,1922.904064,33.8,42.0,27.053260799999997,136.31488
loso_05__resnet18__seed42,resnet18,loso_05,42,complete,,runs/2026-09-12/loso_05__resnet18__seed42,prepare_pipeline,1.2463346839649603,1.3199999999999994,5,106.28,135.5,2239.3602048,2474.20928,14.8,16.0,481.0866688,534.77376
loso_05__resnet18__seed42,resnet18,loso_05,42,complete,,runs/2026-09-12/loso_05__resnet18__seed42,fit,287.29037117399275,182.79999999999998,1426,63.60771388499299,884.1,3891.2372891107993,3966.492672,84.52664796633941,94.0,4286.388973688639,4366.270464
loso_05__resnet18__seed42,resnet18,loso_05,42,complete,,runs/2026-09-12/loso_05__resnet18__seed42,save_model,0.15127517003566027,0.16000000000002856,0,,,,,,,,
loso_05__resnet18__seed42,resnet18,loso_05,42,complete,,runs/2026-09-12/loso_05__resnet18__seed42,warmup,0.5077684799907729,0.4899999999999949,3,97.40000000000002,103.8,3553.3032106666665,3575.300096,63.333333333333336,87.0,4368.367616,4368.367616
loso_05__resnet18__seed42,resnet18,loso_05,42,complete,,runs/2026-09-12/loso_05__resnet18__seed42,evaluate_train,3.248065751977265,3.0699999999999985,16,94.9875,104.3,3560.684032,3561.529344,32.0625,38.0,4368.367616,4368.367616
loso_05__resnet18__seed42,resnet18,loso_05,42,complete,,runs/2026-09-12/loso_05__resnet18__seed42,prepare_val_clean,0.003613970009610057,1.7763568394002505e-15,0,,,,,,,,
loso_05__resnet18__seed42,resnet18,loso_05,42,complete,,runs/2026-09-12/loso_05__resnet18__seed42,evaluate_val_clean,0.5789405239047483,0.560000000000004,3,97.33333333333333,99.4,3600.592896,3600.67072,38.333333333333336,39.0,4368.367616,4368.367616
loso_05__resnet18__seed42,resnet18,loso_05,42,complete,,runs/2026-09-12/loso_05__resnet18__seed42,prepare_test_clean,0.004917043028399348,0.0099999999999838,0,,,,,,,,
loso_05__resnet18__seed42,resnet18,loso_05,42,complete,,runs/2026-09-12/loso_05__resnet18__seed42,evaluate_test_clean,0.7339540739776567,0.70000000000001,4,95.47500000000001,98.9,3606.0334080000002,3607.011328,38.5,39.0,4368.367616,4368.367616
loso_05__resnet18__seed42,resnet18,loso_05,42,complete,,runs/2026-09-12/loso_05__resnet18__seed42,inference_batch1,0.15096964000258595,0.15000000000000036,1,93.8,93.8,3612.348416,3612.348416,38.0,38.0,4368.367616,4368.367616
loso_05__resnet18__seed42,resnet18,loso_05,42,complete,,runs/2026-09-12/loso_05__resnet18__seed42,explanations,0.14462723501492292,0.15000000000000036,1,104.5,104.5,3613.376512,3613.376512,38.0,38.0,4368.367616,4368.367616
loso_05__resnet18__seed43,resnet18,loso_05,43,complete,,runs/2026-09-12/loso_05__resnet18__seed43,read_data,0.18833143007941544,0.19000000000000006,0,,,,,,,,
loso_05__resnet18__seed43,resnet18,loso_05,43,complete,,runs/2026-09-12/loso_05__resnet18__seed43,build_model,2.3494012530427426,2.4299999999999993,11,103.67272727272729,139.0,1629.8669149090908,1923.03104,32.72727272727273,37.0,37.939386181818186,148.897792
loso_05__resnet18__seed43,resnet18,loso_05,43,complete,,runs/2026-09-12/loso_05__resnet18__seed43,prepare_pipeline,1.0977032980881631,1.1800000000000002,4,109.1,119.3,2282.17856,2473.529344,18.0,18.0,534.77376,534.77376
loso_05__resnet18__seed43,resnet18,loso_05,43,complete,,runs/2026-09-12/loso_05__resnet18__seed43,fit,153.84129838703666,101.31,764,65.84410994764399,849.2,3836.059278073298,3955.929088,82.61125654450262,97.0,4194.345174450262,4343.201792
loso_05__resnet18__seed43,resnet18,loso_05,43,complete,,runs/2026-09-12/loso_05__resnet18__seed43,save_model,0.17739326099399477,0.18999999999998884,1,98.6,98.6,3633.893376,3633.893376,94.0,94.0,4343.201792,4343.201792
loso_05__resnet18__seed43,resnet18,loso_05,43,complete,,runs/2026-09-12/loso_05__resnet18__seed43,warmup,0.5201482109259814,0.5100000000000016,2,96.6,99.3,3616.17408,3633.057792,19.0,19.0,4345.298944,4345.298944
loso_05__resnet18__seed43,resnet18,loso_05,43,complete,,runs/2026-09-12/loso_05__resnet18__seed43,evaluate_train,3.2895196290919557,3.0600000000000147,17,93.35882352941177,104.3,3670.1383981176464,3671.687168,35.0,45.0,4345.298944,4345.298944
loso_05__resnet18__seed43,resnet18,loso_05,43,complete,,runs/2026-09-12/loso_05__resnet18__seed43,prepare_val_clean,0.0035171920899301767,0.00999999999999801,0,,,,,,,,
loso_05__resnet18__seed43,resnet18,loso_05,43,complete,,runs/2026-09-12/loso_05__resnet18__seed43,evaluate_val_clean,0.5832771089626476,0.5599999999999952,3,98.2,99.5,3681.083392,3681.107968,10.0,10.0,4345.298944,4345.298944
loso_05__resnet18__seed43,resnet18,loso_05,43,complete,,runs/2026-09-12/loso_05__resnet18__seed43,prepare_test_clean,0.00533388601616025,-5.329070518200751e-15,0,,,,,,,,
loso_05__resnet18__seed43,resnet18,loso_05,43,complete,,runs/2026-09-12/loso_05__resnet18__seed43,evaluate_test_clean,0.735256619984284,0.7100000000000026,4,97.225,98.9,3682.4596479999996,3682.46784,12.0,12.0,4345.298944,4345.298944
loso_05__resnet18__seed43,resnet18,loso_05,43,complete,,runs/2026-09-12/loso_05__resnet18__seed43,inference_batch1,0.1471966850804165,0.15000000000000036,1,99.4,99.4,3684.02432,3684.02432,15.0,15.0,4345.298944,4345.298944
loso_05__resnet18__seed43,resnet18,loso_05,43,complete,,runs/2026-09-12/loso_05__resnet18__seed43,explanations,0.1470541920280084,0.13999999999999524,0,,,,,,,,
loso_05__resnet18_imagenet__seed42,resnet18_imagenet,loso_05,42,complete,,runs/2026-09-12/loso_05__resnet18_imagenet__seed42,read_data,0.18200809403788298,0.19000000000000006,0,,,,,,,,
loso_05__resnet18_imagenet__seed42,resnet18_imagenet,loso_05,42,complete,,runs/2026-09-12/loso_05__resnet18_imagenet__seed42,build_model,4.754714585025795,4.940000000000001,20,103.295,141.4,1895.7301759999998,2387.324928,15.9,20.0,153.40666879999998,266.338304
loso_05__resnet18_imagenet__seed42,resnet18_imagenet,loso_05,42,complete,,runs/2026-09-12/loso_05__resnet18_imagenet__seed42,prepare_pipeline,1.2044937988976017,1.279999999999998,5,107.62,124.1,2667.6174848,2892.959744,14.6,15.0,481.0866688,534.77376
loso_05__resnet18_imagenet__seed42,resnet18_imagenet,loso_05,42,complete,,runs/2026-09-12/loso_05__resnet18_imagenet__seed42,fit,90.26997547398787,70.66,449,78.29109131403118,898.9,4146.661699848552,4333.776896,77.70155902004454,96.0,4031.9638840445423,4288.67584
loso_05__resnet18_imagenet__seed42,resnet18_imagenet,loso_05,42,complete,,runs/2026-09-12/loso_05__resnet18_imagenet__seed42,save_model,0.17578136001247913,0.17999999999999616,0,,,,,,,,
loso_05__resnet18_imagenet__seed42,resnet18_imagenet,loso_05,42,complete,,runs/2026-09-12/loso_05__resnet18_imagenet__seed42,warmup,0.5105058320332319,0.49000000000000465,3,99.63333333333334,106.7,3965.606570666667,3981.049856,35.0,87.0,4290.772992,4290.772992
loso_05__resnet18_imagenet__seed42,resnet18_imagenet,loso_05,42,complete,,runs/2026-09-12/loso_05__resnet18_imagenet__seed42,evaluate_train,3.236118045053445,3.0599999999999987,16,94.20625,104.2,3976.901888,3977.670656,32.75,39.0,4290.772992,4290.772992
loso_05__resnet18_imagenet__seed42,resnet18_imagenet,loso_05,42,complete,,runs/2026-09-12/loso_05__resnet18_imagenet__seed42,prepare_val_clean,0.003552920068614185,2.6645352591003757e-15,0,,,,,,,,
loso_05__resnet18_imagenet__seed42,resnet18_imagenet,loso_05,42,complete,,runs/2026-09-12/loso_05__resnet18_imagenet__seed42,evaluate_val_clean,0.587575854966417,0.5699999999999958,3,97.5,99.4,3987.4778453333333,3988.312064,31.0,39.0,4290.772992,4290.772992
loso_05__resnet18_imagenet__seed42,resnet18_imagenet,loso_05,42,complete,,runs/2026-09-12/loso_05__resnet18_imagenet__seed42,prepare_test_clean,0.0050268820486962795,0.010000000000008669,0,,,,,,,,
loso_05__resnet18_imagenet__seed42,resnet18_imagenet,loso_05,42,complete,,runs/2026-09-12/loso_05__resnet18_imagenet__seed42,evaluate_test_clean,0.7495071640005335,0.7200000000000024,4,97.17500000000001,104.4,3989.9811839999998,3990.183936,31.5,36.0,4290.772992,4290.772992
loso_05__resnet18_imagenet__seed42,resnet18_imagenet,loso_05,42,complete,,runs/2026-09-12/loso_05__resnet18_imagenet__seed42,inference_batch1,0.16861469205468893,0.17999999999999705,1,97.1,97.1,3990.8352,3990.8352,36.0,36.0,4290.772992,4290.772992
loso_05__resnet18_imagenet__seed42,resnet18_imagenet,loso_05,42,complete,,runs/2026-09-12/loso_05__resnet18_imagenet__seed42,explanations,0.1530094890622422,0.14999999999998703,1,103.2,103.2,3990.908928,3990.908928,15.0,15.0,4290.772992,4290.772992
loso_05__resnet18_imagenet__seed43,resnet18_imagenet,loso_05,43,complete,,runs/2026-09-12/loso_05__resnet18_imagenet__seed43,read_data,0.1864108219742775,0.1899999999999999,0,,,,,,,,
loso_05__resnet18_imagenet__seed43,resnet18_imagenet,loso_05,43,complete,,runs/2026-09-12/loso_05__resnet18_imagenet__seed43,build_model,4.935646096942946,5.139999999999999,21,104.77142857142859,146.4,1892.882139428571,2382.123008,17.476190476190474,20.0,146.1015893333333,266.338304
loso_05__resnet18_imagenet__seed43,resnet18_imagenet,loso_05,43,complete,,runs/2026-09-12/loso_05__resnet18_imagenet__seed43,prepare_pipeline,1.1085133489686996,1.1900000000000004,5,108.23999999999998,119.2,2692.4728320000004,2887.86432,17.0,17.0,534.77376,534.77376
loso_05__resnet18_imagenet__seed43,resnet18_imagenet,loso_05,43,complete,,runs/2026-09-12/loso_05__resnet18_imagenet__seed43,fit,72.67378196201753,59.3,360,81.49833333333333,1031.4,4106.625809066666,4334.616576,81.35833333333333,98.0,4063.6164778666675,4427.087872
loso_05__resnet18_imagenet__seed43,resnet18_imagenet,loso_05,43,complete,,runs/2026-09-12/loso_05__resnet18_imagenet__seed43,save_model,0.17034024896565825,0.16999999999999815,1,118.8,118.8,3945.734144,3945.734144,92.0,92.0,4427.087872,4427.087872
loso_05__resnet18_imagenet__seed43,resnet18_imagenet,loso_05,43,complete,,runs/2026-09-12/loso_05__resnet18_imagenet__seed43,warmup,0.5156780229881406,0.5000000000000018,3,97.06666666666666,103.0,3955.986432,3985.399808,41.333333333333336,92.0,4429.185024,4429.185024
loso_05__resnet18_imagenet__seed43,resnet18_imagenet,loso_05,43,complete,,runs/2026-09-12/loso_05__resnet18_imagenet__seed43,evaluate_train,3.3154788879910484,3.110000000000002,16,93.71875,103.6,3996.18176,3996.909568,33.75,41.0,4429.185024,4429.185024
loso_05__resnet18_imagenet__seed43,resnet18_imagenet,loso_05,43,complete,,runs/2026-09-12/loso_05__resnet18_imagenet__seed43,prepare_val_clean,0.003351930994540453,-8.881784197001252e-16,0,,,,,,,,
loso_05__resnet18_imagenet__seed43,resnet18_imagenet,loso_05,43,complete,,runs/2026-09-12/loso_05__resnet18_imagenet__seed43,evaluate_val_clean,0.5857176629360765,0.5600000000000014,3,97.53333333333335,104.1,4036.035925333333,4036.108288,26.0,34.0,4429.185024,4429.185024
loso_05__resnet18_imagenet__seed43,resnet18_imagenet,loso_05,43,complete,,runs/2026-09-12/loso_05__resnet18_imagenet__seed43,prepare_test_clean,0.005264675943180919,0.009999999999986464,0,,,,,,,,
loso_05__resnet18_imagenet__seed43,resnet18_imagenet,loso_05,43,complete,,runs/2026-09-12/loso_05__resnet18_imagenet__seed43,evaluate_test_clean,0.8011105629848316,0.7200000000000086,4,91.82499999999999,104.4,4041.2641280000003,4041.515008,50.5,60.0,4429.185024,4429.185024
loso_05__resnet18_imagenet__seed43,resnet18_imagenet,loso_05,43,complete,,runs/2026-09-12/loso_05__resnet18_imagenet__seed43,inference_batch1,0.16554427100345492,0.1600000000000037,1,105.1,105.1,4041.867264,4041.867264,21.0,21.0,4429.185024,4429.185024
loso_05__resnet18_imagenet__seed43,resnet18_imagenet,loso_05,43,complete,,runs/2026-09-12/loso_05__resnet18_imagenet__seed43,explanations,0.13506914302706718,0.13999999999999346,1,98.7,98.7,4041.9328,4041.9328,21.0,21.0,4429.185024,4429.185024
loso_05__yolo11n__seed42,yolo11n,loso_05,42,complete,,runs/2026-09-12/loso_05__yolo11n__seed42,read_data,0.18204644008073956,0.17999999999999983,0,,,,,,,,
loso_05__yolo11n__seed42,yolo11n,loso_05,42,complete,,runs/2026-09-12/loso_05__yolo11n__seed42,prepare_pipeline,14.050176135962829,14.239999999999997,70,101.37285714285716,168.4,1496.6247423999998,1496.850432,30.742857142857144,39.0,0.0,0.0
loso_05__yolo11n__seed42,yolo11n,loso_05,42,complete,,runs/2026-09-12/loso_05__yolo11n__seed42,build_model,0.7343617040896788,0.7500000000000021,3,99.53333333333332,101.2,1579.6688213333334,1622.46656,33.666666666666664,39.0,0.0,0.0
loso_05__yolo11n__seed42,yolo11n,loso_05,42,complete,,runs/2026-09-12/loso_05__yolo11n__seed42,fit,219.95532509696204,803.3599999999999,1090,365.32587155963296,461.2,3301.8880826715595,3581.48096,25.488990825688074,35.0,600.6224088073394,759.169024
loso_05__yolo11n__seed42,yolo11n,loso_05,42,complete,,runs/2026-09-12/loso_05__yolo11n__seed42,save_model,0.02808446006383747,0.10999999999996746,0,,,,,,,,
loso_05__yolo11n__seed42,yolo11n,loso_05,42,complete,,runs/2026-09-12/loso_05__yolo11n__seed42,warmup,0.0491514028981328,0.13999999999994017,0,,,,,,,,
loso_05__yolo11n__seed42,yolo11n,loso_05,42,complete,,runs/2026-09-12/loso_05__yolo11n__seed42,evaluate_train,1.553842604975216,1.5599999999998904,8,111.3125,185.5,3353.443328,3471.982592,21.75,27.0,413.138944,413.138944
loso_05__yolo11n__seed42,yolo11n,loso_05,42,complete,,runs/2026-09-12/loso_05__yolo11n__seed42,prepare_val_clean,0.0033695390447974205,0.009999999999976694,0,,,,,,,,
loso_05__yolo11n__seed42,yolo11n,loso_05,42,complete,,runs/2026-09-12/loso_05__yolo11n__seed42,evaluate_val_clean,0.19389441900420934,0.18999999999992667,1,99.3,99.3,3474.731008,3474.731008,27.0,27.0,413.138944,413.138944
loso_05__yolo11n__seed42,yolo11n,loso_05,42,complete,,runs/2026-09-12/loso_05__yolo11n__seed42,prepare_test_clean,0.0047582939732819796,-3.197442310920451e-14,0,,,,,,,,
loso_05__yolo11n__seed42,yolo11n,loso_05,42,complete,,runs/2026-09-12/loso_05__yolo11n__seed42,evaluate_test_clean,0.27740633802022785,0.28999999999993165,2,99.0,99.3,3256.48384,3261.935616,27.0,27.0,413.138944,413.138944
loso_05__yolo11n__seed42,yolo11n,loso_05,42,complete,,runs/2026-09-12/loso_05__yolo11n__seed42,inference_batch1,0.14023367397021502,0.1399999999999455,0,,,,,,,,
loso_05__yolo11n__seed42,yolo11n,loso_05,42,complete,,runs/2026-09-12/loso_05__yolo11n__seed42,explanations,0.0003111329860985279,-4.085620730620576e-14,0,,,,,,,,
loso_05__yolo11n__seed43,yolo11n,loso_05,43,complete,,runs/2026-09-12/loso_05__yolo11n__seed43,read_data,0.18205206794664264,0.18000000000000027,0,,,,,,,,
loso_05__yolo11n__seed43,yolo11n,loso_05,43,complete,,runs/2026-09-12/loso_05__yolo11n__seed43,prepare_pipeline,14.16097023698967,14.35,71,101.25633802816903,164.1,1496.8774309859155,1497.112576,29.549295774647888,40.0,0.0,0.0
loso_05__yolo11n__seed43,yolo11n,loso_05,43,complete,,runs/2026-09-12/loso_05__yolo11n__seed43,build_model,0.7284922580001876,0.7500000000000001,3,102.16666666666667,109.1,1587.863552,1624.182784,27.0,27.0,0.0,0.0
loso_05__yolo11n__seed43,yolo11n,loso_05,43,complete,,runs/2026-09-12/loso_05__yolo11n__seed43,fit,206.81746111309621,752.4000000000001,1025,363.94399999999996,451.6,3287.677641303415,3565.060096,33.03609756097561,59.0,588.7043254321951,717.225984
loso_05__yolo11n__seed43,yolo11n,loso_05,43,complete,,runs/2026-09-12/loso_05__yolo11n__seed43,save_model,0.028774151927791536,0.10000000000004938,0,,,,,,,,
loso_05__yolo11n__seed43,yolo11n,loso_05,43,complete,,runs/2026-09-12/loso_05__yolo11n__seed43,warmup,0.052939394023269415,0.140000000000013,0,,,,,,,,
loso_05__yolo11n__seed43,yolo11n,loso_05,43,complete,,runs/2026-09-12/loso_05__yolo11n__seed43,evaluate_train,1.5910960310138762,1.6000000000000494,8,112.96249999999999,193.9,3327.894528,3442.221056,36.625,41.0,415.236096,415.236096
loso_05__yolo11n__seed43,yolo11n,loso_05,43,complete,,runs/2026-09-12/loso_05__yolo11n__seed43,prepare_val_clean,0.0032800419721752405,-4.618527782440651e-14,0,,,,,,,,
loso_05__yolo11n__seed43,yolo11n,loso_05,43,complete,,runs/2026-09-12/loso_05__yolo11n__seed43,evaluate_val_clean,0.19445005792658776,0.1999999999998856,1,105.4,105.4,3458.367488,3458.367488,40.0,40.0,415.236096,415.236096
loso_05__yolo11n__seed43,yolo11n,loso_05,43,complete,,runs/2026-09-12/loso_05__yolo11n__seed43,prepare_test_clean,0.004963535931892693,4.973799150320701e-14,0,,,,,,,,
loso_05__yolo11n__seed43,yolo11n,loso_05,43,complete,,runs/2026-09-12/loso_05__yolo11n__seed43,evaluate_test_clean,0.2812150380341336,0.29000000000001336,2,101.5,103.7,3236.78208,3239.088128,35.5,40.0,415.236096,415.236096
loso_05__yolo11n__seed43,yolo11n,loso_05,43,complete,,runs/2026-09-12/loso_05__yolo11n__seed43,inference_batch1,0.13473985099699348,0.13000000000002743,1,104.3,104.3,3245.907968,3245.907968,31.0,31.0,415.236096,415.236096
loso_05__yolo11n__seed43,yolo11n,loso_05,43,complete,,runs/2026-09-12/loso_05__yolo11n__seed43,explanations,0.0003405180759727955,3.197442310920451e-14,0,,,,,,,,
loso_05__yolo11n_random__seed42,yolo11n_random,loso_05,42,complete,,runs/2026-09-12/loso_05__yolo11n_random__seed42,read_data,0.18305327894631773,0.19000000000000006,0,,,,,,,,
loso_05__yolo11n_random__seed42,yolo11n_random,loso_05,42,complete,,runs/2026-09-12/loso_05__yolo11n_random__seed42,prepare_pipeline,14.74476778297685,14.910000000000002,74,101.15945945945947,163.6,1496.504818162162,1496.731648,27.91891891891892,39.0,0.0,0.0
loso_05__yolo11n_random__seed42,yolo11n_random,loso_05,42,complete,,runs/2026-09-12/loso_05__yolo11n_random__seed42,build_model,0.0666266520274803,0.16999999999999826,0,,,,,,,,
loso_05__yolo11n_random__seed42,yolo11n_random,loso_05,42,complete,,runs/2026-09-12/loso_05__yolo11n_random__seed42,fit,486.20104137505405,1779.31,2407,366.3693394266722,456.0,3335.1375173876195,3652.534272,25.498545907769007,38.0,783.3973591956793,1111.49056
loso_05__yolo11n_random__seed42,yolo11n_random,loso_05,42,complete,,runs/2026-09-12/loso_05__yolo11n_random__seed42,save_model,0.03020539099816233,0.11000000000016286,0,,,,,,,,
loso_05__yolo11n_random__seed42,yolo11n_random,loso_05,42,complete,,runs/2026-09-12/loso_05__yolo11n_random__seed42,warmup,0.05278953700326383,0.1399999999999082,0,,,,,,,,
loso_05__yolo11n_random__seed42,yolo11n_random,loso_05,42,complete,,runs/2026-09-12/loso_05__yolo11n_random__seed42,evaluate_train,1.5769592080032453,1.590000000000181,8,108.75,161.0,3417.135104,3532.918784,25.875,30.0,408.94464,408.94464
loso_05__yolo11n_random__seed42,yolo11n_random,loso_05,42,complete,,runs/2026-09-12/loso_05__yolo11n_random__seed42,prepare_val_clean,0.003362730029039085,-3.552713678800501e-14,0,,,,,,,,
loso_05__yolo11n_random__seed42,yolo11n_random,loso_05,42,complete,,runs/2026-09-12/loso_05__yolo11n_random__seed42,evaluate_val_clean,0.19125458900816739,0.19999999999978257,1,99.2,99.2,3544.240128,3544.240128,27.0,27.0,408.94464,408.94464
loso_05__yolo11n_random__seed42,yolo11n_random,loso_05,42,complete,,runs/2026-09-12/loso_05__yolo11n_random__seed42,prepare_test_clean,0.004770437953993678,-5.3290705182007514e-14,0,,,,,,,,
loso_05__yolo11n_random__seed42,yolo11n_random,loso_05,42,complete,,runs/2026-09-12/loso_05__yolo11n_random__seed42,evaluate_test_clean,0.2768193840747699,0.2799999999999194,2,99.94999999999999,100.6,3327.172608,3329.134592,28.0,29.0,408.94464,408.94464
loso_05__yolo11n_random__seed42,yolo11n_random,loso_05,42,complete,,runs/2026-09-12/loso_05__yolo11n_random__seed42,inference_batch1,0.1398822560440749,0.1400000000000361,1,104.2,104.2,3332.173824,3332.173824,29.0,29.0,408.94464,408.94464
loso_05__yolo11n_random__seed42,yolo11n_random,loso_05,42,complete,,runs/2026-09-12/loso_05__yolo11n_random__seed42,explanations,0.00031121401116251945,-6.394884621840902e-14,0,,,,,,,,
loso_05__yolo11n_random__seed43,yolo11n_random,loso_05,43,complete,,runs/2026-09-12/loso_05__yolo11n_random__seed43,read_data,0.18537082499824464,0.1800000000000001,0,,,,,,,,
loso_05__yolo11n_random__seed43,yolo11n_random,loso_05,43,complete,,runs/2026-09-12/loso_05__yolo11n_random__seed43,prepare_pipeline,15.052513494039886,15.249999999999998,75,101.12000000000002,156.1,1496.6940194133333,1496.920064,34.0,69.0,0.0,0.0
loso_05__yolo11n_random__seed43,yolo11n_random,loso_05,43,complete,,runs/2026-09-12/loso_05__yolo11n_random__seed43,build_model,0.07108932104893029,0.1900000000000006,0,,,,,,,,
loso_05__yolo11n_random__seed43,yolo11n_random,loso_05,43,complete,,runs/2026-09-12/loso_05__yolo11n_random__seed43,fit,341.5213871640153,1249.6,1691,366.21614429331754,457.4,3309.0294232335896,3648.630784,31.369603784742754,60.0,682.2230164967475,910.163968
loso_05__yolo11n_random__seed43,yolo11n_random,loso_05,43,complete,,runs/2026-09-12/loso_05__yolo11n_random__seed43,save_model,0.030452001024968922,0.1199999999997825,0,,,,,,,,
loso_05__yolo11n_random__seed43,yolo11n_random,loso_05,43,complete,,runs/2026-09-12/loso_05__yolo11n_random__seed43,warmup,0.0550278719747439,0.1399999999999917,0,,,,,,,,
loso_05__yolo11n_random__seed43,yolo11n_random,loso_05,43,complete,,runs/2026-09-12/loso_05__yolo11n_random__seed43,evaluate_train,1.6143982809735462,1.6300000000000008,8,105.9,137.0,3365.4543360000002,3486.081024,30.0,35.0,406.847488,406.847488
loso_05__yolo11n_random__seed43,yolo11n_random,loso_05,43,complete,,runs/2026-09-12/loso_05__yolo11n_random__seed43,prepare_val_clean,0.0032902020029723644,2.6645352591003757e-14,0,,,,,,,,
loso_05__yolo11n_random__seed43,yolo11n_random,loso_05,43,complete,,runs/2026-09-12/loso_05__yolo11n_random__seed43,evaluate_val_clean,0.1966577919665724,0.20000000000007212,1,99.3,99.3,3503.394816,3503.394816,35.0,35.0,406.847488,406.847488
loso_05__yolo11n_random__seed43,yolo11n_random,loso_05,43,complete,,runs/2026-09-12/loso_05__yolo11n_random__seed43,prepare_test_clean,0.004864809918217361,0.010000000000236042,0,,,,,,,,
loso_05__yolo11n_random__seed43,yolo11n_random,loso_05,43,complete,,runs/2026-09-12/loso_05__yolo11n_random__seed43,evaluate_test_clean,0.2815989920636639,0.2899999999999814,1,99.2,99.2,3279.863808,3279.863808,19.0,19.0,406.847488,406.847488
loso_05__yolo11n_random__seed43,yolo11n_random,loso_05,43,complete,,runs/2026-09-12/loso_05__yolo11n_random__seed43,inference_batch1,0.14119119697716087,0.13999999999988155,1,99.2,99.2,3291.19744,3291.19744,19.0,19.0,406.847488,406.847488
loso_05__yolo11n_random__seed43,yolo11n_random,loso_05,43,complete,,runs/2026-09-12/loso_05__yolo11n_random__seed43,explanations,0.0003451029770076275,8.881784197001252e-15,0,,,,,,,,
loso_06__polygarbor__seed42,polygarbor,loso_06,42,complete,,runs/2026-09-12/loso_06__polygarbor__seed42,read_data,0.17669011605903506,0.19000000000000034,0,,,,,,,,
loso_06__polygarbor__seed42,polygarbor,loso_06,42,complete,,runs/2026-09-12/loso_06__polygarbor__seed42,build_model,0.0003180500352755189,2.220446049250313e-16,0,,,,,,,,
loso_06__polygarbor__seed42,polygarbor,loso_06,42,complete,,runs/2026-09-12/loso_06__polygarbor__seed42,extract_features,15.827430890058167,15.889999999999999,79,100.42531645569619,109.5,822.8153681012659,823.35744,28.860759493670887,43.0,0.0,0.0
loso_06__polygarbor__seed42,polygarbor,loso_06,42,complete,,runs/2026-09-12/loso_06__polygarbor__seed42,fit,0.4937240059953183,10.59,3,1737.4000000000003,2176.9,857.4361600000001,864.800768,26.333333333333332,29.0,0.0,0.0
loso_06__polygarbor__seed42,polygarbor,loso_06,42,complete,,runs/2026-09-12/loso_06__polygarbor__seed42,save_model,0.024544104002416134,0.5299999999999974,0,,,,,,,,
loso_06__polygarbor__seed42,polygarbor,loso_06,42,complete,,runs/2026-09-12/loso_06__polygarbor__seed42,warmup,0.07860759506002069,0.9299999999999995,0,,,,,,,,
loso_06__polygarbor__seed42,polygarbor,loso_06,42,complete,,runs/2026-09-12/loso_06__polygarbor__seed42,evaluate_train,69.71633637696505,69.96,330,102.53090909090908,810.5,865.4812997818182,866.586624,35.515151515151516,95.0,0.0,0.0
loso_06__polygarbor__seed42,polygarbor,loso_06,42,complete,,runs/2026-09-12/loso_06__polygarbor__seed42,prepare_val_clean,0.0028008900117129087,-2.220446049250313e-15,0,,,,,,,,
loso_06__polygarbor__seed42,polygarbor,loso_06,42,complete,,runs/2026-09-12/loso_06__polygarbor__seed42,evaluate_val_clean,7.604139502975158,7.629999999999994,36,100.43055555555556,109.3,903.4497137777777,903.667712,34.30555555555556,44.0,0.0,0.0
loso_06__polygarbor__seed42,polygarbor,loso_06,42,complete,,runs/2026-09-12/loso_06__polygarbor__seed42,prepare_test_clean,0.007229287992231548,0.009999999999989795,0,,,,,,,,
loso_06__polygarbor__seed42,polygarbor,loso_06,42,complete,,runs/2026-09-12/loso_06__polygarbor__seed42,evaluate_test_clean,20.449801540002227,20.519999999999996,97,100.3979381443299,107.0,910.1256682886598,910.52032,35.81443298969072,43.0,0.0,0.0
loso_06__polygarbor__seed42,polygarbor,loso_06,42,complete,,runs/2026-09-12/loso_06__polygarbor__seed42,inference_batch1,0.966989558073692,0.9699999999999818,5,99.72,105.0,907.247616,907.247616,29.0,41.0,0.0,0.0
loso_06__polygarbor__seed42,polygarbor,loso_06,42,complete,,runs/2026-09-12/loso_06__polygarbor__seed42,explanations,0.0003892369568347931,2.220446049250313e-15,0,,,,,,,,
loso_06__polygarbor__seed43,polygarbor,loso_06,43,complete,,runs/2026-09-12/loso_06__polygarbor__seed43,read_data,0.1778405118966475,0.18000000000000005,0,,,,,,,,
loso_06__polygarbor__seed43,polygarbor,loso_06,43,complete,,runs/2026-09-12/loso_06__polygarbor__seed43,build_model,0.000301540014334023,-2.220446049250313e-16,0,,,,,,,,
loso_06__polygarbor__seed43,polygarbor,loso_06,43,complete,,runs/2026-09-12/loso_06__polygarbor__seed43,extract_features,16.268013499095105,16.330000000000002,81,100.29506172839507,104.6,822.7152782222222,823.279616,30.14814814814815,39.0,0.0,0.0
loso_06__polygarbor__seed43,polygarbor,loso_06,43,complete,,runs/2026-09-12/loso_06__polygarbor__seed43,fit,0.5337433699751273,11.31,3,1566.7666666666667,2213.8,850.6545493333333,863.322112,32.0,32.0,0.0,0.0
loso_06__polygarbor__seed43,polygarbor,loso_06,43,complete,,runs/2026-09-12/loso_06__polygarbor__seed43,save_model,0.023998325923457742,0.5099999999999967,0,,,,,,,,
loso_06__polygarbor__seed43,polygarbor,loso_06,43,complete,,runs/2026-09-12/loso_06__polygarbor__seed43,warmup,0.0807548250304535,0.9799999999999991,0,,,,,,,,
loso_06__polygarbor__seed43,polygarbor,loso_06,43,complete,,runs/2026-09-12/loso_06__polygarbor__seed43,evaluate_train,71.48579929000698,71.73,348,104.65718390804597,1598.5,864.3561754482758,865.488896,31.057471264367816,77.0,0.0,0.0
loso_06__polygarbor__seed43,polygarbor,loso_06,43,complete,,runs/2026-09-12/loso_06__polygarbor__seed43,prepare_val_clean,0.0028134819585829973,0.009999999999989129,0,,,,,,,,
loso_06__polygarbor__seed43,polygarbor,loso_06,43,complete,,runs/2026-09-12/loso_06__polygarbor__seed43,evaluate_val_clean,7.846067958977073,7.870000000000003,38,100.27894736842106,108.0,879.6989978947369,879.960064,29.0,40.0,0.0,0.0
loso_06__polygarbor__seed43,polygarbor,loso_06,43,complete,,runs/2026-09-12/loso_06__polygarbor__seed43,prepare_test_clean,0.007158264052122831,0.009999999999986464,0,,,,,,,,
loso_06__polygarbor__seed43,polygarbor,loso_06,43,complete,,runs/2026-09-12/loso_06__polygarbor__seed43,evaluate_test_clean,20.88484114804305,20.95999999999999,100,100.33999999999997,108.0,910.1180928,910.495744,30.14,86.0,0.0,0.0
loso_06__polygarbor__seed43,polygarbor,loso_06,43,complete,,runs/2026-09-12/loso_06__polygarbor__seed43,inference_batch1,1.0013756890548393,1.000000000000008,5,100.32000000000001,103.3,882.393088,882.393088,49.0,51.0,0.0,0.0
loso_06__polygarbor__seed43,polygarbor,loso_06,43,complete,,runs/2026-09-12/loso_06__polygarbor__seed43,explanations,0.0003352200146764517,7.993605777301127e-15,0,,,,,,,,
loso_06__resnet18__seed42,resnet18,loso_06,42,complete,,runs/2026-09-12/loso_06__resnet18__seed42,read_data,0.1794706709915772,0.19000000000000006,0,,,,,,,,
loso_06__resnet18__seed42,resnet18,loso_06,42,complete,,runs/2026-09-12/loso_06__resnet18__seed42,build_model,2.4796014620224014,2.58,11,103.9090909090909,144.0,1580.983389090909,1874.28864,33.81818181818182,37.0,37.939386181818186,148.897792
loso_06__resnet18__seed42,resnet18,loso_06,42,complete,,runs/2026-09-12/loso_06__resnet18__seed42,prepare_pipeline,1.0034296319354326,1.0799999999999998,5,109.3,123.1,2140.73344,2376.237056,21.0,37.0,481.0866688,534.77376
loso_06__resnet18__seed42,resnet18,loso_06,42,complete,,runs/2026-09-12/loso_06__resnet18__seed42,fit,220.15360727801453,143.70000000000002,1093,65.24181152790486,888.6,3666.5986730978957,3775.381504,82.73284537968892,94.0,4269.880139183898,4374.659072
loso_06__resnet18__seed42,resnet18,loso_06,42,complete,,runs/2026-09-12/loso_06__resnet18__seed42,save_model,0.1547541709151119,0.1699999999999804,1,104.3,104.3,3350.106112,3350.106112,87.0,87.0,4374.659072,4374.659072
loso_06__resnet18__seed42,resnet18,loso_06,42,complete,,runs/2026-09-12/loso_06__resnet18__seed42,warmup,0.5217727080453187,0.5100000000000122,3,98.89999999999999,108.6,3362.3299413333334,3389.472768,16.0,16.0,4374.659072,4374.659072
loso_06__resnet18__seed42,resnet18,loso_06,42,complete,,runs/2026-09-12/loso_06__resnet18__seed42,evaluate_train,3.217574269976467,3.059999999999997,16,94.89375,99.4,3422.203136,3423.473664,32.0625,37.0,4374.659072,4374.659072
loso_06__resnet18__seed42,resnet18,loso_06,42,complete,,runs/2026-09-12/loso_06__resnet18__seed42,prepare_val_clean,0.003098128014244139,-1.0658141036401503e-14,0,,,,,,,,
loso_06__resnet18__seed42,resnet18,loso_06,42,complete,,runs/2026-09-12/loso_06__resnet18__seed42,evaluate_val_clean,0.48575138894375414,0.4700000000000166,3,99.3,104.4,3462.6587306666665,3462.7584,12.0,12.0,4374.659072,4374.659072
loso_06__resnet18__seed42,resnet18,loso_06,42,complete,,runs/2026-09-12/loso_06__resnet18__seed42,prepare_test_clean,0.00755109591409564,0.009999999999999787,0,,,,,,,,
loso_06__resnet18__seed42,resnet18,loso_06,42,complete,,runs/2026-09-12/loso_06__resnet18__seed42,evaluate_test_clean,0.9587667379528284,0.9100000000000055,5,95.26,99.2,3467.8489088,3467.984896,33.6,39.0,4374.659072,4374.659072
loso_06__resnet18__seed42,resnet18,loso_06,42,complete,,runs/2026-09-12/loso_06__resnet18__seed42,inference_batch1,0.14557200390845537,0.14999999999997904,0,,,,,,,,
loso_06__resnet18__seed42,resnet18,loso_06,42,complete,,runs/2026-09-12/loso_06__resnet18__seed42,explanations,0.13871173304505646,0.14000000000000767,1,103.5,103.5,3473.465344,3473.465344,16.0,16.0,4374.659072,4374.659072
loso_06__resnet18__seed43,resnet18,loso_06,43,complete,,runs/2026-09-12/loso_06__resnet18__seed43,read_data,0.17946626304183155,0.18000000000000005,0,,,,,,,,
loso_06__resnet18__seed43,resnet18,loso_06,43,complete,,runs/2026-09-12/loso_06__resnet18__seed43,build_model,2.328153950977139,2.41,11,104.4909090909091,143.6,1579.5114356363636,1874.464768,18.09090909090909,26.0,37.939386181818186,148.897792
loso_06__resnet18__seed43,resnet18,loso_06,43,complete,,runs/2026-09-12/loso_06__resnet18__seed43,prepare_pipeline,1.1443522199988365,1.229999999999999,4,109.025,124.1,2203.7504,2376.425472,63.0,63.0,534.77376,534.77376
loso_06__resnet18__seed43,resnet18,loso_06,43,complete,,runs/2026-09-12/loso_06__resnet18__seed43,fit,97.18222669197712,69.16,482,71.13195020746889,963.4,3597.3204469377592,3765.850112,79.77385892116183,98.0,3619.775721692945,3823.108096
loso_06__resnet18__seed43,resnet18,loso_06,43,complete,,runs/2026-09-12/loso_06__resnet18__seed43,save_model,0.1575896010035649,0.1600000000000028,1,104.4,104.4,3403.890688,3403.890688,95.0,95.0,3823.108096,3823.108096
loso_06__resnet18__seed43,resnet18,loso_06,43,complete,,runs/2026-09-12/loso_06__resnet18__seed43,warmup,0.5402488190447912,0.5199999999999987,3,95.76666666666667,99.2,3418.259456,3451.285504,95.0,95.0,3823.108096,3823.108096
loso_06__resnet18__seed43,resnet18,loso_06,43,complete,,runs/2026-09-12/loso_06__resnet18__seed43,evaluate_train,3.349100927938707,3.170000000000001,16,94.625,99.3,3462.585344,3464.118272,54.6875,88.0,3823.108096,3823.108096
loso_06__resnet18__seed43,resnet18,loso_06,43,complete,,runs/2026-09-12/loso_06__resnet18__seed43,prepare_val_clean,0.003157248953357339,0.009999999999999787,0,,,,,,,,
loso_06__resnet18__seed43,resnet18,loso_06,43,complete,,runs/2026-09-12/loso_06__resnet18__seed43,evaluate_val_clean,0.49587847804650664,0.47999999999999865,3,98.40000000000002,104.1,3504.054272,3504.861184,50.0,50.0,3823.108096,3823.108096
loso_06__resnet18__seed43,resnet18,loso_06,43,complete,,runs/2026-09-12/loso_06__resnet18__seed43,prepare_test_clean,0.00816331000532955,-3.552713678800501e-15,0,,,,,,,,
loso_06__resnet18__seed43,resnet18,loso_06,43,complete,,runs/2026-09-12/loso_06__resnet18__seed43,evaluate_test_clean,1.0171803459525108,0.9700000000000095,5,95.08000000000001,99.1,3510.1401088,3510.267904,78.0,88.0,3823.108096,3823.108096
loso_06__resnet18__seed43,resnet18,loso_06,43,complete,,runs/2026-09-12/loso_06__resnet18__seed43,inference_batch1,0.15148148406296968,0.16000000000001346,1,96.0,96.0,3515.469824,3515.469824,38.0,38.0,3823.108096,3823.108096
loso_06__resnet18__seed43,resnet18,loso_06,43,complete,,runs/2026-09-12/loso_06__resnet18__seed43,explanations,0.15283004299271852,0.14999999999998437,1,104.9,104.9,3516.416,3516.416,38.0,38.0,3823.108096,3823.108096
loso_06__resnet18_imagenet__seed42,resnet18_imagenet,loso_06,42,complete,,runs/2026-09-12/loso_06__resnet18_imagenet__seed42,read_data,0.17803336691576988,0.18000000000000033,0,,,,,,,,
loso_06__resnet18_imagenet__seed42,resnet18_imagenet,loso_06,42,complete,,runs/2026-09-12/loso_06__resnet18_imagenet__seed42,build_model,4.753064572927542,4.900000000000001,21,103.37142857142858,144.0,1845.9950323809524,2343.088128,15.047619047619047,20.0,146.1015893333333,266.338304
loso_06__resnet18_imagenet__seed42,resnet18_imagenet,loso_06,42,complete,,runs/2026-09-12/loso_06__resnet18_imagenet__seed42,prepare_pipeline,1.0533581681083888,1.1300000000000008,4,110.25,124.2,2623.99488,2800.377856,43.5,55.0,534.77376,534.77376
loso_06__resnet18_imagenet__seed42,resnet18_imagenet,loso_06,42,complete,,runs/2026-09-12/loso_06__resnet18_imagenet__seed42,fit,121.82333409099374,94.61,605,77.60446280991735,808.7,4036.32262050909,4157.841408,80.00661157024794,95.0,4169.963171332232,4374.659072
loso_06__resnet18_imagenet__seed42,resnet18_imagenet,loso_06,42,complete,,runs/2026-09-12/loso_06__resnet18_imagenet__seed42,save_model,0.16037481592502445,0.16999999999998838,1,124.2,124.2,3785.412608,3785.412608,91.0,91.0,4374.659072,4374.659072
loso_06__resnet18_imagenet__seed42,resnet18_imagenet,loso_06,42,complete,,runs/2026-09-12/loso_06__resnet18_imagenet__seed42,warmup,0.5417224679840729,0.5299999999999976,3,98.53333333333332,103.1,3774.6824533333333,3795.472384,67.0,91.0,4374.659072,4374.659072
loso_06__resnet18_imagenet__seed42,resnet18_imagenet,loso_06,42,complete,,runs/2026-09-12/loso_06__resnet18_imagenet__seed42,evaluate_train,3.2993823010474443,3.100000000000006,16,93.7875,99.3,3790.6611199999998,3792.617472,32.1875,38.0,4374.659072,4374.659072
loso_06__resnet18_imagenet__seed42,resnet18_imagenet,loso_06,42,complete,,runs/2026-09-12/loso_06__resnet18_imagenet__seed42,prepare_val_clean,0.0032153379870578647,-1.7763568394002505e-15,0,,,,,,,,
loso_06__resnet18_imagenet__seed42,resnet18_imagenet,loso_06,42,complete,,runs/2026-09-12/loso_06__resnet18_imagenet__seed42,evaluate_val_clean,0.48048668494448066,0.4600000000000062,2,94.1,99.1,3831.986176,3831.996416,38.0,39.0,4374.659072,4374.659072
loso_06__resnet18_imagenet__seed42,resnet18_imagenet,loso_06,42,complete,,runs/2026-09-12/loso_06__resnet18_imagenet__seed42,prepare_test_clean,0.0082787029678002,0.010000000000004228,0,,,,,,,,
loso_06__resnet18_imagenet__seed42,resnet18_imagenet,loso_06,42,complete,,runs/2026-09-12/loso_06__resnet18_imagenet__seed42,evaluate_test_clean,0.9857598160160705,0.9299999999999917,5,95.36,99.4,3837.0328576,3837.059072,37.8,39.0,4374.659072,4374.659072
loso_06__resnet18_imagenet__seed42,resnet18_imagenet,loso_06,42,complete,,runs/2026-09-12/loso_06__resnet18_imagenet__seed42,inference_batch1,0.16499850095715374,0.16000000000000192,1,104.9,104.9,3837.079552,3837.079552,36.0,36.0,4374.659072,4374.659072
loso_06__resnet18_imagenet__seed42,resnet18_imagenet,loso_06,42,complete,,runs/2026-09-12/loso_06__resnet18_imagenet__seed42,explanations,0.1340140870306641,0.1400000000000059,1,97.5,97.5,3837.140992,3837.140992,13.0,13.0,4374.659072,4374.659072
loso_06__resnet18_imagenet__seed43,resnet18_imagenet,loso_06,43,complete,,runs/2026-09-12/loso_06__resnet18_imagenet__seed43,read_data,0.18181362701579928,0.1900000000000001,0,,,,,,,,
loso_06__resnet18_imagenet__seed43,resnet18_imagenet,loso_06,43,complete,,runs/2026-09-12/loso_06__resnet18_imagenet__seed43,build_model,4.896231267019175,5.0600000000000005,20,103.05999999999999,131.7,1850.4757248,2343.059456,17.6,22.0,153.30181119999997,266.338304
loso_06__resnet18_imagenet__seed43,resnet18_imagenet,loso_06,43,complete,,runs/2026-09-12/loso_06__resnet18_imagenet__seed43,prepare_pipeline,1.0977705719415098,1.1899999999999995,4,110.25,124.1,2623.5299840000002,2800.35328,12.0,15.0,534.77376,534.77376
loso_06__resnet18_imagenet__seed43,resnet18_imagenet,loso_06,43,complete,,runs/2026-09-12/loso_06__resnet18_imagenet__seed43,fit,157.2917229309678,121.26,781,77.06081946222791,1151.2,4006.147841638925,4129.492992,81.28297055057618,96.0,3691.4252098540337,3829.399552
loso_06__resnet18_imagenet__seed43,resnet18_imagenet,loso_06,43,complete,,runs/2026-09-12/loso_06__resnet18_imagenet__seed43,save_model,0.16605896700639278,0.17000000000001236,1,124.0,124.0,3729.281024,3729.281024,92.0,92.0,3829.399552,3829.399552
loso_06__resnet18_imagenet__seed43,resnet18_imagenet,loso_06,43,complete,,runs/2026-09-12/loso_06__resnet18_imagenet__seed43,warmup,0.5150156510062516,0.5000000000000071,3,98.89999999999999,99.2,3714.6514773333333,3740.512256,43.333333333333336,92.0,3829.3995520000003,3829.399552
loso_06__resnet18_imagenet__seed43,resnet18_imagenet,loso_06,43,complete,,runs/2026-09-12/loso_06__resnet18_imagenet__seed43,evaluate_train,3.306711482000537,3.0900000000000034,16,93.34375,99.3,3771.9498240000003,3773.792256,35.375,43.0,3829.399552,3829.399552
loso_06__resnet18_imagenet__seed43,resnet18_imagenet,loso_06,43,complete,,runs/2026-09-12/loso_06__resnet18_imagenet__seed43,prepare_val_clean,0.003121734014712274,0.009999999999990905,0,,,,,,,,
loso_06__resnet18_imagenet__seed43,resnet18_imagenet,loso_06,43,complete,,runs/2026-09-12/loso_06__resnet18_imagenet__seed43,evaluate_val_clean,0.5163956939941272,0.5,3,96.16666666666667,99.2,3813.15072,3813.339136,25.666666666666668,43.0,3829.3995520000003,3829.399552
loso_06__resnet18_imagenet__seed43,resnet18_imagenet,loso_06,43,complete,,runs/2026-09-12/loso_06__resnet18_imagenet__seed43,prepare_test_clean,0.007978766923770308,7.105427357601002e-15,0,,,,,,,,
loso_06__resnet18_imagenet__seed43,resnet18_imagenet,loso_06,43,complete,,runs/2026-09-12/loso_06__resnet18_imagenet__seed43,evaluate_test_clean,1.1480120960623026,0.9900000000000162,6,87.16666666666667,98.8,3818.68032,3819.003904,32.333333333333336,40.0,3829.3995519999994,3829.399552
loso_06__resnet18_imagenet__seed43,resnet18_imagenet,loso_06,43,complete,,runs/2026-09-12/loso_06__resnet18_imagenet__seed43,inference_batch1,0.18508029403164983,0.16999999999999993,1,100.7,100.7,3819.147264,3819.147264,61.0,61.0,3829.399552,3829.399552
loso_06__resnet18_imagenet__seed43,resnet18_imagenet,loso_06,43,complete,,runs/2026-09-12/loso_06__resnet18_imagenet__seed43,explanations,0.14291206398047507,0.15000000000000924,1,89.2,89.2,3819.216896,3819.216896,61.0,61.0,3829.399552,3829.399552
loso_06__yolo11n__seed42,yolo11n,loso_06,42,complete,,runs/2026-09-12/loso_06__yolo11n__seed42,read_data,0.17868190398439765,0.17000000000000048,0,,,,,,,,
loso_06__yolo11n__seed42,yolo11n,loso_06,42,complete,,runs/2026-09-12/loso_06__yolo11n__seed42,prepare_pipeline,13.348055558046326,13.550000000000002,66,101.3909090909091,163.9,1447.8682298181818,1448.071168,30.242424242424242,40.0,0.0,0.0
loso_06__yolo11n__seed42,yolo11n,loso_06,42,complete,,runs/2026-09-12/loso_06__yolo11n__seed42,build_model,0.7414486219640821,0.7499999999999974,4,99.975,104.5,1519.314944,1576.665088,27.0,27.0,0.0,0.0
loso_06__yolo11n__seed42,yolo11n,loso_06,42,complete,,runs/2026-09-12/loso_06__yolo11n__seed42,fit,261.8131099890452,955.75,1297,365.2981495759445,501.6,3140.1321313307635,3464.572928,35.86276021588281,67.0,638.1405549545103,817.88928
loso_06__yolo11n__seed42,yolo11n,loso_06,42,complete,,runs/2026-09-12/loso_06__yolo11n__seed42,save_model,0.029945770977064967,0.10999999999988574,0,,,,,,,,
loso_06__yolo11n__seed42,yolo11n,loso_06,42,complete,,runs/2026-09-12/loso_06__yolo11n__seed42,warmup,0.05135737801901996,0.12999999999998124,0,,,,,,,,
loso_06__yolo11n__seed42,yolo11n,loso_06,42,complete,,runs/2026-09-12/loso_06__yolo11n__seed42,evaluate_train,1.4609260300640017,1.4800000000001177,8,113.25,191.0,3249.3655040000003,3357.044736,30.375,33.0,427.819008,427.819008
loso_06__yolo11n__seed42,yolo11n,loso_06,42,complete,,runs/2026-09-12/loso_06__yolo11n__seed42,prepare_val_clean,0.002841253997758031,2.6645352591003757e-14,0,,,,,,,,
loso_06__yolo11n__seed42,yolo11n,loso_06,42,complete,,runs/2026-09-12/loso_06__yolo11n__seed42,evaluate_val_clean,0.1919194390065968,0.18999999999996753,1,98.2,98.2,3357.630464,3357.630464,31.0,31.0,427.819008,427.819008
loso_06__yolo11n__seed42,yolo11n,loso_06,42,complete,,runs/2026-09-12/loso_06__yolo11n__seed42,prepare_test_clean,0.007596011972054839,0.009999999999999787,0,,,,,,,,
loso_06__yolo11n__seed42,yolo11n,loso_06,42,complete,,runs/2026-09-12/loso_06__yolo11n__seed42,evaluate_test_clean,0.4380742600187659,0.44000000000006345,2,100.80000000000001,103.7,3168.331776,3180.634112,36.0,36.0,427.819008,427.819008
loso_06__yolo11n__seed42,yolo11n,loso_06,42,complete,,runs/2026-09-12/loso_06__yolo11n__seed42,inference_batch1,0.14859607501421124,0.1499999999999595,1,98.4,98.4,3140.886528,3140.886528,36.0,36.0,427.819008,427.819008
loso_06__yolo11n__seed42,yolo11n,loso_06,42,complete,,runs/2026-09-12/loso_06__yolo11n__seed42,explanations,0.00034219492226839066,-1.7763568394002505e-14,0,,,,,,,,
loso_06__yolo11n__seed43,yolo11n,loso_06,43,complete,,runs/2026-09-12/loso_06__yolo11n__seed43,read_data,0.1791549229528755,0.18000000000000055,0,,,,,,,,
loso_06__yolo11n__seed43,yolo11n,loso_06,43,complete,,runs/2026-09-12/loso_06__yolo11n__seed43,prepare_pipeline,13.464951034053229,13.64,67,101.27462686567165,163.8,1447.9932828656717,1448.198144,30.53731343283582,36.0,0.0,0.0
loso_06__yolo11n__seed43,yolo11n,loso_06,43,complete,,runs/2026-09-12/loso_06__yolo11n__seed43,build_model,0.7593408660031855,0.7699999999999981,3,99.8,103.2,1529.9106133333335,1574.043648,34.0,34.0,0.0,0.0
loso_06__yolo11n__seed43,yolo11n,loso_06,43,complete,,runs/2026-09-12/loso_06__yolo11n__seed43,fit,218.45089430303778,795.99,1082,364.6046210720887,501.6,3127.700065478743,3437.891584,39.49260628465804,79.0,609.1567565841035,769.654784
loso_06__yolo11n__seed43,yolo11n,loso_06,43,complete,,runs/2026-09-12/loso_06__yolo11n__seed43,save_model,0.038616632926277816,0.13000000000001855,0,,,,,,,,
loso_06__yolo11n__seed43,yolo11n,loso_06,43,complete,,runs/2026-09-12/loso_06__yolo11n__seed43,warmup,0.06443881196901202,0.17000000000009585,0,,,,,,,,
loso_06__yolo11n__seed43,yolo11n,loso_06,43,complete,,runs/2026-09-12/loso_06__yolo11n__seed43,evaluate_train,1.5766635299660265,1.6000000000000458,8,115.6375,210.1,3213.4671359999998,3317.035008,47.0,55.0,401.342464,404.750336
loso_06__yolo11n__seed43,yolo11n,loso_06,43,complete,,runs/2026-09-12/loso_06__yolo11n__seed43,prepare_val_clean,0.0031529570696875453,0.01000000000003709,0,,,,,,,,
loso_06__yolo11n__seed43,yolo11n,loso_06,43,complete,,runs/2026-09-12/loso_06__yolo11n__seed43,evaluate_val_clean,0.1946862799813971,0.20000000000009166,1,99.3,99.3,3331.42016,3331.42016,52.0,52.0,404.750336,404.750336
loso_06__yolo11n__seed43,yolo11n,loso_06,43,complete,,runs/2026-09-12/loso_06__yolo11n__seed43,prepare_test_clean,0.00835911906324327,0.01000000000001755,0,,,,,,,,
loso_06__yolo11n__seed43,yolo11n,loso_06,43,complete,,runs/2026-09-12/loso_06__yolo11n__seed43,evaluate_test_clean,0.48402238893322647,0.49000000000003574,2,104.35,109.2,3143.2192,3152.031744,52.0,52.0,404.750336,404.750336
loso_06__yolo11n__seed43,yolo11n,loso_06,43,complete,,runs/2026-09-12/loso_06__yolo11n__seed43,inference_batch1,0.1827338240109384,0.18000000000007255,1,104.1,104.1,3116.982272,3116.982272,55.0,55.0,404.750336,404.750336
loso_06__yolo11n__seed43,yolo11n,loso_06,43,complete,,runs/2026-09-12/loso_06__yolo11n__seed43,explanations,0.0003867099294438958,8.881784197001252e-15,0,,,,,,,,
loso_06__yolo11n_random__seed42,yolo11n_random,loso_06,42,complete,,runs/2026-09-12/loso_06__yolo11n_random__seed42,read_data,0.18462539196480066,0.1900000000000001,0,,,,,,,,
loso_06__yolo11n_random__seed42,yolo11n_random,loso_06,42,complete,,runs/2026-09-12/loso_06__yolo11n_random__seed42,prepare_pipeline,13.943561407970265,14.139999999999997,70,101.2414285714286,158.0,1448.1647323428572,1448.378368,28.957142857142856,42.0,0.0,0.0
loso_06__yolo11n_random__seed42,yolo11n_random,loso_06,42,complete,,runs/2026-09-12/loso_06__yolo11n_random__seed42,build_model,0.07150801992975175,0.19000000000000372,0,,,,,,,,
loso_06__yolo11n_random__seed42,yolo11n_random,loso_06,42,complete,,runs/2026-09-12/loso_06__yolo11n_random__seed42,fit,440.082589021069,1608.9399999999998,2180,365.89536697247706,451.0,3190.930478972477,3484.557312,25.112844036697247,46.0,773.6942065908257,1094.713344
loso_06__yolo11n_random__seed42,yolo11n_random,loso_06,42,complete,,runs/2026-09-12/loso_06__yolo11n_random__seed42,save_model,0.02954572904855013,0.10999999999978982,0,,,,,,,,
loso_06__yolo11n_random__seed42,yolo11n_random,loso_06,42,complete,,runs/2026-09-12/loso_06__yolo11n_random__seed42,warmup,0.05050272203516215,0.129999999999999,0,,,,,,,,
loso_06__yolo11n_random__seed42,yolo11n_random,loso_06,42,complete,,runs/2026-09-12/loso_06__yolo11n_random__seed42,evaluate_train,1.4578943660017103,1.479999999999908,7,104.82857142857142,123.3,3294.849901714286,3400.462336,21.714285714285715,24.0,411.041792,411.041792
loso_06__yolo11n_random__seed42,yolo11n_random,loso_06,42,complete,,runs/2026-09-12/loso_06__yolo11n_random__seed42,prepare_val_clean,0.0030395069625228643,0.010000000000026432,0,,,,,,,,
loso_06__yolo11n_random__seed42,yolo11n_random,loso_06,42,complete,,runs/2026-09-12/loso_06__yolo11n_random__seed42,evaluate_val_clean,0.17326099507045,0.1700000000001083,1,103.8,103.8,3423.268864,3423.268864,28.0,28.0,411.041792,411.041792
loso_06__yolo11n_random__seed42,yolo11n_random,loso_06,42,complete,,runs/2026-09-12/loso_06__yolo11n_random__seed42,prepare_test_clean,0.00826297898311168,2.842170943040401e-14,0,,,,,,,,
loso_06__yolo11n_random__seed42,yolo11n_random,loso_06,42,complete,,runs/2026-09-12/loso_06__yolo11n_random__seed42,evaluate_test_clean,0.43199522502254695,0.4399999999998556,2,99.19999999999999,99.3,3238.5228800000004,3255.230464,29.5,31.0,411.041792,411.041792
loso_06__yolo11n_random__seed42,yolo11n_random,loso_06,42,complete,,runs/2026-09-12/loso_06__yolo11n_random__seed42,inference_batch1,0.14245971199125051,0.1400000000001107,1,98.6,98.6,3206.119424,3206.119424,31.0,31.0,411.041792,411.041792
loso_06__yolo11n_random__seed42,yolo11n_random,loso_06,42,complete,,runs/2026-09-12/loso_06__yolo11n_random__seed42,explanations,0.0003378479741513729,1.0658141036401503e-14,0,,,,,,,,
loso_06__yolo11n_random__seed43,yolo11n_random,loso_06,43,complete,,runs/2026-09-12/loso_06__yolo11n_random__seed43,read_data,0.18175061896909028,0.19000000000000034,0,,,,,,,,
loso_06__yolo11n_random__seed43,yolo11n_random,loso_06,43,complete,,runs/2026-09-12/loso_06__yolo11n_random__seed43,prepare_pipeline,14.373487906064838,14.559999999999999,71,101.34507042253524,168.0,1447.9987668732392,1448.198144,37.2112676056338,43.0,0.0,0.0
loso_06__yolo11n_random__seed43,yolo11n_random,loso_06,43,complete,,runs/2026-09-12/loso_06__yolo11n_random__seed43,build_model,0.07818132301326841,0.2200000000000013,0,,,,,,,,
loso_06__yolo11n_random__seed43,yolo11n_random,loso_06,43,complete,,runs/2026-09-12/loso_06__yolo11n_random__seed43,fit,264.1397043069592,964.4100000000001,1308,365.4892201834863,509.4,3134.192655657492,3483.119616,40.79051987767584,77.0,641.7990583975536,822.083584
loso_06__yolo11n_random__seed43,yolo11n_random,loso_06,43,complete,,runs/2026-09-12/loso_06__yolo11n_random__seed43,save_model,0.030987047939561307,0.12000000000005961,0,,,,,,,,
loso_06__yolo11n_random__seed43,yolo11n_random,loso_06,43,complete,,runs/2026-09-12/loso_06__yolo11n_random__seed43,warmup,0.05222824402153492,0.13000000000005052,0,,,,,,,,
loso_06__yolo11n_random__seed43,yolo11n_random,loso_06,43,complete,,runs/2026-09-12/loso_06__yolo11n_random__seed43,evaluate_train,1.5034863440087065,1.529999999999914,8,107.15,142.9,3231.977984,3337.793536,37.75,44.0,432.013312,432.013312
loso_06__yolo11n_random__seed43,yolo11n_random,loso_06,43,complete,,runs/2026-09-12/loso_06__yolo11n_random__seed43,prepare_val_clean,0.0031169300200417638,-1.7763568394002505e-14,0,,,,,,,,
loso_06__yolo11n_random__seed43,yolo11n_random,loso_06,43,complete,,runs/2026-09-12/loso_06__yolo11n_random__seed43,evaluate_val_clean,0.18585144903045148,0.1900000000000368,1,103.8,103.8,3338.379264,3338.379264,44.0,44.0,432.013312,432.013312
loso_06__yolo11n_random__seed43,yolo11n_random,loso_06,43,complete,,runs/2026-09-12/loso_06__yolo11n_random__seed43,prepare_test_clean,0.008152550901286304,0.009999999999955378,0,,,,,,,,
loso_06__yolo11n_random__seed43,yolo11n_random,loso_06,43,complete,,runs/2026-09-12/loso_06__yolo11n_random__seed43,evaluate_test_clean,0.46293972397688776,0.479999999999869,2,101.6,104.2,3146.092544,3155.21024,39.0,39.0,432.013312,432.013312
loso_06__yolo11n_random__seed43,yolo11n_random,loso_06,43,complete,,runs/2026-09-12/loso_06__yolo11n_random__seed43,inference_batch1,0.14759976603090763,0.15000000000003588,1,101.6,101.6,3178.221568,3178.221568,39.0,39.0,432.013312,432.013312
loso_06__yolo11n_random__seed43,yolo11n_random,loso_06,43,complete,,runs/2026-09-12/loso_06__yolo11n_random__seed43,explanations,0.00034272903576493263,4.973799150320701e-14,0,,,,,,,,
loso_07__polygarbor__seed42,polygarbor,loso_07,42,complete,,runs/2026-09-12/loso_07__polygarbor__seed42,read_data,0.18244250502903014,0.17999999999999988,0,,,,,,,,
loso_07__polygarbor__seed42,polygarbor,loso_07,42,complete,,runs/2026-09-12/loso_07__polygarbor__seed42,build_model,0.000348765985108912,-2.220446049250313e-16,0,,,,,,,,
loso_07__polygarbor__seed42,polygarbor,loso_07,42,complete,,runs/2026-09-12/loso_07__polygarbor__seed42,extract_features,18.487839473062195,18.56,92,100.34891304347826,104.6,856.8846246956523,857.382912,29.597826086956523,56.0,0.0,0.0
loso_07__polygarbor__seed42,polygarbor,loso_07,42,complete,,runs/2026-09-12/loso_07__polygarbor__seed42,fit,0.9187100019771606,19.32,5,1745.06,2144.8,878.5117183999998,896.741376,36.8,44.0,0.0,0.0
loso_07__polygarbor__seed42,polygarbor,loso_07,42,complete,,runs/2026-09-12/loso_07__polygarbor__seed42,save_model,0.026702148956246674,0.5499999999999952,0,,,,,,,,
loso_07__polygarbor__seed42,polygarbor,loso_07,42,complete,,runs/2026-09-12/loso_07__polygarbor__seed42,warmup,0.09118447999935597,1.2399999999999929,1,1792.5,1792.5,895.582208,895.582208,32.0,32.0,0.0,0.0
loso_07__polygarbor__seed42,polygarbor,loso_07,42,complete,,runs/2026-09-12/loso_07__polygarbor__seed42,evaluate_train,78.69624184595887,78.97999999999999,373,100.39061662198391,110.5,896.4629687935657,897.777664,32.06702412868633,80.0,0.0,0.0
loso_07__polygarbor__seed42,polygarbor,loso_07,42,complete,,runs/2026-09-12/loso_07__polygarbor__seed42,prepare_val_clean,0.0032355060102418065,-6.8833827526759706e-15,0,,,,,,,,
loso_07__polygarbor__seed42,polygarbor,loso_07,42,complete,,runs/2026-09-12/loso_07__polygarbor__seed42,evaluate_val_clean,8.608664661995135,8.630000000000003,41,100.5170731707317,107.3,937.684992,938.000384,30.390243902439025,74.0,0.0,0.0
loso_07__polygarbor__seed42,polygarbor,loso_07,42,complete,,runs/2026-09-12/loso_07__polygarbor__seed42,prepare_test_clean,0.003643717966042459,-5.773159728050814e-15,0,,,,,,,,
loso_07__polygarbor__seed42,polygarbor,loso_07,42,complete,,runs/2026-09-12/loso_07__polygarbor__seed42,evaluate_test_clean,9.5384041829966,9.579999999999979,46,100.44130434782609,105.5,944.0080584347827,944.164864,26.282608695652176,49.0,0.0,0.0
loso_07__polygarbor__seed42,polygarbor,loso_07,42,complete,,runs/2026-09-12/loso_07__polygarbor__seed42,inference_batch1,0.9889872629428282,0.9900000000000058,5,99.89999999999999,101.5,940.814336,940.814336,26.4,27.0,0.0,0.0
loso_07__polygarbor__seed42,polygarbor,loso_07,42,complete,,runs/2026-09-12/loso_07__polygarbor__seed42,explanations,0.0002941180719062686,-3.3306690738754696e-15,0,,,,,,,,
loso_07__polygarbor__seed43,polygarbor,loso_07,43,complete,,runs/2026-09-12/loso_07__polygarbor__seed43,read_data,0.19053477107081562,0.19000000000000006,0,,,,,,,,
loso_07__polygarbor__seed43,polygarbor,loso_07,43,complete,,runs/2026-09-12/loso_07__polygarbor__seed43,build_model,0.0003783280262723565,0.0,0,,,,,,,,
loso_07__polygarbor__seed43,polygarbor,loso_07,43,complete,,runs/2026-09-12/loso_07__polygarbor__seed43,extract_features,19.53729527501855,19.619999999999997,98,100.39489795918367,109.5,856.6814093061226,857.235456,45.8469387755102,70.0,0.0,0.0
loso_07__polygarbor__seed43,polygarbor,loso_07,43,complete,,runs/2026-09-12/loso_07__polygarbor__seed43,fit,0.6562691549770534,13.760000000000003,3,2004.8999999999999,2135.4,888.0674133333332,891.744256,47.333333333333336,60.0,0.0,0.0
loso_07__polygarbor__seed43,polygarbor,loso_07,43,complete,,runs/2026-09-12/loso_07__polygarbor__seed43,save_model,0.022683806950226426,0.4800000000000042,0,,,,,,,,
loso_07__polygarbor__seed43,polygarbor,loso_07,43,complete,,runs/2026-09-12/loso_07__polygarbor__seed43,warmup,0.09091350494418293,1.3200000000000005,0,,,,,,,,
loso_07__polygarbor__seed43,polygarbor,loso_07,43,complete,,runs/2026-09-12/loso_07__polygarbor__seed43,evaluate_train,83.92587252496742,84.23000000000002,406,104.16354679802954,1645.0,889.0565939704434,890.42944,42.40886699507389,70.0,0.0,0.0
loso_07__polygarbor__seed43,polygarbor,loso_07,43,complete,,runs/2026-09-12/loso_07__polygarbor__seed43,prepare_val_clean,0.003207714995369315,0.010000000000001785,0,,,,,,,,
loso_07__polygarbor__seed43,polygarbor,loso_07,43,complete,,runs/2026-09-12/loso_07__polygarbor__seed43,evaluate_val_clean,9.344005155027844,9.369999999999987,45,100.27333333333334,113.8,915.4886769777778,915.787776,37.08888888888889,65.0,0.0,0.0
loso_07__polygarbor__seed43,polygarbor,loso_07,43,complete,,runs/2026-09-12/loso_07__polygarbor__seed43,prepare_test_clean,0.005361145013011992,0.009999999999998899,0,,,,,,,,
loso_07__polygarbor__seed43,polygarbor,loso_07,43,complete,,runs/2026-09-12/loso_07__polygarbor__seed43,evaluate_test_clean,10.369790842058137,10.400000000000013,50,100.28599999999999,106.2,923.1395225599999,923.303936,29.7,60.0,0.0,0.0
loso_07__polygarbor__seed43,polygarbor,loso_07,43,complete,,runs/2026-09-12/loso_07__polygarbor__seed43,inference_batch1,1.0517932459479198,1.0600000000000023,5,100.63999999999999,104.3,917.97504,917.97504,22.6,25.0,0.0,0.0
loso_07__polygarbor__seed43,polygarbor,loso_07,43,complete,,runs/2026-09-12/loso_07__polygarbor__seed43,explanations,0.00032054807525128126,-8.881784197001252e-15,0,,,,,,,,
loso_07__resnet18__seed42,resnet18,loso_07,42,complete,,runs/2026-09-12/loso_07__resnet18__seed42,read_data,0.18262195400893688,0.19000000000000006,0,,,,,,,,
loso_07__resnet18__seed42,resnet18,loso_07,42,complete,,runs/2026-09-12/loso_07__resnet18__seed42,build_model,2.4953165070619434,2.59,11,102.4090909090909,122.9,1651.6542836363637,1948.717056,26.272727272727273,28.0,48.61579636363637,266.338304
loso_07__resnet18__seed42,resnet18,loso_07,42,complete,,runs/2026-09-12/loso_07__resnet18__seed42,prepare_pipeline,1.2110068070469424,1.2900000000000005,5,108.38,118.6,2291.2065536,2527.862784,25.8,29.0,695.8350336,803.209216
loso_07__resnet18__seed42,resnet18,loso_07,42,complete,,runs/2026-09-12/loso_07__resnet18__seed42,fit,262.14885504497215,158.09,1302,60.31628264208911,885.0,3870.320721794163,3966.81216,87.60752688172043,100.0,3992.7148613210443,4070.572032
loso_07__resnet18__seed42,resnet18,loso_07,42,complete,,runs/2026-09-12/loso_07__resnet18__seed42,save_model,0.15716172102838755,0.15999999999998948,0,,,,,,,,
loso_07__resnet18__seed42,resnet18,loso_07,42,complete,,runs/2026-09-12/loso_07__resnet18__seed42,warmup,0.5553497379878536,0.5500000000000131,3,99.36666666666667,106.1,3618.773674666667,3649.957888,42.0,90.0,4070.572032,4070.572032
loso_07__resnet18__seed42,resnet18,loso_07,42,complete,,runs/2026-09-12/loso_07__resnet18__seed42,evaluate_train,3.5736842629266903,3.399999999999981,18,95.36666666666666,104.2,3680.355214222223,3682.971648,33.55555555555556,38.0,4070.5720319999996,4070.572032
loso_07__resnet18__seed42,resnet18,loso_07,42,complete,,runs/2026-09-12/loso_07__resnet18__seed42,prepare_val_clean,0.0036135079571977258,-1.0658141036401503e-14,0,,,,,,,,
loso_07__resnet18__seed42,resnet18,loso_07,42,complete,,runs/2026-09-12/loso_07__resnet18__seed42,evaluate_val_clean,0.5034631720045581,0.48999999999999844,3,98.56666666666666,104.2,3692.5876906666667,3692.638208,40.0,40.0,4070.572032,4070.572032
loso_07__resnet18__seed42,resnet18,loso_07,42,complete,,runs/2026-09-12/loso_07__resnet18__seed42,prepare_test_clean,0.003946826909668744,-8.881784197001252e-15,0,,,,,,,,
loso_07__resnet18__seed42,resnet18,loso_07,42,complete,,runs/2026-09-12/loso_07__resnet18__seed42,evaluate_test_clean,0.6229932939168066,0.6199999999999957,3,99.06666666666668,103.9,3694.029482666667,3694.206976,15.0,15.0,4070.572032,4070.572032
loso_07__resnet18__seed42,resnet18,loso_07,42,complete,,runs/2026-09-12/loso_07__resnet18__seed42,inference_batch1,0.14583829801995307,0.15000000000000746,1,104.1,104.1,3696.033792,3696.033792,15.0,15.0,4070.572032,4070.572032
loso_07__resnet18__seed42,resnet18,loso_07,42,complete,,runs/2026-09-12/loso_07__resnet18__seed42,explanations,0.12466264597605914,0.11999999999999744,1,99.4,99.4,3696.975872,3696.975872,50.0,50.0,4070.572032,4070.572032
loso_07__resnet18__seed43,resnet18,loso_07,43,complete,,runs/2026-09-12/loso_07__resnet18__seed43,read_data,0.18398056202568114,0.18999999999999984,0,,,,,,,,
loso_07__resnet18__seed43,resnet18,loso_07,43,complete,,runs/2026-09-12/loso_07__resnet18__seed43,build_model,2.6209775750758126,2.69,11,101.5,121.1,1650.5182021818182,1948.602368,31.90909090909091,47.0,61.00805818181818,266.338304
loso_07__resnet18__seed43,resnet18,loso_07,43,complete,,runs/2026-09-12/loso_07__resnet18__seed43,prepare_pipeline,1.3797010829439387,1.4599999999999995,6,107.08333333333336,119.1,2266.4430933333333,2528.350208,35.5,37.0,624.2522453333335,803.209216
loso_07__resnet18__seed43,resnet18,loso_07,43,complete,,runs/2026-09-12/loso_07__resnet18__seed43,fit,176.48035235400312,112.36999999999999,876,63.648059360730606,903.3,3843.417527525114,3953.680384,84.22945205479452,99.0,3652.5708554520556,3762.290688
loso_07__resnet18__seed43,resnet18,loso_07,43,complete,,runs/2026-09-12/loso_07__resnet18__seed43,save_model,0.17526957497466356,0.1700000000000088,1,109.3,109.3,3499.675648,3499.675648,91.0,91.0,3762.290688,3762.290688
loso_07__resnet18__seed43,resnet18,loso_07,43,complete,,runs/2026-09-12/loso_07__resnet18__seed43,warmup,0.5288481879979372,0.529999999999994,3,97.26666666666667,99.0,3516.8283306666667,3535.941632,91.0,91.0,3762.2906879999996,3762.290688
loso_07__resnet18__seed43,resnet18,loso_07,43,complete,,runs/2026-09-12/loso_07__resnet18__seed43,evaluate_train,3.702054396038875,3.480000000000004,18,93.96111111111112,104.3,3530.4789333333338,3533.062144,49.0,91.0,3762.290688,3762.290688
loso_07__resnet18__seed43,resnet18,loso_07,43,complete,,runs/2026-09-12/loso_07__resnet18__seed43,prepare_val_clean,0.003651042003184557,5.329070518200751e-15,0,,,,,,,,
loso_07__resnet18__seed43,resnet18,loso_07,43,complete,,runs/2026-09-12/loso_07__resnet18__seed43,evaluate_val_clean,0.5263896950054914,0.5099999999999962,2,96.30000000000001,99.2,3542.8024320000004,3542.810624,30.0,30.0,3762.290688,3762.290688
loso_07__resnet18__seed43,resnet18,loso_07,43,complete,,runs/2026-09-12/loso_07__resnet18__seed43,prepare_test_clean,0.0039042329881340265,0.009999999999992681,0,,,,,,,,
loso_07__resnet18__seed43,resnet18,loso_07,43,complete,,runs/2026-09-12/loso_07__resnet18__seed43,evaluate_test_clean,0.6703383269486949,0.6599999999999984,4,97.47500000000001,99.5,3544.59136,3544.670208,36.0,42.0,3762.290688,3762.290688
loso_07__resnet18__seed43,resnet18,loso_07,43,complete,,runs/2026-09-12/loso_07__resnet18__seed43,inference_batch1,0.14450801303610206,0.14000000000000412,1,99.3,99.3,3546.23488,3546.23488,42.0,42.0,3762.290688,3762.290688
loso_07__resnet18__seed43,resnet18,loso_07,43,complete,,runs/2026-09-12/loso_07__resnet18__seed43,explanations,0.13877645693719387,0.15000000000000924,0,,,,,,,,
loso_07__resnet18_imagenet__seed42,resnet18_imagenet,loso_07,42,complete,,runs/2026-09-12/loso_07__resnet18_imagenet__seed42,read_data,0.18626394192688167,0.18000000000000027,0,,,,,,,,
loso_07__resnet18_imagenet__seed42,resnet18_imagenet,loso_07,42,complete,,runs/2026-09-12/loso_07__resnet18_imagenet__seed42,build_model,4.751498818048276,4.930000000000001,21,103.9047619047619,143.9,1914.1981135238098,2413.473792,19.238095238095237,31.0,146.30131809523806,266.338304
loso_07__resnet18_imagenet__seed42,resnet18_imagenet,loso_07,42,complete,,runs/2026-09-12/loso_07__resnet18_imagenet__seed42,prepare_pipeline,1.124149876064621,1.1900000000000002,4,109.425,123.9,2761.62048,2964.709376,15.0,16.0,803.209216,803.209216
loso_07__resnet18_imagenet__seed42,resnet18_imagenet,loso_07,42,complete,,runs/2026-09-12/loso_07__resnet18_imagenet__seed42,fit,153.2929947200464,115.22,762,75.18661417322835,814.2,4154.099545364829,4313.264128,81.0971128608924,99.0,3987.467567706038,4127.195136
loso_07__resnet18_imagenet__seed42,resnet18_imagenet,loso_07,42,complete,,runs/2026-09-12/loso_07__resnet18_imagenet__seed42,save_model,0.1745823340024799,0.19000000000000483,0,,,,,,,,
loso_07__resnet18_imagenet__seed42,resnet18_imagenet,loso_07,42,complete,,runs/2026-09-12/loso_07__resnet18_imagenet__seed42,warmup,0.5348177730338648,0.5199999999999942,3,98.46666666666665,106.5,3853.5727786666666,3886.227456,19.0,19.0,4127.195136,4127.195136
loso_07__resnet18_imagenet__seed42,resnet18_imagenet,loso_07,42,complete,,runs/2026-09-12/loso_07__resnet18_imagenet__seed42,evaluate_train,3.724861370981671,3.5400000000000063,18,95.0888888888889,104.3,3923.0971448888886,3924.537344,35.833333333333336,41.0,4127.195135999999,4127.195136
loso_07__resnet18_imagenet__seed42,resnet18_imagenet,loso_07,42,complete,,runs/2026-09-12/loso_07__resnet18_imagenet__seed42,prepare_val_clean,0.0038571220356971025,1.0658141036401503e-14,0,,,,,,,,
loso_07__resnet18_imagenet__seed42,resnet18_imagenet,loso_07,42,complete,,runs/2026-09-12/loso_07__resnet18_imagenet__seed42,evaluate_val_clean,0.4982912390260026,0.48999999999999133,2,98.4,98.4,3933.974528,3933.990912,37.0,37.0,4127.195136,4127.195136
loso_07__resnet18_imagenet__seed42,resnet18_imagenet,loso_07,42,complete,,runs/2026-09-12/loso_07__resnet18_imagenet__seed42,prepare_test_clean,0.004064277047291398,0.010000000000001563,0,,,,,,,,
loso_07__resnet18_imagenet__seed42,resnet18_imagenet,loso_07,42,complete,,runs/2026-09-12/loso_07__resnet18_imagenet__seed42,evaluate_test_clean,0.6448000849923119,0.6099999999999817,3,97.3,104.4,3936.7666346666665,3937.026048,60.0,69.0,4127.195136,4127.195136
loso_07__resnet18_imagenet__seed42,resnet18_imagenet,loso_07,42,complete,,runs/2026-09-12/loso_07__resnet18_imagenet__seed42,inference_batch1,0.1585477819899097,0.1700000000000088,1,98.5,98.5,3937.173504,3937.173504,42.0,42.0,4127.195136,4127.195136
loso_07__resnet18_imagenet__seed42,resnet18_imagenet,loso_07,42,complete,,runs/2026-09-12/loso_07__resnet18_imagenet__seed42,explanations,0.13379636208992451,0.1300000000000079,1,99.3,99.3,3937.792,3937.792,42.0,42.0,4127.195136,4127.195136
loso_07__resnet18_imagenet__seed43,resnet18_imagenet,loso_07,43,complete,,runs/2026-09-12/loso_07__resnet18_imagenet__seed43,read_data,0.18784200702793896,0.19000000000000034,0,,,,,,,,
loso_07__resnet18_imagenet__seed43,resnet18_imagenet,loso_07,43,complete,,runs/2026-09-12/loso_07__resnet18_imagenet__seed43,build_model,4.854706711950712,4.99,20,102.55999999999999,127.0,1913.1230208000002,2406.547456,21.1,26.0,146.59092479999998,266.338304
loso_07__resnet18_imagenet__seed43,resnet18_imagenet,loso_07,43,complete,,runs/2026-09-12/loso_07__resnet18_imagenet__seed43,prepare_pipeline,1.1603289800696075,1.2500000000000009,5,108.14000000000001,119.3,2728.689664,2957.848576,32.2,39.0,695.8350336,803.209216
loso_07__resnet18_imagenet__seed43,resnet18_imagenet,loso_07,43,complete,,runs/2026-09-12/loso_07__resnet18_imagenet__seed43,fit,167.91749079898,125.85000000000001,834,74.9369304556355,974.5,4218.522960422062,4328.0384,83.16067146282974,96.0,3806.2001223213433,3930.062848
loso_07__resnet18_imagenet__seed43,resnet18_imagenet,loso_07,43,complete,,runs/2026-09-12/loso_07__resnet18_imagenet__seed43,save_model,0.1602813539793715,0.16999999999998394,1,114.2,114.2,3919.060992,3919.060992,94.0,94.0,3930.062848,3930.062848
loso_07__resnet18_imagenet__seed43,resnet18_imagenet,loso_07,43,complete,,runs/2026-09-12/loso_07__resnet18_imagenet__seed43,warmup,0.5234386050142348,0.5100000000000122,3,98.83333333333333,103.7,4003.2870399999997,4034.56,72.33333333333333,94.0,3930.062848,3930.062848
loso_07__resnet18_imagenet__seed43,resnet18_imagenet,loso_07,43,complete,,runs/2026-09-12/loso_07__resnet18_imagenet__seed43,evaluate_train,3.6759533690055832,3.530000000000003,18,95.6888888888889,104.4,4048.0130844444448,4048.744448,37.166666666666664,42.0,3930.0628479999996,3930.062848
loso_07__resnet18_imagenet__seed43,resnet18_imagenet,loso_07,43,complete,,runs/2026-09-12/loso_07__resnet18_imagenet__seed43,prepare_val_clean,0.003700477071106434,0.009999999999989129,0,,,,,,,,
loso_07__resnet18_imagenet__seed43,resnet18_imagenet,loso_07,43,complete,,runs/2026-09-12/loso_07__resnet18_imagenet__seed43,evaluate_val_clean,0.5241182030877098,0.5100000000000176,3,98.89999999999999,104.2,4058.510677333333,4059.398144,25.0,25.0,3930.062848,3930.062848
loso_07__resnet18_imagenet__seed43,resnet18_imagenet,loso_07,43,complete,,runs/2026-09-12/loso_07__resnet18_imagenet__seed43,prepare_test_clean,0.0041603390127420425,0.009999999999990905,0,,,,,,,,
loso_07__resnet18_imagenet__seed43,resnet18_imagenet,loso_07,43,complete,,runs/2026-09-12/loso_07__resnet18_imagenet__seed43,evaluate_test_clean,0.66130388493184,0.6300000000000239,3,95.26666666666667,98.8,4060.9122986666666,4061.16352,27.0,27.0,3930.062848,3930.062848
loso_07__resnet18_imagenet__seed43,resnet18_imagenet,loso_07,43,complete,,runs/2026-09-12/loso_07__resnet18_imagenet__seed43,inference_batch1,0.15968102391343564,0.16999999999999815,1,107.4,107.4,4061.437952,4061.437952,15.0,15.0,3930.062848,3930.062848
loso_07__resnet18_imagenet__seed43,resnet18_imagenet,loso_07,43,complete,,runs/2026-09-12/loso_07__resnet18_imagenet__seed43,explanations,0.1534504439914599,0.15000000000000746,1,94.2,94.2,4062.019584,4062.019584,15.0,15.0,3930.062848,3930.062848
loso_07__yolo11n__seed42,yolo11n,loso_07,42,complete,,runs/2026-09-12/loso_07__yolo11n__seed42,read_data,0.19213421794120222,0.18999999999999984,0,,,,,,,,
loso_07__yolo11n__seed42,yolo11n,loso_07,42,complete,,runs/2026-09-12/loso_07__yolo11n__seed42,prepare_pipeline,15.061812855070457,15.24,75,101.13199999999999,166.2,1515.6847684266666,1515.921408,39.16,60.0,0.0,0.0
loso_07__yolo11n__seed42,yolo11n,loso_07,42,complete,,runs/2026-09-12/loso_07__yolo11n__seed42,build_model,0.7631273180013523,0.7799999999999977,3,99.26666666666665,100.9,1597.5847253333334,1641.79968,18.333333333333332,33.0,0.0,0.0
loso_07__yolo11n__seed42,yolo11n,loso_07,42,complete,,runs/2026-09-12/loso_07__yolo11n__seed42,fit,281.8346723400755,1031.52,1396,366.1868911174785,486.6,3234.304357959885,3550.416896,36.54512893982808,84.0,631.3253761833811,809.500672
loso_07__yolo11n__seed42,yolo11n,loso_07,42,complete,,runs/2026-09-12/loso_07__yolo11n__seed42,save_model,0.03475158102810383,0.12000000000020883,0,,,,,,,,
loso_07__yolo11n__seed42,yolo11n,loso_07,42,complete,,runs/2026-09-12/loso_07__yolo11n__seed42,warmup,0.0623250330099836,0.14999999999995417,0,,,,,,,,
loso_07__yolo11n__seed42,yolo11n,loso_07,42,complete,,runs/2026-09-12/loso_07__yolo11n__seed42,evaluate_train,1.7435151929967105,1.7700000000000724,9,110.27777777777777,178.6,3315.881756444445,3439.947776,40.22222222222222,46.0,398.45888,398.45888
loso_07__yolo11n__seed42,yolo11n,loso_07,42,complete,,runs/2026-09-12/loso_07__yolo11n__seed42,prepare_val_clean,0.003307070001028478,8.881784197001252e-15,0,,,,,,,,
loso_07__yolo11n__seed42,yolo11n,loso_07,42,complete,,runs/2026-09-12/loso_07__yolo11n__seed42,evaluate_val_clean,0.20520703203510493,0.21000000000004526,1,103.6,103.6,3442.200576,3442.200576,45.0,45.0,398.45888,398.45888
loso_07__yolo11n__seed42,yolo11n,loso_07,42,complete,,runs/2026-09-12/loso_07__yolo11n__seed42,prepare_test_clean,0.0040165570098906755,-8.881784197001252e-15,0,,,,,,,,
loso_07__yolo11n__seed42,yolo11n,loso_07,42,complete,,runs/2026-09-12/loso_07__yolo11n__seed42,evaluate_test_clean,0.23969783005304635,0.24999999999999112,2,101.6,103.7,3208.69376,3210.723328,44.0,45.0,398.45888,398.45888
loso_07__yolo11n__seed42,yolo11n,loso_07,42,complete,,runs/2026-09-12/loso_07__yolo11n__seed42,inference_batch1,0.14512395998463035,0.1499999999998458,0,,,,,,,,
loso_07__yolo11n__seed42,yolo11n,loso_07,42,complete,,runs/2026-09-12/loso_07__yolo11n__seed42,explanations,0.00035188603214919567,-1.7763568394002505e-14,0,,,,,,,,
loso_07__yolo11n__seed43,yolo11n,loso_07,43,complete,,runs/2026-09-12/loso_07__yolo11n__seed43,read_data,0.1873809340177104,0.19000000000000006,0,,,,,,,,
loso_07__yolo11n__seed43,yolo11n,loso_07,43,complete,,runs/2026-09-12/loso_07__yolo11n__seed43,prepare_pipeline,14.523275136947632,14.659999999999998,72,101.0625,153.5,1516.0553813333333,1516.290048,28.694444444444443,42.0,0.0,0.0
loso_07__yolo11n__seed43,yolo11n,loso_07,43,complete,,runs/2026-09-12/loso_07__yolo11n__seed43,build_model,0.7376913969637826,0.7500000000000001,4,99.82499999999999,104.2,1590.1593599999999,1645.461504,36.5,42.0,0.0,0.0
loso_07__yolo11n__seed43,yolo11n,loso_07,43,complete,,runs/2026-09-12/loso_07__yolo11n__seed43,fit,147.0466270110337,532.1999999999999,728,362.40068681318684,502.4,3184.625810285714,3480.977408,28.244505494505493,42.0,542.9175082197802,627.048448
loso_07__yolo11n__seed43,yolo11n,loso_07,43,complete,,runs/2026-09-12/loso_07__yolo11n__seed43,save_model,0.028654875000938773,0.1100000000000314,0,,,,,,,,
loso_07__yolo11n__seed43,yolo11n,loso_07,43,complete,,runs/2026-09-12/loso_07__yolo11n__seed43,warmup,0.052612312021665275,0.14000000000000412,0,,,,,,,,
loso_07__yolo11n__seed43,yolo11n,loso_07,43,complete,,runs/2026-09-12/loso_07__yolo11n__seed43,evaluate_train,1.646991741959937,1.6699999999999768,8,109.9375,169.5,3240.7808,3357.581312,30.75,38.0,404.750336,404.750336
loso_07__yolo11n__seed43,yolo11n,loso_07,43,complete,,runs/2026-09-12/loso_07__yolo11n__seed43,prepare_val_clean,0.003363161929883063,4.085620730620576e-14,0,,,,,,,,
loso_07__yolo11n__seed43,yolo11n,loso_07,43,complete,,runs/2026-09-12/loso_07__yolo11n__seed43,evaluate_val_clean,0.20668703503906727,0.21000000000007724,1,99.5,99.5,3373.371392,3373.371392,38.0,38.0,404.750336,404.750336
loso_07__yolo11n__seed43,yolo11n,loso_07,43,complete,,runs/2026-09-12/loso_07__yolo11n__seed43,prepare_test_clean,0.0036542919697239995,2.3092638912203256e-14,0,,,,,,,,
loso_07__yolo11n__seed43,yolo11n,loso_07,43,complete,,runs/2026-09-12/loso_07__yolo11n__seed43,evaluate_test_clean,0.21580017497763038,0.22000000000005038,1,104.0,104.0,3137.671168,3137.671168,32.0,32.0,404.750336,404.750336
loso_07__yolo11n__seed43,yolo11n,loso_07,43,complete,,runs/2026-09-12/loso_07__yolo11n__seed43,inference_batch1,0.14086203393526375,0.14000000000011337,1,100.2,100.2,3144.978432,3144.978432,32.0,32.0,404.750336,404.750336
loso_07__yolo11n__seed43,yolo11n,loso_07,43,complete,,runs/2026-09-12/loso_07__yolo11n__seed43,explanations,0.00034491403494030237,1.3322676295501878e-14,0,,,,,,,,
loso_07__yolo11n_random__seed42,yolo11n_random,loso_07,42,complete,,runs/2026-09-12/loso_07__yolo11n_random__seed42,read_data,0.18840821809135377,0.18999999999999945,0,,,,,,,,
loso_07__yolo11n_random__seed42,yolo11n_random,loso_07,42,complete,,runs/2026-09-12/loso_07__yolo11n_random__seed42,prepare_pipeline,15.577810134040192,15.75,78,100.97820512820513,146.8,1515.7702235897434,1516.003328,31.794871794871796,75.0,0.0,0.0
loso_07__yolo11n_random__seed42,yolo11n_random,loso_07,42,complete,,runs/2026-09-12/loso_07__yolo11n_random__seed42,build_model,0.07428100099787116,0.20000000000000018,0,,,,,,,,
loso_07__yolo11n_random__seed42,yolo11n_random,loso_07,42,complete,,runs/2026-09-12/loso_07__yolo11n_random__seed42,fit,803.8863102070754,2946.0,3979,366.77431515456146,454.6,3343.990544148781,3733.336064,28.962302085951244,82.0,979.9075801397336,1503.657984
loso_07__yolo11n_random__seed42,yolo11n_random,loso_07,42,complete,,runs/2026-09-12/loso_07__yolo11n_random__seed42,save_model,0.030457509914413095,0.11000000000019838,0,,,,,,,,
loso_07__yolo11n_random__seed42,yolo11n_random,loso_07,42,complete,,runs/2026-09-12/loso_07__yolo11n_random__seed42,warmup,0.05799043097067624,0.13999999999994373,0,,,,,,,,
loso_07__yolo11n_random__seed42,yolo11n_random,loso_07,42,complete,,runs/2026-09-12/loso_07__yolo11n_random__seed42,evaluate_train,1.820172562962398,1.84999999999998,9,105.3111111111111,135.2,3486.313585777778,3604.74624,47.111111111111114,50.0,434.80951466666664,436.207616
loso_07__yolo11n_random__seed42,yolo11n_random,loso_07,42,complete,,runs/2026-09-12/loso_07__yolo11n_random__seed42,prepare_val_clean,0.003492416930384934,0.009999999999763531,0,,,,,,,,
loso_07__yolo11n_random__seed42,yolo11n_random,loso_07,42,complete,,runs/2026-09-12/loso_07__yolo11n_random__seed42,evaluate_val_clean,0.21083325403742492,0.21000000000049113,1,103.6,103.6,3624.210432,3624.210432,24.0,24.0,436.207616,436.207616
loso_07__yolo11n_random__seed42,yolo11n_random,loso_07,42,complete,,runs/2026-09-12/loso_07__yolo11n_random__seed42,prepare_test_clean,0.003971062018536031,2.1671553440683056e-13,0,,,,,,,,
loso_07__yolo11n_random__seed42,yolo11n_random,loso_07,42,complete,,runs/2026-09-12/loso_07__yolo11n_random__seed42,evaluate_test_clean,0.2250276319682598,0.23999999999999844,1,98.2,98.2,3393.048576,3393.048576,24.0,24.0,436.207616,436.207616
loso_07__yolo11n_random__seed42,yolo11n_random,loso_07,42,complete,,runs/2026-09-12/loso_07__yolo11n_random__seed42,inference_batch1,0.1667999819619581,0.15999999999983672,1,97.6,97.6,3395.977216,3395.977216,24.0,24.0,436.207616,436.207616
loso_07__yolo11n_random__seed42,yolo11n_random,loso_07,42,complete,,runs/2026-09-12/loso_07__yolo11n_random__seed42,explanations,0.0003768099704757333,-1.7763568394002505e-14,0,,,,,,,,
loso_07__yolo11n_random__seed43,yolo11n_random,loso_07,43,complete,,runs/2026-09-12/loso_07__yolo11n_random__seed43,read_data,0.18751028401311487,0.2000000000000005,0,,,,,,,,
loso_07__yolo11n_random__seed43,yolo11n_random,loso_07,43,complete,,runs/2026-09-12/loso_07__yolo11n_random__seed43,prepare_pipeline,15.272232996998355,15.450000000000003,76,101.03947368421055,151.9,1515.7269557894738,1515.958272,32.5,39.0,0.0,0.0
loso_07__yolo11n_random__seed43,yolo11n_random,loso_07,43,complete,,runs/2026-09-12/loso_07__yolo11n_random__seed43,build_model,0.07048675394617021,0.18999999999999584,1,129.5,129.5,1560.072192,1560.072192,37.0,37.0,0.0,0.0
loso_07__yolo11n_random__seed43,yolo11n_random,loso_07,43,complete,,runs/2026-09-12/loso_07__yolo11n_random__seed43,fit,404.7339475910412,1478.26,2005,365.510174563591,500.5,3236.8788232299253,3592.41728,28.56708229426434,51.0,713.9040115551122,981.467136
loso_07__yolo11n_random__seed43,yolo11n_random,loso_07,43,complete,,runs/2026-09-12/loso_07__yolo11n_random__seed43,save_model,0.031006172997877002,0.12000000000010935,0,,,,,,,,
loso_07__yolo11n_random__seed43,yolo11n_random,loso_07,43,complete,,runs/2026-09-12/loso_07__yolo11n_random__seed43,warmup,0.05217782699037343,0.12999999999987288,0,,,,,,,,
loso_07__yolo11n_random__seed43,yolo11n_random,loso_07,43,complete,,runs/2026-09-12/loso_07__yolo11n_random__seed43,evaluate_train,1.6600300030549988,1.6700000000000639,8,108.3125,156.6,3348.756992,3464.011776,25.375,31.0,446.693376,446.693376
loso_07__yolo11n_random__seed43,yolo11n_random,loso_07,43,complete,,runs/2026-09-12/loso_07__yolo11n_random__seed43,prepare_val_clean,0.0033168550580739975,0.009999999999909193,0,,,,,,,,
loso_07__yolo11n_random__seed43,yolo11n_random,loso_07,43,complete,,runs/2026-09-12/loso_07__yolo11n_random__seed43,evaluate_val_clean,0.20251694903708994,0.19999999999996376,1,99.3,99.3,3484.045312,3484.045312,27.0,27.0,446.693376,446.693376
loso_07__yolo11n_random__seed43,yolo11n_random,loso_07,43,complete,,runs/2026-09-12/loso_07__yolo11n_random__seed43,prepare_test_clean,0.003726822091266513,0.009999999999891429,0,,,,,,,,
loso_07__yolo11n_random__seed43,yolo11n_random,loso_07,43,complete,,runs/2026-09-12/loso_07__yolo11n_random__seed43,evaluate_test_clean,0.21526140300557017,0.20999999999970953,1,104.2,104.2,3248.35328,3248.35328,27.0,27.0,446.693376,446.693376
loso_07__yolo11n_random__seed43,yolo11n_random,loso_07,43,complete,,runs/2026-09-12/loso_07__yolo11n_random__seed43,inference_batch1,0.13692854694090784,0.1399999999999917,1,102.5,102.5,3255.709696,3255.709696,27.0,27.0,446.693376,446.693376
loso_07__yolo11n_random__seed43,yolo11n_random,loso_07,43,complete,,runs/2026-09-12/loso_07__yolo11n_random__seed43,explanations,0.0003236709162592888,-1.0835776720341528e-13,0,,,,,,,,
loso_08__polygarbor__seed42,polygarbor,loso_08,42,complete,,runs/2026-09-12/loso_08__polygarbor__seed42,read_data,0.18865731393452734,0.19999999999999984,0,,,,,,,,
loso_08__polygarbor__seed42,polygarbor,loso_08,42,complete,,runs/2026-09-12/loso_08__polygarbor__seed42,build_model,0.0003339179093018174,-5.551115123125783e-17,0,,,,,,,,
loso_08__polygarbor__seed42,polygarbor,loso_08,42,complete,,runs/2026-09-12/loso_08__polygarbor__seed42,extract_features,19.2403142999392,19.330000000000002,96,100.45729166666668,109.2,863.9301973333332,864.575488,34.885416666666664,70.0,0.0,0.0
loso_08__polygarbor__seed42,polygarbor,loso_08,42,complete,,runs/2026-09-12/loso_08__polygarbor__seed42,fit,0.5837544730165973,12.169999999999998,3,1706.6333333333332,2172.4,910.3878826666665,925.569024,50.0,50.0,0.0,0.0
loso_08__polygarbor__seed42,polygarbor,loso_08,42,complete,,runs/2026-09-12/loso_08__polygarbor__seed42,save_model,0.027935712947510183,0.5899999999999974,0,,,,,,,,
loso_08__polygarbor__seed42,polygarbor,loso_08,42,complete,,runs/2026-09-12/loso_08__polygarbor__seed42,warmup,0.08650490606669337,1.1999999999999968,1,1762.6,1762.6,921.94816,921.94816,50.0,50.0,0.0,0.0
loso_08__polygarbor__seed42,polygarbor,loso_08,42,complete,,runs/2026-09-12/loso_08__polygarbor__seed42,evaluate_train,82.68452292203438,83.01,397,100.40680100755668,109.3,922.5407490579345,923.799552,35.113350125944585,73.0,0.0,0.0
loso_08__polygarbor__seed42,polygarbor,loso_08,42,complete,,runs/2026-09-12/loso_08__polygarbor__seed42,prepare_val_clean,0.003196529927663505,-6.661338147750939e-16,0,,,,,,,,
loso_08__polygarbor__seed42,polygarbor,loso_08,42,complete,,runs/2026-09-12/loso_08__polygarbor__seed42,evaluate_val_clean,9.048081328975968,9.079999999999984,43,100.65348837209304,109.6,952.0512833488372,952.385536,42.76744186046512,70.0,0.0,0.0
loso_08__polygarbor__seed42,polygarbor,loso_08,42,complete,,runs/2026-09-12/loso_08__polygarbor__seed42,prepare_test_clean,0.0028021709294989705,-1.354472090042691e-14,0,,,,,,,,
loso_08__polygarbor__seed42,polygarbor,loso_08,42,complete,,runs/2026-09-12/loso_08__polygarbor__seed42,evaluate_test_clean,7.552780831931159,7.579999999999999,36,100.36944444444445,108.7,953.6109226666667,953.729024,28.27777777777778,54.0,0.0,0.0
loso_08__polygarbor__seed42,polygarbor,loso_08,42,complete,,runs/2026-09-12/loso_08__polygarbor__seed42,inference_batch1,0.9885060430970043,0.990000000000016,5,101.11999999999999,104.4,954.056704,954.056704,24.4,26.0,0.0,0.0
loso_08__polygarbor__seed42,polygarbor,loso_08,42,complete,,runs/2026-09-12/loso_08__polygarbor__seed42,explanations,0.00032970402389764786,6.8833827526759706e-15,0,,,,,,,,
loso_08__polygarbor__seed43,polygarbor,loso_08,43,complete,,runs/2026-09-12/loso_08__polygarbor__seed43,read_data,0.1869064950151369,0.18000000000000033,0,,,,,,,,
loso_08__polygarbor__seed43,polygarbor,loso_08,43,complete,,runs/2026-09-12/loso_08__polygarbor__seed43,build_model,0.0003031661035493016,2.220446049250313e-16,0,,,,,,,,
loso_08__polygarbor__seed43,polygarbor,loso_08,43,complete,,runs/2026-09-12/loso_08__polygarbor__seed43,extract_features,18.373785122996196,18.450000000000003,92,100.32608695652176,109.5,863.9827700869565,864.428032,30.282608695652176,40.0,0.0,0.0
loso_08__polygarbor__seed43,polygarbor,loso_08,43,complete,,runs/2026-09-12/loso_08__polygarbor__seed43,fit,0.6047208349918947,12.719999999999995,3,1860.4333333333332,2153.2,900.0932693333334,926.121984,36.0,36.0,0.0,0.0
loso_08__polygarbor__seed43,polygarbor,loso_08,43,complete,,runs/2026-09-12/loso_08__polygarbor__seed43,save_model,0.030078285024501383,0.6499999999999959,0,,,,,,,,
loso_08__polygarbor__seed43,polygarbor,loso_08,43,complete,,runs/2026-09-12/loso_08__polygarbor__seed43,warmup,0.08348937204573303,1.1900000000000004,0,,,,,,,,
loso_08__polygarbor__seed43,polygarbor,loso_08,43,complete,,runs/2026-09-12/loso_08__polygarbor__seed43,evaluate_train,80.81754256004933,81.09,382,104.42303664921465,1648.0,897.3425873089004,898.699264,33.84293193717277,64.0,0.0,0.0
loso_08__polygarbor__seed43,polygarbor,loso_08,43,complete,,runs/2026-09-12/loso_08__polygarbor__seed43,prepare_val_clean,0.003162223962135613,6.8833827526759706e-15,0,,,,,,,,
loso_08__polygarbor__seed43,polygarbor,loso_08,43,complete,,runs/2026-09-12/loso_08__polygarbor__seed43,evaluate_val_clean,8.891155494027771,8.919999999999995,43,100.29069767441861,109.2,920.4390221395348,920.891392,33.48837209302326,48.0,0.0,0.0
loso_08__polygarbor__seed43,polygarbor,loso_08,43,complete,,runs/2026-09-12/loso_08__polygarbor__seed43,prepare_test_clean,0.002662290004082024,3.9968028886505635e-15,0,,,,,,,,
loso_08__polygarbor__seed43,polygarbor,loso_08,43,complete,,runs/2026-09-12/loso_08__polygarbor__seed43,evaluate_test_clean,7.456695458036847,7.479999999999993,35,100.51142857142857,108.0,950.8673243428572,950.996992,28.285714285714285,39.0,0.0,0.0
loso_08__polygarbor__seed43,polygarbor,loso_08,43,complete,,runs/2026-09-12/loso_08__polygarbor__seed43,inference_batch1,0.9679337050765753,0.9599999999999898,5,101.0,106.1,922.89024,922.89024,33.0,33.0,0.0,0.0
loso_08__polygarbor__seed43,polygarbor,loso_08,43,complete,,runs/2026-09-12/loso_08__polygarbor__seed43,explanations,0.00032407697290182114,1.021405182655144e-14,0,,,,,,,,
loso_08__resnet18__seed42,resnet18,loso_08,42,complete,,runs/2026-09-12/loso_08__resnet18__seed42,read_data,0.18383461295161396,0.18000000000000005,0,,,,,,,,
loso_08__resnet18__seed42,resnet18,loso_08,42,complete,,runs/2026-09-12/loso_08__resnet18__seed42,build_model,2.4936218910152093,2.58,11,102.71818181818183,124.8,1673.8676363636366,1962.635264,30.272727272727273,49.0,61.00805818181818,266.338304
loso_08__resnet18__seed42,resnet18,loso_08,42,complete,,runs/2026-09-12/loso_08__resnet18__seed42,prepare_pipeline,1.1199210089398548,1.21,4,109.67500000000001,119.1,2352.600064,2556.022784,44.5,52.0,803.209216,803.209216
loso_08__resnet18__seed42,resnet18,loso_08,42,complete,,runs/2026-09-12/loso_08__resnet18__seed42,fit,250.43834081606474,152.01999999999998,1242,60.65426731078905,1002.2,3880.3428066731076,3989.471232,88.37278582930757,100.0,3888.6094811723024,3969.908736
loso_08__resnet18__seed42,resnet18,loso_08,42,complete,,runs/2026-09-12/loso_08__resnet18__seed42,save_model,0.1616822830401361,0.16999999999997506,1,109.0,109.0,3578.114048,3578.114048,87.0,87.0,3969.908736,3969.908736
loso_08__resnet18__seed42,resnet18,loso_08,42,complete,,runs/2026-09-12/loso_08__resnet18__seed42,warmup,0.5485274279490113,0.5300000000000189,3,98.63333333333333,108.4,3622.369962666666,3642.003456,65.66666666666667,87.0,3969.908736,3969.908736
loso_08__resnet18__seed42,resnet18,loso_08,42,complete,,runs/2026-09-12/loso_08__resnet18__seed42,evaluate_train,3.773981930920854,3.619999999999985,19,96.0578947368421,104.2,3636.8524126315788,3638.673408,40.8421052631579,90.0,3969.908736,3969.908736
loso_08__resnet18__seed42,resnet18,loso_08,42,complete,,runs/2026-09-12/loso_08__resnet18__seed42,prepare_val_clean,0.003939768997952342,0.010000000000005116,0,,,,,,,,
loso_08__resnet18__seed42,resnet18,loso_08,42,complete,,runs/2026-09-12/loso_08__resnet18__seed42,evaluate_val_clean,0.5704234299482778,0.5499999999999972,3,97.89999999999999,100.3,3648.4505599999998,3648.704512,90.0,90.0,3969.908736,3969.908736
loso_08__resnet18__seed42,resnet18,loso_08,42,complete,,runs/2026-09-12/loso_08__resnet18__seed42,prepare_test_clean,0.0033697690814733505,-3.552713678800501e-15,0,,,,,,,,
loso_08__resnet18__seed42,resnet18,loso_08,42,complete,,runs/2026-09-12/loso_08__resnet18__seed42,evaluate_test_clean,0.49926608393434435,0.4799999999999862,3,97.63333333333333,104.2,3650.3074133333334,3650.674688,33.0,33.0,3969.908736,3969.908736
loso_08__resnet18__seed42,resnet18,loso_08,42,complete,,runs/2026-09-12/loso_08__resnet18__seed42,inference_batch1,0.15682252100668848,0.1600000000000037,1,103.7,103.7,3652.325376,3652.325376,54.0,54.0,3969.908736,3969.908736
loso_08__resnet18__seed42,resnet18,loso_08,42,complete,,runs/2026-09-12/loso_08__resnet18__seed42,explanations,0.15187664807308465,0.1500000000000039,0,,,,,,,,
loso_08__resnet18__seed43,resnet18,loso_08,43,complete,,runs/2026-09-12/loso_08__resnet18__seed43,read_data,0.18629730597604066,0.18000000000000027,0,,,,,,,,
loso_08__resnet18__seed43,resnet18,loso_08,43,complete,,runs/2026-09-12/loso_08__resnet18__seed43,build_model,2.4808232929790393,2.57,12,103.96666666666665,149.0,1688.6121813333332,1963.229184,30.5,38.0,56.97262933333334,266.338304
loso_08__resnet18__seed43,resnet18,loso_08,43,complete,,runs/2026-09-12/loso_08__resnet18__seed43,prepare_pipeline,1.155205875984393,1.2399999999999998,5,108.58,119.1,2317.3349375999996,2557.341696,16.0,16.0,695.8350336,803.209216
loso_08__resnet18__seed43,resnet18,loso_08,43,complete,,runs/2026-09-12/loso_08__resnet18__seed43,fit,150.73089423496276,101.49,749,67.34953271028037,1032.7,3862.371602798398,4003.90144,81.71695594125501,96.0,4180.626313057411,4324.327424
loso_08__resnet18__seed43,resnet18,loso_08,43,complete,,runs/2026-09-12/loso_08__resnet18__seed43,save_model,0.16211112006567419,0.16000000000000014,0,,,,,,,,
loso_08__resnet18__seed43,resnet18,loso_08,43,complete,,runs/2026-09-12/loso_08__resnet18__seed43,warmup,0.535518620046787,0.5200000000000085,3,97.93333333333334,102.4,3647.131648,3677.315072,38.0,90.0,4324.327424,4324.327424
loso_08__resnet18__seed43,resnet18,loso_08,43,complete,,runs/2026-09-12/loso_08__resnet18__seed43,evaluate_train,3.7018876540241763,3.5099999999999962,18,94.75555555555556,99.4,3707.635029333333,3710.058496,31.444444444444443,37.0,4324.327424,4324.327424
loso_08__resnet18__seed43,resnet18,loso_08,43,complete,,runs/2026-09-12/loso_08__resnet18__seed43,prepare_val_clean,0.003968318924307823,-7.105427357601002e-15,0,,,,,,,,
loso_08__resnet18__seed43,resnet18,loso_08,43,complete,,runs/2026-09-12/loso_08__resnet18__seed43,evaluate_val_clean,0.548346065916121,0.5399999999999991,3,97.56666666666666,99.3,3720.2739199999996,3721.220096,92.0,92.0,4324.327424,4324.327424
loso_08__resnet18__seed43,resnet18,loso_08,43,complete,,runs/2026-09-12/loso_08__resnet18__seed43,prepare_test_clean,0.003240096033550799,-7.105427357601002e-15,0,,,,,,,,
loso_08__resnet18__seed43,resnet18,loso_08,43,complete,,runs/2026-09-12/loso_08__resnet18__seed43,evaluate_test_clean,0.4604933588998392,0.44999999999999574,2,99.1,103.9,3722.5902079999996,3722.653696,71.0,71.0,4324.327424,4324.327424
loso_08__resnet18__seed43,resnet18,loso_08,43,complete,,runs/2026-09-12/loso_08__resnet18__seed43,inference_batch1,0.14461571304127574,0.16000000000000902,1,104.2,104.2,3724.53376,3724.53376,71.0,71.0,4324.327424,4324.327424
loso_08__resnet18__seed43,resnet18,loso_08,43,complete,,runs/2026-09-12/loso_08__resnet18__seed43,explanations,0.1302726659923792,0.1299999999999848,1,99.4,99.4,3725.398016,3725.398016,37.0,37.0,4324.327424,4324.327424
loso_08__resnet18_imagenet__seed42,resnet18_imagenet,loso_08,42,complete,,runs/2026-09-12/loso_08__resnet18_imagenet__seed42,read_data,0.18832750502042472,0.20000000000000012,0,,,,,,,,
loso_08__resnet18_imagenet__seed42,resnet18_imagenet,loso_08,42,complete,,runs/2026-09-12/loso_08__resnet18_imagenet__seed42,build_model,5.032804242102429,5.210000000000001,21,103.80476190476189,137.0,1914.4826880000003,2396.50816,36.42857142857143,45.0,146.00172495238093,266.338304
loso_08__resnet18_imagenet__seed42,resnet18_imagenet,loso_08,42,complete,,runs/2026-09-12/loso_08__resnet18_imagenet__seed42,prepare_pipeline,1.3679241859354079,1.4699999999999993,6,107.30000000000001,119.1,2730.653696,2990.157824,38.5,45.0,713.7307306666667,803.209216
loso_08__resnet18_imagenet__seed42,resnet18_imagenet,loso_08,42,complete,,runs/2026-09-12/loso_08__resnet18_imagenet__seed42,fit,139.90514512406662,107.64,694,76.9164265129683,1235.8,4227.42667582709,4359.294976,82.22334293948127,97.0,3748.6561781671467,3900.70272
loso_08__resnet18_imagenet__seed42,resnet18_imagenet,loso_08,42,complete,,runs/2026-09-12/loso_08__resnet18_imagenet__seed42,save_model,0.1733415190828964,0.1899999999999915,1,109.0,109.0,3973.578752,3973.578752,94.0,94.0,3900.70272,3900.70272
loso_08__resnet18_imagenet__seed42,resnet18_imagenet,loso_08,42,complete,,runs/2026-09-12/loso_08__resnet18_imagenet__seed42,warmup,0.5305778419133276,0.5099999999999998,2,95.4,103.0,3980.220416,3993.649152,94.0,94.0,3900.70272,3900.70272
loso_08__resnet18_imagenet__seed42,resnet18_imagenet,loso_08,42,complete,,runs/2026-09-12/loso_08__resnet18_imagenet__seed42,evaluate_train,4.15460491203703,3.8500000000000103,21,92.80952380952381,104.3,4011.774537142856,4013.084672,34.61904761904762,47.0,3900.70272,3900.70272
loso_08__resnet18_imagenet__seed42,resnet18_imagenet,loso_08,42,complete,,runs/2026-09-12/loso_08__resnet18_imagenet__seed42,prepare_val_clean,0.004283714108169079,7.105427357601002e-15,0,,,,,,,,
loso_08__resnet18_imagenet__seed42,resnet18_imagenet,loso_08,42,complete,,runs/2026-09-12/loso_08__resnet18_imagenet__seed42,evaluate_val_clean,0.5931486120680347,0.5699999999999861,3,95.06666666666666,102.0,4022.8768426666666,4023.631872,38.0,40.0,3900.7027199999998,3900.70272
loso_08__resnet18_imagenet__seed42,resnet18_imagenet,loso_08,42,complete,,runs/2026-09-12/loso_08__resnet18_imagenet__seed42,prepare_test_clean,0.00417765392921865,0.009999999999990905,0,,,,,,,,
loso_08__resnet18_imagenet__seed42,resnet18_imagenet,loso_08,42,complete,,runs/2026-09-12/loso_08__resnet18_imagenet__seed42,evaluate_test_clean,0.5948299100855365,0.5900000000000034,3,99.46666666666665,100.3,4025.09824,4025.196544,51.333333333333336,57.0,3900.7027199999998,3900.70272
loso_08__resnet18_imagenet__seed42,resnet18_imagenet,loso_08,42,complete,,runs/2026-09-12/loso_08__resnet18_imagenet__seed42,inference_batch1,0.16203852999024093,0.14999999999999325,1,101.5,101.5,4025.56928,4025.56928,57.0,57.0,3900.70272,3900.70272
loso_08__resnet18_imagenet__seed42,resnet18_imagenet,loso_08,42,complete,,runs/2026-09-12/loso_08__resnet18_imagenet__seed42,explanations,0.14011780300643295,0.15000000000000746,1,103.3,103.3,4026.0608,4026.0608,57.0,57.0,3900.70272,3900.70272
loso_08__resnet18_imagenet__seed43,resnet18_imagenet,loso_08,43,complete,,runs/2026-09-12/loso_08__resnet18_imagenet__seed43,read_data,0.1879594560014084,0.1900000000000001,0,,,,,,,,
loso_08__resnet18_imagenet__seed43,resnet18_imagenet,loso_08,43,complete,,runs/2026-09-12/loso_08__resnet18_imagenet__seed43,build_model,4.943037410033867,5.06,20,102.35,125.2,1926.7055616000002,2420.228096,17.2,22.0,146.59092479999998,266.338304
loso_08__resnet18_imagenet__seed43,resnet18_imagenet,loso_08,43,complete,,runs/2026-09-12/loso_08__resnet18_imagenet__seed43,prepare_pipeline,1.1321957499021664,1.2300000000000002,5,108.41999999999999,124.1,2782.6429952,2985.459712,15.0,15.0,803.209216,803.209216
loso_08__resnet18_imagenet__seed43,resnet18_imagenet,loso_08,43,complete,,runs/2026-09-12/loso_08__resnet18_imagenet__seed43,fit,126.62267261603847,98.59,628,77.78328025477707,1100.0,4230.322671694267,4371.554304,81.18152866242038,96.0,4208.396327133758,4391.436288
loso_08__resnet18_imagenet__seed43,resnet18_imagenet,loso_08,43,complete,,runs/2026-09-12/loso_08__resnet18_imagenet__seed43,save_model,0.1783317249501124,0.19000000000001105,1,129.3,129.3,3976.531968,3976.531968,91.0,91.0,4391.436288,4391.436288
loso_08__resnet18_imagenet__seed43,resnet18_imagenet,loso_08,43,complete,,runs/2026-09-12/loso_08__resnet18_imagenet__seed43,warmup,0.522048925049603,0.5099999999999962,3,98.73333333333335,103.3,4017.7090559999997,4041.715712,45.666666666666664,91.0,4391.436288,4391.436288
loso_08__resnet18_imagenet__seed43,resnet18_imagenet,loso_08,43,complete,,runs/2026-09-12/loso_08__resnet18_imagenet__seed43,evaluate_train,3.661974512040615,3.4699999999999998,18,94.67222222222223,109.3,4074.261162666667,4076.208128,33.55555555555556,38.0,4391.436288,4391.436288
loso_08__resnet18_imagenet__seed43,resnet18_imagenet,loso_08,43,complete,,runs/2026-09-12/loso_08__resnet18_imagenet__seed43,prepare_val_clean,0.0037249820306897163,2.6645352591003757e-15,0,,,,,,,,
loso_08__resnet18_imagenet__seed43,resnet18_imagenet,loso_08,43,complete,,runs/2026-09-12/loso_08__resnet18_imagenet__seed43,evaluate_val_clean,0.5350016800221056,0.5199999999999987,3,97.60000000000001,104.0,4085.765461333334,4085.948416,42.0,42.0,4391.436288,4391.436288
loso_08__resnet18_imagenet__seed43,resnet18_imagenet,loso_08,43,complete,,runs/2026-09-12/loso_08__resnet18_imagenet__seed43,prepare_test_clean,0.003210855065844953,-8.881784197001252e-16,0,,,,,,,,
loso_08__resnet18_imagenet__seed43,resnet18_imagenet,loso_08,43,complete,,runs/2026-09-12/loso_08__resnet18_imagenet__seed43,evaluate_test_clean,0.4537583920173347,0.4200000000000008,2,92.5,95.5,4087.457792,4087.463936,15.0,15.0,4391.436288,4391.436288
loso_08__resnet18_imagenet__seed43,resnet18_imagenet,loso_08,43,complete,,runs/2026-09-12/loso_08__resnet18_imagenet__seed43,inference_batch1,0.15855158702470362,0.15000000000000924,0,,,,,,,,
loso_08__resnet18_imagenet__seed43,resnet18_imagenet,loso_08,43,complete,,runs/2026-09-12/loso_08__resnet18_imagenet__seed43,explanations,0.1307242070324719,0.1399999999999899,1,99.2,99.2,4088.352768,4088.352768,16.0,16.0,4391.436288,4391.436288
loso_08__yolo11n__seed42,yolo11n,loso_08,42,complete,,runs/2026-09-12/loso_08__yolo11n__seed42,read_data,0.1871659370372072,0.20000000000000012,0,,,,,,,,
loso_08__yolo11n__seed42,yolo11n,loso_08,42,complete,,runs/2026-09-12/loso_08__yolo11n__seed42,prepare_pipeline,15.306137440027669,15.479999999999997,77,101.14155844155843,149.3,1530.034308987013,1530.277888,26.38961038961039,70.0,0.0,0.0
loso_08__yolo11n__seed42,yolo11n,loso_08,42,complete,,runs/2026-09-12/loso_08__yolo11n__seed42,build_model,0.7566138069378212,0.7800000000000031,3,99.66666666666667,103.7,1618.9904213333332,1656.205312,21.0,21.0,0.0,0.0
loso_08__yolo11n__seed42,yolo11n,loso_08,42,complete,,runs/2026-09-12/loso_08__yolo11n__seed42,fit,302.6779046569718,1106.3500000000001,1499,365.75663775850563,505.6,3267.9193938145427,3590.475776,26.359573048699133,74.0,643.056195287525,828.37504
loso_08__yolo11n__seed42,yolo11n,loso_08,42,complete,,runs/2026-09-12/loso_08__yolo11n__seed42,save_model,0.032709290040656924,0.12000000000019106,0,,,,,,,,
loso_08__yolo11n__seed42,yolo11n,loso_08,42,complete,,runs/2026-09-12/loso_08__yolo11n__seed42,warmup,0.05393132893368602,0.1299999999999546,0,,,,,,,,
loso_08__yolo11n__seed42,yolo11n,loso_08,42,complete,,runs/2026-09-12/loso_08__yolo11n__seed42,evaluate_train,1.702570987981744,1.730000000000091,9,109.67777777777779,178.2,3354.8078648888886,3481.894912,24.555555555555557,30.0,503.31648,503.31648
loso_08__yolo11n__seed42,yolo11n,loso_08,42,complete,,runs/2026-09-12/loso_08__yolo11n__seed42,prepare_val_clean,0.0032466179691255093,-1.7763568394002505e-14,0,,,,,,,,
loso_08__yolo11n__seed42,yolo11n,loso_08,42,complete,,runs/2026-09-12/loso_08__yolo11n__seed42,evaluate_val_clean,0.21012231393251568,0.20999999999979124,1,103.1,103.1,3482.492928,3482.492928,29.0,29.0,503.31648,503.31648
loso_08__yolo11n__seed42,yolo11n,loso_08,42,complete,,runs/2026-09-12/loso_08__yolo11n__seed42,prepare_test_clean,0.0029155450174584985,-4.618527782440651e-14,0,,,,,,,,
loso_08__yolo11n__seed42,yolo11n,loso_08,42,complete,,runs/2026-09-12/loso_08__yolo11n__seed42,evaluate_test_clean,0.1708940960234031,0.17000000000002657,1,104.2,104.2,3244.744704,3244.744704,29.0,29.0,503.31648,503.31648
loso_08__yolo11n__seed42,yolo11n,loso_08,42,complete,,runs/2026-09-12/loso_08__yolo11n__seed42,inference_batch1,0.13680942996870726,0.1399999999998176,1,101.0,101.0,3248.050176,3248.050176,14.0,14.0,503.31648,503.31648
loso_08__yolo11n__seed42,yolo11n,loso_08,42,complete,,runs/2026-09-12/loso_08__yolo11n__seed42,explanations,0.00033934309612959623,-5.5067062021407764e-14,0,,,,,,,,
loso_08__yolo11n__seed43,yolo11n,loso_08,43,complete,,runs/2026-09-12/loso_08__yolo11n__seed43,read_data,0.18771151697728783,0.19000000000000006,0,,,,,,,,
loso_08__yolo11n__seed43,yolo11n,loso_08,43,complete,,runs/2026-09-12/loso_08__yolo11n__seed43,prepare_pipeline,14.840800450998358,15.029999999999998,74,101.22972972972975,164.0,1530.251264,1530.49088,27.93243243243243,35.0,0.0,0.0
loso_08__yolo11n__seed43,yolo11n,loso_08,43,complete,,runs/2026-09-12/loso_08__yolo11n__seed43,build_model,0.7239720480283722,0.7300000000000001,3,99.96666666666665,101.0,1613.9810133333333,1656.598528,33.0,33.0,0.0,0.0
loso_08__yolo11n__seed43,yolo11n,loso_08,43,complete,,runs/2026-09-12/loso_08__yolo11n__seed43,fit,460.88422598305624,1687.3400000000001,2284,366.286996497373,451.2,3271.7543646374784,3602.264064,25.922066549912433,36.0,744.661580217163,1029.701632
loso_08__yolo11n__seed43,yolo11n,loso_08,43,complete,,runs/2026-09-12/loso_08__yolo11n__seed43,save_model,0.03088741295505315,0.1000000000002359,0,,,,,,,,
loso_08__yolo11n__seed43,yolo11n,loso_08,43,complete,,runs/2026-09-12/loso_08__yolo11n__seed43,warmup,0.054448215989395976,0.13999999999997215,0,,,,,,,,
loso_08__yolo11n__seed43,yolo11n,loso_08,43,complete,,runs/2026-09-12/loso_08__yolo11n__seed43,evaluate_train,1.687429251964204,1.7100000000001359,9,108.66666666666666,168.4,3367.0835768888887,3495.19872,28.22222222222222,31.0,528.482304,528.482304
loso_08__yolo11n__seed43,yolo11n,loso_08,43,complete,,runs/2026-09-12/loso_08__yolo11n__seed43,prepare_val_clean,0.0033379090018570423,1.0658141036401503e-14,0,,,,,,,,
loso_08__yolo11n__seed43,yolo11n,loso_08,43,complete,,runs/2026-09-12/loso_08__yolo11n__seed43,evaluate_val_clean,0.2077043829485774,0.21000000000004704,1,104.2,104.2,3495.784448,3495.784448,13.0,13.0,528.482304,528.482304
loso_08__yolo11n__seed43,yolo11n,loso_08,43,complete,,runs/2026-09-12/loso_08__yolo11n__seed43,prepare_test_clean,0.0028621989767998457,-1.0658141036401503e-14,0,,,,,,,,
loso_08__yolo11n__seed43,yolo11n,loso_08,43,complete,,runs/2026-09-12/loso_08__yolo11n__seed43,evaluate_test_clean,0.1685810040216893,0.16999999999983473,1,103.5,103.5,3258.036224,3258.036224,13.0,13.0,528.482304,528.482304
loso_08__yolo11n__seed43,yolo11n,loso_08,43,complete,,runs/2026-09-12/loso_08__yolo11n__seed43,inference_batch1,0.13860784203279763,0.14000000000008228,1,102.5,102.5,3261.345792,3261.345792,13.0,13.0,528.482304,528.482304
loso_08__yolo11n__seed43,yolo11n,loso_08,43,complete,,runs/2026-09-12/loso_08__yolo11n__seed43,explanations,0.00032392400316894054,-1.7763568394002505e-14,0,,,,,,,,
loso_08__yolo11n_random__seed42,yolo11n_random,loso_08,42,complete,,runs/2026-09-12/loso_08__yolo11n_random__seed42,read_data,0.19017067598178983,0.18999999999999967,0,,,,,,,,
loso_08__yolo11n_random__seed42,yolo11n_random,loso_08,42,complete,,runs/2026-09-12/loso_08__yolo11n_random__seed42,prepare_pipeline,16.854019361082464,17.03,84,101.04761904761905,158.5,1530.1983085714287,1530.441728,38.88095238095238,82.0,0.0,0.0
loso_08__yolo11n_random__seed42,yolo11n_random,loso_08,42,complete,,runs/2026-09-12/loso_08__yolo11n_random__seed42,build_model,0.0789769699331373,0.21000000000000396,0,,,,,,,,
loso_08__yolo11n_random__seed42,yolo11n_random,loso_08,42,complete,,runs/2026-09-12/loso_08__yolo11n_random__seed42,fit,241.29525150405243,877.2800000000001,1196,363.6613712374582,476.0,3216.0242951705686,3518.885888,31.938127090301002,74.0,594.6811162541807,738.197504
loso_08__yolo11n_random__seed42,yolo11n_random,loso_08,42,complete,,runs/2026-09-12/loso_08__yolo11n_random__seed42,save_model,0.032160478993318975,0.11000000000006338,0,,,,,,,,
loso_08__yolo11n_random__seed42,yolo11n_random,loso_08,42,complete,,runs/2026-09-12/loso_08__yolo11n_random__seed42,warmup,0.05250119895208627,0.1300000000000452,0,,,,,,,,
loso_08__yolo11n_random__seed42,yolo11n_random,loso_08,42,complete,,runs/2026-09-12/loso_08__yolo11n_random__seed42,evaluate_train,1.7826240910217166,1.7999999999998906,9,111.12222222222222,187.5,3275.4515057777776,3401.773056,26.666666666666668,30.0,503.31648,503.31648
loso_08__yolo11n_random__seed42,yolo11n_random,loso_08,42,complete,,runs/2026-09-12/loso_08__yolo11n_random__seed42,prepare_val_clean,0.0034014040138572454,-4.085620730620576e-14,0,,,,,,,,
loso_08__yolo11n_random__seed42,yolo11n_random,loso_08,42,complete,,runs/2026-09-12/loso_08__yolo11n_random__seed42,evaluate_val_clean,0.21420603792648762,0.20999999999988184,1,98.7,98.7,3411.382272,3411.382272,17.0,17.0,503.31648,503.31648
loso_08__yolo11n_random__seed42,yolo11n_random,loso_08,42,complete,,runs/2026-09-12/loso_08__yolo11n_random__seed42,prepare_test_clean,0.0029186949832364917,5.5067062021407764e-14,0,,,,,,,,
loso_08__yolo11n_random__seed42,yolo11n_random,loso_08,42,complete,,runs/2026-09-12/loso_08__yolo11n_random__seed42,evaluate_test_clean,0.17092096200212836,0.18000000000000504,0,,,,,,,,
loso_08__yolo11n_random__seed42,yolo11n_random,loso_08,42,complete,,runs/2026-09-12/loso_08__yolo11n_random__seed42,inference_batch1,0.14101406303234398,0.14000000000003254,0,,,,,,,,
loso_08__yolo11n_random__seed42,yolo11n_random,loso_08,42,complete,,runs/2026-09-12/loso_08__yolo11n_random__seed42,explanations,0.0003502380568534136,4.618527782440651e-14,0,,,,,,,,
loso_08__yolo11n_random__seed43,yolo11n_random,loso_08,43,complete,,runs/2026-09-12/loso_08__yolo11n_random__seed43,read_data,0.20393231697380543,0.20000000000000007,0,,,,,,,,
loso_08__yolo11n_random__seed43,yolo11n_random,loso_08,43,complete,,runs/2026-09-12/loso_08__yolo11n_random__seed43,prepare_pipeline,15.566414321074262,15.729999999999999,78,101.05000000000001,157.1,1530.318427897436,1530.564608,27.423076923076923,36.0,0.0,0.0
loso_08__yolo11n_random__seed43,yolo11n_random,loso_08,43,complete,,runs/2026-09-12/loso_08__yolo11n_random__seed43,build_model,0.071779347024858,0.21000000000000052,0,,,,,,,,
loso_08__yolo11n_random__seed43,yolo11n_random,loso_08,43,complete,,runs/2026-09-12/loso_08__yolo11n_random__seed43,fit,170.07382474595215,616.84,842,363.13824228028506,555.4,3192.392536171021,3529.289728,25.605700712589073,41.0,553.6157491686461,668.991488
loso_08__yolo11n_random__seed43,yolo11n_random,loso_08,43,complete,,runs/2026-09-12/loso_08__yolo11n_random__seed43,save_model,0.028593069058842957,0.11000000000004562,0,,,,,,,,
loso_08__yolo11n_random__seed43,yolo11n_random,loso_08,43,complete,,runs/2026-09-12/loso_08__yolo11n_random__seed43,warmup,0.04897865001112223,0.13000000000001855,0,,,,,,,,
loso_08__yolo11n_random__seed43,yolo11n_random,loso_08,43,complete,,runs/2026-09-12/loso_08__yolo11n_random__seed43,evaluate_train,1.6953377180034295,1.7099999999999458,9,111.75555555555556,197.3,3266.674232888889,3393.363968,23.0,28.0,480.24780799999996,480.247808
loso_08__yolo11n_random__seed43,yolo11n_random,loso_08,43,complete,,runs/2026-09-12/loso_08__yolo11n_random__seed43,prepare_val_clean,0.0035380920162424445,0.010000000000045972,0,,,,,,,,
loso_08__yolo11n_random__seed43,yolo11n_random,loso_08,43,complete,,runs/2026-09-12/loso_08__yolo11n_random__seed43,evaluate_val_clean,0.20523767010308802,0.20000000000010054,1,99.0,99.0,3393.949696,3393.949696,28.0,28.0,480.247808,480.247808
loso_08__yolo11n_random__seed43,yolo11n_random,loso_08,43,complete,,runs/2026-09-12/loso_08__yolo11n_random__seed43,prepare_test_clean,0.002848290023393929,3.552713678800501e-14,0,,,,,,,,
loso_08__yolo11n_random__seed43,yolo11n_random,loso_08,43,complete,,runs/2026-09-12/loso_08__yolo11n_random__seed43,evaluate_test_clean,0.16649738303385675,0.1699999999999946,1,104.2,104.2,3151.806464,3151.806464,28.0,28.0,480.247808,480.247808
loso_08__yolo11n_random__seed43,yolo11n_random,loso_08,43,complete,,runs/2026-09-12/loso_08__yolo11n_random__seed43,inference_batch1,0.14319373201578856,0.1500000000000128,1,97.5,97.5,3155.111936,3155.111936,23.0,23.0,480.247808,480.247808
loso_08__yolo11n_random__seed43,yolo11n_random,loso_08,43,complete,,runs/2026-09-12/loso_08__yolo11n_random__seed43,explanations,0.0002995609538629651,3.552713678800501e-14,0,,,,,,,,
loso_09__polygarbor__seed42,polygarbor,loso_09,42,complete,,runs/2026-09-12/loso_09__polygarbor__seed42,read_data,0.18803424097131938,0.18999999999999984,0,,,,,,,,
loso_09__polygarbor__seed42,polygarbor,loso_09,42,complete,,runs/2026-09-12/loso_09__polygarbor__seed42,build_model,0.00034090306144207716,0.0,0,,,,,,,,
loso_09__polygarbor__seed42,polygarbor,loso_09,42,complete,,runs/2026-09-12/loso_09__polygarbor__seed42,extract_features,18.96689195302315,19.05,95,100.39263157894736,104.6,866.6333615157894,867.221504,28.31578947368421,43.0,0.0,0.0
loso_09__polygarbor__seed42,polygarbor,loso_09,42,complete,,runs/2026-09-12/loso_09__polygarbor__seed42,fit,0.5610549760749564,11.959999999999996,3,1957.0666666666666,2155.6,904.2411519999999,911.986688,40.666666666666664,43.0,0.0,0.0
loso_09__polygarbor__seed42,polygarbor,loso_09,42,complete,,runs/2026-09-12/loso_09__polygarbor__seed42,save_model,0.02078228397294879,0.45999999999999885,0,,,,,,,,
loso_09__polygarbor__seed42,polygarbor,loso_09,42,complete,,runs/2026-09-12/loso_09__polygarbor__seed42,warmup,0.08837583602871746,1.3599999999999974,0,,,,,,,,
loso_09__polygarbor__seed42,polygarbor,loso_09,42,complete,,runs/2026-09-12/loso_09__polygarbor__seed42,evaluate_train,85.0673798850039,85.36999999999999,417,102.5779376498801,1025.3,913.0300875203837,914.395136,27.98800959232614,56.0,0.0,0.0
loso_09__polygarbor__seed42,polygarbor,loso_09,42,complete,,runs/2026-09-12/loso_09__polygarbor__seed42,prepare_val_clean,0.003344502067193389,-6.8833827526759706e-15,0,,,,,,,,
loso_09__polygarbor__seed42,polygarbor,loso_09,42,complete,,runs/2026-09-12/loso_09__polygarbor__seed42,evaluate_val_clean,9.510840082075447,9.540000000000013,46,100.33695652173911,109.4,950.9709022608696,951.300096,29.456521739130434,44.0,0.0,0.0
loso_09__polygarbor__seed42,polygarbor,loso_09,42,complete,,runs/2026-09-12/loso_09__polygarbor__seed42,prepare_test_clean,0.0025451950496062636,1.354472090042691e-14,0,,,,,,,,
loso_09__polygarbor__seed42,polygarbor,loso_09,42,complete,,runs/2026-09-12/loso_09__polygarbor__seed42,evaluate_test_clean,6.890882287058048,6.919999999999972,33,100.38787878787878,108.5,956.8943631515151,956.993536,27.060606060606062,39.0,0.0,0.0
loso_09__polygarbor__seed42,polygarbor,loso_09,42,complete,,runs/2026-09-12/loso_09__polygarbor__seed42,inference_batch1,1.0279729759786278,1.030000000000016,5,101.32000000000001,108.0,957.140992,957.140992,19.6,20.0,0.0,0.0
loso_09__polygarbor__seed42,polygarbor,loso_09,42,complete,,runs/2026-09-12/loso_09__polygarbor__seed42,explanations,0.00034248491283506155,5.773159728050814e-15,0,,,,,,,,
loso_09__polygarbor__seed43,polygarbor,loso_09,43,complete,,runs/2026-09-12/loso_09__polygarbor__seed43,read_data,0.18769338901620358,0.19000000000000028,0,,,,,,,,
loso_09__polygarbor__seed43,polygarbor,loso_09,43,complete,,runs/2026-09-12/loso_09__polygarbor__seed43,build_model,0.00034395698457956314,2.220446049250313e-16,0,,,,,,,,
loso_09__polygarbor__seed43,polygarbor,loso_09,43,complete,,runs/2026-09-12/loso_09__polygarbor__seed43,extract_features,18.858133953996003,18.930000000000003,94,100.35425531914895,104.6,866.4756834042553,867.057664,30.20212765957447,39.0,0.0,0.0
loso_09__polygarbor__seed43,polygarbor,loso_09,43,complete,,runs/2026-09-12/loso_09__polygarbor__seed43,fit,0.5352372910128906,11.430000000000005,3,1611.1333333333332,2162.6,896.0655360000001,911.11424,33.0,33.0,0.0,0.0
loso_09__polygarbor__seed43,polygarbor,loso_09,43,complete,,runs/2026-09-12/loso_09__polygarbor__seed43,save_model,0.027199117001146078,0.5800000000000001,0,,,,,,,,
loso_09__polygarbor__seed43,polygarbor,loso_09,43,complete,,runs/2026-09-12/loso_09__polygarbor__seed43,warmup,0.08426396001596004,1.2400000000000038,0,,,,,,,,
loso_09__polygarbor__seed43,polygarbor,loso_09,43,complete,,runs/2026-09-12/loso_09__polygarbor__seed43,evaluate_train,81.1615727620665,81.46,385,104.91584415584417,1847.8,912.1655502129869,913.506304,35.04155844155844,52.0,0.0,0.0
loso_09__polygarbor__seed43,polygarbor,loso_09,43,complete,,runs/2026-09-12/loso_09__polygarbor__seed43,prepare_val_clean,0.0031150600407272577,-1.1102230246251565e-15,0,,,,,,,,
loso_09__polygarbor__seed43,polygarbor,loso_09,43,complete,,runs/2026-09-12/loso_09__polygarbor__seed43,evaluate_val_clean,8.839760771021247,8.859999999999998,42,100.45952380952382,106.9,947.9016838095238,948.174848,35.785714285714285,45.0,0.0,0.0
loso_09__polygarbor__seed43,polygarbor,loso_09,43,complete,,runs/2026-09-12/loso_09__polygarbor__seed43,prepare_test_clean,0.002424227073788643,5.10702591327572e-15,0,,,,,,,,
loso_09__polygarbor__seed43,polygarbor,loso_09,43,complete,,runs/2026-09-12/loso_09__polygarbor__seed43,evaluate_test_clean,6.535115562961437,6.550000000000017,31,100.39354838709677,105.6,953.6637522580644,953.81504,34.45161290322581,43.0,0.0,0.0
loso_09__polygarbor__seed43,polygarbor,loso_09,43,complete,,runs/2026-09-12/loso_09__polygarbor__seed43,inference_batch1,0.9645046549849212,0.9699999999999909,5,100.17999999999999,104.0,950.771712,950.771712,34.6,37.0,0.0,0.0
loso_09__polygarbor__seed43,polygarbor,loso_09,43,complete,,runs/2026-09-12/loso_09__polygarbor__seed43,explanations,0.0003199060447514057,-7.993605777301127e-15,0,,,,,,,,
loso_09__resnet18__seed42,resnet18,loso_09,42,complete,,runs/2026-09-12/loso_09__resnet18__seed42,read_data,0.18652592599391937,0.1899999999999999,0,,,,,,,,
loso_09__resnet18__seed42,resnet18,loso_09,42,complete,,runs/2026-09-12/loso_09__resnet18__seed42,build_model,2.6497179279103875,2.7900000000000005,11,103.9818181818182,131.5,1669.9887243636365,1967.90272,26.727272727272727,41.0,60.817408,266.338304
loso_09__resnet18__seed42,resnet18,loso_09,42,complete,,runs/2026-09-12/loso_09__resnet18__seed42,prepare_pipeline,1.1797156850807369,1.2499999999999993,5,106.06000000000002,119.3,2315.1362048,2568.192,10.0,10.0,695.8350336,803.209216
loso_09__resnet18__seed42,resnet18,loso_09,42,complete,,runs/2026-09-12/loso_09__resnet18__seed42,fit,208.52820413501468,125.67999999999999,1035,60.2793236714976,839.9,3849.33026850628,3958.870016,86.89371980676329,100.0,2910.4275456,2977.95584
loso_09__resnet18__seed42,resnet18,loso_09,42,complete,,runs/2026-09-12/loso_09__resnet18__seed42,save_model,0.2136160790687427,0.2300000000000164,1,98.0,98.0,3528.548352,3528.548352,98.0,98.0,2977.95584,2977.95584
loso_09__resnet18__seed42,resnet18,loso_09,42,complete,,runs/2026-09-12/loso_09__resnet18__seed42,warmup,0.607627518940717,0.5899999999999803,3,100.33333333333333,103.1,3557.462016,3575.451648,54.666666666666664,98.0,2980.0529919999994,2980.052992
loso_09__resnet18__seed42,resnet18,loso_09,42,complete,,runs/2026-09-12/loso_09__resnet18__seed42,evaluate_train,4.73510756099131,4.440000000000012,23,93.33478260869565,104.2,3611.775688347827,3613.47072,56.82608695652174,66.0,2980.052991999999,2980.052992
loso_09__resnet18__seed42,resnet18,loso_09,42,complete,,runs/2026-09-12/loso_09__resnet18__seed42,prepare_val_clean,0.004716443014331162,1.2434497875801753e-14,0,,,,,,,,
loso_09__resnet18__seed42,resnet18,loso_09,42,complete,,runs/2026-09-12/loso_09__resnet18__seed42,evaluate_val_clean,0.7077856949763373,0.6900000000000102,3,97.36666666666667,99.1,3623.38304,3623.56736,54.333333333333336,55.0,2980.0529919999994,2980.052992
loso_09__resnet18__seed42,resnet18,loso_09,42,complete,,runs/2026-09-12/loso_09__resnet18__seed42,prepare_test_clean,0.0029121460393071175,-5.329070518200751e-15,0,,,,,,,,
loso_09__resnet18__seed42,resnet18,loso_09,42,complete,,runs/2026-09-12/loso_09__resnet18__seed42,evaluate_test_clean,0.563030038960278,0.5600000000000254,2,96.7,99.2,3625.2221440000003,3625.340928,53.0,53.0,2980.052992,2980.052992
loso_09__resnet18__seed42,resnet18,loso_09,42,complete,,runs/2026-09-12/loso_09__resnet18__seed42,inference_batch1,0.1845836219144985,0.18000000000001215,0,,,,,,,,
loso_09__resnet18__seed42,resnet18,loso_09,42,complete,,runs/2026-09-12/loso_09__resnet18__seed42,explanations,0.1741479979828,0.1800000000000015,1,99.5,99.5,3627.319296,3627.319296,88.0,88.0,2980.052992,2980.052992
loso_09__resnet18__seed43,resnet18,loso_09,43,complete,,runs/2026-09-12/loso_09__resnet18__seed43,read_data,0.18669911299366504,0.18000000000000027,0,,,,,,,,
loso_09__resnet18__seed43,resnet18,loso_09,43,complete,,runs/2026-09-12/loso_09__resnet18__seed43,build_model,2.481646582018584,2.5700000000000003,12,103.48333333333335,144.0,1694.6797226666667,1968.652288,29.333333333333332,36.0,56.97262933333334,266.338304
loso_09__resnet18__seed43,resnet18,loso_09,43,complete,,runs/2026-09-12/loso_09__resnet18__seed43,prepare_pipeline,1.169541358947754,1.2299999999999995,5,106.2,119.3,2329.1641855999997,2568.72448,15.8,16.0,695.8350336,803.209216
loso_09__resnet18__seed43,resnet18,loso_09,43,complete,,runs/2026-09-12/loso_09__resnet18__seed43,fit,232.55136715003755,147.39999999999998,1155,63.37783549783549,874.2,3924.8441078025976,4005.4784,84.31948051948052,95.0,4300.726747206927,4395.630592
loso_09__resnet18__seed43,resnet18,loso_09,43,complete,,runs/2026-09-12/loso_09__resnet18__seed43,save_model,0.17395299091003835,0.1800000000000228,1,99.3,99.3,3662.565376,3662.565376,89.0,89.0,4395.630592,4395.630592
loso_09__resnet18__seed43,resnet18,loso_09,43,complete,,runs/2026-09-12/loso_09__resnet18__seed43,warmup,0.5239268121076748,0.5000000000000071,2,96.5,103.6,3646.154752,3663.81056,18.0,18.0,4395.630592,4395.630592
loso_09__resnet18__seed43,resnet18,loso_09,43,complete,,runs/2026-09-12/loso_09__resnet18__seed43,evaluate_train,3.5208537339931354,3.290000000000001,18,93.5111111111111,99.5,3708.0275626666667,3710.738432,35.5,40.0,4395.630592,4395.630592
loso_09__resnet18__seed43,resnet18,loso_09,43,complete,,runs/2026-09-12/loso_09__resnet18__seed43,prepare_val_clean,0.0036392350448295474,0.009999999999985576,0,,,,,,,,
loso_09__resnet18__seed43,resnet18,loso_09,43,complete,,runs/2026-09-12/loso_09__resnet18__seed43,evaluate_val_clean,0.5668180489446968,0.5299999999999958,3,96.06666666666668,99.2,3720.7244799999994,3721.531392,84.0,84.0,4395.630592,4395.630592
loso_09__resnet18__seed43,resnet18,loso_09,43,complete,,runs/2026-09-12/loso_09__resnet18__seed43,prepare_test_clean,0.0027582619804888964,5.329070518200751e-15,0,,,,,,,,
loso_09__resnet18__seed43,resnet18,loso_09,43,complete,,runs/2026-09-12/loso_09__resnet18__seed43,evaluate_test_clean,0.5110722649842501,0.5099999999999962,3,97.53333333333335,99.4,3723.1957333333335,3723.436032,14.0,14.0,4395.630592,4395.630592
loso_09__resnet18__seed43,resnet18,loso_09,43,complete,,runs/2026-09-12/loso_09__resnet18__seed43,inference_batch1,0.14063485898077488,0.14000000000000234,1,103.6,103.6,3724.746752,3724.746752,14.0,14.0,4395.630592,4395.630592
loso_09__resnet18__seed43,resnet18,loso_09,43,complete,,runs/2026-09-12/loso_09__resnet18__seed43,explanations,0.13295266102068126,0.13000000000003098,0,,,,,,,,
loso_09__resnet18_imagenet__seed42,resnet18_imagenet,loso_09,42,complete,,runs/2026-09-12/loso_09__resnet18_imagenet__seed42,read_data,0.2195725659839809,0.2299999999999997,1,102.6,102.6,801.406976,801.406976,55.0,55.0,0.0,0.0
loso_09__resnet18_imagenet__seed42,resnet18_imagenet,loso_09,42,complete,,runs/2026-09-12/loso_09__resnet18_imagenet__seed42,build_model,5.475993447005749,5.62,24,102.55,130.6,1921.125205333333,2426.14272,38.666666666666664,46.0,145.05301333333333,266.338304
loso_09__resnet18_imagenet__seed42,resnet18_imagenet,loso_09,42,complete,,runs/2026-09-12/loso_09__resnet18_imagenet__seed42,prepare_pipeline,1.6799875730648637,1.7599999999999982,8,105.51249999999999,114.1,2691.409408,2996.047872,33.0,39.0,601.882624,803.209216
loso_09__resnet18_imagenet__seed42,resnet18_imagenet,loso_09,42,complete,,runs/2026-09-12/loso_09__resnet18_imagenet__seed42,fit,128.22135624010116,97.32,636,75.83522012578617,991.9,4236.259965584905,4377.935872,84.82075471698113,99.0,4035.4974945408794,4232.052736
loso_09__resnet18_imagenet__seed42,resnet18_imagenet,loso_09,42,complete,,runs/2026-09-12/loso_09__resnet18_imagenet__seed42,save_model,0.19169821904506534,0.20000000000000462,1,118.5,118.5,3977.580544,3977.580544,94.0,94.0,4232.052736,4232.052736
loso_09__resnet18_imagenet__seed42,resnet18_imagenet,loso_09,42,complete,,runs/2026-09-12/loso_09__resnet18_imagenet__seed42,warmup,0.6089496678905562,0.6099999999999968,3,98.63333333333333,103.3,4023.937706666666,4051.099648,94.0,94.0,4234.149888,4234.149888
loso_09__resnet18_imagenet__seed42,resnet18_imagenet,loso_09,42,complete,,runs/2026-09-12/loso_09__resnet18_imagenet__seed42,evaluate_train,4.44002908107359,4.130000000000013,22,93.29545454545455,104.2,4085.265873454547,4087.37792,62.18181818181818,92.0,4234.149888,4234.149888
loso_09__resnet18_imagenet__seed42,resnet18_imagenet,loso_09,42,complete,,runs/2026-09-12/loso_09__resnet18_imagenet__seed42,prepare_val_clean,0.003844287944957614,-3.552713678800501e-15,0,,,,,,,,
loso_09__resnet18_imagenet__seed42,resnet18_imagenet,loso_09,42,complete,,runs/2026-09-12/loso_09__resnet18_imagenet__seed42,evaluate_val_clean,0.7384072840213776,0.659999999999993,4,89.25,99.9,4097.158144,4097.622016,58.5,68.0,4234.149888,4234.149888
loso_09__resnet18_imagenet__seed42,resnet18_imagenet,loso_09,42,complete,,runs/2026-09-12/loso_09__resnet18_imagenet__seed42,prepare_test_clean,0.0029165830928832293,0.01000000000000334,0,,,,,,,,
loso_09__resnet18_imagenet__seed42,resnet18_imagenet,loso_09,42,complete,,runs/2026-09-12/loso_09__resnet18_imagenet__seed42,evaluate_test_clean,0.5682906960137188,0.5500000000000096,3,97.26666666666667,99.4,4099.1962453333335,4099.330048,61.0,68.0,4234.149888,4234.149888
loso_09__resnet18_imagenet__seed42,resnet18_imagenet,loso_09,42,complete,,runs/2026-09-12/loso_09__resnet18_imagenet__seed42,inference_batch1,0.19315256096888334,0.18000000000000504,0,,,,,,,,
loso_09__resnet18_imagenet__seed42,resnet18_imagenet,loso_09,42,complete,,runs/2026-09-12/loso_09__resnet18_imagenet__seed42,explanations,0.14199110411573201,0.1399999999999988,1,101.8,101.8,4099.956736,4099.956736,61.0,61.0,4234.149888,4234.149888
loso_09__resnet18_imagenet__seed43,resnet18_imagenet,loso_09,43,complete,,runs/2026-09-12/loso_09__resnet18_imagenet__seed43,read_data,0.18950566498097032,0.18999999999999967,0,,,,,,,,
loso_09__resnet18_imagenet__seed43,resnet18_imagenet,loso_09,43,complete,,runs/2026-09-12/loso_09__resnet18_imagenet__seed43,build_model,4.76151890901383,4.93,20,103.095,132.0,1938.2802432,2415.976448,15.95,23.0,153.40666879999998,266.338304
loso_09__resnet18_imagenet__seed43,resnet18_imagenet,loso_09,43,complete,,runs/2026-09-12/loso_09__resnet18_imagenet__seed43,prepare_pipeline,1.1012490729335696,1.1799999999999997,4,108.775,119.2,2787.1232,2996.842496,14.5,15.0,803.209216,803.209216
loso_09__resnet18_imagenet__seed43,resnet18_imagenet,loso_09,43,complete,,runs/2026-09-12/loso_09__resnet18_imagenet__seed43,fit,135.1814593699528,103.27,672,76.40044642857144,620.6,4259.026517333334,4379.91424,80.8110119047619,96.0,4292.867023238095,4466.93376
loso_09__resnet18_imagenet__seed43,resnet18_imagenet,loso_09,43,complete,,runs/2026-09-12/loso_09__resnet18_imagenet__seed43,save_model,0.17262368893716484,0.18000000000000593,1,104.2,104.2,4009.541632,4009.541632,91.0,91.0,4466.93376,4466.93376
loso_09__resnet18_imagenet__seed43,resnet18_imagenet,loso_09,43,complete,,runs/2026-09-12/loso_09__resnet18_imagenet__seed43,warmup,0.5307126899715513,0.5199999999999827,2,96.75,99.2,3940.0427520000003,3951.845376,12.0,12.0,4469.030912,4469.030912
loso_09__resnet18_imagenet__seed43,resnet18_imagenet,loso_09,43,complete,,runs/2026-09-12/loso_09__resnet18_imagenet__seed43,evaluate_train,3.63583284500055,3.440000000000005,18,94.66111111111111,99.4,3966.3047111111114,3967.750144,32.0,38.0,4469.030912,4469.030912
loso_09__resnet18_imagenet__seed43,resnet18_imagenet,loso_09,43,complete,,runs/2026-09-12/loso_09__resnet18_imagenet__seed43,prepare_val_clean,0.0036385520361363888,-5.329070518200751e-15,0,,,,,,,,
loso_09__resnet18_imagenet__seed43,resnet18_imagenet,loso_09,43,complete,,runs/2026-09-12/loso_09__resnet18_imagenet__seed43,evaluate_val_clean,0.5786358859622851,0.5600000000000112,3,95.96666666666665,99.4,4006.955690666667,4006.965248,82.0,82.0,4469.030912,4469.030912
loso_09__resnet18_imagenet__seed43,resnet18_imagenet,loso_09,43,complete,,runs/2026-09-12/loso_09__resnet18_imagenet__seed43,prepare_test_clean,0.00278302701190114,-4.440892098500626e-15,0,,,,,,,,
loso_09__resnet18_imagenet__seed43,resnet18_imagenet,loso_09,43,complete,,runs/2026-09-12/loso_09__resnet18_imagenet__seed43,evaluate_test_clean,0.49426088598556817,0.47999999999999954,2,96.1,99.5,4012.4620800000002,4013.043712,50.0,50.0,4469.030912,4469.030912
loso_09__resnet18_imagenet__seed43,resnet18_imagenet,loso_09,43,complete,,runs/2026-09-12/loso_09__resnet18_imagenet__seed43,inference_batch1,0.17974086699541658,0.1800000000000077,1,98.9,98.9,4013.297664,4013.297664,65.0,65.0,4469.030912,4469.030912
loso_09__resnet18_imagenet__seed43,resnet18_imagenet,loso_09,43,complete,,runs/2026-09-12/loso_09__resnet18_imagenet__seed43,explanations,0.12978268403094262,0.11999999999999567,1,103.7,103.7,4013.707264,4013.707264,65.0,65.0,4469.030912,4469.030912
loso_09__yolo11n__seed42,yolo11n,loso_09,42,complete,,runs/2026-09-12/loso_09__yolo11n__seed42,read_data,0.19290075497701764,0.20000000000000012,0,,,,,,,,
loso_09__yolo11n__seed42,yolo11n,loso_09,42,complete,,runs/2026-09-12/loso_09__yolo11n__seed42,prepare_pipeline,16.30627169692889,16.48,81,101.03703703703704,151.6,1535.8177027160493,1536.06144,32.901234567901234,48.0,0.0,0.0
loso_09__yolo11n__seed42,yolo11n,loso_09,42,complete,,runs/2026-09-12/loso_09__yolo11n__seed42,build_model,0.8063940469874069,0.8199999999999994,4,99.99999999999999,101.1,1602.95424,1661.886464,36.0,36.0,0.0,0.0
loso_09__yolo11n__seed42,yolo11n,loso_09,42,complete,,runs/2026-09-12/loso_09__yolo11n__seed42,fit,233.7097957180813,846.5300000000001,1159,362.28308886971524,456.8,3290.7899321760137,3619.807232,36.15271786022433,74.0,587.5481648593616,717.225984
loso_09__yolo11n__seed42,yolo11n,loso_09,42,complete,,runs/2026-09-12/loso_09__yolo11n__seed42,save_model,0.035751307965256274,0.1300000000000452,0,,,,,,,,
loso_09__yolo11n__seed42,yolo11n,loso_09,42,complete,,runs/2026-09-12/loso_09__yolo11n__seed42,warmup,0.05618786800187081,0.1400000000000272,0,,,,,,,,
loso_09__yolo11n__seed42,yolo11n,loso_09,42,complete,,runs/2026-09-12/loso_09__yolo11n__seed42,evaluate_train,1.8867009870009497,1.9099999999998953,10,110.14000000000001,192.9,3383.9734784,3512.557568,35.0,36.0,404.750336,404.750336
loso_09__yolo11n__seed42,yolo11n,loso_09,42,complete,,runs/2026-09-12/loso_09__yolo11n__seed42,prepare_val_clean,0.0035747980000451207,0.01000000000003709,0,,,,,,,,
loso_09__yolo11n__seed42,yolo11n,loso_09,42,complete,,runs/2026-09-12/loso_09__yolo11n__seed42,evaluate_val_clean,0.23226400499697775,0.21999999999995978,1,101.9,101.9,3513.143296,3513.143296,28.0,28.0,404.750336,404.750336
loso_09__yolo11n__seed42,yolo11n,loso_09,42,complete,,runs/2026-09-12/loso_09__yolo11n__seed42,prepare_test_clean,0.0027668490074574947,2.6645352591003757e-14,0,,,,,,,,
loso_09__yolo11n__seed42,yolo11n,loso_09,42,complete,,runs/2026-09-12/loso_09__yolo11n__seed42,evaluate_test_clean,0.16512232704553753,0.1600000000001085,1,104.6,104.6,3267.796992,3267.796992,28.0,28.0,404.750336,404.750336
loso_09__yolo11n__seed42,yolo11n,loso_09,42,complete,,runs/2026-09-12/loso_09__yolo11n__seed42,inference_batch1,0.15957029000855982,0.15999999999998593,1,103.5,103.5,3272.036352,3272.036352,27.0,27.0,404.750336,404.750336
loso_09__yolo11n__seed42,yolo11n,loso_09,42,complete,,runs/2026-09-12/loso_09__yolo11n__seed42,explanations,0.00042662699706852436,0.010000000000008669,0,,,,,,,,
loso_09__yolo11n__seed43,yolo11n,loso_09,43,complete,,runs/2026-09-12/loso_09__yolo11n__seed43,read_data,0.18889022094663233,0.1899999999999999,0,,,,,,,,
loso_09__yolo11n__seed43,yolo11n,loso_09,43,complete,,runs/2026-09-12/loso_09__yolo11n__seed43,prepare_pipeline,15.109213904943317,15.3,75,101.25733333333335,167.4,1536.0429806933334,1536.282624,30.52,41.0,0.0,0.0
loso_09__yolo11n__seed43,yolo11n,loso_09,43,complete,,runs/2026-09-12/loso_09__yolo11n__seed43,build_model,0.7335331799695268,0.7599999999999969,4,99.875,102.6,1612.120064,1666.727936,31.0,31.0,0.0,0.0
loso_09__yolo11n__seed43,yolo11n,loso_09,43,complete,,runs/2026-09-12/loso_09__yolo11n__seed43,fit,194.93421453493647,707.1400000000001,966,362.98695652173916,546.5,3290.9084175900616,3595.44832,24.624223602484474,41.0,569.7306352629399,687.865856
loso_09__yolo11n__seed43,yolo11n,loso_09,43,complete,,runs/2026-09-12/loso_09__yolo11n__seed43,save_model,0.031495259958319366,0.12000000000003119,0,,,,,,,,
loso_09__yolo11n__seed43,yolo11n,loso_09,43,complete,,runs/2026-09-12/loso_09__yolo11n__seed43,warmup,0.051629585097543895,0.1300000000000221,0,,,,,,,,
loso_09__yolo11n__seed43,yolo11n,loso_09,43,complete,,runs/2026-09-12/loso_09__yolo11n__seed43,evaluate_train,1.7039261100580916,1.7299999999999311,9,110.7111111111111,187.2,3360.2851271111113,3487.780864,23.555555555555557,28.0,404.750336,404.750336
loso_09__yolo11n__seed43,yolo11n,loso_09,43,complete,,runs/2026-09-12/loso_09__yolo11n__seed43,prepare_val_clean,0.0035008599516004324,0.01000000000015433,0,,,,,,,,
loso_09__yolo11n__seed43,yolo11n,loso_09,43,complete,,runs/2026-09-12/loso_09__yolo11n__seed43,evaluate_val_clean,0.20871854503639042,0.19999999999998153,1,103.8,103.8,3488.370688,3488.370688,6.0,6.0,404.750336,404.750336
loso_09__yolo11n__seed43,yolo11n,loso_09,43,complete,,runs/2026-09-12/loso_09__yolo11n__seed43,prepare_test_clean,0.0024979100562632084,3.197442310920451e-14,0,,,,,,,,
loso_09__yolo11n__seed43,yolo11n,loso_09,43,complete,,runs/2026-09-12/loso_09__yolo11n__seed43,evaluate_test_clean,0.14467429905198514,0.15000000000000924,1,102.6,102.6,3243.020288,3243.020288,6.0,6.0,404.750336,404.750336
loso_09__yolo11n__seed43,yolo11n,loso_09,43,complete,,runs/2026-09-12/loso_09__yolo11n__seed43,inference_batch1,0.14007489196956158,0.14000000000000945,1,103.8,103.8,3247.255552,3247.255552,6.0,6.0,404.750336,404.750336
loso_09__yolo11n__seed43,yolo11n,loso_09,43,complete,,runs/2026-09-12/loso_09__yolo11n__seed43,explanations,0.000321789993904531,2.3092638912203256e-14,0,,,,,,,,
loso_09__yolo11n_random__seed42,yolo11n_random,loso_09,42,complete,,runs/2026-09-12/loso_09__yolo11n_random__seed42,read_data,0.20504047407303005,0.2099999999999999,0,,,,,,,,
loso_09__yolo11n_random__seed42,yolo11n_random,loso_09,42,complete,,runs/2026-09-12/loso_09__yolo11n_random__seed42,prepare_pipeline,18.19508727104403,18.38,90,100.89444444444445,154.1,1535.8703388444446,1536.110592,39.977777777777774,60.0,0.0,0.0
loso_09__yolo11n_random__seed42,yolo11n_random,loso_09,42,complete,,runs/2026-09-12/loso_09__yolo11n_random__seed42,build_model,0.08872583601623774,0.2500000000000038,1,173.5,173.5,1586.671616,1586.671616,43.0,43.0,0.0,0.0
loso_09__yolo11n_random__seed42,yolo11n_random,loso_09,42,complete,,runs/2026-09-12/loso_09__yolo11n_random__seed42,fit,184.95618947094772,667.2099999999999,915,361.40306010928964,471.6,3267.7776176961747,3635.695616,40.02622950819672,71.0,554.0538065836066,666.894336
loso_09__yolo11n_random__seed42,yolo11n_random,loso_09,42,complete,,runs/2026-09-12/loso_09__yolo11n_random__seed42,save_model,0.030795317026786506,0.11000000000003674,0,,,,,,,,
loso_09__yolo11n_random__seed42,yolo11n_random,loso_09,42,complete,,runs/2026-09-12/loso_09__yolo11n_random__seed42,warmup,0.05568687303457409,0.14000000000000945,0,,,,,,,,
loso_09__yolo11n_random__seed42,yolo11n_random,loso_09,42,complete,,runs/2026-09-12/loso_09__yolo11n_random__seed42,evaluate_train,1.8570126290433109,1.869999999999914,9,108.67777777777778,164.6,3349.9886933333332,3473.068032,30.0,38.0,404.750336,404.750336
loso_09__yolo11n_random__seed42,yolo11n_random,loso_09,42,complete,,runs/2026-09-12/loso_09__yolo11n_random__seed42,prepare_val_clean,0.0035114330239593983,4.618527782440651e-14,0,,,,,,,,
loso_09__yolo11n_random__seed42,yolo11n_random,loso_09,42,complete,,runs/2026-09-12/loso_09__yolo11n_random__seed42,evaluate_val_clean,0.22932099003810436,0.2299999999999507,1,104.1,104.1,3491.0208,3491.0208,38.0,38.0,404.750336,404.750336
loso_09__yolo11n_random__seed42,yolo11n_random,loso_09,42,complete,,runs/2026-09-12/loso_09__yolo11n_random__seed42,prepare_test_clean,0.00308819895144552,1.7763568394002505e-14,0,,,,,,,,
loso_09__yolo11n_random__seed42,yolo11n_random,loso_09,42,complete,,runs/2026-09-12/loso_09__yolo11n_random__seed42,evaluate_test_clean,0.15983605198562145,0.16000000000009962,1,99.1,99.1,3245.658112,3245.658112,23.0,23.0,404.750336,404.750336
loso_09__yolo11n_random__seed42,yolo11n_random,loso_09,42,complete,,runs/2026-09-12/loso_09__yolo11n_random__seed42,inference_batch1,0.16372061695437878,0.17000000000008164,1,104.1,104.1,3249.897472,3249.897472,23.0,23.0,404.750336,404.750336
loso_09__yolo11n_random__seed42,yolo11n_random,loso_09,42,complete,,runs/2026-09-12/loso_09__yolo11n_random__seed42,explanations,0.00034874596167355776,8.881784197001252e-15,0,,,,,,,,
loso_09__yolo11n_random__seed43,yolo11n_random,loso_09,43,complete,,runs/2026-09-12/loso_09__yolo11n_random__seed43,read_data,0.19026015093550086,0.19000000000000034,0,,,,,,,,
loso_09__yolo11n_random__seed43,yolo11n_random,loso_09,43,complete,,runs/2026-09-12/loso_09__yolo11n_random__seed43,prepare_pipeline,15.761806093971245,15.940000000000003,79,100.94050632911394,149.7,1535.7979997974683,1536.04096,30.746835443037973,42.0,0.0,0.0
loso_09__yolo11n_random__seed43,yolo11n_random,loso_09,43,complete,,runs/2026-09-12/loso_09__yolo11n_random__seed43,build_model,0.07375482795760036,0.18999999999999861,0,,,,,,,,
loso_09__yolo11n_random__seed43,yolo11n_random,loso_09,43,complete,,runs/2026-09-12/loso_09__yolo11n_random__seed43,fit,744.382698521018,2729.5699999999997,3687,366.97176566314073,460.2,3410.734377451587,3812.835328,25.67670192568484,46.0,931.3101084675886,1402.994688
loso_09__yolo11n_random__seed43,yolo11n_random,loso_09,43,complete,,runs/2026-09-12/loso_09__yolo11n_random__seed43,save_model,0.03217013203538954,0.11999999999994415,1,140.3,140.3,3476.709376,3476.709376,7.0,7.0,377.48736,377.48736
loso_09__yolo11n_random__seed43,yolo11n_random,loso_09,43,complete,,runs/2026-09-12/loso_09__yolo11n_random__seed43,warmup,0.0558954959269613,0.14999999999990976,0,,,,,,,,
loso_09__yolo11n_random__seed43,yolo11n_random,loso_09,43,complete,,runs/2026-09-12/loso_09__yolo11n_random__seed43,evaluate_train,1.695665654959157,1.71000000000031,8,106.125,144.0,3571.2348159999997,3690.573824,30.75,32.0,404.750336,404.750336
loso_09__yolo11n_random__seed43,yolo11n_random,loso_09,43,complete,,runs/2026-09-12/loso_09__yolo11n_random__seed43,prepare_val_clean,0.0033902879804372787,-3.552713678800501e-14,1,104.2,104.2,3704.213504,3704.213504,32.0,32.0,404.750336,404.750336
loso_09__yolo11n_random__seed43,yolo11n_random,loso_09,43,complete,,runs/2026-09-12/loso_09__yolo11n_random__seed43,evaluate_val_clean,0.2046340008964762,0.21000000000000085,1,100.8,100.8,3454.840832,3454.840832,14.0,14.0,404.750336,404.750336
loso_09__yolo11n_random__seed43,yolo11n_random,loso_09,43,complete,,runs/2026-09-12/loso_09__yolo11n_random__seed43,prepare_test_clean,0.002403239021077752,-5.3290705182007514e-14,0,,,,,,,,
loso_09__yolo11n_random__seed43,yolo11n_random,loso_09,43,complete,,runs/2026-09-12/loso_09__yolo11n_random__seed43,evaluate_test_clean,0.14795346709433943,0.1499999999995829,0,,,,,,,,
loso_09__yolo11n_random__seed43,yolo11n_random,loso_09,43,complete,,runs/2026-09-12/loso_09__yolo11n_random__seed43,inference_batch1,0.14113274402916431,0.14000000000049084,1,103.9,103.9,3467.628544,3467.628544,14.0,14.0,404.750336,404.750336
loso_09__yolo11n_random__seed43,yolo11n_random,loso_09,43,complete,,runs/2026-09-12/loso_09__yolo11n_random__seed43,explanations,0.00031819602008908987,1.6342482922482304e-13,0,,,,,,,,
loso_10__polygarbor__seed42,polygarbor,loso_10,42,complete,,runs/2026-09-12/loso_10__polygarbor__seed42,read_data,0.1974762890022248,0.20000000000000034,0,,,,,,,,
loso_10__polygarbor__seed42,polygarbor,loso_10,42,complete,,runs/2026-09-12/loso_10__polygarbor__seed42,build_model,0.0004522949457168579,0.0,0,,,,,,,,
loso_10__polygarbor__seed42,polygarbor,loso_10,42,complete,,runs/2026-09-12/loso_10__polygarbor__seed42,extract_features,21.27743414102588,21.349999999999998,106,100.34716981132073,109.5,872.8813645283019,873.472,32.72641509433962,43.0,0.0,0.0
loso_10__polygarbor__seed42,polygarbor,loso_10,42,complete,,runs/2026-09-12/loso_10__polygarbor__seed42,fit,0.6291834770236164,13.020000000000003,3,1516.9333333333334,2124.4,899.4092373333333,914.39104,39.0,39.0,0.0,0.0
loso_10__polygarbor__seed42,polygarbor,loso_10,42,complete,,runs/2026-09-12/loso_10__polygarbor__seed42,save_model,0.033368136966601014,0.6300000000000059,1,2069.9,2069.9,907.22304,907.22304,39.0,39.0,0.0,0.0
loso_10__polygarbor__seed42,polygarbor,loso_10,42,complete,,runs/2026-09-12/loso_10__polygarbor__seed42,warmup,0.09169822093099356,1.0500000000000076,0,,,,,,,,
loso_10__polygarbor__seed42,polygarbor,loso_10,42,complete,,runs/2026-09-12/loso_10__polygarbor__seed42,evaluate_train,94.86700479499996,95.17999999999998,455,101.93846153846154,820.2,908.2969571868132,909.725696,38.432967032967035,64.0,0.0,0.0
loso_10__polygarbor__seed42,polygarbor,loso_10,42,complete,,runs/2026-09-12/loso_10__polygarbor__seed42,prepare_val_clean,0.0036828500451520085,-1.3322676295501878e-15,0,,,,,,,,
loso_10__polygarbor__seed42,polygarbor,loso_10,42,complete,,runs/2026-09-12/loso_10__polygarbor__seed42,evaluate_val_clean,10.6468203200493,10.689999999999996,51,100.39607843137254,108.1,953.671840627451,953.954304,46.72549019607843,74.0,0.0,0.0
loso_10__polygarbor__seed42,polygarbor,loso_10,42,complete,,runs/2026-09-12/loso_10__polygarbor__seed42,prepare_test_clean,0.001969848992303014,1.3322676295501878e-15,0,,,,,,,,
loso_10__polygarbor__seed42,polygarbor,loso_10,42,complete,,runs/2026-09-12/loso_10__polygarbor__seed42,evaluate_test_clean,5.299303765990771,5.319999999999995,25,100.256,106.1,960.6460211200001,960.761856,53.28,60.0,0.0,0.0
loso_10__polygarbor__seed42,polygarbor,loso_10,42,complete,,runs/2026-09-12/loso_10__polygarbor__seed42,inference_batch1,1.1175726550864056,1.1299999999999977,5,100.24,107.9,957.0058240000001,957.005824,33.0,33.0,0.0,0.0
loso_10__polygarbor__seed42,polygarbor,loso_10,42,complete,,runs/2026-09-12/loso_10__polygarbor__seed42,explanations,0.00036238401662558317,-6.661338147750939e-15,0,,,,,,,,
loso_10__polygarbor__seed43,polygarbor,loso_10,43,complete,,runs/2026-09-12/loso_10__polygarbor__seed43,read_data,0.18971959105692804,0.1899999999999996,0,,,,,,,,
loso_10__polygarbor__seed43,polygarbor,loso_10,43,complete,,runs/2026-09-12/loso_10__polygarbor__seed43,build_model,0.0003000900615006685,-2.220446049250313e-16,0,,,,,,,,
loso_10__polygarbor__seed43,polygarbor,loso_10,43,complete,,runs/2026-09-12/loso_10__polygarbor__seed43,extract_features,19.381942769978195,19.46,97,100.38144329896907,104.6,872.9932747216494,873.566208,30.90721649484536,44.0,0.0,0.0
loso_10__polygarbor__seed43,polygarbor,loso_10,43,complete,,runs/2026-09-12/loso_10__polygarbor__seed43,fit,0.6510519830044359,13.819999999999995,3,1877.8666666666668,2161.8,907.4701653333333,918.6304,36.0,36.0,0.0,0.0
loso_10__polygarbor__seed43,polygarbor,loso_10,43,complete,,runs/2026-09-12/loso_10__polygarbor__seed43,save_model,0.019755781046114862,0.4299999999999986,0,,,,,,,,
loso_10__polygarbor__seed43,polygarbor,loso_10,43,complete,,runs/2026-09-12/loso_10__polygarbor__seed43,warmup,0.09621182398404926,1.3199999999999992,1,2082.8,2082.8,907.829248,907.829248,36.0,36.0,0.0,0.0
loso_10__polygarbor__seed43,polygarbor,loso_10,43,complete,,runs/2026-09-12/loso_10__polygarbor__seed43,evaluate_train,90.38712529593613,90.69,430,100.43418604651163,130.2,908.6675944186046,910.041088,35.75581395348837,44.0,0.0,0.0
loso_10__polygarbor__seed43,polygarbor,loso_10,43,complete,,runs/2026-09-12/loso_10__polygarbor__seed43,prepare_val_clean,0.0033131170785054564,0.01000000000001644,0,,,,,,,,
loso_10__polygarbor__seed43,polygarbor,loso_10,43,complete,,runs/2026-09-12/loso_10__polygarbor__seed43,evaluate_val_clean,9.977335306000896,10.010000000000002,48,100.40000000000002,104.1,955.7157546666667,956.0064,34.895833333333336,44.0,0.0,0.0
loso_10__polygarbor__seed43,polygarbor,loso_10,43,complete,,runs/2026-09-12/loso_10__polygarbor__seed43,prepare_test_clean,0.0017054839991033077,1.2434497875801753e-14,0,,,,,,,,
loso_10__polygarbor__seed43,polygarbor,loso_10,43,complete,,runs/2026-09-12/loso_10__polygarbor__seed43,evaluate_test_clean,4.975294953910634,4.999999999999984,24,100.375,103.2,961.0765653333333,961.183744,37.416666666666664,43.0,0.0,0.0
loso_10__polygarbor__seed43,polygarbor,loso_10,43,complete,,runs/2026-09-12/loso_10__polygarbor__seed43,inference_batch1,1.0613510119728744,1.080000000000026,5,100.96,106.3,933.076992,933.076992,46.2,47.0,0.0,0.0
loso_10__polygarbor__seed43,polygarbor,loso_10,43,complete,,runs/2026-09-12/loso_10__polygarbor__seed43,explanations,0.0002891960320994258,4.440892098500626e-15,0,,,,,,,,
loso_10__resnet18__seed42,resnet18,loso_10,42,complete,,runs/2026-09-12/loso_10__resnet18__seed42,read_data,0.2049678349867463,0.20999999999999963,1,102.5,102.5,864.157696,864.157696,18.0,18.0,0.0,0.0
loso_10__resnet18__seed42,resnet18,loso_10,42,complete,,runs/2026-09-12/loso_10__resnet18__seed42,build_model,2.9133718230295926,2.9899999999999998,13,103.39999999999999,144.0,1688.772292923077,1980.760064,44.53846153846154,55.0,51.62220307692307,266.338304
loso_10__resnet18__seed42,resnet18,loso_10,42,complete,,runs/2026-09-12/loso_10__resnet18__seed42,prepare_pipeline,1.4025098698912188,1.5,6,106.96666666666665,124.3,2344.777728,2592.198656,64.5,69.0,713.7307306666667,803.209216
loso_10__resnet18__seed42,resnet18,loso_10,42,complete,,runs/2026-09-12/loso_10__resnet18__seed42,fit,224.6804315940244,137.71,1114,61.25619389587073,832.1,3884.5188246750454,4017.823744,88.44703770197486,100.0,2917.3963402800714,2982.150144
loso_10__resnet18__seed42,resnet18,loso_10,42,complete,,runs/2026-09-12/loso_10__resnet18__seed42,save_model,0.15968862792942673,0.16999999999998572,1,104.4,104.4,3532.10368,3532.10368,95.0,95.0,2982.150144,2982.150144
loso_10__resnet18__seed42,resnet18,loso_10,42,complete,,runs/2026-09-12/loso_10__resnet18__seed42,warmup,0.5316673530032858,0.5200000000000173,3,100.69999999999999,108.8,3577.626624,3596.86144,73.0,95.0,2982.1501440000006,2982.150144
loso_10__resnet18__seed42,resnet18,loso_10,42,complete,,runs/2026-09-12/loso_10__resnet18__seed42,evaluate_train,4.109931592014618,3.9199999999999875,20,95.045,103.6,3596.6451712000003,3598.454784,45.35,52.0,2982.150144,2982.150144
loso_10__resnet18__seed42,resnet18,loso_10,42,complete,,runs/2026-09-12/loso_10__resnet18__seed42,prepare_val_clean,0.0039031290216371417,5.329070518200751e-15,0,,,,,,,,
loso_10__resnet18__seed42,resnet18,loso_10,42,complete,,runs/2026-09-12/loso_10__resnet18__seed42,evaluate_val_clean,0.694391451892443,0.6799999999999837,4,98.125,104.2,3608.3978239999997,3608.424448,45.0,46.0,2982.150144,2982.150144
loso_10__resnet18__seed42,resnet18,loso_10,42,complete,,runs/2026-09-12/loso_10__resnet18__seed42,prepare_test_clean,0.002043882035650313,7.105427357601002e-15,0,,,,,,,,
loso_10__resnet18__seed42,resnet18,loso_10,42,complete,,runs/2026-09-12/loso_10__resnet18__seed42,evaluate_test_clean,0.42232468305155635,0.4099999999999753,2,97.5,99.5,3609.731072,3609.735168,44.0,44.0,2982.150144,2982.150144
loso_10__resnet18__seed42,resnet18,loso_10,42,complete,,runs/2026-09-12/loso_10__resnet18__seed42,inference_batch1,0.1529670360032469,0.15999999999998593,1,103.5,103.5,3610.918912,3610.918912,91.0,91.0,2982.150144,2982.150144
loso_10__resnet18__seed42,resnet18,loso_10,42,complete,,runs/2026-09-12/loso_10__resnet18__seed42,explanations,0.14439297805074602,0.14000000000002188,1,99.0,99.0,3611.89376,3611.89376,91.0,91.0,2982.150144,2982.150144
loso_10__resnet18__seed43,resnet18,loso_10,43,complete,,runs/2026-09-12/loso_10__resnet18__seed43,read_data,0.18743691104464233,0.1899999999999999,0,,,,,,,,
loso_10__resnet18__seed43,resnet18,loso_10,43,complete,,runs/2026-09-12/loso_10__resnet18__seed43,build_model,2.4705407930305228,2.5500000000000003,11,103.9090909090909,155.6,1695.620747636364,1980.911616,33.0,37.0,61.00805818181818,266.338304
loso_10__resnet18__seed43,resnet18,loso_10,43,complete,,runs/2026-09-12/loso_10__resnet18__seed43,prepare_pipeline,1.0684374509146437,1.1499999999999995,4,109.725,119.0,2383.7122560000003,2593.34144,16.0,16.0,803.209216,803.209216
loso_10__resnet18__seed43,resnet18,loso_10,43,complete,,runs/2026-09-12/loso_10__resnet18__seed43,fit,163.4073147920426,109.69999999999999,812,67.14273399014779,978.9,3935.9292733793104,4065.210368,82.76970443349754,98.0,4334.957815172414,4473.225216
loso_10__resnet18__seed43,resnet18,loso_10,43,complete,,runs/2026-09-12/loso_10__resnet18__seed43,save_model,0.15200136497151107,0.16000000000000902,0,,,,,,,,
loso_10__resnet18__seed43,resnet18,loso_10,43,complete,,runs/2026-09-12/loso_10__resnet18__seed43,warmup,0.5270556029863656,0.5199999999999996,3,97.13333333333333,103.5,3722.630485333333,3738.74688,79.0,79.0,4473.225216,4473.225216
loso_10__resnet18__seed43,resnet18,loso_10,43,complete,,runs/2026-09-12/loso_10__resnet18__seed43,evaluate_train,3.811534979962744,3.6600000000000055,19,95.88947368421053,109.3,3733.9806450526316,3735.396352,52.26315789473684,86.0,4473.225216000001,4473.225216
loso_10__resnet18__seed43,resnet18,loso_10,43,complete,,runs/2026-09-12/loso_10__resnet18__seed43,prepare_val_clean,0.0037758159451186657,-3.552713678800501e-15,0,,,,,,,,
loso_10__resnet18__seed43,resnet18,loso_10,43,complete,,runs/2026-09-12/loso_10__resnet18__seed43,evaluate_val_clean,0.6153376509901136,0.600000000000005,3,97.60000000000001,99.4,3745.40288,3746.123776,29.666666666666668,43.0,4473.225216,4473.225216
loso_10__resnet18__seed43,resnet18,loso_10,43,complete,,runs/2026-09-12/loso_10__resnet18__seed43,prepare_test_clean,0.0022187490249052644,7.105427357601002e-15,0,,,,,,,,
loso_10__resnet18__seed43,resnet18,loso_10,43,complete,,runs/2026-09-12/loso_10__resnet18__seed43,evaluate_test_clean,0.39816690201405436,0.3999999999999986,2,99.3,99.3,3748.018176,3748.257792,31.0,39.0,4473.225216,4473.225216
loso_10__resnet18__seed43,resnet18,loso_10,43,complete,,runs/2026-09-12/loso_10__resnet18__seed43,inference_batch1,0.14905619097407907,0.14000000000000412,0,,,,,,,,
loso_10__resnet18__seed43,resnet18,loso_10,43,complete,,runs/2026-09-12/loso_10__resnet18__seed43,explanations,0.1390869050519541,0.14000000000000412,1,101.7,101.7,3749.96992,3749.96992,39.0,39.0,4473.225216,4473.225216
loso_10__resnet18_imagenet__seed42,resnet18_imagenet,loso_10,42,complete,,runs/2026-09-12/loso_10__resnet18_imagenet__seed42,read_data,0.18960619601421058,0.1800000000000001,0,,,,,,,,
loso_10__resnet18_imagenet__seed42,resnet18_imagenet,loso_10,42,complete,,runs/2026-09-12/loso_10__resnet18_imagenet__seed42,build_model,4.907390951993875,5.09,21,103.88095238095238,136.8,1935.4610346666664,2432.311296,31.80952380952381,34.0,146.00172495238093,266.338304
loso_10__resnet18_imagenet__seed42,resnet18_imagenet,loso_10,42,complete,,runs/2026-09-12/loso_10__resnet18_imagenet__seed42,prepare_pipeline,1.0773435280425474,1.1699999999999995,4,110.8,119.2,2811.68384,3026.501632,31.5,32.0,803.209216,803.209216
loso_10__resnet18_imagenet__seed42,resnet18_imagenet,loso_10,42,complete,,runs/2026-09-12/loso_10__resnet18_imagenet__seed42,fit,218.25894228706602,156.7,1083,71.77506925207756,1156.3,4309.193475545707,4419.354624,87.25484764542936,100.0,3886.899858083102,3982.491648
loso_10__resnet18_imagenet__seed42,resnet18_imagenet,loso_10,42,complete,,runs/2026-09-12/loso_10__resnet18_imagenet__seed42,save_model,0.19906883803196251,0.2000000000000206,1,119.3,119.3,3979.935744,3979.935744,91.0,91.0,3982.491648,3982.491648
loso_10__resnet18_imagenet__seed42,resnet18_imagenet,loso_10,42,complete,,runs/2026-09-12/loso_10__resnet18_imagenet__seed42,warmup,0.5748731440398842,0.5699999999999701,3,98.76666666666667,103.9,4055.355392,4088.111104,70.0,91.0,3982.4916480000006,3982.491648
loso_10__resnet18_imagenet__seed42,resnet18_imagenet,loso_10,42,complete,,runs/2026-09-12/loso_10__resnet18_imagenet__seed42,evaluate_train,4.217279367032461,4.020000000000026,21,95.49999999999999,109.1,4118.443934476191,4120.813568,38.38095238095238,44.0,3982.4916479999993,3982.491648
loso_10__resnet18_imagenet__seed42,resnet18_imagenet,loso_10,42,complete,,runs/2026-09-12/loso_10__resnet18_imagenet__seed42,prepare_val_clean,0.0038329180097207427,0.009999999999994458,0,,,,,,,,
loso_10__resnet18_imagenet__seed42,resnet18_imagenet,loso_10,42,complete,,runs/2026-09-12/loso_10__resnet18_imagenet__seed42,evaluate_val_clean,0.6957138989819214,0.669999999999991,4,96.85000000000001,99.7,4130.68288,4131.34848,39.5,42.0,3982.491648,3982.491648
loso_10__resnet18_imagenet__seed42,resnet18_imagenet,loso_10,42,complete,,runs/2026-09-12/loso_10__resnet18_imagenet__seed42,prepare_test_clean,0.0020273199770599604,0.010000000000005116,0,,,,,,,,
loso_10__resnet18_imagenet__seed42,resnet18_imagenet,loso_10,42,complete,,runs/2026-09-12/loso_10__resnet18_imagenet__seed42,evaluate_test_clean,0.4336957730120048,0.4299999999999926,2,100.5,103.5,4132.9418239999995,4133.13024,27.0,27.0,3982.491648,3982.491648
loso_10__resnet18_imagenet__seed42,resnet18_imagenet,loso_10,42,complete,,runs/2026-09-12/loso_10__resnet18_imagenet__seed42,inference_batch1,0.1846199369756505,0.19000000000002082,1,97.8,97.8,4133.261312,4133.261312,27.0,27.0,3982.491648,3982.491648
loso_10__resnet18_imagenet__seed42,resnet18_imagenet,loso_10,42,complete,,runs/2026-09-12/loso_10__resnet18_imagenet__seed42,explanations,0.1565861669369042,0.14999999999999147,1,103.7,103.7,4133.801984,4133.801984,38.0,38.0,3982.491648,3982.491648
loso_10__resnet18_imagenet__seed43,resnet18_imagenet,loso_10,43,complete,,runs/2026-09-12/loso_10__resnet18_imagenet__seed43,read_data,0.1971194880316034,0.19999999999999968,0,,,,,,,,
loso_10__resnet18_imagenet__seed43,resnet18_imagenet,loso_10,43,complete,,runs/2026-09-12/loso_10__resnet18_imagenet__seed43,build_model,4.915584638016298,5.1,21,104.19047619047622,140.9,1942.9883123809525,2443.157504,16.666666666666668,19.0,146.1015893333333,266.338304
loso_10__resnet18_imagenet__seed43,resnet18_imagenet,loso_10,43,complete,,runs/2026-09-12/loso_10__resnet18_imagenet__seed43,prepare_pipeline,1.1164108079392463,1.2000000000000008,5,108.54,129.1,2817.7539072,3026.714624,16.4,17.0,803.209216,803.209216
loso_10__resnet18_imagenet__seed43,resnet18_imagenet,loso_10,43,complete,,runs/2026-09-12/loso_10__resnet18_imagenet__seed43,fit,160.986378182075,123.17,799,76.47146433041303,795.1,4297.039733586984,4433.575936,80.84480600750939,97.0,4342.15190363955,4490.002432
loso_10__resnet18_imagenet__seed43,resnet18_imagenet,loso_10,43,complete,,runs/2026-09-12/loso_10__resnet18_imagenet__seed43,save_model,0.1563094350276515,0.1600000000000037,1,109.4,109.4,4034.424832,4034.424832,92.0,92.0,4490.002432,4490.002432
loso_10__resnet18_imagenet__seed43,resnet18_imagenet,loso_10,43,complete,,runs/2026-09-12/loso_10__resnet18_imagenet__seed43,warmup,0.5205342239933088,0.5200000000000138,2,98.7,99.2,4081.727488,4101.14048,92.0,92.0,4490.002432,4490.002432
loso_10__resnet18_imagenet__seed43,resnet18_imagenet,loso_10,43,complete,,runs/2026-09-12/loso_10__resnet18_imagenet__seed43,evaluate_train,3.787866440950893,3.5999999999999996,19,95.3578947368421,104.4,4138.728394105263,4140.941312,45.473684210526315,75.0,4490.002431999999,4490.002432
loso_10__resnet18_imagenet__seed43,resnet18_imagenet,loso_10,43,complete,,runs/2026-09-12/loso_10__resnet18_imagenet__seed43,prepare_val_clean,0.0036950450157746673,0.0099999999999838,0,,,,,,,,
loso_10__resnet18_imagenet__seed43,resnet18_imagenet,loso_10,43,complete,,runs/2026-09-12/loso_10__resnet18_imagenet__seed43,evaluate_val_clean,0.6157242909539491,0.6000000000000156,3,97.66666666666667,99.4,4151.048874666666,4151.631872,14.0,14.0,4490.002432,4490.002432
loso_10__resnet18_imagenet__seed43,resnet18_imagenet,loso_10,43,complete,,runs/2026-09-12/loso_10__resnet18_imagenet__seed43,prepare_test_clean,0.001954245031811297,-7.105427357601002e-15,0,,,,,,,,
loso_10__resnet18_imagenet__seed43,resnet18_imagenet,loso_10,43,complete,,runs/2026-09-12/loso_10__resnet18_imagenet__seed43,evaluate_test_clean,0.39034295501187444,0.38000000000001677,2,98.69999999999999,98.8,4153.116672,4153.311232,16.0,16.0,4490.002432,4490.002432
loso_10__resnet18_imagenet__seed43,resnet18_imagenet,loso_10,43,complete,,runs/2026-09-12/loso_10__resnet18_imagenet__seed43,inference_batch1,0.16306013194844127,0.16999999999999993,1,96.0,96.0,4153.442304,4153.442304,16.0,16.0,4490.002432,4490.002432
loso_10__resnet18_imagenet__seed43,resnet18_imagenet,loso_10,43,complete,,runs/2026-09-12/loso_10__resnet18_imagenet__seed43,explanations,0.14533518301323056,0.1399999999999899,1,102.1,102.1,4153.503744,4153.503744,61.0,61.0,4490.002432,4490.002432
loso_10__yolo11n__seed42,yolo11n,loso_10,42,complete,,runs/2026-09-12/loso_10__yolo11n__seed42,read_data,0.1945869600167498,0.1999999999999999,0,,,,,,,,
loso_10__yolo11n__seed42,yolo11n,loso_10,42,complete,,runs/2026-09-12/loso_10__yolo11n__seed42,prepare_pipeline,16.28162087604869,16.439999999999998,81,100.85185185185185,134.0,1548.2531587160495,1548.496896,35.135802469135804,42.0,0.0,0.0
loso_10__yolo11n__seed42,yolo11n,loso_10,42,complete,,runs/2026-09-12/loso_10__yolo11n__seed42,build_model,0.77520865900442,0.7999999999999996,4,99.6,101.5,1624.4705279999998,1677.234176,38.0,38.0,0.0,0.0
loso_10__yolo11n__seed42,yolo11n,loso_10,42,complete,,runs/2026-09-12/loso_10__yolo11n__seed42,fit,354.5684082839871,1289.15,1757,363.9162208309619,452.3,3259.3786606078547,3551.195136,34.788844621513945,49.0,659.9714665634605,872.415232
loso_10__yolo11n__seed42,yolo11n,loso_10,42,complete,,runs/2026-09-12/loso_10__yolo11n__seed42,save_model,0.03357667906675488,0.12000000000022659,0,,,,,,,,
loso_10__yolo11n__seed42,yolo11n,loso_10,42,complete,,runs/2026-09-12/loso_10__yolo11n__seed42,warmup,0.05059275799430907,0.12999999999999012,0,,,,,,,,
loso_10__yolo11n__seed42,yolo11n,loso_10,42,complete,,runs/2026-09-12/loso_10__yolo11n__seed42,evaluate_train,1.896170066902414,1.9299999999999446,10,105.21,138.8,3344.6150144,3489.591296,31.5,36.0,534.77376,534.77376
loso_10__yolo11n__seed42,yolo11n,loso_10,42,complete,,runs/2026-09-12/loso_10__yolo11n__seed42,prepare_val_clean,0.0039743660017848015,8.881784197001252e-15,0,,,,,,,,
loso_10__yolo11n__seed42,yolo11n,loso_10,42,complete,,runs/2026-09-12/loso_10__yolo11n__seed42,evaluate_val_clean,0.22096010309178382,0.2199999999998088,1,99.1,99.1,3490.246656,3490.246656,36.0,36.0,534.77376,534.77376
loso_10__yolo11n__seed42,yolo11n,loso_10,42,complete,,runs/2026-09-12/loso_10__yolo11n__seed42,prepare_test_clean,0.003969270968809724,0.009999999999982023,0,,,,,,,,
loso_10__yolo11n__seed42,yolo11n,loso_10,42,complete,,runs/2026-09-12/loso_10__yolo11n__seed42,evaluate_test_clean,0.11364978889469057,0.11000000000011845,1,101.9,101.9,3239.657472,3239.657472,28.0,28.0,534.77376,534.77376
loso_10__yolo11n__seed42,yolo11n,loso_10,42,complete,,runs/2026-09-12/loso_10__yolo11n__seed42,inference_batch1,0.1529950079275295,0.1499999999998547,1,99.3,99.3,3241.598976,3241.598976,28.0,28.0,534.77376,534.77376
loso_10__yolo11n__seed42,yolo11n,loso_10,42,complete,,runs/2026-09-12/loso_10__yolo11n__seed42,explanations,0.0003284779377281666,-8.881784197001252e-15,0,,,,,,,,
loso_10__yolo11n__seed43,yolo11n,loso_10,43,complete,,runs/2026-09-12/loso_10__yolo11n__seed43,read_data,0.18821145594120026,0.1899999999999999,0,,,,,,,,
loso_10__yolo11n__seed43,yolo11n,loso_10,43,complete,,runs/2026-09-12/loso_10__yolo11n__seed43,prepare_pipeline,15.493756265961565,15.689999999999998,77,101.28831168831171,173.7,1548.381144103896,1548.623872,31.233766233766232,42.0,0.0,0.0
loso_10__yolo11n__seed43,yolo11n,loso_10,43,complete,,runs/2026-09-12/loso_10__yolo11n__seed43,build_model,0.724715652060695,0.75,3,99.3,100.6,1629.7082879999998,1674.5472,37.0,37.0,0.0,0.0
loso_10__yolo11n__seed43,yolo11n,loso_10,43,complete,,runs/2026-09-12/loso_10__yolo11n__seed43,fit,208.4239902140107,757.5799999999999,1033,363.6606001936109,496.0,3227.236131934172,3570.593792,25.43756050338819,46.0,574.6704019206195,698.351616
loso_10__yolo11n__seed43,yolo11n,loso_10,43,complete,,runs/2026-09-12/loso_10__yolo11n__seed43,save_model,0.029124242020770907,0.10999999999999055,0,,,,,,,,
loso_10__yolo11n__seed43,yolo11n,loso_10,43,complete,,runs/2026-09-12/loso_10__yolo11n__seed43,warmup,0.05549154803156853,0.13999999999996326,0,,,,,,,,
loso_10__yolo11n__seed43,yolo11n,loso_10,43,complete,,runs/2026-09-12/loso_10__yolo11n__seed43,evaluate_train,1.7375165339326486,1.7599999999999678,9,111.21111111111111,188.3,3289.3747200000007,3423.66208,25.444444444444443,33.0,473.9563519999999,473.956352
loso_10__yolo11n__seed43,yolo11n,loso_10,43,complete,,runs/2026-09-12/loso_10__yolo11n__seed43,prepare_val_clean,0.003483134089037776,8.881784197001252e-15,0,,,,,,,,
loso_10__yolo11n__seed43,yolo11n,loso_10,43,complete,,runs/2026-09-12/loso_10__yolo11n__seed43,evaluate_val_clean,0.2084058909676969,0.21000000000004526,1,99.3,99.3,3425.718272,3425.718272,23.0,23.0,473.956352,473.956352
loso_10__yolo11n__seed43,yolo11n,loso_10,43,complete,,runs/2026-09-12/loso_10__yolo11n__seed43,prepare_test_clean,0.0018121260218322277,-8.881784197001252e-15,0,,,,,,,,
loso_10__yolo11n__seed43,yolo11n,loso_10,43,complete,,runs/2026-09-12/loso_10__yolo11n__seed43,evaluate_test_clean,0.10974260501097888,0.11000000000000476,1,105.7,105.7,3175.03488,3175.03488,23.0,23.0,473.956352,473.956352
loso_10__yolo11n__seed43,yolo11n,loso_10,43,complete,,runs/2026-09-12/loso_10__yolo11n__seed43,inference_batch1,0.14215965708717704,0.14999999999996838,1,103.4,103.4,3179.54048,3179.54048,17.0,17.0,473.956352,473.956352
loso_10__yolo11n__seed43,yolo11n,loso_10,43,complete,,runs/2026-09-12/loso_10__yolo11n__seed43,explanations,0.00031500100158154964,-1.7763568394002505e-14,0,,,,,,,,
loso_10__yolo11n_random__seed42,yolo11n_random,loso_10,42,complete,,runs/2026-09-12/loso_10__yolo11n_random__seed42,read_data,0.19420693104621023,0.1999999999999999,0,,,,,,,,
loso_10__yolo11n_random__seed42,yolo11n_random,loso_10,42,complete,,runs/2026-09-12/loso_10__yolo11n_random__seed42,prepare_pipeline,17.24384812300559,17.44,85,101.23411764705882,166.6,1548.4210959058823,1548.668928,33.1764705882353,41.0,0.0,0.0
loso_10__yolo11n_random__seed42,yolo11n_random,loso_10,42,complete,,runs/2026-09-12/loso_10__yolo11n_random__seed42,build_model,0.07607222895603627,0.20999999999999885,1,94.6,94.6,1562.791936,1562.791936,35.0,35.0,0.0,0.0
loso_10__yolo11n_random__seed42,yolo11n_random,loso_10,42,complete,,runs/2026-09-12/loso_10__yolo11n_random__seed42,fit,505.8431775410427,1842.09,2506,364.5027134876297,502.0,3279.1376718659217,3593.46176,34.7170790103751,65.0,743.3525145027933,1029.701632
loso_10__yolo11n_random__seed42,yolo11n_random,loso_10,42,complete,,runs/2026-09-12/loso_10__yolo11n_random__seed42,save_model,0.03312498808372766,0.12000000000007205,0,,,,,,,,
loso_10__yolo11n_random__seed42,yolo11n_random,loso_10,42,complete,,runs/2026-09-12/loso_10__yolo11n_random__seed42,warmup,0.06553813396021724,0.13999999999982649,0,,,,,,,,
loso_10__yolo11n_random__seed42,yolo11n_random,loso_10,42,complete,,runs/2026-09-12/loso_10__yolo11n_random__seed42,evaluate_train,1.9211192190414295,1.9499999999999993,10,105.83,150.7,3388.8157695999994,3531.22304,39.0,43.0,530.5794560000002,530.579456
loso_10__yolo11n_random__seed42,yolo11n_random,loso_10,42,complete,,runs/2026-09-12/loso_10__yolo11n_random__seed42,prepare_val_clean,0.0035868780687451363,7.105427357601002e-14,0,,,,,,,,
loso_10__yolo11n_random__seed42,yolo11n_random,loso_10,42,complete,,runs/2026-09-12/loso_10__yolo11n_random__seed42,evaluate_val_clean,0.22374747693538666,0.23999999999985278,1,99.2,99.2,3531.91936,3531.91936,37.0,37.0,530.579456,530.579456
loso_10__yolo11n_random__seed42,yolo11n_random,loso_10,42,complete,,runs/2026-09-12/loso_10__yolo11n_random__seed42,prepare_test_clean,0.0022078549955040216,5.3290705182007514e-14,0,,,,,,,,
loso_10__yolo11n_random__seed42,yolo11n_random,loso_10,42,complete,,runs/2026-09-12/loso_10__yolo11n_random__seed42,evaluate_test_clean,0.1238819221034646,0.12000000000017153,0,,,,,,,,
loso_10__yolo11n_random__seed42,yolo11n_random,loso_10,42,complete,,runs/2026-09-12/loso_10__yolo11n_random__seed42,inference_batch1,0.15277019597124308,0.14999999999990976,1,103.3,103.3,3285.835776,3285.835776,25.0,25.0,530.579456,530.579456
loso_10__yolo11n_random__seed42,yolo11n_random,loso_10,42,complete,,runs/2026-09-12/loso_10__yolo11n_random__seed42,explanations,0.00034040992613881826,4.618527782440651e-14,0,,,,,,,,
loso_10__yolo11n_random__seed43,yolo11n_random,loso_10,43,complete,,runs/2026-09-12/loso_10__yolo11n_random__seed43,read_data,0.19005465600639582,0.20000000000000012,0,,,,,,,,
loso_10__yolo11n_random__seed43,yolo11n_random,loso_10,43,complete,,runs/2026-09-12/loso_10__yolo11n_random__seed43,prepare_pipeline,16.031283623888157,16.229999999999997,80,101.11875,169.2,1548.2843136,1548.53376,30.45,45.0,0.0,0.0
loso_10__yolo11n_random__seed43,yolo11n_random,loso_10,43,complete,,runs/2026-09-12/loso_10__yolo11n_random__seed43,build_model,0.07383768004365265,0.2000000000000013,0,,,,,,,,
loso_10__yolo11n_random__seed43,yolo11n_random,loso_10,43,complete,,runs/2026-09-12/loso_10__yolo11n_random__seed43,fit,212.53560281603131,773.6,1052,364.43241444866925,452.6,3219.7046801520914,3536.359424,25.519961977186313,37.0,577.2430814904944,706.740224
loso_10__yolo11n_random__seed43,yolo11n_random,loso_10,43,complete,,runs/2026-09-12/loso_10__yolo11n_random__seed43,save_model,0.030512348050251603,0.11000000000004029,0,,,,,,,,
loso_10__yolo11n_random__seed43,yolo11n_random,loso_10,43,complete,,runs/2026-09-12/loso_10__yolo11n_random__seed43,warmup,0.051740403985604644,0.140000000000013,0,,,,,,,,
loso_10__yolo11n_random__seed43,yolo11n_random,loso_10,43,complete,,runs/2026-09-12/loso_10__yolo11n_random__seed43,evaluate_train,1.7377734009642154,1.7500000000000266,9,111.06666666666666,190.3,3293.4684444444442,3427.360768,23.22222222222222,29.0,492.83072000000004,492.83072
loso_10__yolo11n_random__seed43,yolo11n_random,loso_10,43,complete,,runs/2026-09-12/loso_10__yolo11n_random__seed43,prepare_val_clean,0.0034273689379915595,0.009999999999935838,0,,,,,,,,
loso_10__yolo11n_random__seed43,yolo11n_random,loso_10,43,complete,,runs/2026-09-12/loso_10__yolo11n_random__seed43,evaluate_val_clean,0.21614427806343883,0.210000000000095,1,99.5,99.5,3429.482496,3429.482496,27.0,27.0,492.83072,492.83072
loso_10__yolo11n_random__seed43,yolo11n_random,loso_10,43,complete,,runs/2026-09-12/loso_10__yolo11n_random__seed43,prepare_test_clean,0.0018100989982485771,0.010000000000031761,0,,,,,,,,
loso_10__yolo11n_random__seed43,yolo11n_random,loso_10,43,complete,,runs/2026-09-12/loso_10__yolo11n_random__seed43,evaluate_test_clean,0.11269205203279853,0.11000000000004562,1,103.5,103.5,3183.08352,3183.08352,27.0,27.0,492.83072,492.83072
loso_10__yolo11n_random__seed43,yolo11n_random,loso_10,43,complete,,runs/2026-09-12/loso_10__yolo11n_random__seed43,inference_batch1,0.13557689497247338,0.14000000000001833,1,98.1,98.1,3183.214592,3183.214592,13.0,13.0,492.83072,492.83072
loso_10__yolo11n_random__seed43,yolo11n_random,loso_10,43,complete,,runs/2026-09-12/loso_10__yolo11n_random__seed43,explanations,0.0003241139929741621,3.197442310920451e-14,0,,,,,,,,
source_a__polygarbor__seed42,polygarbor,source_a,42,complete,,runs/2026-09-12/source_a__polygarbor__seed42,read_data,0.25847701798193157,0.09999999999999976,1,39.4,39.4,675.672064,675.672064,33.0,33.0,0.0,0.0
source_a__polygarbor__seed42,polygarbor,source_a,42,complete,,runs/2026-09-12/source_a__polygarbor__seed42,build_model,0.00040470005478709936,-5.551115123125783e-17,0,,,,,,,,
source_a__polygarbor__seed42,polygarbor,source_a,42,complete,,runs/2026-09-12/source_a__polygarbor__seed42,extract_features,20.34852380200755,20.409999999999997,101,100.04851485148517,109.6,791.1957696633664,791.461888,35.40594059405941,67.0,0.0,0.0
source_a__polygarbor__seed42,polygarbor,source_a,42,complete,,runs/2026-09-12/source_a__polygarbor__seed42,fit,0.3832217729650438,1.5100000000000036,2,312.45,400.9,821.755904,823.554048,17.0,17.0,0.0,0.0
source_a__polygarbor__seed42,polygarbor,source_a,42,complete,,runs/2026-09-12/source_a__polygarbor__seed42,save_model,0.015327407978475094,0.05999999999999983,0,,,,,,,,
source_a__polygarbor__seed42,polygarbor,source_a,42,complete,,runs/2026-09-12/source_a__polygarbor__seed42,warmup,0.06766105198767036,0.2700000000000007,0,,,,,,,,
source_a__polygarbor__seed42,polygarbor,source_a,42,complete,,runs/2026-09-12/source_a__polygarbor__seed42,evaluate_train,86.98774134204723,87.24,419,100.92911694510741,362.1,825.1232656801907,826.437632,32.400954653937944,52.0,0.0,0.0
source_a__polygarbor__seed42,polygarbor,source_a,42,complete,,runs/2026-09-12/source_a__polygarbor__seed42,prepare_val_clean,0.003807301982305944,0.010000000000000564,0,,,,,,,,
source_a__polygarbor__seed42,polygarbor,source_a,42,complete,,runs/2026-09-12/source_a__polygarbor__seed42,evaluate_val_clean,9.067650752025656,9.089999999999998,44,100.13636363636365,106.4,857.0435956363635,870.445056,34.02272727272727,57.0,0.0,0.0
source_a__polygarbor__seed42,polygarbor,source_a,42,complete,,runs/2026-09-12/source_a__polygarbor__seed42,prepare_test_clean,0.005356717971153557,0.010000000000002895,0,,,,,,,,
source_a__polygarbor__seed42,polygarbor,source_a,42,complete,,runs/2026-09-12/source_a__polygarbor__seed42,evaluate_test_clean,13.500176382018253,13.520000000000008,65,100.3,109.0,921.2709966769231,940.70784,33.50769230769231,57.0,0.0,0.0
source_a__polygarbor__seed42,polygarbor,source_a,42,complete,,runs/2026-09-12/source_a__polygarbor__seed42,inference_batch1,1.0546015540603548,1.0599999999999943,6,99.91666666666667,103.4,912.1382400000001,912.13824,39.666666666666664,55.0,0.0,0.0
source_a__polygarbor__seed42,polygarbor,source_a,42,complete,,runs/2026-09-12/source_a__polygarbor__seed42,explanations,0.00030796497594565153,-7.993605777301127e-15,0,,,,,,,,
source_a__polygarbor_aug__seed42,polygarbor_aug,source_a,42,complete,,runs/2026-09-12/source_a__polygarbor_aug__seed42,read_data,0.057611564989201725,0.07,0,,,,,,,,
source_a__polygarbor_aug__seed42,polygarbor_aug,source_a,42,complete,,runs/2026-09-12/source_a__polygarbor_aug__seed42,build_model,0.0003143780631944537,-5.551115123125783e-17,0,,,,,,,,
source_a__polygarbor_aug__seed42,polygarbor_aug,source_a,42,complete,,runs/2026-09-12/source_a__polygarbor_aug__seed42,extract_features,70.10941495001316,70.33999999999999,349,100.33037249283669,109.5,793.5865853065902,796.041216,22.484240687679083,98.0,0.0,0.0
source_a__polygarbor_aug__seed42,polygarbor_aug,source_a,42,complete,,runs/2026-09-12/source_a__polygarbor_aug__seed42,fit,0.31152669398579746,1.2300000000000004,1,317.3,317.3,814.911488,814.911488,25.0,25.0,0.0,0.0
source_a__polygarbor_aug__seed42,polygarbor_aug,source_a,42,complete,,runs/2026-09-12/source_a__polygarbor_aug__seed42,save_model,0.013110524974763393,0.04999999999999982,0,,,,,,,,
source_a__polygarbor_aug__seed42,polygarbor_aug,source_a,42,complete,,runs/2026-09-12/source_a__polygarbor_aug__seed42,warmup,0.05425082810688764,0.22000000000000153,1,401.0,401.0,822.04672,822.04672,31.0,31.0,0.0,0.0
source_a__polygarbor_aug__seed42,polygarbor_aug,source_a,42,complete,,runs/2026-09-12/source_a__polygarbor_aug__seed42,evaluate_train,69.8776905349223,70.17,337,100.5353115727003,162.6,823.2137882967357,824.58624,23.98813056379822,95.0,0.0,0.0
source_a__polygarbor_aug__seed42,polygarbor_aug,source_a,42,complete,,runs/2026-09-12/source_a__polygarbor_aug__seed42,prepare_val_clean,0.0033676750026643276,7.993605777301127e-15,0,,,,,,,,
source_a__polygarbor_aug__seed42,polygarbor_aug,source_a,42,complete,,runs/2026-09-12/source_a__polygarbor_aug__seed42,evaluate_val_clean,6.870482084923424,6.900000000000014,33,100.28484848484848,106.2,886.9003015757576,899.817472,11.090909090909092,32.0,0.0,0.0
source_a__polygarbor_aug__seed42,polygarbor_aug,source_a,42,complete,,runs/2026-09-12/source_a__polygarbor_aug__seed42,prepare_test_clean,0.0048894420033320785,8.881784197001252e-15,0,,,,,,,,
source_a__polygarbor_aug__seed42,polygarbor_aug,source_a,42,complete,,runs/2026-09-12/source_a__polygarbor_aug__seed42,evaluate_test_clean,10.044948501046747,10.079999999999993,49,100.32857142857144,106.3,926.0168254693876,945.680384,19.224489795918366,50.0,0.0,0.0
source_a__polygarbor_aug__seed42,polygarbor_aug,source_a,42,complete,,runs/2026-09-12/source_a__polygarbor_aug__seed42,inference_batch1,0.888138000969775,0.9000000000000261,4,100.775,103.3,942.690304,942.690304,27.5,32.0,0.0,0.0
source_a__polygarbor_aug__seed42,polygarbor_aug,source_a,42,complete,,runs/2026-09-12/source_a__polygarbor_aug__seed42,explanations,0.0003464269684627652,1.1546319456101628e-14,0,,,,,,,,
source_a__polygarbor_p3__seed42,polygarbor_p3,source_a,42,complete,,runs/2026-09-12/source_a__polygarbor_p3__seed42,read_data,0.2519462669733912,0.09999999999999998,1,39.1,39.1,688.08704,688.08704,28.0,28.0,0.0,0.0
source_a__polygarbor_p3__seed42,polygarbor_p3,source_a,42,complete,,runs/2026-09-12/source_a__polygarbor_p3__seed42,build_model,0.00037831999361515045,-5.551115123125783e-17,0,,,,,,,,
source_a__polygarbor_p3__seed42,polygarbor_p3,source_a,42,complete,,runs/2026-09-12/source_a__polygarbor_p3__seed42,extract_features,22.314371900982223,22.38,111,100.1936936936937,104.6,793.5400360360358,795.533312,23.81081081081081,39.0,0.0,0.0
source_a__polygarbor_p3__seed42,polygarbor_p3,source_a,42,complete,,runs/2026-09-12/source_a__polygarbor_p3__seed42,fit,0.4436888109194115,1.770000000000002,2,354.85,403.0,854.0958720000001,862.629888,33.0,33.0,0.0,0.0
source_a__polygarbor_p3__seed42,polygarbor_p3,source_a,42,complete,,runs/2026-09-12/source_a__polygarbor_p3__seed42,save_model,0.013075440074317157,0.05000000000000182,0,,,,,,,,
source_a__polygarbor_p3__seed42,polygarbor_p3,source_a,42,complete,,runs/2026-09-12/source_a__polygarbor_p3__seed42,warmup,0.08573218295350671,0.34000000000000097,0,,,,,,,,
source_a__polygarbor_p3__seed42,polygarbor_p3,source_a,42,complete,,runs/2026-09-12/source_a__polygarbor_p3__seed42,evaluate_train,122.31119277898688,489.6400000000001,594,400.3489898989899,421.6,876.9635710707071,878.338048,24.00841750841751,83.0,0.0,0.0
source_a__polygarbor_p3__seed42,polygarbor_p3,source_a,42,complete,,runs/2026-09-12/source_a__polygarbor_p3__seed42,prepare_val_clean,0.003353849984705448,2.731148640577885e-14,0,,,,,,,,
source_a__polygarbor_p3__seed42,polygarbor_p3,source_a,42,complete,,runs/2026-09-12/source_a__polygarbor_p3__seed42,evaluate_val_clean,11.315747844986618,45.2699999999999,54,399.612962962963,411.0,919.2346358518517,932.532224,29.0,57.0,0.0,0.0
source_a__polygarbor_p3__seed42,polygarbor_p3,source_a,42,complete,,runs/2026-09-12/source_a__polygarbor_p3__seed42,prepare_test_clean,0.0048707949463278055,-2.731148640577885e-14,0,,,,,,,,
source_a__polygarbor_p3__seed42,polygarbor_p3,source_a,42,complete,,runs/2026-09-12/source_a__polygarbor_p3__seed42,evaluate_test_clean,16.516624682000838,66.08000000000001,80,399.95625,408.7,954.5408,973.938688,22.8375,74.0,0.0,0.0
source_a__polygarbor_p3__seed42,polygarbor_p3,source_a,42,complete,,runs/2026-09-12/source_a__polygarbor_p3__seed42,inference_batch1,1.735062740975991,6.929999999999973,9,370.0444444444445,405.0,974.25408,974.25408,26.77777777777778,41.0,0.0,0.0
source_a__polygarbor_p3__seed42,polygarbor_p3,source_a,42,complete,,runs/2026-09-12/source_a__polygarbor_p3__seed42,explanations,0.0004550359444692731,1.354472090042691e-14,0,,,,,,,,
source_a__polygarbor_p3_aug__seed42,polygarbor_p3_aug,source_a,42,complete,,runs/2026-09-12/source_a__polygarbor_p3_aug__seed42,read_data,0.05704668292310089,0.06999999999999995,0,,,,,,,,
source_a__polygarbor_p3_aug__seed42,polygarbor_p3_aug,source_a,42,complete,,runs/2026-09-12/source_a__polygarbor_p3_aug__seed42,build_model,0.00029120699036866426,-5.551115123125783e-17,0,,,,,,,,
source_a__polygarbor_p3_aug__seed42,polygarbor_p3_aug,source_a,42,complete,,runs/2026-09-12/source_a__polygarbor_p3_aug__seed42,extract_features,89.50140604702756,89.78,445,100.33393258426966,109.6,800.4726369797753,809.43104,21.91685393258427,99.0,0.0,0.0
source_a__polygarbor_p3_aug__seed42,polygarbor_p3_aug,source_a,42,complete,,runs/2026-09-12/source_a__polygarbor_p3_aug__seed42,fit,0.41092480602674186,1.6400000000000068,2,290.85,393.3,848.6072320000001,852.594688,39.5,55.0,0.0,0.0
source_a__polygarbor_p3_aug__seed42,polygarbor_p3_aug,source_a,42,complete,,runs/2026-09-12/source_a__polygarbor_p3_aug__seed42,save_model,0.012714582029730082,0.049999999999991385,0,,,,,,,,
source_a__polygarbor_p3_aug__seed42,polygarbor_p3_aug,source_a,42,complete,,runs/2026-09-12/source_a__polygarbor_p3_aug__seed42,warmup,0.07521622499916703,0.2999999999999914,1,403.6,403.6,873.971712,873.971712,24.0,24.0,0.0,0.0
source_a__polygarbor_p3_aug__seed42,polygarbor_p3_aug,source_a,42,complete,,runs/2026-09-12/source_a__polygarbor_p3_aug__seed42,evaluate_train,107.94466601999011,432.12,527,400.32485768500953,429.4,875.6323174497154,877.080576,19.836812144212523,76.0,0.0,0.0
source_a__polygarbor_p3_aug__seed42,polygarbor_p3_aug,source_a,42,complete,,runs/2026-09-12/source_a__polygarbor_p3_aug__seed42,prepare_val_clean,0.0036689189728349447,0.009999999999981801,0,,,,,,,,
source_a__polygarbor_p3_aug__seed42,polygarbor_p3_aug,source_a,42,complete,,runs/2026-09-12/source_a__polygarbor_p3_aug__seed42,evaluate_val_clean,9.950872598099522,39.79999999999995,49,395.8959183673469,406.8,917.2404349387755,930.422784,30.040816326530614,86.0,0.0,0.0
source_a__polygarbor_p3_aug__seed42,polygarbor_p3_aug,source_a,42,complete,,runs/2026-09-12/source_a__polygarbor_p3_aug__seed42,prepare_test_clean,0.005424375063739717,4.9960036108132044e-14,0,,,,,,,,
source_a__polygarbor_p3_aug__seed42,polygarbor_p3_aug,source_a,42,complete,,runs/2026-09-12/source_a__polygarbor_p3_aug__seed42,evaluate_test_clean,15.487995111965574,61.960000000000086,75,397.4826666666666,412.5,953.2240145066668,972.771328,22.08,75.0,0.0,0.0
source_a__polygarbor_p3_aug__seed42,polygarbor_p3_aug,source_a,42,complete,,runs/2026-09-12/source_a__polygarbor_p3_aug__seed42,inference_batch1,1.3125448259525,5.220000000000014,6,380.0333333333333,414.5,973.287424,973.287424,4.0,8.0,0.0,0.0
source_a__polygarbor_p3_aug__seed42,polygarbor_p3_aug,source_a,42,complete,,runs/2026-09-12/source_a__polygarbor_p3_aug__seed42,explanations,0.000337372999638319,-1.354472090042691e-14,0,,,,,,,,
source_a__polygarbor_p5__seed42,polygarbor_p5,source_a,42,complete,,runs/2026-09-12/source_a__polygarbor_p5__seed42,read_data,0.05782732798252255,0.06,0,,,,,,,,
source_a__polygarbor_p5__seed42,polygarbor_p5,source_a,42,complete,,runs/2026-09-12/source_a__polygarbor_p5__seed42,build_model,0.0002959879348054528,-5.551115123125783e-17,0,,,,,,,,
source_a__polygarbor_p5__seed42,polygarbor_p5,source_a,42,complete,,runs/2026-09-12/source_a__polygarbor_p5__seed42,extract_features,31.982147990027443,32.089999999999996,159,100.31886792452828,104.6,797.1333281006289,802.357248,26.59119496855346,75.0,0.0,0.0
source_a__polygarbor_p5__seed42,polygarbor_p5,source_a,42,complete,,runs/2026-09-12/source_a__polygarbor_p5__seed42,fit,0.5067724860273302,2.0099999999999985,2,342.35,406.0,871.614464,879.980544,30.0,30.0,0.0,0.0
source_a__polygarbor_p5__seed42,polygarbor_p5,source_a,42,complete,,runs/2026-09-12/source_a__polygarbor_p5__seed42,save_model,0.013519070926122367,0.050000000000000044,0,,,,,,,,
source_a__polygarbor_p5__seed42,polygarbor_p5,source_a,42,complete,,runs/2026-09-12/source_a__polygarbor_p5__seed42,warmup,0.10837035404983908,0.4300000000000026,1,398.2,398.2,889.909248,889.909248,30.0,30.0,0.0,0.0
source_a__polygarbor_p5__seed42,polygarbor_p5,source_a,42,complete,,runs/2026-09-12/source_a__polygarbor_p5__seed42,evaluate_train,151.87074110400863,607.9599999999999,738,400.31233062330625,413.8,891.4639797073172,892.899328,26.276422764227643,99.0,0.0,0.0
source_a__polygarbor_p5__seed42,polygarbor_p5,source_a,42,complete,,runs/2026-09-12/source_a__polygarbor_p5__seed42,prepare_val_clean,0.0032790479017421603,-3.6415315207705135e-14,0,,,,,,,,
source_a__polygarbor_p5__seed42,polygarbor_p5,source_a,42,complete,,runs/2026-09-12/source_a__polygarbor_p5__seed42,evaluate_val_clean,15.320602850057185,61.27999999999994,74,399.5486486486487,406.5,933.5846745945946,947.42528,22.486486486486488,62.0,0.0,0.0
source_a__polygarbor_p5__seed42,polygarbor_p5,source_a,42,complete,,runs/2026-09-12/source_a__polygarbor_p5__seed42,prepare_test_clean,0.004816802917048335,2.2648549702353193e-14,0,,,,,,,,
source_a__polygarbor_p5__seed42,polygarbor_p5,source_a,42,complete,,runs/2026-09-12/source_a__polygarbor_p5__seed42,evaluate_test_clean,21.30157378304284,85.24000000000004,104,399.0038461538461,409.3,969.1866190769231,988.770304,24.307692307692307,80.0,0.0,0.0
source_a__polygarbor_p5__seed42,polygarbor_p5,source_a,42,complete,,runs/2026-09-12/source_a__polygarbor_p5__seed42,inference_batch1,1.8675360560882837,7.449999999999987,9,375.9222222222222,407.4,988.8194559999998,988.819456,26.444444444444443,34.0,0.0,0.0
source_a__polygarbor_p5__seed42,polygarbor_p5,source_a,42,complete,,runs/2026-09-12/source_a__polygarbor_p5__seed42,explanations,0.00037510599941015244,0.010000000000036424,0,,,,,,,,
source_a__resnet18__seed42,resnet18,source_a,42,complete,,runs/2026-09-12/source_a__resnet18__seed42,read_data,0.06701246299780905,0.08000000000000018,0,,,,,,,,
source_a__resnet18__seed42,resnet18,source_a,42,complete,,runs/2026-09-12/source_a__resnet18__seed42,build_model,3.3200352010317147,3.42,15,103.25333333333334,148.3,1605.7808213333333,1888.342016,33.06666666666667,36.0,54.525952,266.338304
source_a__resnet18__seed42,resnet18,source_a,42,complete,,runs/2026-09-12/source_a__resnet18__seed42,prepare_pipeline,1.4752441300079226,1.5600000000000003,6,107.16666666666667,124.0,2202.573482666667,2452.348928,60.0,76.0,713.7307306666667,803.209216
source_a__resnet18__seed42,resnet18,source_a,42,complete,,runs/2026-09-12/source_a__resnet18__seed42,fit,115.81901951902546,79.12,574,68.24703832752614,1135.5,3707.6106293519165,3871.076352,82.50348432055749,99.0,2828.9484407526134,2982.150144
source_a__resnet18__seed42,resnet18,source_a,42,complete,,runs/2026-09-12/source_a__resnet18__seed42,save_model,0.2632717390079051,0.2699999999999969,2,110.1,117.7,3522.1299200000003,3554.553856,97.0,97.0,2982.150144,2982.150144
source_a__resnet18__seed42,resnet18,source_a,42,complete,,runs/2026-09-12/source_a__resnet18__seed42,warmup,0.7045033640461043,0.6900000000000093,3,97.39999999999999,99.1,3532.962474666667,3557.736448,45.0,45.0,2982.1501440000006,2982.150144
source_a__resnet18__seed42,resnet18,source_a,42,complete,,runs/2026-09-12/source_a__resnet18__seed42,evaluate_train,5.454036711947992,5.010000000000009,27,91.73703703703703,103.9,3590.852911407407,3592.76544,57.96296296296296,87.0,2982.150144,2982.150144
source_a__resnet18__seed42,resnet18,source_a,42,complete,,runs/2026-09-12/source_a__resnet18__seed42,prepare_val_clean,0.004956403048709035,0.010000000000002451,0,,,,,,,,
source_a__resnet18__seed42,resnet18,source_a,42,complete,,runs/2026-09-12/source_a__resnet18__seed42,evaluate_val_clean,0.6747878949390724,0.6199999999999877,3,90.89999999999999,94.2,3602.9781333333335,3603.070976,89.0,89.0,2982.1501440000006,2982.150144
source_a__resnet18__seed42,resnet18,source_a,42,complete,,runs/2026-09-12/source_a__resnet18__seed42,prepare_test_clean,0.006553348037414253,-8.881784197001252e-16,0,,,,,,,,
source_a__resnet18__seed42,resnet18,source_a,42,complete,,runs/2026-09-12/source_a__resnet18__seed42,evaluate_test_clean,0.9089314870070666,0.8000000000000105,4,86.65,89.4,3627.638784,3644.919808,80.25,86.0,2982.150144,2982.150144
source_a__resnet18__seed42,resnet18,source_a,42,complete,,runs/2026-09-12/source_a__resnet18__seed42,inference_batch1,0.22590545506682247,0.21999999999999975,1,98.9,98.9,3646.91456,3646.91456,63.0,63.0,2982.150144,2982.150144
source_a__resnet18__seed42,resnet18,source_a,42,complete,,runs/2026-09-12/source_a__resnet18__seed42,explanations,0.18415051302872598,0.19000000000001283,1,98.8,98.8,3647.6928,3647.6928,63.0,63.0,2982.150144,2982.150144
source_a__resnet18_imagenet__seed42,resnet18_imagenet,source_a,42,complete,,runs/2026-09-12/source_a__resnet18_imagenet__seed42,read_data,0.06134278408717364,0.05999999999999994,0,,,,,,,,
source_a__resnet18_imagenet__seed42,resnet18_imagenet,source_a,42,complete,,runs/2026-09-12/source_a__resnet18_imagenet__seed42,build_model,4.660437869024463,4.839999999999999,21,104.17619047619047,141.0,1850.643407238095,2340.052992,36.666666666666664,49.0,146.30131809523806,266.338304
source_a__resnet18_imagenet__seed42,resnet18_imagenet,source_a,42,complete,,runs/2026-09-12/source_a__resnet18_imagenet__seed42,prepare_pipeline,1.2167918019695207,1.2999999999999998,5,108.42,124.0,2643.7992447999995,2889.170944,29.6,30.0,695.8350336,803.209216
source_a__resnet18_imagenet__seed42,resnet18_imagenet,source_a,42,complete,,runs/2026-09-12/source_a__resnet18_imagenet__seed42,fit,99.57229603501037,75.21999999999998,495,75.55252525252526,1003.7,4113.736375078788,4278.022144,84.26666666666667,98.0,3806.114809793938,4013.948928
source_a__resnet18_imagenet__seed42,resnet18_imagenet,source_a,42,complete,,runs/2026-09-12/source_a__resnet18_imagenet__seed42,save_model,0.17813630891032517,0.1900000000000075,1,104.4,104.4,3899.994112,3899.994112,94.0,94.0,4013.948928,4013.948928
source_a__resnet18_imagenet__seed42,resnet18_imagenet,source_a,42,complete,,runs/2026-09-12/source_a__resnet18_imagenet__seed42,warmup,0.5715728630311787,0.5599999999999934,3,98.93333333333332,99.4,3894.7525973333336,3915.096064,53.333333333333336,94.0,4013.948928,4013.948928
source_a__resnet18_imagenet__seed42,resnet18_imagenet,source_a,42,complete,,runs/2026-09-12/source_a__resnet18_imagenet__seed42,evaluate_train,3.9295911319786683,3.7,19,93.81052631578947,104.2,3949.239242105263,3951.087616,45.21052631578947,49.0,4013.9489279999993,4013.948928
source_a__resnet18_imagenet__seed42,resnet18_imagenet,source_a,42,complete,,runs/2026-09-12/source_a__resnet18_imagenet__seed42,prepare_val_clean,0.0038701730081811547,0.010000000000009557,0,,,,,,,,
source_a__resnet18_imagenet__seed42,resnet18_imagenet,source_a,42,complete,,runs/2026-09-12/source_a__resnet18_imagenet__seed42,evaluate_val_clean,0.5061857469845563,0.4799999999999942,2,94.19999999999999,94.3,3990.5935360000003,3990.71232,45.0,45.0,4013.948928,4013.948928
source_a__resnet18_imagenet__seed42,resnet18_imagenet,source_a,42,complete,,runs/2026-09-12/source_a__resnet18_imagenet__seed42,prepare_test_clean,0.005851497990079224,0.009999999999996234,0,,,,,,,,
source_a__resnet18_imagenet__seed42,resnet18_imagenet,source_a,42,complete,,runs/2026-09-12/source_a__resnet18_imagenet__seed42,evaluate_test_clean,0.6838066269410774,0.6600000000000161,3,95.36666666666667,99.2,4021.9975680000002,4034.973696,63.0,70.0,4013.948928,4013.948928
source_a__resnet18_imagenet__seed42,resnet18_imagenet,source_a,42,complete,,runs/2026-09-12/source_a__resnet18_imagenet__seed42,inference_batch1,0.18321598100010306,0.16999999999999904,1,103.9,103.9,4034.994176,4034.994176,49.0,49.0,4013.948928,4013.948928
source_a__resnet18_imagenet__seed42,resnet18_imagenet,source_a,42,complete,,runs/2026-09-12/source_a__resnet18_imagenet__seed42,explanations,0.15037345397286117,0.15000000000000302,1,94.7,94.7,4035.64544,4035.64544,49.0,49.0,4013.948928,4013.948928
source_a__yolo11n__seed42,yolo11n,source_a,42,complete,,runs/2026-09-12/source_a__yolo11n__seed42,read_data,0.06200232694391161,0.06999999999999995,0,,,,,,,,
source_a__yolo11n__seed42,yolo11n,source_a,42,complete,,runs/2026-09-12/source_a__yolo11n__seed42,prepare_pipeline,18.002792967949063,18.15,89,100.76629213483145,144.2,1454.2401121797752,1477.554176,35.47191011235955,55.0,0.0,0.0
source_a__yolo11n__seed42,yolo11n,source_a,42,complete,,runs/2026-09-12/source_a__yolo11n__seed42,build_model,1.0214073269162327,1.0300000000000002,5,100.56,104.5,1552.1144832,1610.858496,29.8,37.0,0.0,0.0
source_a__yolo11n__seed42,yolo11n,source_a,42,complete,,runs/2026-09-12/source_a__yolo11n__seed42,fit,125.19935592007823,439.78,620,351.62322580645167,497.4,3130.842713187097,3423.768576,40.4,89.0,511.86744815483866,580.911104
source_a__yolo11n__seed42,yolo11n,source_a,42,complete,,runs/2026-09-12/source_a__yolo11n__seed42,save_model,0.0326777909649536,0.11999999999999122,0,,,,,,,,
source_a__yolo11n__seed42,yolo11n,source_a,42,complete,,runs/2026-09-12/source_a__yolo11n__seed42,warmup,0.05580067099072039,0.13999999999997303,0,,,,,,,,
source_a__yolo11n__seed42,yolo11n,source_a,42,complete,,runs/2026-09-12/source_a__yolo11n__seed42,evaluate_train,1.85700816498138,1.880000000000039,9,109.38888888888889,176.2,3182.4632035555555,3299.627008,36.0,38.0,463.47059199999995,463.470592
source_a__yolo11n__seed42,yolo11n,source_a,42,complete,,runs/2026-09-12/source_a__yolo11n__seed42,prepare_val_clean,0.0036918249679729342,1.7763568394002505e-14,0,,,,,,,,
source_a__yolo11n__seed42,yolo11n,source_a,42,complete,,runs/2026-09-12/source_a__yolo11n__seed42,evaluate_val_clean,0.19180513895116746,0.1900000000000155,1,99.3,99.3,3316.826112,3316.826112,38.0,38.0,463.470592,463.470592
source_a__yolo11n__seed42,yolo11n,source_a,42,complete,,runs/2026-09-12/source_a__yolo11n__seed42,prepare_test_clean,0.005421026959083974,0.0,0,,,,,,,,
source_a__yolo11n__seed42,yolo11n,source_a,42,complete,,runs/2026-09-12/source_a__yolo11n__seed42,evaluate_test_clean,0.26485239597968757,0.2599999999999909,1,100.5,100.5,3103.666176,3103.666176,37.0,37.0,463.470592,463.470592
source_a__yolo11n__seed42,yolo11n,source_a,42,complete,,runs/2026-09-12/source_a__yolo11n__seed42,inference_batch1,0.17114946304354817,0.1699999999999502,0,,,,,,,,
source_a__yolo11n__seed42,yolo11n,source_a,42,complete,,runs/2026-09-12/source_a__yolo11n__seed42,explanations,0.0003446750342845917,-8.881784197001252e-15,0,,,,,,,,
source_a__yolo11n_random__seed42,yolo11n_random,source_a,42,complete,,runs/2026-09-12/source_a__yolo11n_random__seed42,read_data,0.06164607498794794,0.059999999999999776,0,,,,,,,,
source_a__yolo11n_random__seed42,yolo11n_random,source_a,42,complete,,runs/2026-09-12/source_a__yolo11n_random__seed42,prepare_pipeline,15.420916085946374,15.590000000000002,77,101.02337662337663,148.1,1454.0310607792208,1477.853184,33.62337662337662,41.0,0.0,0.0
source_a__yolo11n_random__seed42,yolo11n_random,source_a,42,complete,,runs/2026-09-12/source_a__yolo11n_random__seed42,build_model,0.07096742698922753,0.17999999999999827,0,,,,,,,,
source_a__yolo11n_random__seed42,yolo11n_random,source_a,42,complete,,runs/2026-09-12/source_a__yolo11n_random__seed42,fit,111.59049782797229,400.47999999999996,553,359.1518987341772,451.4,3126.243424289331,3422.588928,38.19349005424955,47.0,514.2724874647378,587.20256
source_a__yolo11n_random__seed42,yolo11n_random,source_a,42,complete,,runs/2026-09-12/source_a__yolo11n_random__seed42,save_model,0.03356533299665898,0.11999999999997968,0,,,,,,,,
source_a__yolo11n_random__seed42,yolo11n_random,source_a,42,complete,,runs/2026-09-12/source_a__yolo11n_random__seed42,warmup,0.05423889996018261,0.14000000000001833,0,,,,,,,,
source_a__yolo11n_random__seed42,yolo11n_random,source_a,42,complete,,runs/2026-09-12/source_a__yolo11n_random__seed42,evaluate_train,1.6995435630669817,1.7100000000000115,9,112.36666666666666,201.7,3194.1158684444445,3315.494912,39.333333333333336,44.0,473.9563519999999,473.956352
source_a__yolo11n_random__seed42,yolo11n_random,source_a,42,complete,,runs/2026-09-12/source_a__yolo11n_random__seed42,prepare_val_clean,0.003501598024740815,0.00999999999999801,0,,,,,,,,
source_a__yolo11n_random__seed42,yolo11n_random,source_a,42,complete,,runs/2026-09-12/source_a__yolo11n_random__seed42,evaluate_val_clean,0.18072971398942173,0.18000000000001393,1,104.1,104.1,3316.023296,3316.023296,38.0,38.0,473.956352,473.956352
source_a__yolo11n_random__seed42,yolo11n_random,source_a,42,complete,,runs/2026-09-12/source_a__yolo11n_random__seed42,prepare_test_clean,0.0051499929977580905,-2.6645352591003757e-15,0,,,,,,,,
source_a__yolo11n_random__seed42,yolo11n_random,source_a,42,complete,,runs/2026-09-12/source_a__yolo11n_random__seed42,evaluate_test_clean,0.25113618397153914,0.25999999999998824,1,99.1,99.1,3099.250688,3099.250688,38.0,38.0,473.956352,473.956352
source_a__yolo11n_random__seed42,yolo11n_random,source_a,42,complete,,runs/2026-09-12/source_a__yolo11n_random__seed42,inference_batch1,0.1506182620069012,0.16000000000001346,1,100.6,100.6,3129.495552,3129.495552,40.0,40.0,473.956352,473.956352
source_a__yolo11n_random__seed42,yolo11n_random,source_a,42,complete,,runs/2026-09-12/source_a__yolo11n_random__seed42,explanations,0.0003272980684414506,-2.042810365310288e-14,0,,,,,,,,
source_b__polygarbor__seed42,polygarbor,source_b,42,complete,,runs/2026-09-12/source_b__polygarbor__seed42,read_data,0.18498187197837979,0.09999999999999959,0,,,,,,,,
source_b__polygarbor__seed42,polygarbor,source_b,42,complete,,runs/2026-09-12/source_b__polygarbor__seed42,build_model,0.0002971530193462968,-2.220446049250313e-16,0,,,,,,,,
source_b__polygarbor__seed42,polygarbor,source_b,42,complete,,runs/2026-09-12/source_b__polygarbor__seed42,extract_features,16.59878707304597,16.630000000000003,83,99.66987951807232,109.5,679.591442506024,679.911424,30.3855421686747,43.0,0.0,0.0
source_b__polygarbor__seed42,polygarbor,source_b,42,complete,,runs/2026-09-12/source_b__polygarbor__seed42,fit,0.44432862603571266,1.7600000000000002,2,313.75,398.5,714.788864,726.061056,32.0,32.0,0.0,0.0
source_b__polygarbor__seed42,polygarbor,source_b,42,complete,,runs/2026-09-12/source_b__polygarbor__seed42,save_model,0.013654223061166704,0.05000000000000204,0,,,,,,,,
source_b__polygarbor__seed42,polygarbor,source_b,42,complete,,runs/2026-09-12/source_b__polygarbor__seed42,warmup,0.0713287639664486,0.21000000000000218,1,397.8,397.8,707.657728,707.657728,32.0,32.0,0.0,0.0
source_b__polygarbor__seed42,polygarbor,source_b,42,complete,,runs/2026-09-12/source_b__polygarbor__seed42,evaluate_train,70.09148195805028,70.27000000000001,337,100.31928783382789,117.3,708.201572272997,709.18144,34.64985163204748,80.0,0.0,0.0
source_b__polygarbor__seed42,polygarbor,source_b,42,complete,,runs/2026-09-12/source_b__polygarbor__seed42,prepare_val_clean,0.003840299090370536,2.886579864025407e-15,0,,,,,,,,
source_b__polygarbor__seed42,polygarbor,source_b,42,complete,,runs/2026-09-12/source_b__polygarbor__seed42,evaluate_val_clean,8.509943505981937,8.530000000000005,41,100.25853658536586,106.2,769.9755707317073,783.33952,32.4390243902439,43.0,0.0,0.0
source_b__polygarbor__seed42,polygarbor,source_b,42,complete,,runs/2026-09-12/source_b__polygarbor__seed42,prepare_test_clean,0.01295300794299692,0.010000000000010223,0,,,,,,,,
source_b__polygarbor__seed42,polygarbor,source_b,42,complete,,runs/2026-09-12/source_b__polygarbor__seed42,evaluate_test_clean,32.48785262799356,32.54999999999999,156,100.24102564102566,113.7,833.5124480000001,877.2608,32.19230769230769,57.0,0.0,0.0
source_b__polygarbor__seed42,polygarbor,source_b,42,complete,,runs/2026-09-12/source_b__polygarbor__seed42,inference_batch1,1.0745335730025545,1.0700000000000012,6,99.23333333333333,102.1,874.9056,874.9056,67.66666666666667,77.0,0.0,0.0
source_b__polygarbor__seed42,polygarbor,source_b,42,complete,,runs/2026-09-12/source_b__polygarbor__seed42,explanations,0.00032207590993493795,7.993605777301127e-15,0,,,,,,,,
source_b__polygarbor_aug__seed42,polygarbor_aug,source_b,42,complete,,runs/2026-09-12/source_b__polygarbor_aug__seed42,read_data,0.04645294707734138,0.05999999999999994,0,,,,,,,,
source_b__polygarbor_aug__seed42,polygarbor_aug,source_b,42,complete,,runs/2026-09-12/source_b__polygarbor_aug__seed42,build_model,0.00027934194076806307,-5.551115123125783e-17,0,,,,,,,,
source_b__polygarbor_aug__seed42,polygarbor_aug,source_b,42,complete,,runs/2026-09-12/source_b__polygarbor_aug__seed42,extract_features,55.414319375064224,55.61,275,100.36872727272728,105.6,682.0853275927273,684.048384,21.85090909090909,65.0,0.0,0.0
source_b__polygarbor_aug__seed42,polygarbor_aug,source_b,42,complete,,runs/2026-09-12/source_b__polygarbor_aug__seed42,fit,0.32873947301413864,1.3000000000000016,2,247.3,395.0,699.009024,711.55712,16.0,17.0,0.0,0.0
source_b__polygarbor_aug__seed42,polygarbor_aug,source_b,42,complete,,runs/2026-09-12/source_b__polygarbor_aug__seed42,save_model,0.012172905029729009,0.04999999999999849,0,,,,,,,,
source_b__polygarbor_aug__seed42,polygarbor_aug,source_b,42,complete,,runs/2026-09-12/source_b__polygarbor_aug__seed42,warmup,0.05517447995953262,0.2200000000000002,0,,,,,,,,
source_b__polygarbor_aug__seed42,polygarbor_aug,source_b,42,complete,,runs/2026-09-12/source_b__polygarbor_aug__seed42,evaluate_train,57.43328413995914,57.68999999999999,274,101.51204379562044,404.8,703.4236150656935,704.438272,24.56934306569343,79.0,0.0,0.0
source_b__polygarbor_aug__seed42,polygarbor_aug,source_b,42,complete,,runs/2026-09-12/source_b__polygarbor_aug__seed42,prepare_val_clean,0.0033580620074644685,-2.6645352591003757e-15,0,,,,,,,,
source_b__polygarbor_aug__seed42,polygarbor_aug,source_b,42,complete,,runs/2026-09-12/source_b__polygarbor_aug__seed42,evaluate_val_clean,6.9845641780411825,7.009999999999988,33,100.53636363636363,108.8,774.4889328484849,787.365888,20.060606060606062,33.0,0.0,0.0
source_b__polygarbor_aug__seed42,polygarbor_aug,source_b,42,complete,,runs/2026-09-12/source_b__polygarbor_aug__seed42,prepare_test_clean,0.011299886042252183,0.01000000000000334,0,,,,,,,,
source_b__polygarbor_aug__seed42,polygarbor_aug,source_b,42,complete,,runs/2026-09-12/source_b__polygarbor_aug__seed42,evaluate_test_clean,25.136638729949482,25.229999999999976,121,100.32809917355371,110.5,842.8157418842976,890.400768,28.272727272727273,93.0,0.0,0.0
source_b__polygarbor_aug__seed42,polygarbor_aug,source_b,42,complete,,runs/2026-09-12/source_b__polygarbor_aug__seed42,inference_batch1,0.9123483350267634,0.9100000000000033,4,100.45,103.3,887.619584,887.619584,22.25,56.0,0.0,0.0
source_b__polygarbor_aug__seed42,polygarbor_aug,source_b,42,complete,,runs/2026-09-12/source_b__polygarbor_aug__seed42,explanations,0.0003099719760939479,6.661338147750939e-15,0,,,,,,,,
source_b__polygarbor_p3__seed42,polygarbor_p3,source_b,42,complete,,runs/2026-09-12/source_b__polygarbor_p3__seed42,read_data,0.04883783601690084,0.05999999999999994,0,,,,,,,,
source_b__polygarbor_p3__seed42,polygarbor_p3,source_b,42,complete,,runs/2026-09-12/source_b__polygarbor_p3__seed42,build_model,0.0003182670334354043,-1.1102230246251565e-16,0,,,,,,,,
source_b__polygarbor_p3__seed42,polygarbor_p3,source_b,42,complete,,runs/2026-09-12/source_b__polygarbor_p3__seed42,extract_features,17.90132128703408,17.96,89,100.34269662921348,104.6,681.7786017078652,683.380736,20.213483146067414,78.0,0.0,0.0
source_b__polygarbor_p3__seed42,polygarbor_p3,source_b,42,complete,,runs/2026-09-12/source_b__polygarbor_p3__seed42,fit,0.427211501984857,1.7000000000000037,2,350.70000000000005,402.6,735.731712,742.002688,24.5,33.0,0.0,0.0
source_b__polygarbor_p3__seed42,polygarbor_p3,source_b,42,complete,,runs/2026-09-12/source_b__polygarbor_p3__seed42,save_model,0.013759005931206048,0.04999999999999882,0,,,,,,,,
source_b__polygarbor_p3__seed42,polygarbor_p3,source_b,42,complete,,runs/2026-09-12/source_b__polygarbor_p3__seed42,warmup,0.08518697402905673,0.3400000000000015,0,,,,,,,,
source_b__polygarbor_p3__seed42,polygarbor_p3,source_b,42,complete,,runs/2026-09-12/source_b__polygarbor_p3__seed42,evaluate_train,94.12737838597968,376.79999999999995,454,400.3196035242291,419.6,738.7556697092509,739.684352,21.830396475770925,78.0,0.0,0.0
source_b__polygarbor_p3__seed42,polygarbor_p3,source_b,42,complete,,runs/2026-09-12/source_b__polygarbor_p3__seed42,prepare_val_clean,0.0033874439541250467,-2.731148640577885e-14,0,,,,,,,,
source_b__polygarbor_p3__seed42,polygarbor_p3,source_b,42,complete,,runs/2026-09-12/source_b__polygarbor_p3__seed42,evaluate_val_clean,10.897188763949089,43.58000000000001,53,399.3245283018867,416.1,781.8552996226415,794.882048,23.641509433962263,44.0,0.0,0.0
source_b__polygarbor_p3__seed42,polygarbor_p3,source_b,42,complete,,runs/2026-09-12/source_b__polygarbor_p3__seed42,prepare_test_clean,0.011941884993575513,0.009999999999984022,0,,,,,,,,
source_b__polygarbor_p3__seed42,polygarbor_p3,source_b,42,complete,,runs/2026-09-12/source_b__polygarbor_p3__seed42,evaluate_test_clean,42.45708026201464,169.92000000000002,204,399.9490196078432,421.5,848.3574964705883,895.594496,27.808823529411764,77.0,0.0,0.0
source_b__polygarbor_p3__seed42,polygarbor_p3,source_b,42,complete,,runs/2026-09-12/source_b__polygarbor_p3__seed42,inference_batch1,1.5255310019711033,6.080000000000059,8,368.35,405.9,895.819776,895.819776,23.5,33.0,0.0,0.0
source_b__polygarbor_p3__seed42,polygarbor_p3,source_b,42,complete,,runs/2026-09-12/source_b__polygarbor_p3__seed42,explanations,0.0003550630062818527,0.010000000000000009,0,,,,,,,,
source_b__polygarbor_p3_aug__seed42,polygarbor_p3_aug,source_b,42,complete,,runs/2026-09-12/source_b__polygarbor_p3_aug__seed42,read_data,0.04648797900881618,0.039999999999999925,0,,,,,,,,
source_b__polygarbor_p3_aug__seed42,polygarbor_p3_aug,source_b,42,complete,,runs/2026-09-12/source_b__polygarbor_p3_aug__seed42,build_model,0.00028006802313029766,-5.551115123125783e-17,0,,,,,,,,
source_b__polygarbor_p3_aug__seed42,polygarbor_p3_aug,source_b,42,complete,,runs/2026-09-12/source_b__polygarbor_p3_aug__seed42,extract_features,70.58757159498055,70.81,351,100.30797720797723,109.5,687.5428087977208,694.747136,24.60968660968661,76.0,0.0,0.0
source_b__polygarbor_p3_aug__seed42,polygarbor_p3_aug,source_b,42,complete,,runs/2026-09-12/source_b__polygarbor_p3_aug__seed42,fit,0.3862595340469852,1.5299999999999967,2,320.79999999999995,384.2,754.761728,757.448704,37.5,58.0,0.0,0.0
source_b__polygarbor_p3_aug__seed42,polygarbor_p3_aug,source_b,42,complete,,runs/2026-09-12/source_b__polygarbor_p3_aug__seed42,save_model,0.013089471962302923,0.04999999999999882,0,,,,,,,,
source_b__polygarbor_p3_aug__seed42,polygarbor_p3_aug,source_b,42,complete,,runs/2026-09-12/source_b__polygarbor_p3_aug__seed42,warmup,0.07531055505387485,0.2999999999999988,0,,,,,,,,
source_b__polygarbor_p3_aug__seed42,polygarbor_p3_aug,source_b,42,complete,,runs/2026-09-12/source_b__polygarbor_p3_aug__seed42,evaluate_train,83.92712858400773,335.94,410,400.2885365853658,424.4,752.2382023804878,753.278976,19.302439024390242,100.0,0.0,0.0
source_b__polygarbor_p3_aug__seed42,polygarbor_p3_aug,source_b,42,complete,,runs/2026-09-12/source_b__polygarbor_p3_aug__seed42,prepare_val_clean,0.0033546050544828176,-2.042810365310288e-14,0,,,,,,,,
source_b__polygarbor_p3_aug__seed42,polygarbor_p3_aug,source_b,42,complete,,runs/2026-09-12/source_b__polygarbor_p3_aug__seed42,evaluate_val_clean,10.752677098033018,43.02000000000002,53,398.3735849056604,408.0,799.4583619622643,812.425216,25.92452830188679,49.0,0.0,0.0
source_b__polygarbor_p3_aug__seed42,polygarbor_p3_aug,source_b,42,complete,,runs/2026-09-12/source_b__polygarbor_p3_aug__seed42,prepare_test_clean,0.012149945949204266,0.009999999999990905,0,,,,,,,,
source_b__polygarbor_p3_aug__seed42,polygarbor_p3_aug,source_b,42,complete,,runs/2026-09-12/source_b__polygarbor_p3_aug__seed42,evaluate_test_clean,36.38752836501226,145.63999999999993,176,399.91477272727275,413.2,867.3761745454547,913.670144,22.9375,64.0,0.0,0.0
source_b__polygarbor_p3_aug__seed42,polygarbor_p3_aug,source_b,42,complete,,runs/2026-09-12/source_b__polygarbor_p3_aug__seed42,inference_batch1,1.2442391370423138,4.9500000000000135,6,357.6166666666666,404.9,914.0224,914.0224,13.0,33.0,0.0,0.0
source_b__polygarbor_p3_aug__seed42,polygarbor_p3_aug,source_b,42,complete,,runs/2026-09-12/source_b__polygarbor_p3_aug__seed42,explanations,0.00043187791015952826,-3.175237850427948e-14,0,,,,,,,,
source_b__polygarbor_p5__seed42,polygarbor_p5,source_b,42,complete,,runs/2026-09-12/source_b__polygarbor_p5__seed42,read_data,0.04657349595800042,0.03999999999999998,0,,,,,,,,
source_b__polygarbor_p5__seed42,polygarbor_p5,source_b,42,complete,,runs/2026-09-12/source_b__polygarbor_p5__seed42,build_model,0.00027709989808499813,-5.551115123125783e-17,0,,,,,,,,
source_b__polygarbor_p5__seed42,polygarbor_p5,source_b,42,complete,,runs/2026-09-12/source_b__polygarbor_p5__seed42,extract_features,25.28597135900054,25.37,125,100.34559999999999,104.6,684.717277184,688.992256,24.44,71.0,0.0,0.0
source_b__polygarbor_p5__seed42,polygarbor_p5,source_b,42,complete,,runs/2026-09-12/source_b__polygarbor_p5__seed42,fit,0.47891664400231093,1.9100000000000015,3,296.76666666666665,400.9,738.2002346666667,760.815616,16.0,16.0,0.0,0.0
source_b__polygarbor_p5__seed42,polygarbor_p5,source_b,42,complete,,runs/2026-09-12/source_b__polygarbor_p5__seed42,save_model,0.013286225032061338,0.060000000000000386,0,,,,,,,,
source_b__polygarbor_p5__seed42,polygarbor_p5,source_b,42,complete,,runs/2026-09-12/source_b__polygarbor_p5__seed42,warmup,0.10591114207636565,0.42000000000000337,0,,,,,,,,
source_b__polygarbor_p5__seed42,polygarbor_p5,source_b,42,complete,,runs/2026-09-12/source_b__polygarbor_p5__seed42,evaluate_train,122.93025579396635,492.07000000000005,597,400.2867671691792,412.0,752.435879236181,753.209344,25.23953098827471,76.0,0.0,0.0
source_b__polygarbor_p5__seed42,polygarbor_p5,source_b,42,complete,,runs/2026-09-12/source_b__polygarbor_p5__seed42,prepare_val_clean,0.0033808109583333135,-4.440892098500626e-15,0,,,,,,,,
source_b__polygarbor_p5__seed42,polygarbor_p5,source_b,42,complete,,runs/2026-09-12/source_b__polygarbor_p5__seed42,evaluate_val_clean,14.197595115983859,56.78000000000008,69,399.5159420289855,407.9,795.5719568695653,808.587264,21.681159420289855,92.0,0.0,0.0
source_b__polygarbor_p5__seed42,polygarbor_p5,source_b,42,complete,,runs/2026-09-12/source_b__polygarbor_p5__seed42,prepare_test_clean,0.012145207962021232,0.020000000000036433,0,,,,,,,,
source_b__polygarbor_p5__seed42,polygarbor_p5,source_b,42,complete,,runs/2026-09-12/source_b__polygarbor_p5__seed42,evaluate_test_clean,52.45026067190338,209.93,255,399.78705882352943,416.1,862.8863457882353,910.06976,25.211764705882352,72.0,0.0,0.0
source_b__polygarbor_p5__seed42,polygarbor_p5,source_b,42,complete,,runs/2026-09-12/source_b__polygarbor_p5__seed42,inference_batch1,1.9285591000225395,7.689999999999909,9,383.4555555555555,403.3,910.09024,910.09024,25.555555555555557,32.0,0.0,0.0
source_b__polygarbor_p5__seed42,polygarbor_p5,source_b,42,complete,,runs/2026-09-12/source_b__polygarbor_p5__seed42,explanations,0.00042306899558752775,-4.085620730620576e-14,0,,,,,,,,
source_b__resnet18__seed42,resnet18,source_b,42,complete,,runs/2026-09-12/source_b__resnet18__seed42,read_data,0.04886056203395128,0.04999999999999971,0,,,,,,,,
source_b__resnet18__seed42,resnet18,source_b,42,complete,,runs/2026-09-12/source_b__resnet18__seed42,build_model,2.6097385480534285,2.69,12,103.24166666666667,120.5,1416.1687893333335,1714.511872,48.166666666666664,73.0,55.74929066666667,266.338304
source_b__resnet18__seed42,resnet18,source_b,42,complete,,runs/2026-09-12/source_b__resnet18__seed42,prepare_pipeline,1.342747624963522,1.4200000000000002,5,108.18000000000002,148.5,1962.5033727999999,2152.677376,27.2,29.0,481.0866688,534.77376
source_b__resnet18__seed42,resnet18,source_b,42,complete,,runs/2026-09-12/source_b__resnet18__seed42,fit,87.4501165599795,60.82000000000001,434,69.50115207373273,815.4,3323.5383612165897,3518.73024,79.90322580645162,100.0,3658.8102500276495,3936.354304
source_b__resnet18__seed42,resnet18,source_b,42,complete,,runs/2026-09-12/source_b__resnet18__seed42,save_model,0.1845670329639688,0.19999999999999574,1,110.5,110.5,3130.617856,3130.617856,99.0,99.0,3936.354304,3936.354304
source_b__resnet18__seed42,resnet18,source_b,42,complete,,runs/2026-09-12/source_b__resnet18__seed42,warmup,0.616870003985241,0.5899999999999999,3,99.03333333333335,108.9,3085.70112,3097.088,35.0,35.0,3938.4514560000002,3938.451456
source_b__resnet18__seed42,resnet18,source_b,42,complete,,runs/2026-09-12/source_b__resnet18__seed42,evaluate_train,3.8597646889975294,3.339999999999999,20,86.89500000000001,104.4,3110.017228800001,3112.665088,66.45,93.0,3938.451455999999,3938.451456
source_b__resnet18__seed42,resnet18,source_b,42,complete,,runs/2026-09-12/source_b__resnet18__seed42,prepare_val_clean,0.004899655003100634,0.010000000000006004,0,,,,,,,,
source_b__resnet18__seed42,resnet18,source_b,42,complete,,runs/2026-09-12/source_b__resnet18__seed42,evaluate_val_clean,0.540359565988183,0.46999999999999975,3,89.43333333333332,99.3,3152.5014186666667,3152.695296,59.0,73.0,3938.4514560000002,3938.451456
source_b__resnet18__seed42,resnet18,source_b,42,complete,,runs/2026-09-12/source_b__resnet18__seed42,prepare_test_clean,0.014798267045989633,0.02000000000001645,0,,,,,,,,
source_b__resnet18__seed42,resnet18,source_b,42,complete,,runs/2026-09-12/source_b__resnet18__seed42,evaluate_test_clean,1.552301716990769,1.4499999999999948,8,93.5125,99.3,3213.0309119999997,3253.256192,48.75,52.0,3938.451456,3938.451456
source_b__resnet18__seed42,resnet18,source_b,42,complete,,runs/2026-09-12/source_b__resnet18__seed42,inference_batch1,0.17602907598484308,0.18000000000000593,1,99.4,99.4,3257.991168,3257.991168,41.0,41.0,3938.451456,3938.451456
source_b__resnet18__seed42,resnet18,source_b,42,complete,,runs/2026-09-12/source_b__resnet18__seed42,explanations,0.16076974803581834,0.15999999999998682,1,104.3,104.3,3258.781696,3258.781696,41.0,41.0,3938.451456,3938.451456
source_b__resnet18_imagenet__seed42,resnet18_imagenet,source_b,42,complete,,runs/2026-09-12/source_b__resnet18_imagenet__seed42,read_data,0.0481646730331704,0.039999999999999925,0,,,,,,,,
source_b__resnet18_imagenet__seed42,resnet18_imagenet,source_b,42,complete,,runs/2026-09-12/source_b__resnet18_imagenet__seed42,build_model,4.590412359917536,4.7299999999999995,20,102.7,128.0,1690.1111808,2178.21184,31.3,37.0,153.40666879999998,266.338304
source_b__resnet18_imagenet__seed42,resnet18_imagenet,source_b,42,complete,,runs/2026-09-12/source_b__resnet18_imagenet__seed42,prepare_pipeline,0.9558925839373842,1.040000000000001,4,109.65,119.3,2428.694528,2590.007296,34.0,34.0,534.77376,534.77376
source_b__resnet18_imagenet__seed42,resnet18_imagenet,source_b,42,complete,,runs/2026-09-12/source_b__resnet18_imagenet__seed42,fit,63.59768270002678,50.720000000000006,316,79.73544303797469,703.7,3747.5140698734176,3957.702656,78.75,98.0,3664.1360105316458,4005.56032
source_b__resnet18_imagenet__seed42,resnet18_imagenet,source_b,42,complete,,runs/2026-09-12/source_b__resnet18_imagenet__seed42,save_model,0.17704992392100394,0.1900000000000004,1,104.4,104.4,3590.848512,3590.848512,92.0,92.0,4005.56032,4005.56032
source_b__resnet18_imagenet__seed42,resnet18_imagenet,source_b,42,complete,,runs/2026-09-12/source_b__resnet18_imagenet__seed42,warmup,0.5422137039713562,0.5299999999999976,3,99.2,104.2,3634.573312,3659.886592,51.333333333333336,92.0,4005.56032,4005.56032
source_b__resnet18_imagenet__seed42,resnet18_imagenet,source_b,42,complete,,runs/2026-09-12/source_b__resnet18_imagenet__seed42,evaluate_train,3.159645079053007,2.9700000000000033,15,93.88666666666667,104.1,3681.56672,3683.459072,47.733333333333334,56.0,4005.5603199999987,4005.56032
source_b__resnet18_imagenet__seed42,resnet18_imagenet,source_b,42,complete,,runs/2026-09-12/source_b__resnet18_imagenet__seed42,prepare_val_clean,0.004020157968625426,0.00999999999999801,0,,,,,,,,
source_b__resnet18_imagenet__seed42,resnet18_imagenet,source_b,42,complete,,runs/2026-09-12/source_b__resnet18_imagenet__seed42,evaluate_val_clean,0.518874780042097,0.4999999999999929,2,94.1,98.7,3693.3734400000003,3693.563904,48.0,49.0,4005.56032,4005.56032
source_b__resnet18_imagenet__seed42,resnet18_imagenet,source_b,42,complete,,runs/2026-09-12/source_b__resnet18_imagenet__seed42,prepare_test_clean,0.2721531440038234,0.2799999999999976,1,103.4,103.4,3695.419392,3695.419392,47.0,47.0,4005.56032,4005.56032
source_b__resnet18_imagenet__seed42,resnet18_imagenet,source_b,42,complete,,runs/2026-09-12/source_b__resnet18_imagenet__seed42,evaluate_test_clean,1.4747509330045432,1.4000000000000066,7,94.68571428571427,99.3,3757.661037714286,3790.25408,49.857142857142854,55.0,4005.56032,4005.56032
source_b__resnet18_imagenet__seed42,resnet18_imagenet,source_b,42,complete,,runs/2026-09-12/source_b__resnet18_imagenet__seed42,inference_batch1,0.16757233708631247,0.16999999999999815,1,104.1,104.1,3790.299136,3790.299136,55.0,55.0,4005.56032,4005.56032
source_b__resnet18_imagenet__seed42,resnet18_imagenet,source_b,42,complete,,runs/2026-09-12/source_b__resnet18_imagenet__seed42,explanations,0.13329137698747218,0.12999999999999012,1,94.5,94.5,3790.405632,3790.405632,55.0,55.0,4005.56032,4005.56032
source_b__yolo11n__seed42,yolo11n,source_b,42,complete,,runs/2026-09-12/source_b__yolo11n__seed42,read_data,0.22013105091173202,0.12000000000000005,1,54.3,54.3,643.751936,643.751936,62.0,62.0,0.0,0.0
source_b__yolo11n__seed42,yolo11n,source_b,42,complete,,runs/2026-09-12/source_b__yolo11n__seed42,prepare_pipeline,15.0731066520093,15.179999999999996,75,100.78800000000001,148.2,1287.2965597866669,1310.203904,56.78666666666667,63.0,0.0,0.0
source_b__yolo11n__seed42,yolo11n,source_b,42,complete,,runs/2026-09-12/source_b__yolo11n__seed42,build_model,0.9599629470612854,0.9799999999999991,5,99.46,103.3,1395.6030464,1453.584384,58.0,58.0,0.0,0.0
source_b__yolo11n__seed42,yolo11n,source_b,42,complete,,runs/2026-09-12/source_b__yolo11n__seed42,fit,200.71802362799644,715.2800000000001,993,356.88418932527696,510.2,2995.3471466344413,3297.83296,57.8147029204431,77.0,587.6861932406849,710.934528
source_b__yolo11n__seed42,yolo11n,source_b,42,complete,,runs/2026-09-12/source_b__yolo11n__seed42,save_model,0.05771008809097111,0.17999999999999616,0,,,,,,,,
source_b__yolo11n__seed42,yolo11n,source_b,42,complete,,runs/2026-09-12/source_b__yolo11n__seed42,warmup,0.07336112391203642,0.16000000000001435,1,160.5,160.5,3027.984384,3027.984384,59.0,59.0,425.721856,425.721856
source_b__yolo11n__seed42,yolo11n,source_b,42,complete,,runs/2026-09-12/source_b__yolo11n__seed42,evaluate_train,1.7126161449123174,1.7299999999999507,8,101.7875,104.5,3095.0026239999997,3186.106368,60.375,62.0,425.721856,425.721856
source_b__yolo11n__seed42,yolo11n,source_b,42,complete,,runs/2026-09-12/source_b__yolo11n__seed42,prepare_val_clean,0.00536668102722615,0.00999999999994472,0,,,,,,,,
source_b__yolo11n__seed42,yolo11n,source_b,42,complete,,runs/2026-09-12/source_b__yolo11n__seed42,evaluate_val_clean,0.25603391602635384,0.2600000000000584,1,98.9,98.9,3190.390784,3190.390784,57.0,57.0,425.721856,425.721856
source_b__yolo11n__seed42,yolo11n,source_b,42,complete,,runs/2026-09-12/source_b__yolo11n__seed42,prepare_test_clean,0.01747402793262154,0.020000000000031548,0,,,,,,,,
source_b__yolo11n__seed42,yolo11n,source_b,42,complete,,runs/2026-09-12/source_b__yolo11n__seed42,evaluate_test_clean,0.8891081830952317,0.8699999999999406,4,96.65,99.3,3092.2158080000004,3157.118976,64.5,69.0,425.721856,425.721856
source_b__yolo11n__seed42,yolo11n,source_b,42,complete,,runs/2026-09-12/source_b__yolo11n__seed42,inference_batch1,0.22455068794079125,0.2299999999998903,2,100.65,104.0,3090.890752,3090.890752,69.0,69.0,425.721856,425.721856
source_b__yolo11n__seed42,yolo11n,source_b,42,complete,,runs/2026-09-12/source_b__yolo11n__seed42,explanations,0.0004216899396851659,-2.3092638912203256e-14,0,,,,,,,,
source_b__yolo11n_random__seed42,yolo11n_random,source_b,42,complete,,runs/2026-09-12/source_b__yolo11n_random__seed42,read_data,0.04857485997490585,0.04999999999999999,0,,,,,,,,
source_b__yolo11n_random__seed42,yolo11n_random,source_b,42,complete,,runs/2026-09-12/source_b__yolo11n_random__seed42,prepare_pipeline,13.298152062110603,13.470000000000002,66,101.13333333333335,148.4,1287.318621090909,1309.339648,34.42424242424242,40.0,0.0,0.0
source_b__yolo11n_random__seed42,yolo11n_random,source_b,42,complete,,runs/2026-09-12/source_b__yolo11n_random__seed42,build_model,0.07706360192969441,0.21999999999999986,1,99.6,99.6,1326.698496,1326.698496,36.0,36.0,0.0,0.0
source_b__yolo11n_random__seed42,yolo11n_random,source_b,42,complete,,runs/2026-09-12/source_b__yolo11n_random__seed42,fit,93.07626746501774,332.68,461,357.93514099783084,501.2,2962.292593839479,3265.052672,38.746203904555315,54.0,514.5164544555315,587.20256
source_b__yolo11n_random__seed42,yolo11n_random,source_b,42,complete,,runs/2026-09-12/source_b__yolo11n_random__seed42,save_model,0.031833242042921484,0.1200000000000001,0,,,,,,,,
source_b__yolo11n_random__seed42,yolo11n_random,source_b,42,complete,,runs/2026-09-12/source_b__yolo11n_random__seed42,warmup,0.0538802690571174,0.129999999999991,0,,,,,,,,
source_b__yolo11n_random__seed42,yolo11n_random,source_b,42,complete,,runs/2026-09-12/source_b__yolo11n_random__seed42,evaluate_train,1.3901879880577326,1.4100000000000206,7,116.98571428571428,207.9,3052.4398445714287,3143.397376,38.714285714285715,41.0,406.84748799999994,406.847488
source_b__yolo11n_random__seed42,yolo11n_random,source_b,42,complete,,runs/2026-09-12/source_b__yolo11n_random__seed42,prepare_val_clean,0.0034609539434313774,0.009999999999979359,0,,,,,,,,
source_b__yolo11n_random__seed42,yolo11n_random,source_b,42,complete,,runs/2026-09-12/source_b__yolo11n_random__seed42,evaluate_val_clean,0.1817311750492081,0.18999999999998618,1,96.0,96.0,3154.284544,3154.284544,37.0,37.0,406.847488,406.847488
source_b__yolo11n_random__seed42,yolo11n_random,source_b,42,complete,,runs/2026-09-12/source_b__yolo11n_random__seed42,prepare_test_clean,0.012064612936228514,0.010000000000018439,0,,,,,,,,
source_b__yolo11n_random__seed42,yolo11n_random,source_b,42,complete,,runs/2026-09-12/source_b__yolo11n_random__seed42,evaluate_test_clean,0.5879367550369352,0.5900000000000025,3,99.66666666666667,100.2,3032.4954453333335,3092.750336,37.0,37.0,406.84748800000006,406.847488
source_b__yolo11n_random__seed42,yolo11n_random,source_b,42,complete,,runs/2026-09-12/source_b__yolo11n_random__seed42,inference_batch1,0.15105387300718576,0.150000000000043,1,98.6,98.6,3134.763008,3134.763008,37.0,37.0,406.847488,406.847488
source_b__yolo11n_random__seed42,yolo11n_random,source_b,42,complete,,runs/2026-09-12/source_b__yolo11n_random__seed42,explanations,0.0003085379721596837,8.881784197001252e-15,0,,,,,,,,
